<?xml version="1.0" encoding="UTF-8" standalone="yes"?>
<bug no-bug="" comments="">
    <id>185220</id>
    <title ob="x" eb="" sr="" patterns="S_OB_ADV_FREQ">File|Page Setup|Margin &amp; Header/Footer never holds settings always returns to default</title>
    <desc>
        <parg ob="" eb="" sr="" id="1">
            <st ob="" eb="" sr="" id="1.1">User-Agent:       Mozilla/5.0 (Windows; U; Win98; en-US; rv:1.3a) Gecko/20021212 Phoenix/0.5
Build Identifier: Mozilla/5.0 (Windows; U; Win98; en-US; rv:1.3a) Gecko/20021212 Phoenix/0.5</st>
        </parg>
        <parg ob="" eb="" sr="" id="2">
            <st ob="x" eb="" sr="" patterns="S_OB_NO_MATTER" id="2.1">File|Page Setup|Margin &amp; Header/Footer never holds settings always returns to
default
Title, blank, url
Page # of #, blank, date &amp; time
no matter how you reset the above defaults - or how often - they always return
to the defaults.</st>
            <st ob="" eb="" sr="" id="2.2">This has been a problem since the early Netscape and as far as
I know has never been changed.</st>
            <st ob="" eb="" sr="" id="2.3">Can't something be done about it?</st>
        </parg>
        <parg ob="" eb="" sr="" id="3">
            <st ob="" eb="" sr="" id="3.1">Reproducible: Always</st>
        </parg>
        <parg ob="" eb="" sr="x" patterns="P_SR_LABELED_LIST" id="4">
            <st ob="" eb="" sr="" id="4.1">Steps to Reproduce:</st>
            <st ob="" eb="" sr="" id="4.2">1 Change the defaults</st>
            <st ob="" eb="" sr="" id="4.3">2 Exit program</st>
            <st ob="" eb="" sr="" id="4.4">3 Reenter program - defaults are back</st>
        </parg>
        <parg ob="x" eb="" sr="" id="5">
            <st ob="x" eb="" sr="" patterns="S_OB_OBS_BEHAVIOR" id="5.1">Actual Results:  
As predicted</st>
        </parg>
        <parg ob="" eb="x" sr="" patterns="P_EB_EXP_BEHAVIOR_MULTI" id="6">
            <st ob="" eb="" sr="" id="6.1">Expected Results:  
Want my default settings to remain.</st>
            <st ob="" eb="" sr="" id="6.2">Shouldn't have to reset every time we want
to print a page.</st>
            <st ob="" eb="" sr="" id="6.3">Current default almost always results in an extra line on HP
printers.</st>
        </parg>
    </desc>
</bug>
