<?xml version="1.0" encoding="UTF-8" standalone="yes"?>
<bug no-bug="" comments="">
    <id>214664</id>
    <title ob="x" eb="" sr="" patterns="S_OB_NEG_AUX_VERB">proxy autoconfig doesn't load homepage</title>
    <desc>
        <parg ob="" eb="" sr="" id="1">
            <st ob="" eb="" sr="" id="1.1">User-Agent:       Mozilla/5.0 (Windows; U; Windows NT 5.0; en-US; rv:1.5a) Gecko/20030728 Mozilla Firebird/0.6.1
Build Identifier: Mozilla/5.0 (Windows; U; Windows NT 5.0; en-US; rv:1.5a) Gecko/20030728 Mozilla Firebird/0.6.1</st>
        </parg>
        <parg ob="" eb="" sr="" id="2">
            <st ob="x" eb="" sr="" patterns="S_OB_COND_NEG" id="2.1">I set up automatic proxy configuration and now when I open Firebird for the
first time, it does not connect through the proxy server to my homepage.</st>
            <st ob="" eb="" sr="" id="2.2">It will connect to proxy server once I navigate away from the homepage.</st>
            <st ob="" eb="" sr="" id="2.3">Hitting 'back' once I do this allows me to see my homepage.</st>
            <st ob="" eb="" sr="" id="2.4">It works fine using a manual proxy configuration.</st>
        </parg>
        <parg ob="" eb="" sr="" id="3">
            <st ob="" eb="" sr="" id="3.1">Reproducible: Always</st>
        </parg>
        <parg ob="" eb="" sr="x" patterns="P_SR_LABELED_LIST" id="4">
            <st ob="" eb="" sr="" id="4.1">Steps to Reproduce:</st>
            <st ob="" eb="" sr="" id="4.2">1 set up firebird to use automatic configuration for a proxy server</st>
            <st ob="" eb="" sr="" id="4.3">2 close firebird</st>
            <st ob="" eb="" sr="" id="4.4">3 open firebird</st>
        </parg>
        <parg ob="x" eb="" sr="" id="5">
            <st ob="x" eb="" sr="" patterns="S_OB_OBS_BEHAVIOR" id="5.1">Actual Results:  
Error message that I cannot establish a connection</st>
        </parg>
        <parg ob="" eb="x" sr="" id="6">
            <st ob="" eb="x" sr="" patterns="S_EB_EXP_BEHAVIOR" id="6.1">Expected Results:  
username/password prompt to connect to proxy server</st>
        </parg>
    </desc>
</bug>
