<?xml version="1.0" encoding="UTF-8" standalone="yes"?>
<bug no-bug="" comments="">
    <id>215262</id>
    <title ob="X" eb="" sr="" patterns="S_OB_NEG_COND">autocomplete in location bar not cancelled if location changed manually</title>
    <desc>
        <parg ob="" eb="" sr="" id="1">
            <st ob="" eb="" sr="" id="1.1">User-Agent:       Mozilla/5.0 (Windows; U; Windows NT 5.0; en-US; rv:1.5a) Gecko/20030728 Mozilla Firebird/0.6.1
Build Identifier: Mozilla/5.0 (Windows; U; Windows NT 5.0; en-US; rv:1.5a) Gecko/20030728 Mozilla Firebird/0.6.1</st>
        </parg>
        <parg ob="" eb="" sr="" id="2">
            <st ob="X" eb="" sr="" patterns="S_OB_BUT_NEG" id="2.1">After tabbing or otherwise navigating through the autocomplete list for the
location bar, the last entry selected appears in the location bar but is not
loaded (this is correct).</st>
            <st ob="X" eb="" sr="" patterns="S_OB_BUT,S_OB_INSTEAD_OF" id="2.2">However, if I then modify the URL in the location bar
to something not in the autocomplete list and press enter, the autocomplete
entry (pre-modification) is loaded instead of the URL that is currently showing
in the location bar.</st>
        </parg>
        <parg ob="" eb="" sr="" id="3">
            <st ob="" eb="" sr="" id="3.1">Reproducible: Always</st>
        </parg>
        <parg ob="" eb="" sr="X" patterns="P_SR_LABELED_LIST" id="4">
            <st ob="" eb="" sr="" id="4.1">Steps to Reproduce:</st>
            <st ob="" eb="" sr="" id="4.2">1 Open a new tab or reuse an existing tab.</st>
            <st ob="" eb="" sr="" id="4.3">2 Begin typing a URL in the location bar so at least one autocomplete entry is</st>
            <st ob="" eb="" sr="" id="4.4">displayed in a dropdown.</st>
            <st ob="" eb="" sr="" id="4.5">3 Use tab or arrow keys to highlight an autocomplete entry.</st>
            <st ob="" eb="" sr="" id="4.6">It appears in the</st>
            <st ob="" eb="" sr="" id="4.7">location bar.</st>
            <st ob="" eb="" sr="" id="4.8">4 Click in the location bar and change the URL to something not in the</st>
            <st ob="" eb="" sr="" id="4.9">autocomplete list (the change, it appears, needs to be after the last / in the</st>
            <st ob="" eb="" sr="" id="4.10">URL, so as not to start up autocomplete again), then hit enter.</st>
        </parg>
        <parg ob="x" eb="" sr="" id="5">
            <st ob="x" eb="" sr="" patterns="S_OB_OBS_BEHAVIOR" id="5.1">Actual Results:  
The previously selected autocomplete entry loads.</st>
        </parg>
        <parg ob="" eb="X" sr="" id="6">
            <st ob="" eb="X" sr="" patterns="S_EB_EXP_BEHAVIOR" id="6.1">Expected Results:  
The location entered manually in the location bar should load.</st>
        </parg>
    </desc>
</bug>
