<?xml version="1.0" encoding="UTF-8" standalone="yes"?>
<bug no-bug="" comments="">
    <id>215939</id>
    <title ob="x" eb="" sr="" patterns="S_OB_NEG_VERB">Switching between tabs loses partially typed URL</title>
    <desc>
        <parg ob="" eb="" sr="" id="1">
            <st ob="" eb="" sr="" id="1.1">User-Agent:       Mozilla/5.0 (Windows; U; Windows NT 5.0; en-US; rv:1.5a) Gecko/20030728 Mozilla Firebird/0.6.1
Build Identifier: Mozilla/5.0 (Windows; U; Windows NT 5.0; en-US; rv:1.5a) Gecko/20030728 Mozilla Firebird/0.6.1</st>
        </parg>
        <parg ob="x" eb="" sr="x" id="2">
            <st ob="x" eb="" sr="x" patterns="S_OB_NEG_ADV_ADJ,S_SR_COND_THEN_SEQ" id="2.1">If you enter part of a URL in the location bar, then switch to a different tab,
then switch back to the original tab, the text you typed in the location bar is
gone.</st>
        </parg>
        <parg ob="" eb="" sr="" id="3">
            <st ob="" eb="" sr="" id="3.1">This is annoying, especially when trying to paste together a URL from two lines
of text, e.g.</st>
        </parg>
        <parg ob="" eb="" sr="" id="4">
            <st ob="" eb="" sr="" id="4.1">http://bugzilla.mozilla.org/enter_bu
    g.cgi?product=Firebird</st>
        </parg>
        <parg ob="" eb="" sr="" id="5">
            <st ob="x" eb="x" sr="" patterns="S_OB_BUT_NEG,S_EB_WOULD_LIKE" id="5.1">I would like to paste that URL (split across lines) into the location bar
belonging to a different tab, but I can't find any way to do this.</st>
            <st ob="x" eb="" sr="" patterns="S_OB_NEG_ADV_ADJ,S_OB_ADV_FREQ" id="5.2">Every time I
switch to a different tab and back again, what I had previously typed in the bar
is lost.</st>
        </parg>
        <parg ob="" eb="" sr="" id="6">
            <st ob="" eb="" sr="" id="6.1">Reproducible: Always</st>
        </parg>
        <parg ob="" eb="" sr="x" patterns="P_SR_LABELED_LIST" id="7">
            <st ob="" eb="" sr="" id="7.1">Steps to Reproduce:</st>
            <st ob="" eb="" sr="" id="7.2">1 Start Firebird.</st>
            <st ob="" eb="" sr="" id="7.3">2 C-t to open a new tab.</st>
            <st ob="" eb="" sr="" id="7.4">The second tab is now displayed.</st>
            <st ob="" eb="" sr="" id="7.5">3 Type 'hello'.</st>
            <st ob="" eb="" sr="" id="7.6">This text appears in the location bar.</st>
            <st ob="" eb="" sr="" id="7.7">4 Click on the header for the first tab to switch to that tab.</st>
            <st ob="" eb="" sr="" id="7.8">5 Click on the header for the second tab to switch back to the second tab.</st>
        </parg>
        <parg ob="x" eb="" sr="" id="8">
            <st ob="x" eb="" sr="" patterns="S_OB_OBS_BEHAVIOR" id="8.1">Actual Results:  
When I switched back to the second tab, the text 'hello' I had typed was gone.</st>
        </parg>
        <parg ob="" eb="x" sr="" id="9">
            <st ob="" eb="x" sr="" patterns="S_EB_SHOULD" id="9.1">Expected Results:  
The partially typed URL should have been preserved, ready for the user to type
or paste some more.</st>
        </parg>
    </desc>
</bug>
