<?xml version="1.0" encoding="UTF-8" standalone="yes"?>
<bug no-bug="" comments="">
    <id>226732</id>
    <title ob="x" eb="" sr="" patterns="S_OB_NEG_AUX_VERB,S_OB_NEG_AFTER">add bookmark dialog doesn't close after bookmark added</title>
    <desc>
        <parg ob="" eb="" sr="" id="1">
            <st ob="" eb="" sr="" id="1.1">User-Agent:       Mozilla/5.0 (Macintosh; U; PPC Mac OS X Mach-O; en-US; rv:1.6b) Gecko/20031124 Firebird/0.7+
Build Identifier: Mozilla/5.0 (Macintosh; U; PPC Mac OS X Mach-O; en-US; rv:1.6b) Gecko/20031124 Firebird/0.7+</st>
        </parg>
        <parg ob="" eb="" sr="" id="2">
            <st ob="x" eb="" sr="" patterns="S_OB_NEG_AFTER" id="2.1">The add bookmark dialog doesn't close after the OK button is pressed.</st>
            <st ob="" eb="" sr="" id="2.2">It gives
no indication whatsoever that it's done anything.</st>
            <st ob="" eb="" sr="" id="2.3">The only way to get rid of it
is to press cancel.</st>
        </parg>
        <parg ob="" eb="" sr="" id="3">
            <st ob="" eb="" sr="" id="3.1">I suppose you could argue this is a feature supporting the really important
requirement to add the same bookmark in multiple places in the bookmark menu.</st>
        </parg>
        <parg ob="" eb="" sr="" id="4">
            <st ob="" eb="" sr="" id="4.1">Reproducible: Always</st>
        </parg>
        <parg ob="" eb="" sr="x" patterns="P_SR_LABELED_LIST" id="5">
            <st ob="" eb="" sr="" id="5.1">Steps to Reproduce:</st>
            <st ob="" eb="" sr="" id="5.2">1 visit some page</st>
            <st ob="" eb="" sr="" id="5.3">2 select Bookmarks-&gt;Add to Bookmarks from the menu bar</st>
            <st ob="" eb="" sr="" id="5.4">3 click OK on the resulting dialog box</st>
        </parg>
        <parg ob="x" eb="" sr="" patterns="P_OB_OBSERVED_BEHAVIOR_MULTI" id="6">
            <st ob="" eb="" sr="" id="6.1">Actual Results:  
Nothing happens visually, though the bookmark is added.</st>
            <st ob="" eb="" sr="" id="6.2">The dialog box stays up.</st>
        </parg>
        <parg ob="" eb="x" sr="" id="7">
            <st ob="" eb="x" sr="" patterns="S_EB_EXP_BEHAVIOR" id="7.1">Expected Results:  
Taken away the dialog box, or at least give some indication the bookmark has
been added.</st>
        </parg>
    </desc>
</bug>
