<?xml version="1.0" encoding="UTF-8" standalone="yes"?>
<bug no-bug="" comments="">
    <id>228607</id>
    <title ob="x" eb="" sr="" patterns="S_OB_VERB_ERROR,S_OB_NEG_VERB">Links randomely cause zombie thread which must be killed with Task Manager</title>
    <desc>
        <parg ob="" eb="" sr="" id="1">
            <st ob="" eb="" sr="" id="1.1">User-Agent:       Mozilla/5.0 (Windows; U; Windows NT 5.0; en-US; rv:1.6b) Gecko/20031208 Firebird/0.7+
Build Identifier: Mozilla/5.0 (Windows; U; Windows NT 5.0; en-US; rv:1.6b) Gecko/20031208 Firebird/0.7+</st>
        </parg>
        <parg ob="" eb="" sr="" id="2">
            <st ob="" eb="" sr="" id="2.1">The behavior seems to have become worse a few weeks ago.</st>
            <st ob="x" eb="" sr="" patterns="S_OB_COND_POS" id="2.2">If I click on a link (or open a bookmark, or allow SessionSaver to restore a link, etc.) and it does not resolve (Correctly? In time? ???), the throbber and the spinner on the tab continue to spin forever. </st>
            <st ob="" eb="" sr="" id="2.3">(What used to happen was the link was unavailable until you reloaded the page.</st>
            <st ob="" eb="" sr="" id="2.4">However, all other links worked normally.)</st>
            <st ob="x" eb="" sr="" patterns="S_OB_COND_NEG,S_OB_UNTIL_NEG" id="2.5">If you click another link, or hit STOP, or hit RELOAD, you are hosed becaue no other link will work until you restart the browser.</st>
            <st ob="" eb="" sr="" id="2.6">All menus work and respond normally.</st>
            <st ob="" eb="" sr="" id="2.7">If you click on the "Red X" to close Firebird, the window closes immediately.</st>
            <st ob="x" eb="" sr="" patterns="S_OB_BUT_NEG,S_OB_VERB_ERROR" id="2.8">However, if you attempt to restart Firebird, you get an error that someone is already using your profile.</st>
            <st ob="" eb="" sr="" id="2.9">You must use Task Manager to kill the zombie Mozilla thread.</st>
            <st ob="" eb="" sr="" id="2.10">Now you can restart Firebird.</st>
        </parg>
        <parg ob="" eb="" sr="" id="3">
            <st ob="" eb="" sr="" id="3.1">I am using a P4 with HyperThreading turned on.</st>
            <st ob="" eb="" sr="" id="3.2">I cannot find it now, but I saw
an entry in a thread on Mozillazine where someone suggested the zombie thread
might be caused by a problem with hyperthreading.</st>
        </parg>
        <parg ob="" eb="" sr="" id="4">
            <st ob="" eb="" sr="" id="4.1">Reproducible: Sometimes</st>
        </parg>
        <parg ob="" eb="" sr="x" patterns="P_SR_LABELED_PARAGRAPH" id="5">
            <st ob="" eb="" sr="" id="5.1">Steps to Reproduce:</st>
            <st ob="" eb="" sr="" id="5.2">There is no known reliable way to reproduce the problem.</st>
            <st ob="" eb="" sr="" id="5.3">It *seems* to be related to network load.</st>
            <st ob="" eb="" sr="" id="5.4">The behavior is as if a link is unable to resolve or load correctly (or in time).</st>
            <st ob="" eb="" sr="" id="5.5">However, this exact same link and page will load correctly most of the time.</st>
            <st ob="" eb="" sr="" id="5.6">Very frustrating.</st>
        </parg>
        <parg ob="X" eb="" sr="" patterns="P_OB_OBSERVED_BEHAVIOR_MULTI" id="6">
            <st ob="" eb="" sr="" id="6.1">Actual Results:</st>
            <st ob="" eb="" sr="" id="6.2">When the bug does happen, the throbber and tab spinner continue to animate forever.</st>
            <st ob="" eb="" sr="" id="6.3">Clicking on any link, selecting a bookmark, clicking on STOP or RELOAD, does nothing to resolve the problem.</st>
            <st ob="" eb="" sr="" id="6.4">No matter what you do (even if you have multiple Firebird windows open) will allow you to browse to any other page.</st>
            <st ob="" eb="" sr="" id="6.5">You must close Firebird and then kill the zombie thread before you can restart Firebird.</st>
        </parg>
        <parg ob="" eb="x" sr="" patterns="P_EB_EXP_BEHAVIOR_MULTI" id="7">
            <st ob="" eb="" sr="" id="7.1">Expected Results:  
If a link cannot be resolved correct, an error should be generated.</st>
            <st ob="" eb="" sr="" id="7.2">If a link cannot be resolved in time, an error should be generated.</st>
            <st ob="" eb="" sr="" id="7.3">Regardless of cause, the user should be able to click on any other link, select
a bookmard, or RELOAD the page successfully.</st>
            <st ob="" eb="" sr="" id="7.4">When Firebird is closed, there
should be no remaining zombie threads.</st>
        </parg>
        <parg ob="" eb="" sr="" id="8">
            <st ob="" eb="" sr="" id="8.1">At times, the problem happens more frequently.</st>
            <st ob="" eb="" sr="" id="8.2">It is possible this is due to
network load on my PC.</st>
            <st ob="" eb="" sr="" id="8.3">The problem eventually happens EVERY TIME I try to use
Firebird.</st>
            <st ob="" eb="" sr="" id="8.4">I have tried many different versions (both standard and optimized)
and the problem remains.</st>
        </parg>
        <parg ob="" eb="" sr="" id="9">
            <st ob="" eb="" sr="" id="9.1">Could this be related to P4 HyperThreading???</st>
        </parg>
        <parg ob="" eb="" sr="" id="10">
            <st ob="" eb="" sr="" id="10.1">(No other application has this problem.)</st>
        </parg>
    </desc>
</bug>
