<?xml version="1.0" encoding="UTF-8" standalone="yes"?>
<bug no-bug="" comments="">
    <id>229950</id>
    <title ob="x" eb="" sr="" patterns="S_OB_ERROR_COND">complete lock with max cpu when using single word in location bar</title>
    <desc>
        <parg ob="" eb="" sr="" id="1">
            <st ob="" eb="" sr="" id="1.1">User-Agent:       Mozilla/5.0 (Macintosh; U; PPC Mac OS X Mach-O; en-US; rv:1.7a) Gecko/20040102 Firebird/0.7+
Build Identifier: Mozilla/5.0 (Macintosh; U; PPC Mac OS X Mach-O; en-US; rv:1.7a) Gecko/20040102 Firebird/0.7+</st>
        </parg>
        <parg ob="" eb="" sr="" id="2">
            <st ob="x" eb="" sr="" patterns="S_OB_COND_NEG" id="2.1">When I type a single word into the location bar, Firebird pauses for about two
second thinking and then completely freezes.</st>
            <st ob="x" eb="" sr="" patterns="S_OB_NEG_VERB,S_OB_NO_NOUN" id="2.2">Animation stops, no response from
input.</st>
            <st ob="" eb="" sr="" id="2.3">I have to force quit Firebird to get rid of it, and sometimes Force Quit
says Firebird is Not Responding.</st>
        </parg>
        <parg ob="" eb="" sr="" id="3">
            <st ob="" eb="" sr="" id="3.1">I tried moving my preferences and any mozilla folders out of Mozilla's path.</st>
            <st ob="" eb="" sr="" id="3.2">This did not alleviate the problem.</st>
        </parg>
        <parg ob="x" eb="" sr="" id="4">
            <st ob="x" eb="" sr="" patterns="S_OB_NEG_VERB" id="4.1">Firebird crashes using the following examples:
there
osnews,
foo</st>
        </parg>
        <parg ob="" eb="" sr="" id="5">
            <st ob="" eb="" sr="" id="5.1">Firebird does NOT crash when a space exists such as:
new year</st>
        </parg>
        <parg ob="" eb="" sr="" id="6">
            <st ob="" eb="" sr="" id="6.1">Status bar displays "Resolving foo"</st>
        </parg>
        <parg ob="" eb="" sr="" id="7">
            <st ob="" eb="" sr="" id="7.1">Reproducible: Always</st>
        </parg>
        <parg ob="" eb="" sr="x" patterns="P_SR_LABELED_LIST" id="8">
            <st ob="" eb="" sr="" id="8.1">Steps to Reproduce:</st>
            <st ob="" eb="" sr="" id="8.2">1 select/clear the address bar</st>
            <st ob="" eb="" sr="" id="8.3">2 type a single word</st>
            <st ob="" eb="" sr="" id="8.4">3 hit enter/go</st>
        </parg>
        <parg ob="x" eb="" sr="" id="9">
            <st ob="x" eb="" sr="" patterns="S_OB_OBS_BEHAVIOR" id="9.1">Actual Results:  
Firebird completely locks.</st>
        </parg>
        <parg ob="" eb="x" sr="" id="10">
            <st ob="" eb="x" sr="" patterns="S_EB_EXP_BEHAVIOR" id="10.1">Expected Results:  
Try to resolve the word, and if not then an I'm feeling lucky search of the word.</st>
        </parg>
    </desc>
</bug>
