<?xml version="1.0" encoding="UTF-8" standalone="yes"?>
<bug no-bug="" comments="">
    <id>232672</id>
    <title ob="" eb="" sr="">toolbar contextmenu appears if right click the popup control icon and close the dialog</title>
    <desc>
        <parg ob="" eb="" sr="" id="1">
            <st ob="" eb="" sr="" id="1.1">User-Agent:       
Build Identifier: Mozilla/5.0 (Windows; U; Windows NT 5.0; en-US; rv:1.7a) Gecko/20040128 Firebird/0.8.0+</st>
        </parg>
        <parg ob="" eb="" sr="" id="2">
            <st ob="" eb="" sr="" id="2.1">.</st>
        </parg>
        <parg ob="" eb="" sr="" id="3">
            <st ob="" eb="" sr="" id="3.1">Reproducible: Always</st>
        </parg>
        <parg ob="" eb="" sr="x" patterns="P_SR_LABELED_LIST" id="4">
            <st ob="" eb="" sr="" id="4.1">Steps to Reproduce:</st>
            <st ob="" eb="" sr="" id="4.2">1 go to http://weblogs.mozillazine.org/asa/.</st>
            <st ob="" eb="" sr="" id="4.3">2 click a link before it is fully loaded.</st>
            <st ob="" eb="" sr="" id="4.4">3 popup control icon should be exist in the left of status bar.</st>
            <st ob="" eb="" sr="" id="4.5">4 right click it.</st>
            <st ob="" eb="" sr="" id="4.6">5 The popup control dialog is shown.</st>
            <st ob="" eb="" sr="" id="4.7">6 close the dialog.</st>
            <st ob="" eb="" sr="" id="4.8">7 the toolbar contextmenu is shown.</st>
        </parg>
    </desc>
</bug>
