<?xml version="1.0" encoding="UTF-8" standalone="yes"?>
<bug no-bug="" comments="">
    <id>233739</id>
    <title ob="" eb="" sr="">DOM Inspector's preferences menu not working</title>
    <desc>
        <parg ob="X" eb="" sr="" id="1">
            <st ob="X" eb="" sr="" patterns="S_OB_NEG_AUX_VERB" id="1.1">In Firefox 0.8 DOM Inspector's preferences menu is not working anymore.</st>
        </parg>
        <parg ob="" eb="" sr="x" patterns="P_SR_LABELED_LIST" id="2">
            <st ob="" eb="" sr="" id="2.1">Steps to reproduce:</st>
            <st ob="" eb="" sr="" id="2.2">1 Open Firefox</st>
            <st ob="" eb="" sr="" id="2.3">2 Go to DOM Inspector</st>
            <st ob="" eb="" sr="" id="2.4">3 Open Preferences</st>
            <st ob="" eb="" sr="" id="2.5">4 Try to change pane</st>
        </parg>
    </desc>
</bug>
