<?xml version="1.0" encoding="UTF-8" standalone="yes"?>
<bug no-bug="" comments="">
    <id>236781</id>
    <title ob="x" eb="" sr="" patterns="S_OB_NEG_ADV_ADJ">location bar minimum size incorrect</title>
    <desc>
        <parg ob="" eb="" sr="" id="1">
            <st ob="" eb="" sr="" id="1.1">User-Agent:       Mozilla/5.0 (Windows; U; Windows NT 5.1; en-US; rv:1.7b) Gecko/20040302 Firefox/0.8.0+
Build Identifier: Mozilla/5.0 (Windows; U; Windows NT 5.1; en-US; rv:1.7b) Gecko/20040302 Firefox/0.8.0+</st>
        </parg>
        <parg ob="" eb="" sr="" id="2">
            <st ob="x" eb="" sr="x" patterns="S_OB_COMP_ADJ,S_SR_IMPERATIVE_SUBORDINATES" id="2.1">Resize the firefox window so it is very thin, the location widget shrinks
correctly until it gets smaller than the URL icon.</st>
            <st ob="x" eb="" sr="" patterns="S_OB_COND_POS" id="2.2">When it is this small the URL
icon is outside the location box, on top of the control next to it.</st>
        </parg>
        <parg ob="" eb="x" sr="" id="3">
            <st ob="" eb="x" sr="" patterns="S_EB_SHOULD" id="3.1">I think the location bar should shrink until the size = icon size+ 2* border
size // for left and right borders.</st>
        </parg>
        <parg ob="" eb="" sr="" id="4">
            <st ob="" eb="" sr="" id="4.1">Reproducible: Always</st>
            <st ob="" eb="" sr="" id="4.2">Steps to Reproduce:</st>
            <st ob="" eb="" sr="" id="4.3">1</st>
            <st ob="" eb="" sr="" id="4.4">2</st>
            <st ob="" eb="" sr="" id="4.5">3</st>
        </parg>
    </desc>
</bug>
