<?xml version="1.0" encoding="UTF-8" standalone="yes"?>
<bug no-bug="" comments="">
    <id>239727</id>
    <title ob="" eb="" sr="" patterns="">scrollwheel with mouse over content does not scroll page</title>
    <desc>
        <parg ob="" eb="" sr="" id="1">
            <st ob="" eb="" sr="" id="1.1">User-Agent:       Mozilla/5.0 (X11; U; Linux i686; en-US; rv:1.6) Gecko/20040207 Firefox/0.8
Build Identifier: Mozilla/5.0 (X11; U; Linux i686; en-US; rv:1.6) Gecko/20040207 Firefox/0.8</st>
        </parg>
        <parg ob="" eb="" sr="" id="2">
            <st ob="" eb="" sr="" patterns="" id="2.1">The scrollwheel does not work if the mouse cursor is over the main content area
of the URL listed above.</st>
            <st ob="" eb="" sr="" id="2.2">If the mouse is moved to the left border, just past
the border element, the scrollwheel functions properly.</st>
        </parg>
        <parg ob="" eb="" sr="" id="3">
            <st ob="" eb="" sr="" id="3.1">Another example:  http://www.elfboy.net/blog/</st>
        </parg>
        <parg ob="" eb="" sr="" id="4">
            <st ob="" eb="" sr="" id="4.1">I've only noticed it on sites using the WordPress blog software, so there may be
something with their CSS implementation.</st>
        </parg>
        <parg ob="" eb="" sr="x" patterns="P_SR_LABELED_LIST" id="5">
            <st ob="" eb="" sr="" id="5.1">Reproducible: Always</st>
            <st ob="" eb="" sr="" id="5.2">Steps to Reproduce:</st>
            <st ob="" eb="" sr="" id="5.3">1 Place mouse over conent.</st>
            <st ob="" eb="" sr="" id="5.4">2 Try to scroll with scrollwheel</st>
        </parg>
        <parg ob="x" eb="" sr="" id="6">
            <st ob="x" eb="" sr="" patterns="S_OB_NO_NOUN,S_OB_OBS_BEHAVIOR" id="6.1">Actual Results:  
No scrolling.</st>
        </parg>
        <parg ob="" eb="x" sr="" id="7">
            <st ob="" eb="x" sr="" patterns="S_EB_SHOULD,S_EB_EXP_BEHAVIOR" id="7.1">Expected Results:  
The page should have scrolled.</st>
        </parg>
    </desc>
</bug>
