<?xml version="1.0" encoding="UTF-8" standalone="yes"?>
<bug no-bug="" comments="">
    <id>240494</id>
    <title ob="x" eb="" sr="" patterns="S_OB_NO_LONGER">View Source no longer works - the only option is View Selection Source</title>
    <desc>
        <parg ob="" eb="" sr="" id="1">
            <st ob="" eb="" sr="" id="1.1">User-Agent:       Mozilla/5.0 (Windows; U; Windows NT 5.0; en-US; rv:1.7b) Gecko/20040413 Firefox/0.8.0+
Build Identifier: Mozilla/5.0 (Windows; U; Windows NT 5.0; en-US; rv:1.7b) Gecko/20040413 Firefox/0.8.0+</st>
        </parg>
        <parg ob="" eb="" sr="" id="2">
            <st ob="" eb="" sr="" id="2.1">When right clicking on any web page the context menu only displays the options:
Copy
Select All
Search web for ""
View Selection Source</st>
        </parg>
        <parg ob="x" eb="" sr="" id="3">
            <st ob="x" eb="" sr="" patterns="S_OB_BUT_NEG,S_OB_AS_IF" id="3.1">as if text were highlighted (but it isn't).</st>
        </parg>
        <parg ob="" eb="" sr="" id="4">
            <st ob="" eb="" sr="" id="4.1">The source can be viewed normally through the menu (View - Page Source).</st>
        </parg>
        <parg ob="" eb="" sr="" id="5">
            <st ob="" eb="" sr="" id="5.1">Reproducible: Always
Steps to Reproduce:</st>
        </parg>
    </desc>
</bug>
