<?xml version="1.0" encoding="UTF-8" standalone="yes"?>
<bug no-bug="" comments="">
    <id>243855</id>
    <title ob="" eb="x" sr="" patterns="S_EB_SHOULD">Back in tab with empty history should close tab and activate referer tab.</title>
    <desc>
        <parg ob="" eb="" sr="" id="1">
            <st ob="" eb="" sr="" id="1.1">User-Agent:       Mozilla/5.0 (Windows; U; Windows NT 5.1; en-US; rv:1.7) Gecko/20040512 Firefox/0.8.0+ (MOOX)
Build Identifier: Mozilla/5.0 (Windows; U; Windows NT 5.1; en-US; rv:1.7) Gecko/20040512 Firefox/0.8.0+ (MOOX)</st>
        </parg>
        <parg ob="" eb="" sr="" id="2">
            <st ob="" eb="" sr="x" patterns="S_SR_ACTIONS_PRESENT_PERFECT" id="2.1">You have opened a link in a new tab, browsed some links in the new tab, and then
pressed back untill the history of that tab is empty.</st>
            <st ob="" eb="" sr="" id="2.2">What should happen when
you press back another time?</st>
            <st ob="x" eb="" sr="" patterns="S_OB_NOTHING_HAPPENS,S_OB_ADV_TIME_NEG" id="2.3">Now nothing happens.</st>
            <st ob="" eb="" sr="" id="2.4">But I submit that the logical
thing to happen is to close the current tab and activate the referer tab.</st>
        </parg>
        <parg ob="" eb="" sr="" id="3">
            <st ob="" eb="" sr="" id="3.1">Reproducible: Always</st>
        </parg>
        <parg ob="" eb="" sr="x" patterns="P_SR_LABELED_LIST" id="4">
            <st ob="" eb="" sr="" id="4.1">Steps to Reproduce:</st>
            <st ob="" eb="" sr="" id="4.2">1 Start with page A in Tab 1</st>
            <st ob="" eb="" sr="" id="4.3">2 Open Link to page B in Tab 2</st>
            <st ob="" eb="" sr="" id="4.4">3 Browse page B in Tab 2, click some links</st>
            <st ob="" eb="" sr="" id="4.5">4 Press back untill you are back at Page B again.</st>
            <st ob="" eb="" sr="" id="4.6">-- Now the new feature</st>
            <st ob="" eb="" sr="" id="4.7">5 Pressing back another time closes Tab 2 and activates Tab 1, if tab 1 is</st>
            <st ob="x" eb="" sr="" patterns="S_OB_NOTHING_HAPPENS" id="4.8">closed nothing happens.</st>
        </parg>
    </desc>
</bug>
