<?xml version="1.0" encoding="UTF-8" standalone="yes"?>
<bug no-bug="" comments="">
    <id>247216</id>
    <title ob="x" eb="" sr="" patterns="S_OB_NEG_VERB,S_OB_NEG_ADV_ADJ">Tables on this page randomly ignore padding values</title>
    <desc>
        <parg ob="" eb="" sr="" id="1">
            <st ob="" eb="" sr="" id="1.1">User-Agent:       Mozilla/5.0 (Windows; U; Windows NT 5.0; en-US; rv:1.7) Gecko/20040614 Firefox/0.8
Build Identifier: Mozilla/5.0 (Windows; U; Windows NT 5.0; en-US; rv:1.7) Gecko/20040614 Firefox/0.8</st>
        </parg>
        <parg ob="" eb="" sr="" id="2">
            <st ob="x" eb="" sr="" patterns="S_OB_COND_NEG" id="2.1">If you reload the page at http://dg.kendersoft.org a few times (or surf to links
on the left) you will eventually see that the navigation and main black tables
will stick to the inside edge of the 'main' table.</st>
            <st ob="" eb="" sr="" id="2.2">You can see a screenshot of
this error at http://www.digitalgunfire.com/images/siteerror.jpg</st>
        </parg>
        <parg ob="" eb="" sr="" id="3">
            <st ob="x" eb="" sr="" patterns="S_OB_ERROR_AS_SUBJECT" id="3.1">The error will go away after repeated reloads and/or clicking on different
navigation links on the site.</st>
            <st ob="" eb="" sr="" id="3.2">This is very reproducable and has worsened in
Firefox 0.9.</st>
        </parg>
        <parg ob="" eb="" sr="x" patterns="P_SR_LABELED_LIST" id="4">
            <st ob="" eb="" sr="" id="4.1">Reproducible: Always</st>
            <st ob="" eb="" sr="" id="4.2">Steps to Reproduce:</st>
            <st ob="" eb="" sr="" id="4.3">1 Go to http://dg.kendersoft.org</st>
            <st ob="" eb="" sr="" id="4.4">2 Refresh page a few times or click on links</st>
            <st ob="" eb="" sr="" id="4.5">3 Et voila</st>
        </parg>
        <parg ob="x" eb="" sr="" id="5">
            <st ob="x" eb="" sr="" patterns="S_OB_OBS_BEHAVIOR" id="5.1">Actual Results:  
The edges of the navigation/main table stick to the inside edge of the main table.</st>
        </parg>
        <parg ob="" eb="x" sr="" id="6">
            <st ob="" eb="x" sr="" patterns="S_EB_EXP_BEHAVIOR" id="6.1">Expected Results:  
It should have rendered it identically each time - one way or the other.</st>
        </parg>
    </desc>
</bug>
