<?xml version="1.0" encoding="UTF-8" standalone="yes"?>
<bug no-bug="" comments="">
    <id>247330</id>
    <title ob="x" eb="" sr="" patterns="S_OB_ACTION_SUBJECT,S_OB_ONLY">Dragging a link to the desktop only copies embedded image</title>
    <desc>
        <parg ob="" eb="" sr="" id="1">
            <st ob="" eb="" sr="" id="1.1">User-Agent:       Mozilla/5.0 (Windows; U; Windows NT 5.1; en-US; rv:1.7) Gecko/20040614 Firefox/0.8
Build Identifier: Mozilla/5.0 (Windows; U; Windows NT 5.1; en-US; rv:1.7) Gecko/20040614 Firefox/0.9</st>
        </parg>
        <parg ob="" eb="" sr="" id="2">
            <st ob="" eb="x" sr="" patterns="S_EB_EXPECTED" id="2.1">Maybe this is more a desktop intergration issue, but when I drag &amp; drop a href
link from the browser to my desktop you'd expect a bookmark to be created right?</st>
            <st ob="x" eb="x" sr="" patterns="S_OB_INSTEAD_OF,S_EB_INSTEAD_OF_EXP_BEHAVIOR" id="2.2">Well if that href has an image in it I get a copy of that image rather than the
wrapping bookmark.</st>
            <st ob="" eb="" sr="" id="2.3">.</st>
            <st ob="x" eb="" sr="" patterns="S_OB_DESPITE" id="2.4">This can't be right even if you did want a copy of an image,
if its wrapped by a link its almost guaranteed to be some kind of scaled down
thumbnail or icon.</st>
        </parg>
        <parg ob="" eb="" sr="" id="3">
            <st ob="" eb="" sr="" id="3.1">Reproducible: Always</st>
        </parg>
        <parg ob="" eb="" sr="x" patterns="P_SR_LABELED_LIST" id="4">
            <st ob="" eb="" sr="" id="4.1">Steps to Reproduce:</st>
            <st ob="" eb="" sr="" id="4.2">1 goto http://bugzilla.mozilla.org/</st>
            <st ob="" eb="" sr="" id="4.3">2 drag the mozilla.org heading/image/link to the desktop as if creating a</st>
            <st ob="" eb="" sr="" id="4.4">bookmark to mozilla.org on the desktop.</st>
            <st ob="" eb="" sr="" id="4.5">3</st>
        </parg>
        <parg ob="x" eb="" sr="" id="5">
            <st ob="x" eb="" sr="" patterns="S_OB_OBS_BEHAVIOR" id="5.1">Actual Results:  
get a copy of mozilla-banner.gif</st>
        </parg>
        <parg ob="" eb="x" sr="" id="6">
            <st ob="" eb="x" sr="" patterns="S_EB_IMPERATIVE" id="6.1">Expected Results:  
boomark (shortcut to) www.mozilla.org</st>
        </parg>
    </desc>
</bug>
