<?xml version="1.0" encoding="UTF-8" standalone="yes"?>
<bug no-bug="" comments="">
    <id>248141</id>
    <title ob="X" eb="" sr="" patterns="S_OB_LEADS_TO_NEG">Use of Ctrl-Shift-Tab can cause Firefox to freeze up</title>
    <desc>
        <parg ob="" eb="" sr="" id="1">
            <st ob="" eb="" sr="" id="1.1">User-Agent:       Mozilla/5.0 (Windows; U; Windows NT 5.1; en-US; rv:1.7) Gecko/20040614 Firefox/0.9
Build Identifier: Mozilla/5.0 (Windows; U; Windows NT 5.1; en-US; rv:1.7) Gecko/20040614 Firefox/0.9</st>
        </parg>
        <parg ob="" eb="" sr="" id="2">
            <st ob="X" eb="" sr="" patterns="S_OB_LEADS_TO_NEG" id="2.1">With several tabs open in a Firefox window, using Ctrl-Shift-Tab (to try to
select the previous tab) can cause Firefox to freeze up.</st>
            <st ob="" eb="" sr="" id="2.2">This has happened to me
four times today, although Ctrl-Shift-Tabs has worked hundreds of times today
without
problems ... ;-|</st>
        </parg>
        <parg ob="" eb="" sr="x" patterns="P_SR_LABELED_LIST" id="3">
            <st ob="" eb="" sr="" id="3.1">Reproducible: Sometimes</st>
            <st ob="" eb="" sr="" id="3.2">Steps to Reproduce:</st>
            <st ob="" eb="" sr="" id="3.3">1 Start Firefox</st>
            <st ob="" eb="" sr="" id="3.4">2 Open several tabs</st>
            <st ob="" eb="" sr="" id="3.5">3 Display one of the later (rightwards) tabs</st>
            <st ob="" eb="" sr="" id="3.6">[[I don't know if this matters, but every time Firefox froze up on me</st>
            <st ob="" eb="" sr="" id="3.7">I was in one of the later tabs.]]</st>
            <st ob="" eb="" sr="" id="3.8">4 Press Ctrl-Shift-Tab.</st>
        </parg>
        <parg ob="X" eb="" sr="" patterns="P_OB_OBSERVED_BEHAVIOR_MULTI" id="4">
            <st ob="" eb="" sr="" id="4.1">Actual Results:  
Clicking the tab handles, toolbar buttons or menus causes the cursor to change
to an hourglass, meaning "busy", but had no other effect.</st>
            <st ob="" eb="" sr="" id="4.2">Firefox did not
respond to any clicks on keystrokes.</st>
            <st ob="" eb="" sr="" id="4.3">The window stopped refreshing.</st>
            <st ob="" eb="" sr="" id="4.4">Windows XP reported the application as "(Not Responding)" and so on.</st>
        </parg>
        <parg ob="" eb="x" sr="" id="5">
            <st ob="" eb="x" sr="" patterns="S_EB_EXP_BEHAVIOR" id="5.1">Expected Results:  
Selected the previous tab</st>
        </parg>
        <parg ob="" eb="" sr="" id="6">
            <st ob="" eb="" sr="" id="6.1">Theme: default (only one installed)
Extensions: Single Window, Duplicate Tab, LinkVisitor</st>
        </parg>
    </desc>
</bug>
