<?xml version="1.0" encoding="UTF-8" standalone="yes"?>
<bug no-bug="" comments="">
    <id>251376</id>
    <title ob="" eb="" sr="">Use a different icon to identify a Livemark (live bookmark)</title>
    <desc>
        <parg ob="" eb="" sr="" id="1">
            <st ob="" eb="" sr="" id="1.1">User-Agent:       Mozilla/5.0 (Windows; U; Windows NT 5.0; en-US; rv:1.7) Gecko/20040712 Firefox/0.9.1+
Build Identifier: Mozilla/5.0 (Windows; U; Windows NT 5.0; en-US; rv:1.7) Gecko/20040712 Firefox/0.9.1+</st>
        </parg>
        <parg ob="" eb="x" sr="" id="2">
            <st ob="" eb="x" sr="" patterns="S_EB_SHOULD" id="2.1">A different icon should be used for both livemarks and livemark items.</st>
        </parg>
        <parg ob="" eb="" sr="" id="3">
            <st ob="" eb="" sr="" id="3.1">This will avoid confusion to users managing their bookmarks like when trying to
move items into a feed folder, or looking for  "bookmark" they thought they have
and may have disappeared as the feed changed.</st>
        </parg>
        <parg ob="" eb="" sr="x" patterns="P_SR_LABELED_LIST" id="4">
            <st ob="" eb="" sr="" id="4.1">Reproducible: Always</st>
            <st ob="" eb="" sr="" id="4.2">Steps to Reproduce:</st>
            <st ob="" eb="" sr="" id="4.3">1 Open the Boomarks menu or the Bookmarks Manager</st>
            <st ob="" eb="" sr="" id="4.4">2</st>
            <st ob="" eb="" sr="" id="4.5">3</st>
        </parg>
        <parg ob="x" eb="" sr="" id="5">
            <st ob="x" eb="" sr="" patterns="S_OB_OBS_BEHAVIOR" id="5.1">Actual Results:  
Folders and feeds look the same.</st>
        </parg>
        <parg ob="" eb="x" sr="" id="6">
            <st ob="" eb="x" sr="" patterns="S_EB_EXP_BEHAVIOR" id="6.1">Expected Results:  
They should look different for clarity.</st>
        </parg>
    </desc>
</bug>
