<?xml version="1.0" encoding="UTF-8" standalone="yes"?>
<bug no-bug="" comments="">
    <id>252353</id>
    <title ob="x" eb="" sr="" patterns="S_OB_NEG_AUX_VERB">Popup does not open while holding CTRL</title>
    <desc>
        <parg ob="" eb="" sr="" id="1">
            <st ob="" eb="" sr="" id="1.1">User-Agent:       Mozilla/5.0 (Windows; U; Windows NT 5.1; en-US; rv:1.7) Gecko/20040707 Firefox/0.9.2
Build Identifier: Mozilla/5.0 (Windows; U; Windows NT 5.1; en-US; rv:1.7) Gecko/20040707 Firefox/0.9.2</st>
        </parg>
        <parg ob="" eb="" sr="" id="2">
            <st ob="" eb="" sr="" id="2.1">This is the main page to the US HSBC website.</st>
            <st ob="" eb="" sr="" id="2.2">You highlight Personal Internet
Banking on the upper right, and click Log-In.</st>
            <st ob="" eb="" sr="" id="2.3">This uses a javascript to pop up
a new window for the log in page.</st>
            <st ob="x" eb="" sr="" patterns="S_OB_UNFORTUNATELY" id="2.4">Unfortunately, when you hold down Ctrl, the
page does not work correctly.</st>
            <st ob="x" eb="" sr="" patterns="S_OB_BUT_NEG" id="2.5">It opens a new tab, but never displays a page in
the new tab.</st>
            <st ob="x" eb="" sr="" patterns="S_OB_INSTEAD_OF" id="2.6">Instead it simply shows (Untitled).</st>
            <st ob="x" eb="" sr="" patterns="S_OB_BUT_NEG,S_OB_NO_MATTER" id="2.7">The status bar reads "Waiting
for us.hsbc.com...", but does not change no matter how long you wait.</st>
        </parg>
        <parg ob="" eb="" sr="x" patterns="P_SR_LABELED_LIST" id="3">
            <st ob="" eb="" sr="" id="3.1">Reproducible: Always</st>
            <st ob="" eb="" sr="" id="3.2">Steps to Reproduce:</st>
            <st ob="" eb="" sr="" id="3.3">1 Go to http://us.hsbc.com/personal/personal_home_page.html</st>
            <st ob="" eb="" sr="" id="3.4">2 Highlight personal internet banking.</st>
            <st ob="" eb="" sr="" id="3.5">3 Hold down the Ctrl key and left click on Log-In</st>
        </parg>
        <parg ob="x" eb="" sr="" patterns="P_OB_OBSERVED_BEHAVIOR_MULTI" id="4">
            <st ob="" eb="" sr="" id="4.1">Actual Results:  
A blank tab opens up, but does not display a page.</st>
            <st ob="" eb="" sr="" id="4.2">The status bar states that
it is connecting, but never gets beyond this.</st>
        </parg>
        <parg ob="" eb="x" sr="" patterns="P_EB_EXP_BEHAVIOR_MULTI" id="5">
            <st ob="" eb="" sr="" id="5.1">Expected Results:  
Opened the page that normally pops up in the tab.</st>
            <st ob="" eb="x" sr="" patterns="S_EB_SHOULD" id="5.2">If this cannot be done, it
should simply pop up as it normally would.</st>
        </parg>
    </desc>
</bug>
