<?xml version="1.0" encoding="UTF-8" standalone="yes"?>
<bug no-bug="" comments="">
    <id>253230</id>
    <title ob="x" eb="" sr="" patterns="S_OB_NEG_AUX_VERB">AdressBar does not react to cursor keys</title>
    <desc>
        <parg ob="" eb="" sr="" id="1">
            <st ob="" eb="" sr="" id="1.1">User-Agent:       Mozilla/5.0 (Windows; U; Windows NT 5.0; en-US; rv:1.7) Gecko/20040707 Firefox/0.9.2
Build Identifier: Mozilla/5.0 (Windows; U; Windows NT 5.0; en-US; rv:1.7) Gecko/20040707 Firefox/0.9.2</st>
        </parg>
        <parg ob="" eb="" sr="" id="2">
            <st ob="" eb="" sr="" id="2.1">I open a new tab and the focus is on the adress bar.</st>
            <st ob="x" eb="" sr="" patterns="S_OB_NEG_AUX_VERB" id="2.2">At that point I cannot use
the cursor keys or any other means to position the cursor (home/end).</st>
            <st ob="x" eb="" sr="" patterns="S_OB_NEG_AUX_VERB" id="2.3">That of
course means I cannot select a part of the url.</st>
            <st ob="" eb="" sr="" id="2.4">up/down works though  --&gt; I can
select from the history.</st>
        </parg>
        <parg ob="" eb="" sr="" id="3">
            <st ob="" eb="" sr="" id="3.1">If I hit ctrl-L (goto urlbar) everything works fine again.</st>
            <st ob="" eb="" sr="" id="3.2">Additonally this does
only happen on new tabs, if I focus the adress bar in an existing tab via mouse,
everything works.</st>
        </parg>
        <parg ob="" eb="" sr="x" patterns="P_SR_LABELED_LIST" id="4">
            <st ob="" eb="" sr="" id="4.1">Reproducible: Always</st>
            <st ob="" eb="" sr="" id="4.2">Steps to Reproduce:</st>
            <st ob="" eb="" sr="" id="4.3">1 Install Tab Extensions</st>
            <st ob="" eb="" sr="" id="4.4">2 Hit ctrl-T for new tab</st>
            <st ob="" eb="" sr="" id="4.5">3 Type something in and try to use the left/right cursor keys.</st>
        </parg>
        <parg ob="x" eb="" sr="" id="5">
            <st ob="x" eb="" sr="" patterns="S_OB_OBS_BEHAVIOR" id="5.1">Actual Results:  
nothing, because the cursor keys do not react</st>
        </parg>
        <parg ob="" eb="x" sr="" id="6">
            <st ob="" eb="x" sr="" patterns="S_EB_EXP_BEHAVIOR" id="6.1">Expected Results:  
the obvious, position the cursor</st>
        </parg>
    </desc>
</bug>
