<?xml version="1.0" encoding="UTF-8" standalone="yes"?>
<bug no-bug="" comments="">
    <id>253629</id>
    <title ob="x" eb="" sr="" patterns="S_OB_NO_LONGER">Mozex no longer seems to work with Firefox .9.1</title>
    <desc>
        <parg ob="" eb="" sr="" id="1">
            <st ob="" eb="" sr="" id="1.1">User-Agent:       Mozilla/5.0 (X11; U; Linux i686; en-US; rv:1.7) Gecko/20040719 Firefox/0.9.1
Build Identifier: Mozilla/5.0 (X11; U; Linux i686; en-US; rv:1.7) Gecko/20040719 Firefox/0.9.1</st>
        </parg>
        <parg ob="x" eb="" sr="" id="2">
            <st ob="x" eb="" sr="" patterns="S_OB_NO_LONGER" id="2.1">Mailto: links no longer seem to work in Firefox &gt;.8.X</st>
        </parg>
        <parg ob="x" eb="" sr="" id="3">
            <st ob="x" eb="" sr="" patterns="S_OB_VERB_ERROR,S_OB_NEG_AUX_VERB" id="3.1">user gets really long error message that wont allow 'copy &amp; paste'   :-(</st>
        </parg>
        <parg ob="" eb="" sr="" id="4">
            <st ob="" eb="" sr="" id="4.1">reading comments in
http://update.mozilla.org/extensions/moreinfo.php?id=40&amp;vid=42&amp;category=&amp;page=comments</st>
        </parg>
        <parg ob="" eb="" sr="" id="5">
            <st ob="" eb="" sr="" id="5.1">I get the impression that other feature in mozex besides mailto: are not working
either.</st>
        </parg>
        <parg ob="" eb="" sr="" id="6">
            <st ob="" eb="" sr="" id="6.1">Thanks,</st>
        </parg>
        <parg ob="" eb="" sr="" id="7">
            <st ob="" eb="" sr="" id="7.1">Lance</st>
        </parg>
        <parg ob="" eb="" sr="x" patterns="P_SR_LABELED_LIST" id="8">
            <st ob="" eb="" sr="" id="8.1">Reproducible: Always</st>
            <st ob="" eb="" sr="" id="8.2">Steps to Reproduce:</st>
            <st ob="" eb="" sr="" id="8.3">1 install firefox</st>
            <st ob="" eb="" sr="" id="8.4">2 install mozex extension</st>
            <st ob="" eb="" sr="" id="8.5">3 restart firefox</st>
            <st ob="" eb="" sr="" id="8.6">4 set mailto: preferences in mozex (I use kmail)</st>
            <st ob="" eb="" sr="" id="8.7">5 click on any mailto: link</st>
        </parg>
        <parg ob="x" eb="" sr="" patterns="P_OB_OBSERVED_BEHAVIOR_MULTI" id="9">
            <st ob="" eb="" sr="" id="9.1">Actual Results:</st>
            <st ob="" eb="" sr="" id="9.2">get error message from mozex</st>
        </parg>
        <parg ob="" eb="x" sr="" id="10">
            <st ob="" eb="x" sr="" patterns="S_EB_EXP_BEHAVIOR" id="10.1">Expected Results:  
open the mail client specified in mozex</st>
        </parg>
    </desc>
</bug>
