<?xml version="1.0" encoding="UTF-8" standalone="yes"?>
<bug no-bug="" comments="">
    <id>253953</id>
    <title ob="x" eb="" sr="" patterns="S_OB_NEG_AUX_VERB">Dragging shortcut to link onto FireFox doesn't open page</title>
    <desc>
        <parg ob="" eb="" sr="" id="1">
            <st ob="" eb="" sr="" id="1.1">User-Agent:       Mozilla/5.0 (Windows; U; Windows NT 5.1; en-US; rv:1.7) Gecko/20040707 Firefox/0.9.2
Build Identifier: Mozilla/5.0 (Windows; U; Windows NT 5.1; en-US; rv:1.7) Gecko/20040707 Firefox/0.9.2</st>
        </parg>
        <parg ob="x" eb="" sr="" id="2">
            <st ob="x" eb="" sr="" patterns="S_OB_COND_NEG" id="2.1">When a desktop link to an HTML page is dragged onto FireFox, the following error
message is displayed:</st>
        </parg>
        <parg ob="" eb="" sr="" id="3">
            <st ob="" eb="" sr="" id="3.1">C:\DOCUME~\PZG4PX\LOCALS~1\TEMP\9am87ycf.</st>
            <st ob="" eb="" sr="" id="3.2">lnk could not be saved, because an unknown
error occurred.</st>
        </parg>
        <parg ob="" eb="" sr="" id="4">
            <st ob="" eb="" sr="" id="4.1">Sorry about that.</st>
            <st ob="" eb="" sr="" id="4.2">Try saving to a different location.</st>
        </parg>
        <parg ob="" eb="" sr="" id="5">
            <st ob="" eb="" sr="" id="5.1">Clicking on the shortcut does properly open the page (in a new browser window).</st>
            <st ob="" eb="" sr="" id="5.2">And dragging the page from Explorer into FF also opens it.</st>
        </parg>
        <parg ob="" eb="" sr="" id="6">
            <st ob="" eb="" sr="" id="6.1">Reproducible: Always</st>
        </parg>
        <parg ob="" eb="" sr="x" patterns="P_SR_LABELED_LIST" id="7">
            <st ob="" eb="" sr="" id="7.1">Steps to Reproduce:</st>
            <st ob="" eb="" sr="" id="7.2">1 create html page</st>
            <st ob="" eb="" sr="" id="7.3">2 create desktop shortcut to page</st>
            <st ob="" eb="" sr="" id="7.4">3 drag shortcut onto FF</st>
        </parg>
        <parg ob="x" eb="" sr="" id="8">
            <st ob="x" eb="" sr="" patterns="S_OB_OBS_BEHAVIOR" id="8.1">Actual Results:  
C:\DOCUME~\PZG4PX\LOCALS~1\TEMP\9am87ycf.lnk could not be saved, because an unknown
error occurred.</st>
        </parg>
        <parg ob="" eb="" sr="" id="9">
            <st ob="" eb="" sr="" id="9.1">Sorry about that.</st>
            <st ob="" eb="" sr="" id="9.2">Try saving to a different location.</st>
        </parg>
        <parg ob="" eb="x" sr="" id="10">
            <st ob="" eb="x" sr="" patterns="S_EB_EXP_BEHAVIOR" id="10.1">Expected Results:  
displayed the page</st>
        </parg>
    </desc>
</bug>
