<?xml version="1.0" encoding="UTF-8" standalone="yes"?>
<bug no-bug="" comments="">
    <id>256169</id>
    <title ob="x" eb="" sr="" patterns="S_OB_PROBLEM_IN">Firefox 0.9.3 crash [@ 0x11d010 - ole32.dll] on XP x64 Edition (AMD64) Preview release 2 with DEP</title>
    <desc>
        <parg ob="" eb="" sr="" id="1">
            <st ob="" eb="" sr="" id="1.1">User-Agent:       Mozilla/5.0 (Windows; U; Windows NT 5.2; en-US; rv:1.7) Gecko/20040803 Firefox/0.9.3
Build Identifier: Mozilla/5.0 (Windows; U; Windows NT 5.2; en-US; rv:1.7) Gecko/20040803 Firefox/0.9.3</st>
        </parg>
        <parg ob="" eb="" sr="" id="2">
            <st ob="x" eb="" sr="" patterns="S_OB_COND_NEG" id="2.1">When i start Firefox 0.9.3 on my Athlon64 with Win XP Pro x64 Preview Release 2
(thats the version for AMD64 CPUs) it crashed when i had DEP enabled.</st>
            <st ob="" eb="" sr="" id="2.2">After
disabling DEP it works fine</st>
        </parg>
        <parg ob="" eb="" sr="x" patterns="P_SR_LABELED_LIST" id="3">
            <st ob="" eb="" sr="" id="3.1">Reproducible: Always</st>
            <st ob="" eb="" sr="" id="3.2">Steps to Reproduce:</st>
            <st ob="" eb="" sr="" id="3.3">1 Start Firefox 0.9.3 on XP 64Bit Edition with DEP enabled</st>
        </parg>
        <parg ob="" eb="" sr="" id="4">
            <st ob="" eb="" sr="" id="4.1">Talkback id: TB601925G</st>
        </parg>
        <parg ob="" eb="" sr="" id="5">
            <st ob="" eb="" sr="" id="5.1">The Windows Version is: Version 5.2.3790
Build 3790.</st>
            <st ob="" eb="" sr="" id="5.2">dnsrv_idx01.040726-1300 : Service Pack 1, v. 1218)</st>
        </parg>
    </desc>
</bug>
