<?xml version="1.0" encoding="UTF-8" standalone="yes"?>
<bug no-bug="" comments="">
    <id>261198</id>
    <title ob="x" eb="" sr="" patterns="S_OB_ERROR_NOUN_PHRASE">misplaced frame bar</title>
    <desc>
        <parg ob="" eb="" sr="" id="1">
            <st ob="" eb="" sr="" id="1.1">User-Agent:       Mozilla/5.0 (Windows; U; Windows NT 5.1; rv:1.7.3) Gecko/20040913 Firefox/0.10
Build Identifier: Mozilla/5.0 (Windows; U; Windows NT 5.1; rv:1.7.3) Gecko/20040913 Firefox/0.10</st>
        </parg>
        <parg ob="x" eb="" sr="" id="2">
            <st ob="x" eb="" sr="" patterns="S_OB_PROBLEM_IN" id="2.1">misplace command bar on inbox page</st>
        </parg>
        <parg ob="" eb="" sr="x" patterns="P_SR_LABELED_LIST" id="3">
            <st ob="" eb="" sr="" id="3.1">Reproducible: Always</st>
            <st ob="" eb="" sr="" id="3.2">Steps to Reproduce:</st>
            <st ob="" eb="" sr="" id="3.3">1 http://email.indiatimes.com,create an account,login</st>
            <st ob="" eb="" sr="" id="3.4">2 click on inbox</st>
            <st ob="" eb="" sr="" id="3.5">3</st>
        </parg>
        <parg ob="x" eb="" sr="" id="4">
            <st ob="x" eb="" sr="" patterns="S_OB_OBS_BEHAVIOR" id="4.1">Actual Results:  
after login ,command bar is misplaced on the inbox page down the display area
from top of the frame</st>
        </parg>
        <parg ob="" eb="x" sr="" id="5">
            <st ob="" eb="x" sr="" patterns="S_EB_EXP_BEHAVIOR" id="5.1">Expected Results:  
bar should have been on top of frame as in ie</st>
        </parg>
    </desc>
</bug>
