<?xml version="1.0" encoding="UTF-8" standalone="yes"?>
<bug no-bug="" comments="">
    <id>263848</id>
    <title ob="x" eb="" sr="" patterns="S_OB_POS_AFTER">parts of page turn gray on user form page after placing cursor in text field box</title>
    <desc>
        <parg ob="" eb="" sr="" id="1">
            <st ob="" eb="" sr="" id="1.1">User-Agent:       Mozilla/5.0 (Macintosh; U; PPC Mac OS X Mach-O; en-US; rv:1.7) Gecko/20040803 Firefox/0.9.3
Build Identifier: Mozilla/5.0 (Macintosh; U; PPC Mac OS X Mach-O; en-US; rv:1.7) Gecko/20040803 Firefox/0.9.3</st>
        </parg>
        <parg ob="x" eb="" sr="" id="2">
            <st ob="x" eb="" sr="" patterns="S_OB_ACTION_SUBJECT,S_OB_POS_COND" id="2.1">Vertical slice of the page turns gray when placing the cursor in one of the
user-fill text fields; clicking on one of the check boxes on the right below the
email address field restores the part grayed out temporarily</st>
        </parg>
        <parg ob="" eb="" sr="x" patterns="P_SR_LABELED_LIST" id="3">
            <st ob="" eb="" sr="" id="3.1">Reproducible: Always</st>
            <st ob="" eb="" sr="" id="3.2">Steps to Reproduce:</st>
            <st ob="" eb="" sr="" id="3.3">1 Go to URL above (as long as it's still active); otherwise go to nytimes.com</st>
            <st ob="" eb="" sr="" id="3.4">home page [requires registration at site]</st>
            <st ob="" eb="" sr="" id="3.5">2 Select a news story link randomly and go to it</st>
            <st ob="" eb="" sr="" id="3.6">3 Once at the story, select "email this article" link and go to it</st>
            <st ob="" eb="" sr="" id="3.7">4 Once at the email this article form page, place cursor in first text field</st>
            <st ob="" eb="" sr="" id="3.8">(for email addresses of correspondents to receive article)</st>
            <st ob="x" eb="" sr="" patterns="S_OB_ADV_TIME_POS" id="3.9">5 As soon as cursor is place in this text field entry box, the first vertical "slice" of the page turns gray.</st>
            <st ob="" eb="" sr="" id="3.10">6 To restore page art "grayed out" move cursor to check boxes below email</st>
            <st ob="" eb="" sr="" id="3.11">address field and "feel around" for one of them and click on it...</st>
        </parg>
        <parg ob="x" eb="" sr="" patterns="P_OB_OBSERVED_BEHAVIOR_MULTI" id="4">
            <st ob="" eb="" sr="" id="4.1">Actual Results:</st>
            <st ob="" eb="" sr="" id="4.2">See above... Part of the screen turned gray when taking first steps and were</st>
            <st ob="" eb="" sr="" id="4.3">restored when taking last step</st>
        </parg>
        <parg ob="" eb="x" sr="" patterns="P_EB_EXP_BEHAVIOR_MULTI" id="5">
            <st ob="" eb="" sr="" id="5.1">Expected Results:</st>
            <st ob="" eb="x" sr="" patterns="S_EB_SHOULD" id="5.2">No part of the screen should turn gray (or any other color)</st>
        </parg>
        <parg ob="" eb="" sr="" id="6">
            <st ob="" eb="" sr="" id="6.1">Default settings...</st>
        </parg>
    </desc>
</bug>
