<?xml version="1.0" encoding="UTF-8" standalone="yes"?>
<bug no-bug="" comments="">
    <id>265169</id>
    <title ob="" eb="" sr="">also report size of fully loaded page (with media)</title>
    <desc>
        <parg ob="" eb="" sr="" id="1">
            <st ob="" eb="" sr="" id="1.1">User-Agent:       Mozilla/5.0 (Windows; U; Windows NT 5.0; rv:1.7.3) Gecko/20041001 Firefox/0.10.1
Build Identifier: Mozilla/5.0 (Windows; U; Windows NT 5.0; rv:1.7.3) Gecko/20041001 Firefox/0.10.1</st>
        </parg>
        <parg ob="" eb="" sr="" id="2">
            <st ob="" eb="" sr="" id="2.1">The "Size" reported in the General tab of Page Info reports the size of the HTML
file describing the page.</st>
            <st ob="" eb="" sr="" id="2.2">To find out the actual size of what was loaded, one
has to manually add the size of the page and the size of all the displayed media.</st>
        </parg>
        <parg ob="" eb="x" sr="" id="3">
            <st ob="" eb="x" sr="" patterns="S_EB_SHOULD" id="3.1">"Size" should be changed to "File Size", and
"Loaded Size" should be added to the General tab.</st>
        </parg>
        <parg ob="" eb="" sr="x" patterns="P_SR_LABELED_LIST" id="4">
            <st ob="" eb="" sr="" id="4.1">Reproducible: Always</st>
            <st ob="" eb="" sr="" id="4.2">Steps to Reproduce:</st>
            <st ob="" eb="" sr="" id="4.3">1 Load example page given in URL above.</st>
            <st ob="" eb="" sr="" id="4.4">2 View Page Info.</st>
            <st ob="" eb="" sr="" id="4.5">3 View General tab.</st>
        </parg>
        <parg ob="x" eb="" sr="" id="5">
            <st ob="x" eb="" sr="" patterns="S_OB_OBS_BEHAVIOR" id="5.1">Actual Results:  
"Size" is reported as "6.78 KB (6943 bytes)".</st>
        </parg>
        <parg ob="" eb="x" sr="" id="6">
            <st ob="" eb="x" sr="" patterns="S_EB_EXP_BEHAVIOR" id="6.1">Expected Results:  
"File Size" should be reported as "6.78 KB (6943 bytes)", and
"Loaded Size" should be reported as "67.9 KB (69,620 bytes)".</st>
        </parg>
    </desc>
</bug>
