<?xml version="1.0" encoding="UTF-8" standalone="yes"?>
<bug no-bug="" comments="">
    <id>266370</id>
    <title ob="x" eb="" sr="" patterns="S_OB_NEG_AUX_VERB">When loading browser - 2 other (tabbed) browsers open also which can't be removed</title>
    <desc>
        <parg ob="" eb="" sr="" id="1">
            <st ob="" eb="" sr="" id="1.1">User-Agent:       Mozilla/5.0 (Windows; U; Windows NT 5.1; rv:1.7.3) Gecko/20040913 Firefox/0.10.1
Build Identifier:</st>
        </parg>
        <parg ob="" eb="" sr="" id="2">
            <st ob="x" eb="" sr="" patterns="S_OB_COND_POS" id="2.1">When launching Firefox the initial home page opens up along with 2 other tabs.</st>
            <st ob="x" eb="" sr="" patterns="S_OB_ACTION_SUBJECT,S_OB_ONLY" id="2.2">Closing 'other tab's clears them out only to reappear when re-launching browser.</st>
            <st ob="" eb="" sr="" id="2.3">Also clicking on 'home' replicates problem.</st>
            <st ob="" eb="" sr="" id="2.4">below is my home URL:
http://stockcharts.com/candleglance?HHH,QQQ,EWO,SEBL,XLF,XLK,XLI,XLB,XLE,XLP</st>
        </parg>
        <parg ob="" eb="" sr="" id="3">
            <st ob="" eb="" sr="" id="3.1">What's going on here?</st>
            <st ob="" eb="" sr="" id="3.2">Can I remove the tabs without having Firefox reload them ?</st>
        </parg>
        <parg ob="" eb="" sr="" id="4">
            <st ob="" eb="" sr="" id="4.1">Thanks,
monrovian@yahoo.com</st>
        </parg>
        <parg ob="" eb="" sr="x" patterns="P_SR_LABELED_LIST" id="5">
            <st ob="" eb="" sr="" id="5.1">Reproducible: Always</st>
            <st ob="" eb="" sr="" id="5.2">Steps to Reproduce:</st>
            <st ob="" eb="" sr="" id="5.3">1 Blanked out 'use home URL' in options.</st>
        </parg>
        <parg ob="" eb="" sr="" id="6">
            <st ob="" eb="" sr="" id="6.1">2</st>
            <st ob="" eb="" sr="" id="6.2">3</st>
        </parg>
        <parg ob="" eb="x" sr="" id="7">
            <st ob="" eb="x" sr="" patterns="S_EB_EXP_BEHAVIOR" id="7.1">Expected Results:  
Not reload tabs other than home URL</st>
        </parg>
    </desc>
</bug>
