<?xml version="1.0" encoding="UTF-8" standalone="yes"?>
<bug no-bug="" comments="">
    <id>266508</id>
    <title ob="x" eb="" sr="">updating firefox with setup will create multiple windows software entries</title>
    <desc>
        <parg ob="" eb="" sr="" id="1">
            <st ob="" eb="" sr="" id="1.1">User-Agent:       Mozilla/5.0 (Windows; U; Windows NT 5.1; en-US; rv:1.7.3) Gecko/20041026 Firefox/1.0RC1
Build Identifier: Mozilla/5.0 (Windows; U; Windows NT 5.1; en-US; rv:1.7.3) Gecko/20041026 Firefox/1.0RC1</st>
        </parg>
        <parg ob="" eb="" sr="" id="2">
            <st ob="x" eb="" sr="" patterns="S_OB_COND_POS" id="2.1">When updating Firefox with the .exe installer on Windows, it will create
multiple entries in the software panel, for example:
Mozilla Firefox (0.9.3)
Mozilla Firefox (1.0PR)</st>
            <st ob="x" eb="" sr="" patterns="S_OB_COND_NEG,S_OB_STILL" id="2.2">When updating via the zip file, there will still be an old entry (e.g. "Mozilla
Firefox (0.9.3)" when 1.0PR is installed) in the software list.</st>
        </parg>
        <parg ob="" eb="" sr="" id="3">
            <st ob="" eb="" sr="" id="3.1">This occurs also in Mozilla Thunderbird.</st>
        </parg>
        <parg ob="" eb="" sr="x" patterns="P_SR_LABELED_LIST" id="4">
            <st ob="" eb="" sr="" id="4.1">Reproducible: Always</st>
            <st ob="" eb="" sr="" id="4.2">Steps to Reproduce:</st>
            <st ob="" eb="" sr="" id="4.3">1 Install an old version of Firefox or Thunderbird</st>
            <st ob="" eb="" sr="" id="4.4">2 Install a newer version</st>
        </parg>
        <parg ob="x" eb="" sr="" id="5">
            <st ob="x" eb="" sr="" patterns="S_OB_OBS_BEHAVIOR" id="5.1">Actual Results:  
Two entries were created in the software menu.</st>
        </parg>
        <parg ob="" eb="x" sr="" patterns="P_EB_EXP_BEHAVIOR_MULTI" id="6">
            <st ob="" eb="" sr="" id="6.1">Expected Results:</st>
            <st ob="" eb="" sr="" id="6.2">One of the following:</st>
            <st ob="" eb="" sr="" id="6.3">* Remove the old entry</st>
            <st ob="" eb="" sr="" id="6.4">* Create a non-version specific entry (e.g. "Mozilla Firefox" without version) so the entry gets overwritten automatically</st>
            <st ob="" eb="" sr="" id="6.5">* Automatically uninstall the old Mozilla Firefox version before installing the new one</st>
        </parg>
        <parg ob="" eb="" sr="" id="7">
            <st ob="" eb="" sr="" id="7.1">A workaround is using the zip files to install Firefox (every time) or
uninstalling the old version before updating.</st>
        </parg>
    </desc>
</bug>
