<?xml version="1.0" encoding="UTF-8" standalone="yes"?>
<bug no-bug="" comments="">
    <id>266896</id>
    <title ob="x" eb="" sr="" patterns="S_OB_LEADS_TO_NEG">using DDE and WWW_OpenURL to open a file results in a truncated file name</title>
    <desc>
        <parg ob="" eb="" sr="" id="1">
            <st ob="" eb="" sr="" id="1.1">User-Agent:       Mozilla/5.0 (Windows; U; Windows NT 5.1; rv:1.7.3) Gecko/20041001 Firefox/0.10.1
Build Identifier: Mozilla/5.0 (Windows; U; Windows NT 5.1; rv:1.7.3) Gecko/20041001 Firefox/0.10.1</st>
        </parg>
        <parg ob="" eb="" sr="" id="2">
            <st ob="" eb="" sr="" id="2.1">I am using labview to open a html file in the default browser.</st>
            <st ob="" eb="" sr="" id="2.2">It has a canned
DDE call using WWW_OpenURL.</st>
            <st ob="x" eb="" sr="" patterns="S_OB_BUT_NEG,S_OB_WORKS_BUT" id="2.3">This works fine in IE, but in Firefox it truncates
the URL.</st>
            <st ob="x" eb="" sr="" patterns="S_OB_COND_NEG,S_OB_ONLY" id="2.4">If no browser is open it will only open a blank page, and if a window
is open, it will say that the file ...htm could not be found.</st>
            <st ob="x" eb="" sr="" patterns="S_OB_SEEMS_TO_NEG_VERB" id="2.5">It seems to trim
off the last character.</st>
            <st ob="x" eb="" sr="" patterns="S_OB_COND_NEG" id="2.6">If I try to open a .htm file it will report that it
tried to open a .ht file and failed.</st>
            <st ob="x" eb="" sr="" patterns="S_OB_SEEMS,S_OB_NEG_ADV_ADJ" id="2.7">It seems to report the error twice.</st>
        </parg>
        <parg ob="" eb="" sr="x" patterns="P_SR_LABELED_LIST" id="3">
            <st ob="" eb="" sr="" id="3.1">Reproducible: Always</st>
            <st ob="" eb="" sr="" id="3.2">Steps to Reproduce:</st>
            <st ob="" eb="" sr="" id="3.3">1 Send DDE WWW_OpenURL to Firefox</st>
            <st ob="" eb="" sr="" id="3.4">2 send url with .</st>
            <st ob="" eb="" sr="" id="3.5">html</st>
            <st ob="" eb="" sr="" id="3.6">3 browser will report no .</st>
            <st ob="" eb="" sr="" id="3.7">htm file found.</st>
        </parg>
        <parg ob="x" eb="" sr="" id="4">
            <st ob="x" eb="" sr="" patterns="S_OB_OBS_BEHAVIOR" id="4.1">Actual Results:  
error box will open saying the file could not be found.</st>
        </parg>
        <parg ob="" eb="x" sr="" id="5">
            <st ob="" eb="x" sr="" patterns="S_EB_SHOULD" id="5.1">Expected Results:  
it should have opened the .html file as the url was sent.</st>
        </parg>
    </desc>
</bug>
