<?xml version="1.0" encoding="UTF-8" standalone="yes"?>
<bug no-bug="" comments="">
    <id>268527</id>
    <title ob="X" eb="" sr="" patterns="S_OB_NON_TERM">firefox default theme button text non center</title>
    <desc>
        <parg ob="" eb="" sr="" id="1">
            <st ob="" eb="" sr="" id="1.1">User-Agent:       Mozilla/5.0 (Windows; U; Win98; en-US; rv:1.7.5) Gecko/20041103 Firefox/1.0RC2
Build Identifier: Mozilla/5.0 (Windows; U; Win98; en-US; rv:1.7.5) Gecko/20041103 Firefox/1.0RC2</st>
        </parg>
        <parg ob="X" eb="" sr="" id="2">
            <st ob="X" eb="" sr="" patterns="S_OB_NON_TERM" id="2.1">Using the default Firefox theme with Icons and Text, some of the text for the
buttons are *slightly* non center, with the Stop button being the most noticable.</st>
        </parg>
        <parg ob="" eb="" sr="X" patterns="P_SR_LABELED_LIST" id="3">
            <st ob="" eb="" sr="" id="3.1">Reproducible: Always</st>
            <st ob="" eb="" sr="" id="3.2">Steps to Reproduce:</st>
            <st ob="" eb="" sr="" id="3.3">1 Right click the Navigation Toolbar and hit customize.</st>
            <st ob="" eb="" sr="" id="3.4">2 Show: "Icons and Text".</st>
            <st ob="" eb="" sr="" id="3.5">3 Look at the buttons already on the Toolbar and the ones in the Customize menu.</st>
        </parg>
        <parg ob="X" eb="" sr="" id="4">
            <st ob="X" eb="" sr="" patterns="S_OB_OBS_BEHAVIOR" id="4.1">Actual Results:  
A few of the button text is off-center, with the Stop text being the most noticable.</st>
        </parg>
        <parg ob="" eb="X" sr="" id="5">
            <st ob="" eb="X" sr="" patterns="S_EB_EXP_BEHAVIOR" id="5.1">Expected Results:  
Have the text perfectly aligned and centered.</st>
        </parg>
    </desc>
</bug>
