<?xml version="1.0" encoding="UTF-8" standalone="yes"?>
<bug no-bug="" comments="">
    <id>268892</id>
    <title ob="x" eb="" sr="" patterns="S_OB_NEG_AUX_VERB">Command-w (Ctrl+W) does not close Element Properties window</title>
    <desc>
        <parg ob="" eb="" sr="" id="1">
            <st ob="" eb="" sr="" id="1.1">User-Agent:       Mozilla/5.0 (Macintosh; U; PPC Mac OS X Mach-O; en-US; rv:1.7.5) Gecko/20041107 Firefox/1.0
Build Identifier: Mozilla/5.0 (Macintosh; U; PPC Mac OS X Mach-O; en-US; rv:1.7.5) Gecko/20041107 Firefox/1.0</st>
        </parg>
        <parg ob="" eb="" sr="" id="2">
            <st ob="" eb="x" sr="" patterns="S_EB_SHOULD" id="2.1">If you get Properties using the contextual menu, on a image, command-w on the
keyboard should close the window.</st>
            <st ob="x" eb="" sr="" patterns="S_OB_BUT_NEG,S_OB_NOTHING_HAPPENS" id="2.2">It does not, however the File menu in the
menubar flashes, but nothing happens.</st>
            <st ob="" eb="" sr="" id="2.3">Closing the window with the close button
works of course.</st>
        </parg>
        <parg ob="" eb="" sr="x" patterns="P_SR_LABELED_LIST" id="3">
            <st ob="" eb="" sr="" id="3.1">Reproducible: Always</st>
            <st ob="" eb="" sr="" id="3.2">Steps to Reproduce:</st>
            <st ob="" eb="" sr="" id="3.3">1 right-click on a image, choose "Properties"</st>
            <st ob="" eb="" sr="" id="3.4">2 view properties window</st>
            <st ob="" eb="" sr="" id="3.5">3 press command-w on the keyboard</st>
        </parg>
        <parg ob="x" eb="" sr="" patterns="P_OB_OBSERVED_BEHAVIOR_MULTI" id="4">
            <st ob="" eb="" sr="" id="4.1">Actual Results:  
Nothing.</st>
            <st ob="" eb="" sr="" id="4.2">File menu in menubar flashes, but the window goes nowhere.</st>
        </parg>
        <parg ob="" eb="x" sr="" id="5">
            <st ob="" eb="x" sr="" patterns="S_EB_SHOULD" id="5.1">Expected Results:  
The window should have closed.</st>
        </parg>
    </desc>
</bug>
