<?xml version="1.0" encoding="UTF-8" standalone="yes"?>
<bug no-bug="" comments="">
    <id>269121</id>
    <title ob="x" eb="" sr="" patterns="S_OB_NEG_AUX_VERB,S_OB_BUT_NEG,S_OB_VERB_NO">the page doesn't display. browser says "ready" but displays no page.</title>
    <desc>
        <parg ob="" eb="" sr="" id="1">
            <st ob="" eb="" sr="" id="1.1">User-Agent:       Mozilla/5.0 (Windows; U; Windows NT 5.0; de-DE; rv:1.7.5) Gecko/20041108 Firefox/1.0
Build Identifier: Mozilla/5.0 (Windows; U; Windows NT 5.0; de-DE; rv:1.7.5) Gecko/20041108 Firefox/1.0</st>
        </parg>
        <parg ob="" eb="" sr="" id="2">
            <st ob="x" eb="" sr="" patterns="S_OB_NEG_AUX_VERB" id="2.1">I tried to load these pages in Firefox 1.0
http://web.de or http://golyr.de
The do not display.</st>
            <st ob="x" eb="" sr="" patterns="S_OB_BUT" id="2.2">The throbber rotates, then browser status bar displays:
ready, but the page remains gray (or white, the default background color anyway)</st>
            <st ob="" eb="" sr="" id="2.3">On IE the pages load, as they used to with Firefox 0.7- 1.0 RC2.</st>
            <st ob="" eb="" sr="" id="2.4">I do not
understand the reasons.</st>
        </parg>
        <parg ob="" eb="" sr="x" patterns="P_SR_LABELED_LIST" id="3">
            <st ob="" eb="" sr="" id="3.1">Reproducible: Always</st>
            <st ob="" eb="" sr="" id="3.2">Steps to Reproduce:</st>
            <st ob="" eb="" sr="" id="3.3">1 type www.web.de or web.de or freemail.de into location bar.</st>
        </parg>
        <parg ob="x" eb="" sr="" patterns="P_OB_OBSERVED_BEHAVIOR_MULTI" id="4">
            <st ob="" eb="" sr="" id="4.1">Actual Results:</st>
            <st ob="" eb="" sr="" id="4.2">Pages do not display (although favicon does, funnily, might be from cache)</st>
        </parg>
        <parg ob="" eb="x" sr="" id="5">
            <st ob="" eb="x" sr="" patterns="S_EB_EXP_BEHAVIOR" id="5.1">Expected Results:  
Display website.</st>
        </parg>
        <parg ob="" eb="" sr="" id="6">
            <st ob="" eb="" sr="" id="6.1">OK, just resolved the non-diplay issue: Clearing the cache made Firefox load the
page.</st>
            <st ob="" eb="" sr="" id="6.2">But why didn't do so in the first place?</st>
            <st ob="" eb="" sr="" id="6.3">I'll leave this bug here as to
further inquiry.</st>
        </parg>
    </desc>
</bug>
