<?xml version="1.0" encoding="UTF-8" standalone="yes"?>
<bug no-bug="" comments="">
    <id>269657</id>
    <title ob="x" eb="" sr="" patterns="S_OB_ERROR_COND">Incorrect rendering when building with -arch:sse2</title>
    <desc>
        <parg ob="" eb="" sr="" id="1">
            <st ob="" eb="" sr="" id="1.1">User-Agent:       Mozilla/5.0 (Windows; U; Windows NT 5.1; en-US; rv:1.7.5) Gecko/20041113 Firefox/1.0
Build Identifier: Mozilla/5.0 (Windows; U; Windows NT 5.1; en-US; rv:1.7.5) Gecko/20041113 Firefox/1.0</st>
        </parg>
        <parg ob="" eb="" sr="" id="2">
            <st ob="" eb="" sr="" id="2.1">It seems to show up randomly in all webpages.</st>
            <st ob="" eb="" sr="" id="2.2">When you scroll down and a line
of text is cut at the bottom of the screen.</st>
            <st ob="x" eb="" sr="" patterns="S_OB_COND_NEG,S_OB_SEEMS_TO_BE" id="2.3">When you scroll down further, this
line of text seems to be missing a horizontal line of pixels.</st>
            <st ob="" eb="" sr="" id="2.4">If you highlight
the text with the mouse, it changes back to normal.</st>
        </parg>
        <parg ob="" eb="" sr="x" patterns="P_SR_LABELED_LIST" id="3">
            <st ob="" eb="" sr="" id="3.1">Reproducible: Always</st>
            <st ob="" eb="" sr="" id="3.2">Steps to Reproduce:</st>
            <st ob="" eb="" sr="" id="3.3">1 Build Firefox using -arch:SSE2</st>
            <st ob="" eb="" sr="" id="3.4">2 Visit webpage full of text</st>
            <st ob="" eb="" sr="" id="3.5">3 Scroll down</st>
        </parg>
        <parg ob="x" eb="" sr="" id="4">
            <st ob="x" eb="" sr="" patterns="S_OB_OBS_BEHAVIOR,S_OB_SEEMS_TO_BE" id="4.1">Actual Results:  
A horizontal pixel seems to be getting chopped off from the text where scrolling
stops and resumes again.</st>
        </parg>
        <parg ob="" eb="x" sr="" id="5">
            <st ob="" eb="x" sr="" patterns="S_EB_IMPERATIVE" id="5.1">Expected Results:  
Display the text properly.</st>
        </parg>
        <parg ob="" eb="" sr="" id="6">
            <st ob="" eb="" sr="" id="6.1">I don't get this problem if I use an official build or leave out -arch:SSE2 when
building.</st>
        </parg>
    </desc>
</bug>
