<?xml version="1.0" encoding="UTF-8" standalone="yes"?>
<bug no-bug="" comments="">
    <id>274044</id>
    <title ob="x" eb="" sr="" patterns="S_OB_NEG_VERB">firefox crashed OS and lost bookmarks</title>
    <desc>
        <parg ob="" eb="" sr="" id="1">
            <st ob="" eb="" sr="" id="1.1">User-Agent:       Mozilla/5.0 (Windows; U; Windows NT 5.0; en-US; rv:1.7.5) Gecko/20041107 Firefox/1.0
Build Identifier: Mozilla/5.0 (Windows; U; Windows NT 5.0; en-US; rv:1.7.5) Gecko/20041107 Firefox/1.0</st>
        </parg>
        <parg ob="" eb="" sr="" id="2">
            <st ob="x" eb="" sr="" patterns="S_OB_NEG_VERB,S_OB_NEG_ADV_ADJ" id="2.1">Firefox crashed twice in a week and brought the operating system down (Windows
2000).</st>
            <st ob="x" eb="" sr="" patterns="S_OB_NEG_VERB" id="2.2">In this process, all the bookmarks I had saved also disappeared.</st>
        </parg>
        <parg ob="" eb="" sr="x" patterns="P_SR_LABELED_LIST" id="3">
            <st ob="" eb="" sr="" id="3.1">Reproducible: Sometimes</st>
            <st ob="" eb="" sr="" id="3.2">Steps to Reproduce:</st>
            <st ob="" eb="" sr="" id="3.3">1 Launch Firefox</st>
            <st ob="" eb="" sr="" id="3.4">2 Surf the web</st>
            <st ob="" eb="" sr="" id="3.5">3 Access a bookmark that links to a dynamic page (like Flash loaded site)</st>
        </parg>
        <parg ob="x" eb="" sr="" id="4">
            <st ob="x" eb="" sr="" patterns="S_OB_OBS_BEHAVIOR" id="4.1">Actual Results:  
The OS blue screens
When you log back on, the bookmarks folder has disappeared.</st>
        </parg>
        <parg ob="" eb="x" sr="" id="5">
            <st ob="" eb="x" sr="" patterns="S_EB_SHOULD" id="5.1">Expected Results:  
It should not have crashed the OS and the bookmarks should never disappear.</st>
        </parg>
    </desc>
</bug>
