<?xml version="1.0" encoding="UTF-8" standalone="yes"?>
<bug no-bug="" comments="">
    <id>276552</id>
    <title ob="x" eb="" sr="" patterns="S_OB_NEG_AUX_VERB">"Default Browser" setting does not capture MHT</title>
    <desc>
        <parg ob="" eb="" sr="x" patterns="P_SR_SIMPLE_PAST" id="1">
            <st ob="" eb="" sr="" id="1.1">I saved a page as an "archive" page from IE.</st>
            <st ob="" eb="" sr="" id="1.2">Later I installed Firefox and
later still told Firefox (via tools/options/general) to check to see if it is
the default browser.</st>
        </parg>
        <parg ob="" eb="" sr="" id="2">
            <st ob="" eb="" sr="" id="2.1">So now Firefox is my default browser for opening HTM, HTML files and URLs handed
off by my newsgroups program.</st>
            <st ob="x" eb="" sr="" patterns="S_OB_BUT" id="2.2">But clicking on my saved MHT file opens IE.</st>
            <st ob="x" eb="" sr="" patterns="S_OB_NEG_AUX_VERB" id="2.3">The
default capture did not pick up MHT files.</st>
        </parg>
        <parg ob="" eb="" sr="" id="3">
            <st ob="" eb="" sr="" id="3.1">I suspect that this is an oversight on the "check to see if it is the default
browser" action.</st>
        </parg>
    </desc>
</bug>
