<?xml version="1.0" encoding="UTF-8" standalone="yes"?>
<bug no-bug="" comments="">
    <id>276713</id>
    <title ob="x" eb="" sr="" patterns="S_OB_PROBLEM_IN">tabbrowsing error crossover output of javascript codes for  menu's</title>
    <desc>
        <parg ob="" eb="" sr="" id="1">
            <st ob="x" eb="" sr="" patterns="S_OB_ADV_FREQ,S_OB_WITHOUT" id="1.1">Mozilla/5.0 (Macintosh; U; PPC Mac OS X Mach-O; nl-NL; rv:1.7.5) Gecko/20041202
Firefox/1.0, osx apple version, sometimes codes in different tabbed pages are
partly 'reused' in another page with no connection what soever.</st>
            <st ob="" eb="" sr="" id="1.2">I guess it's due
to a output mix up when tabbing webpages!</st>
            <st ob="" eb="" sr="" id="1.3">Love the app though very robust !</st>
            <st ob="x" eb="" sr="" patterns="S_OB_NEG_COND" id="1.4">So i guess it's a output bug when tabbing webpages especially that deals with
the javascript handler[s]</st>
        </parg>
    </desc>
</bug>
