<?xml version="1.0" encoding="UTF-8" standalone="yes"?>
<bug no-bug="" comments="">
    <id>277487</id>
    <title ob="x" eb="" sr="" patterns="S_OB_LEADS_TO_NEG">Google searches result in blank Google main page</title>
    <desc>
        <parg ob="" eb="" sr="" id="1">
            <st ob="" eb="" sr="" id="1.1">(NB:Second try submitting this bug, for Firefox 1.7.5 .</st>
            <st ob="" eb="" sr="" id="1.2">.</st>
            <st ob="" eb="" sr="" id="1.3">if I did it wrong again
please move to the correct place instead of closing)...</st>
        </parg>
        <parg ob="x" eb="x" sr="x" id="2">
            <st ob="x" eb="x" sr="x" patterns="S_OB_END_UP,S_EB_INSTEAD_OF_EXP_BEHAVIOR,S_SR_COND_OBS" id="2.1">When I use the Google search in Firefox 1.7.5 (and 1.7.3 previous to my recent
upgrade) I end up on a Simplified Chinese google search page with no search
results, instead of seeing my expected search results.</st>
        </parg>
        <parg ob="x" eb="" sr="" id="3">
            <st ob="x" eb="" sr="" patterns="S_OB_END_UP" id="3.1">I end up at http://www.google.com/intl/zh-CN/</st>
        </parg>
        <parg ob="" eb="" sr="" id="4">
            <st ob="" eb="" sr="" id="4.1">This is probably because my IP is in China and Google is doing some GeoIP
lookups I guess (my HTTP 'Accept-language:' is 'en').</st>
        </parg>
    </desc>
</bug>
