<?xml version="1.0" encoding="UTF-8" standalone="yes"?>
<bug no-bug="" comments="">
    <id>278242</id>
    <title ob="" eb="" sr="">Link location can be spoofed in status bar using onclick</title>
    <desc>
        <parg ob="" eb="" sr="" id="1">
            <st ob="" eb="" sr="x" patterns="S_SR_CODE_REF" id="1.1">As exemplified with the following code:</st>
            <st ob="" eb="" sr="" id="1.2">&amp;lt;body onUnload="if(flag)location.href='http://slashdot.org'"&amp;gt;
&amp;lt;a href="http://www.google.com" onMouseOver="window.status='test'"
onClick="flag=true"&amp;gt;testing&amp;lt;/a&amp;gt;
&amp;lt;/body&amp;gt;</st>
            <st ob="" eb="" sr="" id="1.3">the location that a link will take you to can be spoofed.</st>
            <st ob="x" eb="" sr="" patterns="S_OB_NEG_AUX_VERB" id="1.4">The onMouseOver event
is there to show that even with the preference to disable scripts from changing
status bar text turned off, Firefox doesn't allow this to change the status bar.</st>
        </parg>
        <parg ob="" eb="" sr="" id="2">
            <st ob="x" eb="" sr="" patterns="S_OB_BUT" id="2.1">However, clicking this link will take you to http://slashdot.org, while the
status bar will indicate that it will take you to http://www.google.com.</st>
            <st ob="x" eb="" sr="" patterns="S_OB_STILL,S_OB_NEG_AUX_VERB" id="2.2">This
doesn't work in Internet Explorer, as in, it will still take you to
http://www.google.com.</st>
            <st ob="" eb="" sr="" id="2.3">My guess is that this is due to the order in which the
browser responds to the onClick event.</st>
            <st ob="" eb="x" sr="" patterns="S_EB_SHOULD" id="2.4">Perhaps a tags should not honor onClick
events if there is an external URL in the href attribute.</st>
        </parg>
    </desc>
</bug>
