<?xml version="1.0" encoding="UTF-8" standalone="yes"?>
<bug no-bug="" comments="">
    <id>280117</id>
    <title ob="x" eb="" sr="" patterns="S_OB_TOO,S_OB_NEG_VERB">Too many tabs overlap with "close tab" ([X]) button</title>
    <desc>
        <parg ob="" eb="" sr="" id="1">
            <st ob="" eb="" sr="" id="1.1">User-Agent:       Mozilla/4.0 (compatible; MSIE 6.0; Windows NT 5.0; .</st>
            <st ob="" eb="" sr="" id="1.2">NET CLR 1.0.3705)
Build Identifier: Mozilla/5.0 (Windows; U; Windows NT 5.0; en-US; rv:1.7.5) Gecko/20041107 Firefox/1.0</st>
        </parg>
        <parg ob="x" eb="" sr="" id="2">
            <st ob="x" eb="" sr="" patterns="S_OB_NEG_VERB" id="2.1">In case of open many tabs some tabs are out of tab bar and last visible tab 
overlaped with "close tab" (white [X] on red background)button.</st>
        </parg>
        <parg ob="" eb="" sr="" id="3">
            <st ob="" eb="" sr="" id="3.1">Reproducible: Always</st>
        </parg>
        <parg ob="" eb="" sr="x" patterns="P_SR_LABELED_LIST" id="4">
            <st ob="" eb="" sr="" id="4.1">Steps to Reproduce:</st>
            <st ob="" eb="" sr="" id="4.2">1 Open the page with many links, ex.</st>
            <st ob="" eb="" sr="" id="4.3">http://lenta.ru or any other news.</st>
            <st ob="" eb="" sr="" id="4.4">2 Open links one by one "in new tab" (in my case at 1024*768 videomode 33 tabs</st>
            <st ob="" eb="" sr="" id="4.5">is enought).</st>
        </parg>
        <parg ob="x" eb="" sr="" patterns="P_OB_OBSERVED_BEHAVIOR_MULTI" id="5">
            <st ob="" eb="" sr="" id="5.1">Actual Results:  
Last tab is overlapped with "close tab" ([X]) button.</st>
            <st ob="" eb="" sr="" id="5.2">Next new tab will be 
opened somewhere out of screen.</st>
            <st ob="" eb="" sr="" id="5.3">Clicking on overlapped place closing current 
tab.</st>
        </parg>
        <parg ob="" eb="" sr="" id="6">
            <st ob="" eb="" sr="" id="6.1">Expected Results:</st>
            <st ob="" eb="" sr="" id="6.2">There are some posibilities.</st>
            <st ob="" eb="x" sr="" patterns="S_EB_CAN" id="6.3">1 Browser can prevent from opening more tabs than it can show in the tab bar</st>
            <st ob="" eb="" sr="" id="6.4">(worst solution).</st>
            <st ob="" eb="x" sr="" patterns="S_EB_CAN" id="6.5">2 Tab bar can be expanded to more than one line.</st>
            <st ob="" eb="x" sr="" patterns="S_EB_CAN" id="6.6">3 All homeless tabs plus one can be hided and last one replasing with pair of
navigation buttons ("&lt;" and "&gt;").</st>
            <st ob="" eb="x" sr="" patterns="S_EB_CAN" id="6.7">4 Above solutions can be implementing together and behaviour of tab bar can be
selected by user.</st>
        </parg>
    </desc>
</bug>
