<?xml version="1.0" encoding="UTF-8" standalone="yes"?>
<bug no-bug="" comments="">
    <id>280723</id>
    <title ob="x" eb="" sr="" patterns="S_OB_ERROR_COND">Possibility for unnavigability when a window hides button/tab bar and new tab created</title>
    <desc>
        <parg ob="" eb="" sr="" id="1">
            <st ob="" eb="" sr="" id="1.1">User-Agent:       Mozilla/5.0 (X11; U; Linux i686; en-US; rv:1.7.5) Gecko/20050117 Firefox/1.0
Build Identifier: Mozilla/5.0 (X11; U; Linux i686; en-US; rv:1.7.5) Gecko/20050117 Firefox/1.0</st>
        </parg>
        <parg ob="" eb="" sr="" id="2">
            <st ob="" eb="" sr="" id="2.1">When a website opens a new window (by javascript) and hides the tab/button bar
and the menu bar, one can open</st>
        </parg>
        <parg ob="" eb="" sr="" id="3">
            <st ob="" eb="" sr="" id="3.1">Reproducible: Always</st>
        </parg>
        <parg ob="" eb="" sr="x" patterns="P_SR_LABELED_LIST" id="4">
            <st ob="" eb="" sr="" id="4.1">Steps to Reproduce:</st>
            <st ob="" eb="" sr="" id="4.2">1 Open a website which hides the button bar and menu bar</st>
            <st ob="" eb="" sr="" id="4.3">2 Hit ctrl-T</st>
        </parg>
        <parg ob="x" eb="" sr="" id="5">
            <st ob="x" eb="" sr="" patterns="S_OB_OBS_BEHAVIOR" id="5.1">Actual Results:  
A blank white page opens and the tab switcher and menu bar are not visible</st>
        </parg>
        <parg ob="" eb="" sr="" id="6">
            <st ob="" eb="x" sr="" patterns="S_EB_CAN" id="6.1">Expected Results:  
A blank page can show up, but the tab bar should be visible!</st>
            <st ob="" eb="" sr="" id="6.2">Novice users would
not realize that you would have to hit ctrl-w to close the tab.</st>
        </parg>
    </desc>
</bug>
