<?xml version="1.0" encoding="UTF-8" standalone="yes"?>
<bug no-bug="" comments="">
    <id>281774</id>
    <title ob="X" eb="" sr="" patterns="S_OB_VERB_ERROR">.webloc files have userunfriendly filenames</title>
    <desc>
        <parg ob="" eb="" sr="" id="1">
            <st ob="" eb="" sr="" id="1.1">User-Agent:       Mozilla/5.0 (Macintosh; U; PPC Mac OS X Mach-O; sv-SE; rv:1.7.5) Gecko/20041108 Firefox/1.0
Build Identifier: Mozilla/5.0 (Macintosh; U; PPC Mac OS X Mach-O; sv-SE; rv:1.7.5) Gecko/20041108 Firefox/1.0</st>
        </parg>
        <parg ob="" eb="" sr="" id="2">
            <st ob="X" eb="" sr="" patterns="S_OB_BUT" id="2.1">When dragging a link href-based to the desktop on Mac OS X, from FireFox, the
filename looks like 'www.mozilla.org/docs/web...ml.webloc', but from Safari or
IE on Windows (havent tried FF on windows) the weboc file is namned 'name of
link.webloc'.</st>
            <st ob="" eb="X" sr="" patterns="S_EB_SHOULD" id="2.2">Stumbed on this during development of a site where users should be
able to drag links to desktop and fire from there (marketing decition, not mine).</st>
            <st ob="" eb="" sr="" id="2.3">This should be simple to fix, and comform to what makes sense to users.</st>
        </parg>
        <parg ob="" eb="" sr="" id="3">
            <st ob="" eb="" sr="" id="3.1">Reproducible: Always</st>
        </parg>
        <parg ob="" eb="" sr="X" patterns="P_SR_LABELED_LIST" id="4">
            <st ob="" eb="" sr="" id="4.1">Steps to Reproduce:</st>
            <st ob="" eb="" sr="" id="4.2">1 Go to a Webpage</st>
            <st ob="" eb="" sr="" id="4.3">2 Drag link to desktop</st>
            <st ob="" eb="" sr="" id="4.4">3 Look at webloc-files filename.</st>
        </parg>
        <parg ob="X" eb="" sr="" id="5">
            <st ob="X" eb="" sr="" patterns="S_OB_OBS_BEHAVIOR" id="5.1">Actual Results:  
The file is named with the URL</st>
        </parg>
        <parg ob="" eb="X" sr="" id="6">
            <st ob="" eb="X" sr="" patterns="S_EB_EXP_BEHAVIOR" id="6.1">Expected Results:  
weboc file should be named with text (or title) of the link.</st>
        </parg>
    </desc>
</bug>
