<?xml version="1.0" encoding="UTF-8" standalone="yes"?>
<bug no-bug="" comments="">
    <id>282789</id>
    <title ob="x" eb="" sr="" patterns="S_OB_NOUN_NOT">arduere.online.pt - popup not blocked</title>
    <desc>
        <parg ob="" eb="" sr="" id="1">
            <st ob="" eb="" sr="" id="1.1">User-Agent:       Mozilla/5.0 (Windows; U; Win 9x 4.90; en-US; rv:1.7.5) Gecko/20041109 Firefox/1.0 (MOOX M2)
Build Identifier: Mozilla/5.0 (Windows; U; Win 9x 4.90; en-US; rv:1.7.5) Gecko/20041109 Firefox/1.0 (MOOX M2)</st>
        </parg>
        <parg ob="x" eb="" sr="x" id="2">
            <st ob="x" eb="" sr="x" patterns="S_OB_ACTION_SUBJECT,S_SR_GERUND_ACTION" id="2.1">entering this site will open one new browser window with pub, i have enable the
popup blocking</st>
        </parg>
        <parg ob="" eb="" sr="" id="3">
            <st ob="" eb="" sr="" id="3.1">Reproducible: Always</st>
        </parg>
        <parg ob="" eb="" sr="x" patterns="P_SR_LABELED_LIST" id="4">
            <st ob="" eb="" sr="" id="4.1">Steps to Reproduce:</st>
            <st ob="" eb="" sr="" id="4.2">1 enter http://www.arduere.online.pt/index.php?option=content&amp;task=view&amp;id=122 url</st>
            <st ob="x" eb="" sr="" id="4.3">2 a new windows will open with pub, old window opens the url</st>
        </parg>
        <parg ob="" eb="x" sr="" id="5">
            <st ob="" eb="x" sr="" patterns="S_EB_EXP_BEHAVIOR" id="5.1">Expected Results:  
no pop up</st>
        </parg>
    </desc>
</bug>
