<?xml version="1.0" encoding="UTF-8" standalone="yes"?>
<bug no-bug="" comments="">
    <id>283880</id>
    <title ob="x" eb="" sr="" patterns="S_OB_NEG_AUX_VERB">the back button does not control the frame, it controls the whole page</title>
    <desc>
        <parg ob="" eb="" sr="" id="1">
            <st ob="" eb="" sr="" id="1.1">User-Agent:       Mozilla/5.0 (Windows; U; Win98; en-US; rv:1.7.6) Gecko/20050223 Firefox/1.0.1
Build Identifier: Mozilla/5.0 (Windows; U; Win98; en-US; rv:1.7.6) Gecko/20050223 Firefox/1.0.1</st>
        </parg>
        <parg ob="" eb="" sr="" id="2">
            <st ob="x" eb="" sr="" patterns="S_OB_COND_NEG,S_OB_NEG_ADV_ADJ" id="2.1">When surfing inside of frames firefox is inconsitant with the handling of the
back button.</st>
            <st ob="x" eb="" sr="" patterns="S_OB_COND_POS,S_OB_BUT" id="2.2">When I go to a new page inside of the frame then click the back
button, the frame stays in the same location, but I am shifted to the previous
page.</st>
            <st ob="x" eb="" sr="" patterns="S_OB_NEG_AUX_VERB" id="2.3">The main thing that makes this error so bizzare, is that it does not hold
true for all pages.</st>
        </parg>
        <parg ob="" eb="" sr="" id="3">
            <st ob="" eb="" sr="" id="3.1">Pages this glitch occurs on:
http://www.angelfire.com/super/badwebs/
http://kit.kitkorp.com/archives/2005_01.php</st>
        </parg>
        <parg ob="" eb="" sr="" id="4">
            <st ob="" eb="" sr="" id="4.1">Pages this glitch does not occur on:
http://kit.kitkorp.com/archives/000241.php
https://bugzilla.mozilla.org/enter_bug.cgi?product=Firefox&amp;format=guided</st>
        </parg>
        <parg ob="" eb="" sr="" id="5">
            <st ob="" eb="" sr="" id="5.1">I posted this as reproducable because it is consistant on the pages that the
glitch occurs on.</st>
        </parg>
        <parg ob="" eb="" sr="" id="6">
            <st ob="" eb="" sr="" id="6.1">Reproducible: Always</st>
        </parg>
        <parg ob="" eb="" sr="x" patterns="P_SR_LABELED_LIST" id="7">
            <st ob="" eb="" sr="" id="7.1">Steps to Reproduce:</st>
            <st ob="" eb="" sr="" id="7.2">1 go to one of the listed glitch pages</st>
            <st ob="" eb="" sr="" id="7.3">2 click on a link that is contained within the frames (and stays in the frame)</st>
            <st ob="" eb="" sr="" id="7.4">3 hit the back button (on the browser window, but also works with right click)</st>
        </parg>
        <parg ob="x" eb="" sr="" patterns="P_OB_OBSERVED_BEHAVIOR_MULTI" id="8">
            <st ob="" eb="" sr="" id="8.1">Actual Results:</st>
            <st ob="" eb="" sr="" id="8.2">the site shifted back</st>
        </parg>
        <parg ob="" eb="x" sr="" id="9">
            <st ob="" eb="x" sr="" patterns="S_EB_EXP_BEHAVIOR,S_EB_INSTEAD_OF_EXP_BEHAVIOR" id="9.1">Expected Results:  
The frame should have shifted back one page instead of the whole site</st>
        </parg>
    </desc>
</bug>
