<?xml version="1.0" encoding="UTF-8" standalone="yes"?>
<bug no-bug="" comments="">
    <id>284528</id>
    <title ob="x" eb="" sr="" patterns="S_OB_NEG_AFTER">Firefox forgets which sites are allowed to create popups after extended use. complete restart temporarily fixes problem</title>
    <desc>
        <parg ob="" eb="" sr="" id="1">
            <st ob="" eb="" sr="" id="1.1">User-Agent:       Mozilla/5.0 (Windows; U; Windows NT 5.1; en-US; rv:1.7.5) Gecko/20041107 Firefox/1.0
Build Identifier: Mozilla/5.0 (Windows; U; Windows NT 5.1; en-US; rv:1.7.5) Gecko/20041107 Firefox/1.0</st>
        </parg>
        <parg ob="" eb="" sr="" id="2">
            <st ob="x" eb="" sr="" patterns="S_OB_NEG_VERB,S_OB_ADV_FREQ" id="2.1">Mozilla firefox 1.0 running on unmodified windows XP Dell inspiron 2650 laptop
with integrated SP2 will occasionally forget which sites are allowed to create
popups.</st>
            <st ob="x" eb="" sr="" patterns="S_OB_AFTER_TIME" id="2.2">this generaly occurs after three or ore hours of continuous use with
popups occuring form one site on the allow list (www.we-love-anime.com/forum 
great anime forum...) on an average of 1 every one to two minutes.</st>
            <st ob="" eb="" sr="" id="2.3">the popups
are generated with PHPBB code running on a linux machine (i am unable to get
more specifics on the server end as i donot own the server and the owner is
rather busy)</st>
        </parg>
        <parg ob="" eb="" sr="" id="3">
            <st ob="" eb="" sr="" id="3.1">this is not a major bug.</st>
            <st ob="" eb="" sr="" id="3.2">more of an annoyance than anyting else.</st>
            <st ob="" eb="" sr="" id="3.3">a complete
close of firefox and a repoening fixes the problem.</st>
        </parg>
        <parg ob="" eb="" sr="" id="4">
            <st ob="" eb="" sr="" id="4.1">Reproducible: Sometimes</st>
        </parg>
        <parg ob="" eb="" sr="x" patterns="P_SR_LABELED_LIST" id="5">
            <st ob="" eb="" sr="" id="5.1">Steps to Reproduce:</st>
            <st ob="" eb="" sr="" id="5.2">1 start firefox</st>
            <st ob="" eb="" sr="" id="5.3">2 surf for 3-5 hours with regular popups from an allowed site</st>
            <st ob="" eb="" sr="" id="5.4">3 occasionally firefox will starrt to block ALL popups even those from trusted sites</st>
        </parg>
        <parg ob="x" eb="" sr="" patterns="P_OB_OBSERVED_BEHAVIOR_MULTI" id="6">
            <st ob="" eb="" sr="" id="6.1">Actual Results:  
exactly as described.</st>
            <st ob="" eb="" sr="" id="6.2">firefox will start to block popups.</st>
        </parg>
        <parg ob="" eb="x" sr="" id="7">
            <st ob="" eb="x" sr="" patterns="S_EB_EXP_BEHAVIOR" id="7.1">Expected Results:  
allowed popups</st>
        </parg>
    </desc>
</bug>
