<?xml version="1.0" encoding="UTF-8" standalone="yes"?>
<bug no-bug="" comments="">
    <id>284918</id>
    <title ob="x" eb="" sr="" patterns="S_OB_NO_NOUN">Nothing is displayed when viewing an XML file</title>
    <desc>
        <parg ob="" eb="" sr="" id="1">
            <st ob="" eb="" sr="" id="1.1">User-Agent:       Mozilla/5.0 (Windows; U; Windows NT 5.1; en-US; rv:1.8b) Gecko/20050217
Build Identifier: Mozilla/5.0 (Windows; U; Windows NT 5.1; en-US; rv:1.8b2) Gecko/20050303 Firefox/1.0+</st>
        </parg>
        <parg ob="" eb="x" sr="" id="2">
            <st ob="" eb="x" sr="" patterns="S_EB_NORMALLY" id="2.1">Normally the XML file is shown in tree form.</st>
        </parg>
        <parg ob="x" eb="" sr="" id="3">
            <st ob="x" eb="" sr="" patterns="S_OB_BUT_NEG,S_OB_NO_NOUN" id="3.1">But in the latest trunk builds of Firefox, nothing shows for the XML file.</st>
        </parg>
        <parg ob="" eb="" sr="" id="4">
            <st ob="" eb="" sr="" id="4.1">Problem does not occur in Firefox 1.0.1</st>
        </parg>
        <parg ob="" eb="" sr="" id="5">
            <st ob="" eb="" sr="" id="5.1">Reproducible: Always</st>
        </parg>
        <parg ob="" eb="" sr="x" id="6">
            <st ob="" eb="" sr="x" patterns="S_SR_IMPERATIVE_SUBORDINATES" id="6.1">Steps to Reproduce:
Open the url http://www.buyanorgan.net/test.xml</st>
        </parg>
        <parg ob="x" eb="" sr="" id="7">
            <st ob="x" eb="" sr="" patterns="S_OB_OBS_BEHAVIOR,S_OB_ERROR_AS_SUBJECT" id="7.1">Actual Results:  
blank page showed</st>
        </parg>
        <parg ob="" eb="x" sr="" id="8">
            <st ob="" eb="x" sr="" patterns="S_EB_SHOULD" id="8.1">Expected Results:  
Tree view of XML file should have been displayed</st>
        </parg>
    </desc>
</bug>
