<?xml version="1.0" encoding="UTF-8" standalone="yes"?>
<bug no-bug="" comments="">
    <id>292292</id>
    <title ob="x" eb="" sr="" patterns="S_OB_NEG_AUX_VERB">Firefox does not reveal information found by IE and Safari at this site.</title>
    <desc>
        <parg ob="" eb="" sr="" id="1">
            <st ob="" eb="" sr="" id="1.1">User-Agent:       Mozilla/5.0 (Macintosh; U; PPC Mac OS X Mach-O; en-US; rv:1.7.6) Gecko/20050225 Firefox/1.0.1
Build Identifier: Mozilla/5.0 (Macintosh; U; PPC Mac OS X Mach-O; en-US; rv:1.7.6) Gecko/20050225 Firefox/1.0.1</st>
        </parg>
        <parg ob="" eb="" sr="" id="2">
            <st ob="" eb="" sr="" id="2.1">In IE or Safari, I am taken to a description of a motorcycle safety training
class and a map to the class location.</st>
            <st ob="" eb="" sr="" id="2.2">In Firefox, I am just looped back to the same page I started on.</st>
        </parg>
        <parg ob="" eb="" sr="" id="3">
            <st ob="" eb="" sr="" id="3.1">Reproducible: Always</st>
        </parg>
        <parg ob="" eb="" sr="x" patterns="P_SR_LABELED_LIST" id="4">
            <st ob="" eb="" sr="" id="4.1">Steps to Reproduce:</st>
            <st ob="" eb="" sr="" id="4.2">1 At the site &lt;http://www.nm-msp.org/&gt;, click on 'Find a Course'.</st>
            <st ob="" eb="" sr="" id="4.3">2 You'll be presented with a chance to enter a ZIP and mileage radius: enter</st>
            <st ob="" eb="" sr="" id="4.4">87110 and leave the default radius at '50'.</st>
            <st ob="" eb="" sr="" id="4.5">3 This takes you to a page of Albuquerque classes.</st>
            <st ob="" eb="" sr="" id="4.6">On the left hand side of</st>
            <st ob="" eb="" sr="" id="4.7">each class listing is a tiny magnifying glass icon.</st>
            <st ob="" eb="" sr="" id="4.8">4 If I click on this in Firefox, I am looped back to the same page.</st>
            <st ob="" eb="" sr="" id="4.9">In IE or</st>
            <st ob="" eb="" sr="" id="4.10">Safari, I am taken to a map and class description.</st>
        </parg>
        <parg ob="x" eb="" sr="" id="5">
            <st ob="x" eb="" sr="" patterns="S_OB_OBS_BEHAVIOR" id="5.1">Actual Results:
Firefox looped back to the same page</st>
        </parg>
        <parg ob="" eb="x" sr="" id="6">
            <st ob="" eb="x" sr="" patterns="S_EB_EXP_BEHAVIOR" id="6.1">Expected Results:  
Revealed a class description and shown a map of the class location</st>
        </parg>
    </desc>
</bug>
