<?xml version="1.0" encoding="UTF-8" standalone="yes"?>
<bug no-bug="" comments="">
    <id>298807</id>
    <title ob="" eb="" sr="">nsIBookmarksService::ResolveKeyword can make a better use of strings</title>
    <desc>
        <parg ob="x" eb="" sr="" id="1">
            <st ob="x" eb="" sr="" patterns="S_OB_ADV_TIME_POS" id="1.1">ResolveKeyword is currently declared as string resolveKeyword(in wstring aName, out wstring aPostData)</st>
        </parg>
        <parg ob="x" eb="" sr="" id="2">
            <st ob="x" eb="" sr="" patterns="S_OB_OUTPUT_VERB" id="2.1">What it returns is actually in UTF-8 so that we'd better declare it as AUTF8String resolveKeyword(in wstring aName, out AString aPostData)</st>
        </parg>
        <parg ob="" eb="x" sr="" id="3">
            <st ob="" eb="x" sr="" patterns="S_EB_INSTEAD_OF_EXP_BEHAVIOR" id="3.1">With that, we can avoid ToNewUnicode and ToNewUTF8String in actual
implementations.Moreover, the string conversion across XPConnect will be done
properly instead of 'blind inflation'.</st>
        </parg>
    </desc>
</bug>
