<?xml version="1.0" encoding="UTF-8" standalone="yes"?>
<bug no-bug="" comments="">
    <id>302021</id>
    <title ob="x" eb="" sr="" patterns="S_OB_NEG_VERB">Scroll bar loses down arrow</title>
    <desc>
        <parg ob="" eb="" sr="" id="1">
            <st ob="" eb="" sr="" id="1.1">User-Agent:       Mozilla/5.0 (Macintosh; U; PPC Mac OS X Mach-O; en-US; rv:1.7.10) Gecko/20050716 Firefox/1.0.6
Build Identifier: Mac OS-X OS 10.3.8/Mozilla/5.0 (Macintosh; U; PPC Mac OS X Mach-O; en-US; rv:1.7.10) Gecko/20050716 Firefox/1.0.6</st>
        </parg>
        <parg ob="" eb="" sr="" id="2">
            <st ob="" eb="" sr="" id="2.1">From: 	  janvancort@verizon.net
	Subject: 	Firefox Version 1.0.4 &amp; 1.0.6
	Date: 	20 July, 2005 3:19:18 PM EDT</st>
        </parg>
        <parg ob="" eb="" sr="" id="3">
            <st ob="" eb="" sr="" id="3.1">Firefox Version 1.0.4 &amp; 1.0.6</st>
        </parg>
        <parg ob="" eb="" sr="" id="4">
            <st ob="x" eb="" sr="" patterns="S_OB_NO_NOUN" id="4.1">Problem:  No down scroll arrow on opened page.</st>
            <st ob="" eb="" sr="" id="4.2">Moving the scroll bubble still
works.</st>
            <st ob="" eb="" sr="" id="4.3">This is something new it used to be correct.</st>
        </parg>
        <parg ob="" eb="" sr="x" patterns="P_SR_LABELED_LIST" id="5">
            <st ob="" eb="" sr="" id="5.1">What I have tried:</st>
            <st ob="" eb="" sr="" id="5.2">1 Restart computer,  Mac G3 "Lombard" running OS 10.3.</st>
            <st ob="" eb="" sr="" id="5.3">2 Start Firefox.</st>
            <st ob="" eb="" sr="" id="5.4">My default site is</st>
            <st ob="" eb="" sr="" id="5.5">http://login.yahoo.com/config/mail?.intl=us&amp;rand=1679889586&amp;i=IWZkZHNKIXRzZnNydEpidXV4dSF0ZEqOZHh4fH5iU356YmNYcnM%3d&amp;.src=ym</st>
            <st ob="" eb="" sr="" id="5.6">There is no down arrow.</st>
            <st ob="" eb="" sr="" id="5.7">3 Click on Getting Started----http://www.mozilla.org/products/firefox/central.html</st>
            <st ob="" eb="" sr="" id="5.8">There is no down arrow.</st>
            <st ob="" eb="" sr="" id="5.9">4 Click on Support----http://www.mozilla.org/support/</st>
            <st ob="" eb="" sr="" id="5.10">There is no down arrow.</st>
            <st ob="" eb="" sr="" id="5.11">5 Click on Firefox help----http://www.mozilla.org/support/firefox/</st>
            <st ob="" eb="" sr="" id="5.12">There is no down arrow.</st>
            <st ob="" eb="" sr="" id="5.13">6 Click on Bugs----http://www.mozilla.org/support/firefox/bugs</st>
            <st ob="" eb="" sr="" id="5.14">There is no down arrow.</st>
            <st ob="" eb="" sr="" id="5.15">7 Click on 'previously filed</st>
            <st ob="" eb="" sr="" id="5.16">bugs'---https://bugzilla.mozilla.org/buglist.cgi?&amp;product=Firefox&amp;bug_status=UNCONFIRMED&amp;bug_status=NEW&amp;bug_status=ASSIGNED&amp;bug_status=REOPENED&amp;bug_status=RESOLVED&amp;resolution=WONTFIX&amp;resolution=---</st>
            <st ob="" eb="" sr="" id="5.17">The down arrow reappears.</st>
            <st ob="" eb="" sr="" id="5.18">8 If I open "History" the down arrow reappears and works normally.</st>
            <st ob="" eb="" sr="" id="5.19">When I</st>
            <st ob="" eb="" sr="" id="5.20">close history the down arrow disappears.</st>
            <st ob="" eb="" sr="" id="5.21">9 Just down loaded latest version Mozilla/5.0 (Macintosh; U; PPC Mac OS X</st>
            <st ob="" eb="" sr="" id="5.22">Mach-O; en-US; rv:1.7.10) Gecko/20050716 Firefox/1.0.6 no change from before,</st>
            <st ob="" eb="" sr="" id="5.23">but I now noticed that the down arrow disappears when the horizontal scroll bar</st>
            <st ob="" eb="" sr="" id="5.24">disappears.</st>
            <st ob="" eb="" sr="" id="5.25">So the fix for now is keep the History window open and wide enough</st>
            <st ob="" eb="" sr="" id="5.26">so the horizontal scroll is active in the main window.</st>
        </parg>
        <parg ob="" eb="" sr="" id="6">
            <st ob="" eb="" sr="" id="6.1">Reproducible: Always</st>
        </parg>
        <parg ob="" eb="" sr="" id="7">
            <st ob="" eb="" sr="" id="7.1">Steps to Reproduce:</st>
            <st ob="" eb="" sr="" id="7.2">1 See above</st>
            <st ob="" eb="" sr="" id="7.3">2 I'm not sure which component is the cause.</st>
            <st ob="" eb="" sr="" id="7.4">I hope this will identify problem,</st>
            <st ob="" eb="" sr="" id="7.5">but I don't think it's a "Feature" as in a Windows bug.</st>
            <st ob="" eb="" sr="" id="7.6">3</st>
        </parg>
        <parg ob="x" eb="" sr="" id="8">
            <st ob="x" eb="" sr="" patterns="S_OB_OBS_BEHAVIOR" id="8.1">Actual Results:  
Described above</st>
        </parg>
        <parg ob="" eb="x" sr="" id="9">
            <st ob="" eb="x" sr="" patterns="S_EB_EXP_BEHAVIOR" id="9.1">Expected Results:  
Show down arrow at all times.</st>
        </parg>
    </desc>
</bug>
