<?xml version="1.0" encoding="UTF-8" standalone="yes"?>
<bug no-bug="" comments="">
    <id>309104</id>
    <title ob="" eb="" sr="">Resize Images with Text on Control +</title>
    <desc>
        <parg ob="" eb="" sr="" id="1">
            <st ob="" eb="" sr="" id="1.1">User-Agent:       Mozilla/5.0 (Windows; U; Windows NT 5.1; en-US; rv:1.8b4) Gecko/20050908 Firefox/1.4
Build Identifier: Mozilla/5.0 (Windows; U; Windows NT 5.1; en-US; rv:1.8b4) Gecko/20050908 Firefox/1.4</st>
        </parg>
        <parg ob="" eb="" sr="" id="2">
            <st ob="" eb="" sr="" id="2.1">I use a Laptop with a high resolution monitor (1920x1200) which I keep at the
highest resolution because I like the extra space (good for image editing).</st>
            <st ob="" eb="" sr="" id="2.2">However, to comfortably read the text on some websites (cnn.com,groklaw.net) I
use Control + to adjust the text.</st>
            <st ob="x" eb="" sr="" patterns="S_OB_UNFORTUNATELY,S_OB_BECOMES_ADJECTIVE" id="2.3">Unfortunately on some sites (particularly
cnn.com) the layout and images become jumbled when I do this.</st>
            <st ob="" eb="x" sr="" patterns="S_EB_WOULD_BE" id="2.4">So it would be
really super if the layout and images also proportionally enlarged (since
otherwise I have to squint to read any text the might be on the image).</st>
        </parg>
        <parg ob="" eb="" sr="" id="3">
            <st ob="" eb="" sr="" id="3.1">Reproducible: Always</st>
        </parg>
        <parg ob="" eb="" sr="" id="4">
            <st ob="" eb="" sr="" id="4.1">Steps to Reproduce:</st>
            <st ob="" eb="" sr="" id="4.2">NA</st>
        </parg>
    </desc>
</bug>
