<?xml version="1.0" encoding="UTF-8" standalone="yes"?>
<bug no-bug="" comments="">
    <id>309377</id>
    <title ob="x" eb="" sr="" patterns="S_OB_NEG_AUX_VERB">Pressing Enter in FCKEditor doesn't trigger automatic hyperlink creation</title>
    <desc>
        <parg ob="" eb="" sr="" id="1">
            <st ob="" eb="" sr="" id="1.1">User-Agent:       Mozilla/4.0 (compatible; MSIE 6.0; Windows NT 5.1; SV1; FunWebProducts)
Build Identifier: Mozilla/5.0</st>
        </parg>
        <parg ob="" eb="" sr="" id="2">
            <st ob="" eb="" sr="" id="2.1">When you put a URL like "http://www.yahoo.com" in a htmlarea editor then hit 
the "enter".</st>
            <st ob="x" eb="" sr="" patterns="S_OB_NEG_AUX_VERB" id="2.2">The browser doesn't give a right event for letting the editor 
catch the event then auto create hyperlink for it.</st>
            <st ob="" eb="" sr="" id="2.3">It does work well with IE.</st>
        </parg>
        <parg ob="" eb="" sr="" id="3">
            <st ob="" eb="" sr="" id="3.1">Reproducible: Always</st>
        </parg>
        <parg ob="" eb="" sr="x" patterns="P_SR_LABELED_LIST" id="4">
            <st ob="" eb="" sr="" id="4.1">Steps to Reproduce:</st>
            <st ob="" eb="" sr="" id="4.2">1 go to "http://www.fckeditor.net/demo/default.html"</st>
            <st ob="" eb="" sr="" id="4.3">2 put some URL in the demo editor area.</st>
            <st ob="" eb="" sr="" id="4.4">For example: http://www.yahoo.com</st>
            <st ob="" eb="" sr="" id="4.5">3 Hit enter key.</st>
        </parg>
    </desc>
</bug>
