<?xml version="1.0" encoding="UTF-8" standalone="yes"?>
<bug no-bug="" comments="">
    <id>314999</id>
    <title ob="x" eb="" sr="" patterns="S_OB_NEG_AUX_VERB">Cant use touchpad scroll</title>
    <desc>
        <parg ob="" eb="" sr="" id="1">
            <st ob="" eb="" sr="" id="1.1">User-Agent:       Mozilla/5.0 (Macintosh; U; PPC Mac OS X Mach-O; nb-NO; rv:1.8) Gecko/20051025 Firefox/1.5
Build Identifier: Mozilla/5.0 (Macintosh; U; PPC Mac OS X Mach-O; nb-NO; rv:1.8) Gecko/20051025 Firefox/1.5</st>
        </parg>
        <parg ob="" eb="" sr="" id="2">
            <st ob="x" eb="" sr="" patterns="S_OB_NEG_AUX_VERB" id="2.1">With the new version you cant use the tuchpad to scroll on a page.</st>
            <st ob="" eb="" sr="" id="2.2">.</st>
            <st ob="" eb="" sr="" id="2.3">If you use a computer mouse it works</st>
        </parg>
        <parg ob="" eb="" sr="" id="3">
            <st ob="" eb="" sr="" id="3.1">Reproducible: Always</st>
        </parg>
    </desc>
</bug>
