<?xml version="1.0" encoding="UTF-8" standalone="yes"?>
<bug no-bug="" comments="">
    <id>321832</id>
    <title ob="x" eb="" sr="" patterns="S_OB_COMP_ADJ">Firefox shows page with smaller fonts than IE</title>
    <desc>
        <parg ob="" eb="" sr="" id="1">
            <st ob="" eb="" sr="" id="1.1">User-Agent:       Mozilla/5.0 (Windows; U; Windows NT 5.1; en-US; rv:1.8) Gecko/20051111 Firefox/1.5
Build Identifier: Mozilla/5.0 (Windows; U; Windows NT 5.1; en-US; rv:1.8) Gecko/20051111 Firefox/1.5</st>
        </parg>
        <parg ob="x" eb="" sr="" id="2">
            <st ob="x" eb="" sr="" patterns="S_OB_COMP_ADJ" id="2.1">Difference 1: Size of font is much smaller than displayed by Internet Explorer.</st>
        </parg>
        <parg ob="x" eb="" sr="" id="3">
            <st ob="x" eb="" sr="" patterns="S_OB_VERB_ERROR,S_OB_OUTPUT_VERB" id="3.1">Difference 2: At the end of every page, Firefox, but not Internet Explorer, displays a broken image.</st>
        </parg>
        <parg ob="" eb="" sr="" id="4">
            <st ob="" eb="" sr="" id="4.1">Reproducible: Always</st>
        </parg>
    </desc>
</bug>
