<?xml version="1.0" encoding="UTF-8" standalone="yes"?>
<bug no-bug="" comments="">
    <id>324354</id>
    <title ob="x" eb="" sr="" patterns="S_OB_POS_AFTER">Ctrl-Z (undo) reveals visited URLs AFTER clearing history</title>
    <desc>
        <parg ob="" eb="" sr="" id="1">
            <st ob="" eb="" sr="" id="1.1">User-Agent:       Mozilla/5.0 (Windows; U; Windows NT 5.1; en-US; rv:1.8) Gecko/20051111 Firefox/1.5
Build Identifier: Mozilla/5.0 (Windows; U; Windows NT 5.1; en-US; rv:1.8) Gecko/20051111 Firefox/1.5</st>
        </parg>
        <parg ob="" eb="" sr="" id="2">
            <st ob="" eb="" sr="" id="2.1">After clearing all private data (Ctrl-Shift-Del, checking all boxes), you can select either the URL address bar or the built in search bar and hit Ctrl-Z.</st>
            <st ob="x" eb="" sr="" patterns="S_OB_DESPITE" id="2.2">This will cycle through all of the previously visited addresses even though I have already cleared all history.</st>
            <st ob="" eb="" sr="" id="2.3">This works in both the URL and search fields.</st>
        </parg>
        <parg ob="" eb="" sr="" id="3">
            <st ob="" eb="" sr="" id="3.1">Reproducible: Always</st>
        </parg>
        <parg ob="" eb="" sr="x" patterns="P_SR_LABELED_LIST" id="4">
            <st ob="" eb="" sr="" id="4.1">Steps to Reproduce:</st>
            <st ob="" eb="" sr="" id="4.2">1 Visit a few web sites and/or make a few searches from the built in search bar.</st>
            <st ob="" eb="" sr="" id="4.3">2 Clear all private data (Ctrl-Shift-Del)</st>
            <st ob="" eb="" sr="" id="4.4">3 Select either the URL address bar or the search bar.</st>
            <st ob="" eb="" sr="" id="4.5">4 Hit Ctrl-Z to repeatedly cycle through previously viewed URLs and/or search requests.</st>
        </parg>
        <parg ob="x" eb="" sr="" id="5">
            <st ob="x" eb="" sr="" patterns="S_OB_OBS_BEHAVIOR" id="5.1">Actual Results:  
I can see all previously viewed URLs.</st>
        </parg>
        <parg ob="" eb="x" sr="" id="6">
            <st ob="" eb="x" sr="" patterns="S_EB_EXP_BEHAVIOR" id="6.1">Expected Results:  
I see nothing since I've already cleared all private data.</st>
        </parg>
        <parg ob="" eb="" sr="" id="7">
            <st ob="" eb="" sr="" id="7.1">I don't know if this is a Firefox 1.5 problem or an OS problem.</st>
            <st ob="" eb="" sr="" id="7.2">I'm running WinXP SP2 with all updates.</st>
        </parg>
    </desc>
</bug>
