<?xml version="1.0" encoding="UTF-8" standalone="yes"?>
<bug no-bug="" comments="">
    <id>326346</id>
    <title ob="X" eb="" sr="" patterns="S_OB_ERROR_COND">JS error when selecting text on page</title>
    <desc>
        <parg ob="" eb="" sr="X" patterns="P_SR_LABELED_LIST" id="1">
            <st ob="" eb="" sr="" id="1.1">Steps:</st>
            <st ob="" eb="" sr="" id="1.2">1 open places</st>
            <st ob="" eb="" sr="" id="1.3">2 open a link (e.g. a live bookmark entry from the "latest headlines" on the toolbar)</st>
            <st ob="" eb="" sr="" id="1.4">3 click to select text on the page</st>
        </parg>
        <parg ob="" eb="X" sr="" patterns="P_EB_EXP_BEHAVIOR_MULTI" id="2">
            <st ob="" eb="" sr="" id="2.1">Expected results</st>
            <st ob="" eb="" sr="" id="2.2">- text is selected, no spew to console</st>
        </parg>
        <parg ob="X" eb="" sr="" patterns="P_OB_OBSERVED_BEHAVIOR_MULTI" id="3">
            <st ob="" eb="" sr="" id="3.1">Actual results:</st>
            <st ob="" eb="" sr="" id="3.2">- text is selected, but js errors: "this._activeView.getResult() has no properties"</st>
        </parg>
        <parg ob="" eb="" sr="" id="4">
            <st ob="" eb="" sr="" id="4.1">Looks like the command updater is assuming the activeView will always have a result - it not necessarily the case since menuitems destroy theirs as they disappear.</st>
        </parg>
    </desc>
</bug>
