<?xml version="1.0" encoding="UTF-8" standalone="yes"?>
<bug no-bug="" comments="">
    <id>333204</id>
    <title ob="x" eb="" sr="" patterns="S_OB_ERROR_HOW">image error loading zig zag effect</title>
    <desc>
        <parg ob="" eb="" sr="" id="1">
            <st ob="" eb="" sr="" id="1.1">User-Agent:       Mozilla/5.0 (Windows; U; Windows NT 5.0; it; rv:1.8.0.1) Gecko/20060111 Firefox/1.5.0.1
Build Identifier: Mozilla/5.0 (Windows; U; Windows NT 5.0; it; rv:1.8.0.1) Gecko/20060111 Firefox/1.5.0.1</st>
        </parg>
        <parg ob="x" eb="" sr="" id="2">
            <st ob="x" eb="" sr="" patterns="S_OB_ERROR_NOUN_PHRASE" id="2.1">http://www.dnamagazine.it/disclosure-totale.html
image error loading (http://www.dnamagazine.it/pics/scan0050.jpg)
empty cache
image loading and printig ok</st>
        </parg>
        <parg ob="" eb="" sr="" id="3">
            <st ob="" eb="" sr="" id="3.1">Reproducible: Always</st>
        </parg>
        <parg ob="" eb="" sr="x" patterns="P_SR_LABELED_LIST" id="4">
            <st ob="" eb="" sr="" id="4.1">Steps to Reproduce:</st>
            <st ob="" eb="" sr="" id="4.2">1 load image (jpg)</st>
            <st ob="" eb="" sr="" id="4.3">2 __casual__</st>
            <st ob="" eb="" sr="" id="4.4">3 print image error</st>
        </parg>
        <parg ob="" eb="" sr="" id="5">
            <st ob="" eb="" sr="" id="5.1">send pdf ?</st>
        </parg>
    </desc>
</bug>
