<?xml version="1.0" encoding="UTF-8" standalone="yes"?>
<bug no-bug="" comments="">
    <id>334301</id>
    <title ob="" eb="" sr="">whyfiles.org and firefox start tabs open at startup</title>
    <desc>
        <parg ob="" eb="" sr="" id="1">
            <st ob="" eb="" sr="" id="1.1">User-Agent:       Mozilla/5.0 (Windows; U; Windows NT 5.1; en-US; rv:1.8.0.2) Gecko/20060308 Firefox/1.5.0.2
Build Identifier: Mozilla/5.0 (Windows; U; Windows NT 5.1; en-US; rv:1.8.0.2) Gecko/20060308 Firefox/1.5.0.2</st>
        </parg>
        <parg ob="" eb="" sr="" id="2">
            <st ob="" eb="" sr="" id="2.1">When I open firefox by desktop shortcuts or from the program menu, two tabs open: whyfiles.org and firefox start.</st>
            <st ob="X" eb="" sr="" patterns="S_OB_NEG_AUX_VERB" id="2.2">This does not occur when using a keyboard shortcut.</st>
            <st ob="" eb="" sr="" id="2.3">Complete uninstall and fresh install does not fix.</st>
        </parg>
        <parg ob="" eb="" sr="" id="3">
            <st ob="" eb="" sr="" id="3.1">Reproducible: Always</st>
        </parg>
        <parg ob="" eb="" sr="X" patterns="P_SR_LABELED_LIST" id="4">
            <st ob="" eb="" sr="" id="4.1">Steps to Reproduce:</st>
            <st ob="" eb="" sr="" id="4.2">1 Open browser by desktop shortcut = two tabs</st>
            <st ob="" eb="" sr="" id="4.3">2 Open browser by program menu = two tabs</st>
            <st ob="" eb="" sr="" id="4.4">3 Open by keyboard shortcut = set homepage</st>
        </parg>
        <parg ob="" eb="X" sr="" id="5">
            <st ob="" eb="X" sr="" patterns="S_EB_EXP_BEHAVIOR" id="5.1">Expected Results:  
Opening by any shortcut should only open set homepage</st>
        </parg>
    </desc>
</bug>
