<?xml version="1.0" encoding="UTF-8" standalone="yes"?>
<bug no-bug="" comments="">
    <id>334991</id>
    <title ob="" eb="" sr="">Address bar calling my own custom javascript focus() function</title>
    <desc>
        <parg ob="" eb="" sr="" id="1">
            <st ob="" eb="" sr="" id="1.1">User-Agent:       Mozilla/5.0 (Windows; U; Windows NT 5.1; en-US; rv:1.8.0.2) Gecko/20060308 Firefox/1.5.0.2
Build Identifier: Mozilla/5.0 (Windows; U; Windows NT 5.1; en-US; rv:1.8.0.2) Gecko/20060308 Firefox/1.5.0.2</st>
        </parg>
        <parg ob="x" eb="" sr="" id="2">
            <st ob="x" eb="" sr="" patterns="S_OB_COND_POS" id="2.1">Ever since i installed 1.5.0.2 when i press &lt;enter&gt; in the address bar containing an address to any page on my website, my own custom javascript focus() function is called.</st>
        </parg>
        <parg ob="" eb="" sr="" id="3">
            <st ob="" eb="" sr="" id="3.1">Reproducible: Always</st>
        </parg>
        <parg ob="" eb="" sr="x" patterns="P_SR_LABELED_LIST" id="4">
            <st ob="" eb="" sr="" id="4.1">Steps to Reproduce:</st>
            <st ob="" eb="" sr="" id="4.2">1 type www.ahfmr.ab.ca (or any other page on that site) in the address bar and press enter.</st>
        </parg>
        <parg ob="x" eb="" sr="" id="5">
            <st ob="x" eb="" sr="" patterns="S_OB_OBS_BEHAVIOR" id="5.1">Actual Results:
You will see an error message from my function pop up.</st>
        </parg>
        <parg ob="" eb="x" sr="" patterns="P_EB_EXP_BEHAVIOR_MULTI" id="6">
            <st ob="" eb="" sr="" id="6.1">Expected Results:  
firefox should not be calling custom javascript functions from a website!!!</st>
            <st ob="" eb="" sr="" id="6.2">I doubt im the only person with a custom focus() function.</st>
        </parg>
    </desc>
</bug>
