<?xml version="1.0" encoding="UTF-8" standalone="yes"?>
<bug no-bug="" comments="">
    <id>337760</id>
    <title ob="X" eb="" sr="" patterns="S_OB_NEG_AUX_VERB">Live Bookmarks do not recognize Atom feeds with namespace prefixes</title>
    <desc>
        <parg ob="" eb="" sr="" id="1">
            <st ob="" eb="" sr="" id="1.1">User-Agent:       Mozilla/5.0 (Macintosh; U; PPC Mac OS X Mach-O; en-US; rv:1.8.0.3) Gecko/20060426 Firefox/1.5.0.3
Build Identifier: Mozilla/5.0 (Macintosh; U; PPC Mac OS X Mach-O; en-US; rv:1.8.0.3) Gecko/20060426 Firefox/1.5.0.3</st>
        </parg>
        <parg ob="" eb="" sr="" id="2">
            <st ob="" eb="" sr="" id="2.1">I had an atom feed which specified &lt;atom:feed xmlns:atom="http://www.w3.org/2005/Atom"&gt;... and so forth throughout (all atom elements were prefixed with atom:, and feedvalidator.org confirmed the feed was valid.</st>
        </parg>
        <parg ob="" eb="" sr="" id="3">
            <st ob="X" eb="" sr="" patterns="S_OB_NEG_VERB" id="3.1">Firefox reported "Live Bookmark failed to load" when I'd create a live bookmark for this feed.</st>
            <st ob="" eb="" sr="" id="3.2">I changed the header to &lt;feed xmlns="http://www.w3.org/2005/Atom"&gt; , removing the namespace prefix, and the Live Bookmarks load fine.</st>
        </parg>
        <parg ob="" eb="" sr="" id="4">
            <st ob="" eb="" sr="" id="4.1">For what it's worth NetNewsWire and Bloglines were both okay with the prefixed feed.</st>
            <st ob="" eb="" sr="" id="4.2">The namespace prefix is perfectly legal XML.</st>
            <st ob="" eb="" sr="" id="4.3">This should have worked.</st>
        </parg>
        <parg ob="" eb="" sr="" id="5">
            <st ob="" eb="" sr="" id="5.1">As it is, the workaround is to ensure that http://www.w3.org/2005/Atom is the default namespace for any atom feeds you want to use as Live Bookmarks, but this doesn't seem like its the correct behavior.</st>
        </parg>
        <parg ob="" eb="" sr="" id="6">
            <st ob="" eb="" sr="" id="6.1">Reproducible: Always</st>
        </parg>
        <parg ob="" eb="" sr="X" patterns="P_SR_LABELED_LIST" id="7">
            <st ob="" eb="" sr="" id="7.1">Steps to Reproduce:</st>
            <st ob="" eb="" sr="" id="7.2">1 Start with any valid Atom feed.</st>
            <st ob="" eb="" sr="" id="7.3">2 Change the &lt;feed&gt; tag to be &lt;atom:feed xmlns:atom="http://www.w3.org/2005/Atom"&gt;</st>
            <st ob="" eb="" sr="" id="7.4">3 Replace each subsequent tag with the atom: namespace prefix (e.g., &lt;title&gt; becomes &lt;atom:title&gt;, etc.)</st>
            <st ob="" eb="" sr="" id="7.5">4 Try to load this new file with the namespace prefix as a Live Bookmark.</st>
        </parg>
        <parg ob="X" eb="" sr="" id="8">
            <st ob="X" eb="" sr="" patterns="S_OB_OBS_BEHAVIOR" id="8.1">Actual Results:  
Live Bookmark failed to load.</st>
        </parg>
        <parg ob="" eb="X" sr="" id="9">
            <st ob="" eb="X" sr="" patterns="S_EB_EXP_BEHAVIOR" id="9.1">Expected Results:  
The feed should load as Live Bookmarks.</st>
        </parg>
    </desc>
</bug>
