<?xml version="1.0" encoding="UTF-8" standalone="yes"?>
<bug no-bug="" comments="">
    <id>341327</id>
    <title ob="x" eb="" sr="" patterns="S_OB_NEG_VERB">* missing for Mandatory fields in free Membership registration page</title>
    <desc>
        <parg ob="" eb="" sr="" id="1">
            <st ob="" eb="" sr="" id="1.1">User-Agent:       Mozilla/4.0 (compatible; MSIE 6.0; Windows NT 5.0)
Build Identifier: Firefox-Build-06/13/2006</st>
        </parg>
        <parg ob="" eb="" sr="" id="2">
            <st ob="x" eb="" sr="" patterns="S_OB_NEG_AUX_VERB,S_OB_OBSERVE" id="2.1">We observed that in the free membership registration page all mandatory fields are not marked with *.</st>
            <st ob="" eb="x" sr="" patterns="S_EB_NECESSARY" id="2.2">This marking is necessary since this provide users with the information about mandatory fields and enables the users to complete the transactions in only one cycle of data entry.</st>
        </parg>
        <parg ob="" eb="" sr="" id="3">
            <st ob="" eb="" sr="" id="3.1">Reproducible: Always</st>
        </parg>
        <parg ob="" eb="" sr="x" patterns="P_SR_LABELED_LIST" id="4">
            <st ob="" eb="" sr="" id="4.1">Steps to Reproduce:</st>
            <st ob="" eb="" sr="" id="4.2">1 Open capitalmarket.com</st>
            <st ob="" eb="" sr="" id="4.3">2 Click on Login/Register Link</st>
            <st ob="" eb="" sr="" id="4.4">3 In Are u Registerd Frame click on register link present in FREE OPTIONS   section</st>
            <st ob="" eb="" sr="" id="4.5">4 Observe that no * present corresponding to mandatory fields.</st>
            <st ob="" eb="" sr="" id="4.6">5 According to me Fname,Dob,Pwd fields are mandatory ones.</st>
        </parg>
    </desc>
</bug>
