<?xml version="1.0" encoding="UTF-8" standalone="yes"?>
<bug no-bug="" comments="">
    <id>343431</id>
    <title ob="x" eb="" sr="" patterns="S_OB_NEG_VERB">update wiped out all my info, cant add searches and cant retain toolbar</title>
    <desc>
        <parg ob="" eb="" sr="" id="1">
            <st ob="" eb="" sr="" id="1.1">User-Agent:       Mozilla/5.0 (Windows; U; Windows NT 5.1; en-US; rv:1.8.0.4) Gecko/20060508 Firefox/1.5.0.4
Build Identifier: Mozilla/5.0 (Windows; U; Windows NT 5.1; en-US; rv:1.8.0.4) Gecko/20060508 Firefox/1.5.0.4</st>
        </parg>
        <parg ob="x" eb="" sr="x" id="2">
            <st ob="x" eb="" sr="x" patterns="S_OB_NEG_VERB,S_OB_ONLY,S_SR_COND_SEQUENCE" id="2.1">a few problems, firefox automatically doenloaded a new update, well not only did it wipe out my bookmarks and all my themes and my whole thing, now i cant retain or hold my toolbar, when i go into toolbar and customize anything i do wont hold if i log off and come back to firefox it wipes it out, also i cant load any search engines, nothing will load, also i use firefox on a 4 seperate systems one is networked on 5 computers, firefox is my default browser, i am having problmes across the board.</st>
        </parg>
        <parg ob="" eb="" sr="" id="3">
            <st ob="" eb="" sr="" id="3.1">Reproducible: Always</st>
        </parg>
    </desc>
</bug>
