<?xml version="1.0" encoding="UTF-8" standalone="yes"?>
<bug no-bug="" comments="">
    <id>345242</id>
    <title ob="x" eb="" sr="" patterns="S_OB_NEG_ADV_ADJ">globe in "About" dialog when showing Credits is off center (unofficial branding only)</title>
    <desc>
        <parg ob="" eb="" sr="x" patterns="P_SR_ACTIONS_INF" id="1">
            <st ob="" eb="" sr="" id="1.1">1 Launch Bon Echo</st>
            <st ob="" eb="" sr="" id="1.2">2 Open "About Bon Echo"</st>
            <st ob="" eb="" sr="" id="1.3">3 Click "Credits"</st>
        </parg>
        <parg ob="" eb="" sr="" id="2">
            <st ob="x" eb="" sr="" patterns="S_OB_NEG_ADV_ADJ" id="2.1">Notice that the globe above where the credits are is off center.</st>
            <st ob="" eb="" sr="" id="2.2">There are 87 pixels to the left of the globe and 96 to the right.</st>
        </parg>
    </desc>
</bug>
