<?xml version="1.0" encoding="UTF-8" standalone="yes"?>
<bug no-bug="" comments="">
    <id>345843</id>
    <title ob="" eb="" sr="">crosshatch "#" in URL parsing issue</title>
    <desc>
        <parg ob="" eb="" sr="" id="1">
            <st ob="" eb="" sr="" id="1.1">User-Agent:       Mozilla/5.0 (Windows; U; Windows NT 5.1; en-US; rv:1.8.0.4) Gecko/20060508 Firefox/1.5.0.4
Build Identifier: Mozilla/5.0 (Windows; U; Windows NT 5.1; en-US; rv:1.8.0.4) Gecko/20060508 Firefox/1.5.0.4</st>
        </parg>
        <parg ob="" eb="" sr="" id="2">
            <st ob="" eb="" sr="" id="2.1">As I have been using firefox for more than a year I thought I should convey one bug I find in Firefox.</st>
            <st ob="x" eb="" sr="" patterns="S_OB_NEG_AUX_VERB" id="2.2">Occasionally what is happeneing is that When the url has # in it does not get processed right.</st>
            <st ob="" eb="" sr="" id="2.3">please use the following lkinks to understand my issue.</st>
            <st ob="" eb="" sr="" id="2.4">Shashank</st>
        </parg>
        <parg ob="" eb="" sr="" id="3">
            <st ob="" eb="" sr="" id="3.1">Reproducible: Always</st>
        </parg>
        <parg ob="" eb="" sr="x" patterns="P_SR_LABELED_LIST" id="4">
            <st ob="" eb="" sr="" id="4.1">Steps to Reproduce:</st>
            <st ob="" eb="" sr="" id="4.2">1 please visit : http://betah.co.il/</st>
            <st ob="" eb="" sr="" id="4.3">2 then search for any book with '#' in it for example say C#.</st>
            <st ob="" eb="" sr="" id="4.4">then you would get a list of books to download.</st>
            <st ob="" eb="" sr="" id="4.5">3 then you have a link against each e book 'Read more to download' click on that link</st>
        </parg>
        <parg ob="x" eb="" sr="" id="5">
            <st ob="x" eb="" sr="" patterns="S_OB_OBS_BEHAVIOR" id="5.1">Actual Results:  
This would not get processed but when I tried the same with Other browsers like Interent Explorer it worked.</st>
        </parg>
        <parg ob="" eb="x" sr="" id="6">
            <st ob="" eb="x" sr="" patterns="S_EB_EXP_BEHAVIOR" id="6.1">Expected Results:  
We need to get further details of how to download and the link for download would appear.</st>
        </parg>
        <parg ob="" eb="" sr="" id="7">
            <st ob="" eb="" sr="" id="7.1">I have faced similar problems when I tried this with a forums at http://nagfans.nowpos.com but i dont remember the exact link.</st>
        </parg>
    </desc>
</bug>
