<?xml version="1.0" encoding="UTF-8" standalone="yes"?>
<bug no-bug="" comments="">
    <id>347012</id>
    <title ob="x" eb="" sr="" patterns="S_OB_NOUN_NOT">Location and search bar not responding to enter key</title>
    <desc>
        <parg ob="" eb="" sr="" id="1">
            <st ob="" eb="" sr="" id="1.1">User-Agent:       Mozilla/5.0 (Macintosh; U; PPC Mac OS X Mach-O; en-US; rv:1.8.1b1) Gecko/20060802 BonEcho/2.0b1
Build Identifier: Mozilla/5.0 (Macintosh; U; PPC Mac OS X Mach-O; en-US; rv:1.8.1b1) Gecko/20060802 BonEcho/2.0b1</st>
        </parg>
        <parg ob="x" eb="" sr="x" id="2">
            <st ob="x" eb="" sr="x"  patterns="S_OB_WORKS_FINE,S_SR_ACTIONS_SEPARATOR" id="2.1">w/ latest bonecho/nightly (20060802) on osx, clicking to links, search bar &amp; url launch by external apps all works fine.</st>
        </parg>
        <parg ob="x" eb="" sr="x" id="3">
            <st ob="x" eb="" sr="x" patterns="S_OB_BUT_NEG,S_SR_IMPERATIVE_SEQUENCE" id="3.1">BUT, type entry into NAV bar, hit ENTER -- no response.</st>
        </parg>
        <parg ob="" eb="" sr="" id="4">
            <st ob="" eb="" sr="" id="4.1">Reproducible: Always</st>
        </parg>
    </desc>
</bug>
