<?xml version="1.0" encoding="UTF-8" standalone="yes"?>
<bug no-bug="" comments="">
    <id>347970</id>
    <title ob="" eb="" sr="">Documented non-existing anti-phishing manual list of sites</title>
    <desc>
        <parg ob="x" eb="" sr="" id="1">
            <st ob="x" eb="" sr="" patterns="S_OB_BUT_NEG,S_OB_VERB_TO_BE_NEGATIVE" id="1.1">In Help about anti-phishing preferences, there is documentation about an option for local list of sites, but there is no such option in Preferences.</st>
        </parg>
    </desc>
</bug>
