<?xml version="1.0" encoding="UTF-8" standalone="yes"?>
<bug no-bug="" comments="">
    <id>351604</id>
    <title ob="" eb="" sr="">Bookmarks, update</title>
    <desc>
        <parg ob="" eb="" sr="" id="1">
            <st ob="" eb="" sr="" id="1.1">User-Agent:       Mozilla/5.0 (Windows; U; Windows NT 5.1; en-US; rv:1.8.0.4) Gecko/20060508 Firefox/1.5.0.4
Build Identifier: Mozilla/5.0 (Windows; U; Windows NT 5.1; en-US; rv:1.8.0.4) Gecko/20060508 Firefox/1.5.0.4</st>
        </parg>
        <parg ob="" eb="" sr="" id="2">
            <st ob="x" eb="" sr="" patterns="S_OB_NEG_VERB,S_OB_BUT_NEG,S_OB_FOUND" id="2.1">I found myself with the firefox update screen, thinking I'm updating to 1.5.06, then my box crashes, 1.5.04 still there, but ALL of the bookmarks bookmarked via firefox are gone.</st>
            <st ob="" eb="" sr="" id="2.2">Help?</st>
        </parg>
        <parg ob="" eb="" sr="" id="3">
            <st ob="" eb="" sr="" id="3.1">Reproducible: Couldn't Reproduce</st>
        </parg>
        <parg ob="x" eb="" sr="" id="4">
            <st ob="x" eb="" sr="" patterns="S_OB_OBS_BEHAVIOR" id="4.1">Actual Results:  
Did literally nothing, but attempt to update to 1.5.06</st>
        </parg>
    </desc>
</bug>
