<?xml version="1.0" encoding="UTF-8" standalone="yes"?>
<bug no-bug="" comments="">
    <id>352242</id>
    <title ob="x" eb="" sr="" patterns="S_OB_NEG_VERB">MSN crashes in specified situations</title>
    <desc>
        <parg ob="" eb="" sr="" id="1">
            <st ob="" eb="" sr="" id="1.1">User-Agent:       Mozilla/5.0 (Windows; U; Windows NT 5.1; en-US; rv:1.8.0.6) Gecko/20060728 Firefox/1.5.0.6
Build Identifier: Mozilla/5.0 (Windows; U; Windows NT 5.1; en-US; rv:1.8.0.6) Gecko/20060728 Firefox/1.5.0.6</st>
        </parg>
        <parg ob="" eb="" sr="" id="2">
            <st ob="" eb="" sr="" id="2.1">when in have 3 or less tabs open in Mozilla (my default browser) and i open a link in MSN 7.5.0324 (send by someone else) if i click it it opens as normal.</st>
            <st ob="x" eb="" sr="" patterns="S_OB_COND_NEG" id="2.2">when i have 4 or more tabs open MSN will crash instantly when i click on a link being send to me by the same MSN</st>
        </parg>
        <parg ob="" eb="" sr="" id="3">
            <st ob="" eb="" sr="" id="3.1">system specs:
AMD 2500+ (barton core)
2 x 256 Mb mem in dual channel (512 Mb total)
2 x Maxtor HDD (1 SATA &amp; 1 ATA)
NEC DVD burner
A-OPEN DVD player
Radeon 9700 (non pro) graphics card</st>
        </parg>
        <parg ob="" eb="" sr="" id="4">
            <st ob="" eb="" sr="" id="4.1">Reproducible: Always</st>
        </parg>
        <parg ob="" eb="" sr="x" patterns="P_SR_LABELED_LIST" id="5">
            <st ob="" eb="" sr="" id="5.1">Steps to Reproduce:</st>
            <st ob="" eb="" sr="" id="5.2">1 open 4 or more tabs in Mozilla (default browser)</st>
            <st ob="" eb="" sr="" id="5.3">2 open a link in MSN 7.5.0324</st>
            <st ob="" eb="" sr="" id="5.4">3 thats it MSN crashes (maybe you need more tabs if you have more internal mem)</st>
        </parg>
    </desc>
</bug>
