<?xml version="1.0" encoding="UTF-8" standalone="yes"?>
<bug no-bug="" comments="">
    <id>354584</id>
    <title ob="" eb="" sr="">Eamil address</title>
    <desc>
        <parg ob="" eb="" sr="" id="1">
            <st ob="" eb="" sr="" id="1.1">User-Agent:       Mozilla/5.0 (Windows; U; Windows NT 5.1; en-US; rv:1.7.2) Gecko/20040803
Build Identifier: Mozilla/5.0 (Windows; U; Windows NT 5.1; en-US; rv:1.7.2) Gecko/20040803</st>
        </parg>
        <parg ob="" eb="" sr="" id="2">
            <st ob="x" eb="" sr="x" patterns="S_OB_COND_NEG,S_OB_VERB_ERROR,S_SR_COND_OBS" id="2.1">When I click on some sites that call up the Mozilla email window, it shows my old emailaddress which was dzldan@earthlink.net, my new address is dzldan@qwest.net.</st>
            <st ob="x" eb="" sr="" patterns="S_OB_NO_NOUN" id="2.2">No place can I see where I change this.</st>
            <st ob="" eb="" sr="" id="2.3">Not in preferences, noit in tools, not anywhere.</st>
            <st ob="" eb="" sr="" id="2.4">What do I change to fix this, drives me nuts, I send emails out using their sites only to find out the reply went to the wrong email address.</st>
        </parg>
        <parg ob="" eb="" sr="" id="3">
            <st ob="" eb="" sr="" id="3.1">Reproducible: Always</st>
        </parg>
        <parg ob="" eb="x" sr="" id="4">
            <st ob="" eb="x" sr="" patterns="S_EB_MUST" id="4.1">Some place there must be something to change that will allow me to use my new email address.</st>
        </parg>
    </desc>
</bug>
