<?xml version="1.0" encoding="UTF-8" standalone="yes"?>
<bug no-bug="" comments="">
    <id>364478</id>
    <title ob="x" eb="" sr="x" patterns="S_OB_AS_IF,S_OB_AFTER_POS,S_SR_AFTER">after loading start page the loading wheel keeps turning as if still loading page</title>
    <desc>
        <parg ob="" eb="" sr="" id="1">
            <st ob="" eb="" sr="" id="1.1">User-Agent:       Mozilla/5.0 (Windows; U; Windows NT 5.1; en-US; rv:1.8.1) Gecko/20061010 Firefox/2.0
Build Identifier: Mozilla/5.0 (Windows; U; Windows NT 5.1; en-US; rv:1.8.1) Gecko/20061010 Firefox/2.0</st>
        </parg>
        <parg ob="x" eb="" sr="" id="2">
            <st ob="x" eb="" sr="" patterns="S_OB_STILL,S_OB_BUT_NEG,S_OB_COND_NEG" id="2.1">My home page is Google and after it loads the page the wheel stops turning (good) but if I go to any web site then close that web site's tab to return to Google the page loading wheel never stops as if the page is still trying to load and it is not (I don't think).</st>
        </parg>
        <parg ob="" eb="" sr="" id="3">
            <st ob="" eb="" sr="" id="3.1">Reproducible: Always</st>
        </parg>
        <parg ob="" eb="" sr="x" patterns="P_SR_LABELED_LIST" id="4">
            <st ob="" eb="" sr="" id="4.1">Steps to Reproduce:</st>
            <st ob="" eb="" sr="" id="4.2">1 Start Firefox ,open's in Google</st>
            <st ob="" eb="" sr="" id="4.3">2 Go to any other web site and let it load up</st>
            <st ob="" eb="" sr="" id="4.4">3 Then close that web sites tab to return to Home page Google</st>
        </parg>
        <parg ob="x" eb="" sr="" id="5">
            <st ob="x" eb="" sr="" patterns="S_OB_OBS_BEHAVIOR,S_OB_AS_IF,S_OB_KEEP_VERB" id="5.1">Actual Results:  
The page loading wheel in the upper right hand corner keeps turning as if still page loading .</st>
        </parg>
        <parg ob="" eb="x" sr="" id="6">
            <st ob="" eb="x" sr="" patterns="S_EB_EXP_BEHAVIOR" id="6.1">Expected Results:  
Because Google site is already loaded it should not try to reload it if that is what it is trying to do the page loading wheel should not turn at all.</st>
        </parg>
    </desc>
</bug>
