<?xml version="1.0" encoding="UTF-8" standalone="yes"?>
<bug no-bug="" comments="">
    <id>367386</id>
    <title ob="x" eb="" sr="" patterns="S_OB_SIMPLE_PRESENT,S_OB_ONLY">Complex queries only return visited places</title>
    <desc>
        <parg ob="x" eb="" sr="" id="1">
            <st ob="x" eb="" sr="" patterns="S_OB_SIMPLE_PRESENT,S_OB_EXCEPT,S_OB_NEG_AUX_VERB" id="1.1">Complex queries (queries which are not simple bookmark folder lookups) add "visit_count &gt; 0" to the sql select statement (except when the query uses an annotation).</st>
        </parg>
        <parg ob="" eb="" sr="" id="2">
            <st ob="x" eb="" sr="" patterns="S_OB_NEG_ADV_ADJ,S_OB_BUT_NEG" id="2.1">This may be a common case for history searches, but when searching for bookmarks it is incorrect.</st>
            <st ob="" eb="x" sr="" patterns="S_EB_SHOULD" id="2.2">Thus, it should be configurable.</st>
            <st ob="" eb="x" sr="" patterns="S_EB_SHOULD" id="2.3">Furthermore, one should be able to query for a particular range of visit_count, not just &gt; 0.</st>
        </parg>
    </desc>
</bug>
