<?xml version="1.0" encoding="UTF-8" standalone="yes"?>
<bug no-bug="" comments="">
    <id>367738</id>
    <title ob="" eb="" sr="">100% cpu usage when I open several flash sites in firefox tabs</title>
    <desc>
        <parg ob="" eb="" sr="" id="1">
            <st ob="" eb="" sr="" id="1.1">User-Agent:       Mozilla/5.0 (Windows; U; Windows NT 5.1; en-US; rv:1.8.1.2pre) Gecko/20070111 SeaMonkey/1.1
Build Identifier: Mozilla/5.0 (Windows; U; Windows NT 5.1; zh-CN; rv:1.8.1.1) Gecko/20061204 Firefox/2.0.0.1</st>
        </parg>
        <parg ob="" eb="" sr="" id="2">
            <st ob="" eb="" sr="" id="2.1">Recently I update my firefox1.5 to 2.01.</st>
            <st ob="x" eb="" sr="" patterns="S_OB_COND_NEG,S_OB_VERY_ADJ,S_OB_BECOMES_ADJECTIVE" id="2.2">When I open some sites in tabbed browsing mode, switching between tabs become very slowly,sometimes I must close current tab before switch to another.These sites are  working together very well in tab browsing mode for firefox1.5.</st>
            <st ob="" eb="" sr="" id="2.3">I searched the mozilla firefox forum,and found someone encounted the same question with firefox2.0.1.</st>
            <st ob="" eb="" sr="" id="2.4">A person said that forecast plugin is the key issue plugin.</st>
            <st ob="x" eb="" sr="" patterns="S_OB_STILL,S_OB_BUT" id="2.5">I disable all plugin in safety mode(but flash player plugin still work), but the 100%cpu usage is still there.</st>
        </parg>
        <parg ob="" eb="" sr="" id="3">
            <st ob="" eb="" sr="" id="3.1">Reproducible: Always</st>
        </parg>
        <parg ob="" eb="" sr="x" patterns="P_SR_LABELED_LIST" id="4">
            <st ob="" eb="" sr="" id="4.1">Steps to Reproduce:</st>
            <st ob="" eb="" sr="" id="4.2">1 start a clean firefox 2.0.1(such as in safety mode)</st>
            <st ob="" eb="" sr="" id="4.3">2 open following url in five tabs:</st>
            <st ob="" eb="" sr="" id="4.4">(1 http://www.sina.com.cn/</st>
            <st ob="" eb="" sr="" id="4.5">(2 http://ent.sina.com.cn/f/s/uneezs/index.shtml</st>
            <st ob="" eb="" sr="" id="4.6">(3 http://www.sina.com.cn  //notes:it is the same url with the first,but in a different tab</st>
            <st ob="" eb="" sr="" id="4.7">(4 http://comment4.news.sina.com.cn/comment/skin/default.html?channel=sh&amp;newsid=1-1-12098314&amp;style=0</st>
            <st ob="" eb="" sr="" id="4.8">(5 http://ent.sina.com.cn/v/m/2007-01-22/07581420105.html</st>
            <st ob="" eb="" sr="" id="4.9">3 after open above five urls in five tabs,please switch between these tabs for serval times</st>
        </parg>
        <parg ob="x" eb="" sr="" patterns="P_OB_OBSERVED_BEHAVIOR_MULTI" id="5">
            <st ob="" eb="" sr="" id="5.1">Actual Results:  
after switch between those five tabs ,the cpu will raise 100% usage.</st>
            <st ob="" eb="" sr="" id="5.2">firefox2.0.1 will response more and more slowly.</st>
        </parg>
    </desc>
</bug>
