<?xml version="1.0" encoding="UTF-8" standalone="yes"?>
<bug no-bug="" comments="">
    <id>369172</id>
    <title ob="x" eb="" sr="" patterns="S_OB_NEG_AUX_VERB">Foxfire will not download neopets toolbar.</title>
    <desc>
        <parg ob="" eb="" sr="" id="1">
            <st ob="" eb="" sr="" id="1.1">User-Agent:       Mozilla/4.0 (compatible; MSIE 7.0; Windows NT 5.1; .</st>
            <st ob="" eb="" sr="" id="1.2">NET CLR 1.1.4322)
Build Identifier: Foxfire</st>
        </parg>
        <parg ob="x" eb="" sr="" id="2">
            <st ob="x" eb="" sr="" patterns="S_OB_VERB_TO_BE_NEGATIVE" id="2.1">I download it and the proces goes through, but when I open the webpage there's no toolbar and there's is no where to be found it in the view(toolbars).</st>
        </parg>
        <parg ob="" eb="" sr="" id="3">
            <st ob="" eb="" sr="" id="3.1">Reproducible: Always</st>
        </parg>
        <parg ob="" eb="" sr="x" patterns="P_SR_LABELED_LIST" id="4">
            <st ob="" eb="" sr="" id="4.1">Steps to Reproduce:</st>
            <st ob="" eb="" sr="" id="4.2">1 Uninstal the toolbar.</st>
            <st ob="" eb="" sr="" id="4.3">2</st>
            <st ob="" eb="" sr="" id="4.4">3</st>
        </parg>
    </desc>
</bug>
