<?xml version="1.0" encoding="UTF-8" standalone="yes"?>
<bug no-bug="" comments="">
    <id>369351</id>
    <title ob="x" eb="" sr="" patterns="S_OB_NEG_ADV_ADJ" >Yahoo mail with attachment [JPG ?] load as blank - empty emails</title>
    <desc>
        <parg ob="" eb="" sr="" id="1">
            <st ob="" eb="" sr="" id="1.1">User-Agent:       Mozilla/5.0 (Windows; U; Windows NT 5.1; en-US; rv:1.8.1.1) Gecko/20061204 Firefox/2.0.0.1
Build Identifier: Mozilla/5.0 (Windows; U; Windows NT 5.1; en-US; rv:1.8.1.1) Gecko/20061204 Firefox/2.0.0.1</st>
        </parg>
        <parg ob="" eb="" sr="x" patterns="P_SR_ACTIONS_INF" id="2">
            <st ob="" eb="" sr="" id="2.1">1 Log into Yahoo mail [NOT the beta version or Java version...]</st>
            <st ob="" eb="" sr="" id="2.2">2 Go to new mail with JPG attachment and with body text.</st>
            <st ob="x" eb="" sr="" patterns="S_OB_OUTPUT_VERB,S_OB_NEG_ADV_ADJ" id="2.3">3 Correctly formatted Yahoo page shows, except -missing- are:</st>
            <st ob="" eb="" sr="" id="2.4">The text of the email body</st>
            <st ob="" eb="" sr="" id="2.5">The portion of the typical Yahoo mail page which deals with attachments</st>
        </parg>
        <parg ob="" eb="" sr="" id="3">
            <st ob="X" eb="X" sr="" patterns="S_OB_INSTEAD_OF,S_EB_INSTEAD_OF_EXP_BEHAVIOR" id="3.1">A broad blank space appears in lieu of the above two items [eg., 25 blank lines worth...].</st>
            <st ob="X" eb="" sr="" patterns="S_OB_SEEMS" id="3.2">The balance of the Yahoo Mail page appears to be normal.</st>
        </parg>
        <parg ob="" eb="" sr="" id="4">
            <st ob="X" eb="" sr="x" patterns="S_OB_HAPPENS,S_SR_ACTIONS_SEPARATOR" id="4.1">This behavior occurs on reload; re-log in; restarting Fox.</st>
            <st ob="x" eb="" sr="" patterns="S_OB_NOUN_NOT" id="4.2">Behavior not affected by disabling all add-ons, or; by starting in safe mode.</st>
        </parg>
        <parg ob="x" eb="" sr="" id="5">
            <st ob="x" eb="" sr="" patterns="S_OB_HAPPENS"  id="5.1">This behavior does not occur with IE [which is how i discovered what was going on....]</st>
        </parg>
        <parg ob="" eb="" sr="" id="6">
            <st ob="x" eb="" sr="" patterns="S_OB_HAPPENS"  id="6.1">I might assume the behavior occurs with all attachments, and is not related to the size or number of attachments.</st>
            <st ob="" eb="" sr="" id="6.2">I have had this problem a few times in the last days, from different sources.</st>
            <st ob="" eb="" sr="" id="6.3">The last was a JPG attachment of typical size.</st>
        </parg>
        <parg ob="" eb="" sr="" id="7">
            <st ob="" eb="" sr="" id="7.1">Reproducible: Always</st>
        </parg>
        <parg ob="" eb="" sr="" patterns="" id="8">
            <st ob="" eb="" sr="" id="8.1">Steps to Reproduce:</st>
            <st ob="" eb="" sr="" id="8.2">I am assuming, for the moment, that it will happen every time; so far, it is.</st>
            <st ob="" eb="" sr="" id="8.3">I don't have the means to discern if it is a functional bug in Fox, or Yahoo serving up a web page with non-standardized javascript or HTML coding</st>
        </parg>
        <parg ob="" eb="" sr="" id="9">
            <st ob="" eb="" sr="" id="9.1">Does -not- appear to be related to the propensity of Fox to crash when using Yahoo mail, as I have found no functional relation between the two bugs, yet.</st>
        </parg>
    </desc>
</bug>
