<?xml version="1.0" encoding="UTF-8" standalone="yes"?>
<bug no-bug="" comments="">
    <id>369380</id>
    <title ob="x" eb="" sr="" patterns="S_OB_NEG_AUX_VERB,S_OB_NEG_AFTER">Marquee Won't go away after I leave site!</title>
    <desc>
        <parg ob="" eb="" sr="" id="1">
            <st ob="" eb="" sr="" id="1.1">User-Agent:       Mozilla/5.0 (Macintosh; U; PPC Mac OS X Mach-O; en-US; rv:1.9a2pre) Gecko/20070205 Minefield/3.0a2pre
Build Identifier: Mozilla/5.0 (Macintosh; U; PPC Mac OS X Mach-O; en-US; rv:1.9a2pre) Gecko/20070205 Minefield/3.0a2pre</st>
        </parg>
        <parg ob="" eb="" sr="" id="2">
            <st ob="x" eb="" sr="" patterns="S_OB_NEG_VERB" id="2.1">I went to http://www.epemag.wimborne.co.uk/- in Alpha 1 it crashed Firefox.</st>
            <st ob="x" eb="" sr="" patterns="S_OB_BUT,S_OB_ADV_TIME_NEG,S_OB_NEG_AUX_VERB" id="2.2">Now in Minefield, it doesn't crash, but my 1999 Apple G3 makes concentrating noises.</st>
            <st ob="" eb="" sr="" id="2.3">Then when I left the site, it stayed with me.</st>
            <st ob="" eb="" sr="" id="2.4">It even stayed when I opened a new tab, and stayed when I closed it.</st>
            <st ob="" eb="" sr="" id="2.5">It stayed when I opened a window over it.</st>
        </parg>
        <parg ob="" eb="" sr="" id="3">
            <st ob="" eb="" sr="" id="3.1">Reproducible: Always</st>
        </parg>
        <parg ob="" eb="" sr="x" patterns="P_SR_LABELED_LIST" id="4">
            <st ob="" eb="" sr="" id="4.1">Steps to Reproduce:</st>
            <st ob="" eb="" sr="" id="4.2">1 Go to http://www.epemag.wimborne.co.uk/</st>
            <st ob="" eb="" sr="" id="4.3">2 Go to another site</st>
            <st ob="" eb="" sr="" id="4.4">3</st>
        </parg>
        <parg ob="x" eb="" sr="" id="5">
            <st ob="x" eb="" sr="" patterns="S_OB_OBS_BEHAVIOR" id="5.1">Actual Results:
A vertical Marquee (I think it was java based, as I could drag it).</st>
        </parg>
        <parg ob="" eb="x" sr="" id="6">
            <st ob="" eb="x" sr="" patterns="S_EB_EXP_BEHAVIOR" id="6.1">Expected Results:  
Not kept the marquee.</st>
        </parg>
        <parg ob="" eb="" sr="" id="7">
            <st ob="" eb="" sr="" id="7.1">In Console, I got this:</st>
            <st ob="" eb="" sr="" id="7.2">### MRJPlugin:  getPluginBundle() here. ###</st>
            <st ob="" eb="" sr="" id="7.3">### MRJPlugin:  CFBundleGetBundleWithIdentifier() succeeded. ###</st>
            <st ob="" eb="" sr="" id="7.4">### MRJPlugin:  CFURLGetFSRef() succeeded. ###</st>
            <st ob="" eb="" sr="" id="7.5">2007-02-05 19:33:03.167 firefox-bin[445] JEP creating applet AcuteScroller (http://www.epemag.wimborne.co.uk/)</st>
            <st ob="" eb="" sr="" id="7.6">2007-02-05 19:33:25.191 firefox-bin[445] JEP creating applet AcuteScroller (http://www.epemag.wimborne.co.uk/)</st>
            <st ob="" eb="" sr="" id="7.7">2007-02-05 19:33:25.327 firefox-bin[445] JEP creating applet AcuteScroller (http://www.epemag.wimborne.co.uk/)</st>
            <st ob="" eb="" sr="" id="7.8">/Users/furby/Documents/Firefox/Nightly/Minefield.app/Contents/MacOS/firefox-bin: can't map file: /Library/Internet Plug-Ins/Flash Player Enabler.plugin ((os/kern) invalid argument)</st>
            <st ob="" eb="" sr="" id="7.9">2007-02-05 19:44:09.421 firefox-bin[445] JEP creating applet AcuteScroller (http://www.epemag.wimborne.co.uk/)</st>
            <st ob="" eb="" sr="" id="7.10">2007-02-05 19:44:09.864 firefox-bin[445] JEP creating applet AcuteScroller (http://www.epemag.wimborne.co.uk/)</st>
        </parg>
    </desc>
</bug>
