<?xml version="1.0" encoding="UTF-8" standalone="yes"?>
<bug no-bug="" comments="">
    <id>372163</id>
    <title ob="" eb="x" sr="" patterns="S_EB_SHOULD">Print dialog should have a checkbox to print header/footer</title>
    <desc>
        <parg ob="" eb="" sr="" id="1">
            <st ob="" eb="" sr="" id="1.1">User-Agent:       Mozilla/5.0 (Windows; U; Windows NT 5.1; en-US; rv:1.8.1.1) Gecko/20061204 Firefox/2.0.0.1
Build Identifier: Mozilla/5.0 (Windows; U; Windows NT 5.1; en-US; rv:1.8.1.1) Gecko/20061204 Firefox/2.0.0.1</st>
        </parg>
        <parg ob="x" eb="" sr="" id="2">
            <st ob="x" eb="" sr="" patterns="S_OB_ADV_FREQ" id="2.1">Often, the choice I'd like when printing is whether or not to print with header/footer, rather than which fields I want printed in the header/footer.</st>
        </parg>
        <parg ob="x" eb="x" sr="" id="3">
            <st ob="x" eb="x" sr="" patterns="S_OB_ALLOW,S_EB_WOULD_BE" id="3.1">Print setup allows changing what gets printed in the header or the footer, but it would be useful to have a checkbox in the print dialog indicating whether or not the header/footer should be printed at all.</st>
        </parg>
        <parg ob="" eb="" sr="" id="4">
            <st ob="" eb="" sr="" id="4.1">Reproducible: Always</st>
        </parg>
        <parg ob="" eb="" sr="" id="5">
            <st ob="" eb="" sr="" id="5.1">Steps to Reproduce:</st>
            <st ob="" eb="" sr="" id="5.2">1</st>
            <st ob="" eb="" sr="" id="5.3">2</st>
            <st ob="" eb="" sr="" id="5.4">3</st>
        </parg>
    </desc>
</bug>
