<?xml version="1.0" encoding="UTF-8" standalone="yes"?>
<bug no-bug="" comments="">
    <id>376996</id>
    <title ob="x" eb="" sr="" patterns="S_OB_NEG_AUX_VERB">Part of cookies of www.sun.com can not be migrated</title>
    <desc>
        <parg ob="" eb="" sr="" id="1">
            <st ob="" eb="" sr="" id="1.1">This bug can also be reproduced for Firefox trunk nightly build on S10u4_04 wos.</st>
        </parg>
        <parg ob="" eb="" sr="x" patterns="P_SR_LABELED_LIST" id="2">
            <st ob="" eb="" sr="" id="2.1">Steps to Reproduce:</st>
            <st ob="" eb="" sr="" id="2.2">1 Remove .</st>
            <st ob="" eb="" sr="" id="2.3">mozilla</st>
            <st ob="" eb="" sr="" id="2.4">2 Launch Mozilla1.7 and load www.sun.com</st>
            <st ob="" eb="" sr="" id="2.5">3 Launch Firefox2.0.x and migrate data from Mozilla1.7</st>
        </parg>
        <parg ob="x" eb="" sr="" patterns="P_OB_OBSERVED_BEHAVIOR_MULTI" id="3">
            <st ob="x" eb="" sr="" patterns="S_OB_NEG_AUX_VERB,S_OB_OBS_BEHAVIOR" id="3.1">Actual result: 
Compare with the cookies in Mozilla and Firefox,all the cookies that site name is sun.com can not be migrated.</st>
        </parg>
        <parg ob="" eb="x" sr="" id="4">
            <st ob="" eb="x" sr="" patterns="S_EB_EXP_BEHAVIOR" id="4.1">Expected result: All cookies are be migrated correctly.</st>
        </parg>
    </desc>
</bug>
