<?xml version="1.0" encoding="UTF-8" standalone="yes"?>
<bug no-bug="" comments="">
    <id>377066</id>
    <title ob="" eb="" sr="">GetAnnotationInfo always returns VALUE_TYPE_TEXT as the annotation type</title>
    <desc>
        <parg ob="x" eb="" sr="" id="1">
            <st ob="x" eb="" sr="" patterns="S_OB_ADV_FREQ" id="1.1">GetAnnotationInfo always returns VALUE_TYPE_TEXT as the annotation type.</st>
        </parg>
        <parg ob="" eb="" sr="" id="2">
            <st ob="" eb="" sr="" id="2.1">From bug 376851</st>
            <st ob="" eb="" sr="" id="2.2">+/**</st>
            <st ob="" eb="" sr="" id="2.3">+* XXX: You may think the two methods below are reliable.</st>
            <st ob="" eb="" sr="" id="2.4">+*</st>
            <st ob="" eb="" sr="" id="2.5">+* They simply check the type of the content field, which is always</st>
            <st ob="" eb="" sr="" id="2.6">+* VALUE_TYPE_TEXT, How come you're wondering?</st>
            <st ob="" eb="" sr="" id="2.7">The field is created as</st>
            <st ob="" eb="" sr="" id="2.8">+* LONGVARCHAR, that's how.</st>
            <st ob="" eb="" sr="" id="2.9">See InitTables().</st>
            <st ob="" eb="" sr="" id="2.10">+*</st>
            <st ob="" eb="" sr="" id="2.11">+* The fix would be to add yet another field to the annos table and save the</st>
            <st ob="" eb="" sr="" id="2.12">+* type there.</st>
            <st ob="" eb="" sr="" id="2.13">This isn't a good use of dietrich's time but we don't really</st>
            <st ob="" eb="" sr="" id="2.14">+* have a choice here...</st>
            <st ob="" eb="" sr="" id="2.15">+*/</st>
        </parg>
    </desc>
</bug>
