<?xml version="1.0" encoding="UTF-8" standalone="yes"?>
<bug no-bug="" comments="">
    <id>379552</id>
    <title ob="" eb="" sr="">when I drop a page with no title onto the personal toolbar, we should use the uri as the title</title>
    <desc>
        <parg ob="" eb="x" sr="" id="1">
            <st ob="" eb="x" sr="" patterns="S_EB_SHOULD" id="1.1">when I drop a page with no title until the personal toolbar, we should use the uri as the title</st>
        </parg>
        <parg ob="" eb="" sr="x" patterns="P_SR_LABELED_LIST" id="2">
            <st ob="" eb="" sr="" id="2.1">STR:</st>
            <st ob="" eb="" sr="" id="2.2">1 visit https://bugzilla.mozilla.org/attachment.cgi?id=262682</st>
            <st ob="" eb="" sr="" id="2.3">2 drag the url bar favicon for that title-less page to the personal toolbar</st>
        </parg>
        <parg ob="x" eb="" sr="" patterns="P_OB_OBSERVED_BEHAVIOR_MULTI" id="3">
            <st ob="" eb="" sr="" id="3.1">actual results:</st>
            <st ob="" eb="" sr="" id="3.2">1 empty toolbar bookmark</st>
        </parg>
        <parg ob="" eb="x" sr="" patterns="P_EB_EXP_BEHAVIOR_MULTI" id="4">
            <st ob="" eb="" sr="" id="4.1">expected results:</st>
            <st ob="" eb="" sr="" id="4.2">1 title should be "https://bugzilla.mozilla.org/attachment.cgi?id=262682"</st>
        </parg>
        <parg ob="" eb="" sr="" id="5">
            <st ob="" eb="" sr="" id="5.1">patch coming...</st>
        </parg>
    </desc>
</bug>
