<?xml version="1.0" encoding="UTF-8" standalone="yes"?>
<bug no-bug="" comments="">
    <id>381201</id>
    <title ob="x" eb="" sr="x" patterns="S_OB_NEG_VERB,S_SR_ACTIONS_SEPARATOR">Running gmail - compose mail - attach file/browse - select a file and Mozilla closes</title>
    <desc>
        <parg ob="" eb="" sr="" id="1">
            <st ob="" eb="" sr="" id="1.1">User-Agent:       Mozilla/5.0 (Windows; U; Windows NT 5.1; en-US; rv:1.8.1.3) Gecko/20070309 Firefox/2.0.0.3
Build Identifier: Mozilla/5.0 (Windows; U; Windows NT 5.1; en-US; rv:1.8.1.3) Gecko/20070309 Firefox/2.0.0.3</st>
        </parg>
        <parg ob="" eb="" sr="x" patterns="P_SR_COND_SEQUENCE" id="2">
            <st ob="x" eb="" sr="x" patterns="S_OB_COND_NEG,S_SR_COND_OBS" id="2.1">When select a file to attach to my current gmail message, Mozilla closes immediately with no warning or message.</st>
            <st ob="x" eb="" sr="x" patterns="S_OB_BUT,S_OB_COND_POS,S_SR_COND_OBS" id="2.2">When I bring it back up, it shows the restore session option - everything restores including a draft version of the message I was working on, but try to attach a file and same thing happens.</st>
        </parg>
        <parg ob="" eb="" sr="" id="3">
            <st ob="" eb="" sr="" id="3.1">This was working before, just noticed it happening today.</st>
            <st ob="" eb="" sr="" id="3.2">Sent an attachment on 5/14 with no problem.</st>
        </parg>
        <parg ob="" eb="" sr="" id="4">
            <st ob="" eb="" sr="" id="4.1">Reproducible: Always</st>
        </parg>
        <parg ob="" eb="" sr="" id="5">
            <st ob="" eb="" sr="" id="5.1">Steps to Reproduce:</st>
            <st ob="" eb="" sr="" id="5.2">1</st>
            <st ob="" eb="" sr="" id="5.3">2</st>
            <st ob="" eb="" sr="" id="5.4">3</st>
        </parg>
    </desc>
</bug>
