<?xml version="1.0" encoding="UTF-8" standalone="yes"?>
<bug no-bug="" comments="">
    <id>10045</id>
    <title ob="x" eb="" sr="">bridge IPv6 does not match existing bridge configuration fe80::1</title>
    <desc>
        <parg ob="" eb="" sr="" id="1">
            <st ob="x" eb="" sr="x" id="1.1">ping @MalteJ
Adding --ipv6 when invoking daemon yields:</st>
            <st ob="" eb="" sr="" id="1.2">"FATA[0000] bridge IPv6 does not match existing bridge configuration fe80::1'</st>
        </parg>
        <parg ob="" eb="" sr="" id="2">
            <st ob="" eb="" sr="" id="2.1">My network configuration is:</st>
        </parg>
        <parg ob="" eb="" sr="" id="3">
            <st ob="" eb="" sr="" id="3.1">"' sh
root@emsi-docker:~# ifconfig docker0
docker0 Link encap:Ethernet HWaddr 56:84:7a:fe:97:99
 inet addr:172.17.42.1 Bcast:0.0.0.0 Mask:255.255.0.0
 inet6 addr: fe80::5484:7aff:fefe:9799/64 Scope:Link
 inet6 addr: 2001:db8::1/48 Scope:Global
 UP BROADCAST MULTICAST MTU:1500 Metric:1
 RX packets:77925980 errors:0 dropped:0 overruns:0 frame:0
 TX packets:157133033 errors:0 dropped:0 overruns:0 carrier:0
 collisions:0 txqueuelen:0
 RX bytes:159287511078 (148.3 GiB) TX bytes:165247062972 (153.8 GiB)
"'</st>
        </parg>
        <parg ob="" eb="" sr="" id="4">
            <st ob="" eb="" sr="x" id="4.1">I tried '--fixed-cidr-v6=2001:db8::/64' as well as '--fixed-cidr-v6=fe80::/64'.</st>
        </parg>
    </desc>
</bug>
