<?xml version="1.0" encoding="UTF-8" standalone="yes"?>
<bug no-bug="" comments="">
    <id>10046</id>
    <title ob="x" eb="" sr="">docker exec does not properly add process to cgroups</title>
    <desc>
        <parg ob="" eb="" sr="" id="1">
            <st ob="" eb="" sr="x" id="1.1">reproducing:</st>
        </parg>
        <parg ob="" eb="" sr="" id="2">
            <st ob="" eb="" sr="" id="2.1">'docker exec id cat /proc/self/cgroup'</st>
        </parg>
        <parg ob="" eb="" sr="" id="3">
            <st ob="x" eb="" sr="" id="3.1">Notice the values changing when you run this for many times.</st>
        </parg>
        <parg ob="" eb="" sr="" id="4">
            <st ob="" eb="" sr="" id="4.1">Looking at the code the issue seems to be that when 'nsenter-exec' starts there is a race between the parent adding 'nsenter-exec' to appropriate 'cgroups' and launching the user process.</st>
            <st ob="x" eb="" sr="" id="4.2">Only a subset of 'cgroups' have been added before the fork(at least in my machine).</st>
        </parg>
        <parg ob="" eb="" sr="" id="5">
            <st ob="" eb="" sr="" id="5.1">Any recommendations for the best way of solving this?</st>
        </parg>
        <parg ob="" eb="" sr="" id="6">
            <st ob="" eb="" sr="" id="6.1">/cc @crosbymichael</st>
        </parg>
        <parg ob="" eb="" sr="" id="7">
            <st ob="" eb="" sr="" id="7.1">"'</st>
            <st ob="" eb="" sr="" id="7.2">&gt; docker version</st>
            <st ob="" eb="" sr="" id="7.3">Client version: 1.4.1-dev</st>
            <st ob="" eb="" sr="" id="7.4">Client API version: 1.16</st>
            <st ob="" eb="" sr="" id="7.5">Go version (client): go1.4</st>
            <st ob="" eb="" sr="" id="7.6">Git commit (client): 43c5038</st>
            <st ob="" eb="" sr="" id="7.7">OS/Arch (client): linux/amd64</st>
            <st ob="" eb="" sr="" id="7.8">Server version: 1.4.1-dev</st>
            <st ob="" eb="" sr="" id="7.9">Server API version: 1.16</st>
            <st ob="" eb="" sr="" id="7.10">Go version (server): go1.4</st>
            <st ob="" eb="" sr="" id="7.11">Git commit (server): 43c5038</st>
            <st ob="" eb="" sr="" id="7.12">&gt; docker info</st>
            <st ob="" eb="" sr="" id="7.13">Containers: 7</st>
            <st ob="" eb="" sr="" id="7.14">Images: 19</st>
            <st ob="" eb="" sr="" id="7.15">Storage Driver: aufs</st>
            <st ob="" eb="" sr="" id="7.16"> Root Dir: /home/vagrant/docker-dev-aufs/aufs</st>
            <st ob="" eb="" sr="" id="7.17"> Dirs: 33</st>
            <st ob="" eb="" sr="" id="7.18">Execution Driver: native-0.2</st>
            <st ob="" eb="" sr="" id="7.19">Kernel Version: 3.16.0-25-generic</st>
            <st ob="" eb="" sr="" id="7.20">Operating System: Ubuntu 14.04.1 LTS</st>
            <st ob="" eb="" sr="" id="7.21">CPUs: 4</st>
            <st ob="" eb="" sr="" id="7.22">Total Memory: 993.4 MiB</st>
            <st ob="" eb="" sr="" id="7.23">Name: docker-vagrant</st>
            <st ob="" eb="" sr="" id="7.24">ID: QFMK:3C7H:CQ7V:ETRJ:ZK6G:Q366:ORM5:XQ4I:7RLY:M7B3:UXE3:LEQK</st>
            <st ob="" eb="" sr="" id="7.25">Debug mode (server): true</st>
            <st ob="" eb="" sr="" id="7.26">Debug mode (client): false</st>
            <st ob="" eb="" sr="" id="7.27">Fds: 30</st>
            <st ob="" eb="" sr="" id="7.28">Goroutines: 37</st>
            <st ob="" eb="" sr="" id="7.29">EventsListeners: 0</st>
            <st ob="" eb="" sr="" id="7.30">Init Path: /home/vagrant/bundles/338/1.4.1-dev/binary/docker</st>
            <st ob="" eb="" sr="" id="7.31">Docker Root Dir: /home/vagrant/docker-dev-aufs</st>
            <st ob="" eb="" sr="" id="7.32">"'</st>
        </parg>
    </desc>
</bug>
