<?xml version="1.0" encoding="UTF-8" standalone="yes"?>
<bug no-bug="" comments="">
    <id>10166</id>
    <title ob="x" eb="" sr="">Docker dosen't log exec commands.</title>
    <desc>
        <parg ob="" eb="" sr="" id="1">
            <st ob="" eb="" sr="x" id="1.1">## Step 1: Using ```docker exec``` to login a container and execute some commands</st>
            <st ob="" eb="" sr="" id="1.2">```</st>
            <st ob="" eb="" sr="" id="1.3">~/learn/docker » docker exec -it Easons.Debian su - e</st>
            <st ob="" eb="" sr="" id="1.4">e@eba14468301a:~$ la</st>
            <st ob="" eb="" sr="" id="1.5">total 32</st>
            <st ob="" eb="" sr="" id="1.6">drwxr-xr-x 3 e sudo 4096 Jan 18 09:21 .</st>
            <st ob="" eb="" sr="" id="1.7">drwxr-xr-x 4 root root 4096 Jan 18 08:49 .</st>
            <st ob="" eb="" sr="" id="1.8">.</st>
            <st ob="" eb="" sr="" id="1.9">-rw------- 1 e sudo 524 Jan 18 09:16 .</st>
            <st ob="" eb="" sr="" id="1.10">bash_history</st>
            <st ob="" eb="" sr="" id="1.11">-rw-r--r-- 1 e sudo 95 Jan 18 09:06 .</st>
            <st ob="" eb="" sr="" id="1.12">bash_profile</st>
            <st ob="" eb="" sr="" id="1.13">-rw------- 1 e sudo 1816 Jan 18 09:16 .</st>
            <st ob="" eb="" sr="" id="1.14">viminfo</st>
            <st ob="" eb="" sr="" id="1.15">-rw-r--r-- 1 e sudo 8 Jan 18 09:16 b</st>
            <st ob="" eb="" sr="" id="1.16">drwxr-xr-x 2 e sudo 4096 Jan 18 08:59 eason</st>
            <st ob="" eb="" sr="" id="1.17">-rw-r--r-- 1 e sudo 20 Jan 13 09:24 love.log</st>
            <st ob="" eb="" sr="" id="1.18">-rw-r--r-- 1 e sudo 0 Jan 18 09:21 test.log</st>
            <st ob="" eb="" sr="" id="1.19">e@eba14468301a:~$ vim test.log</st>
            <st ob="" eb="" sr="" id="1.20">e@eba14468301a:~$ ll</st>
            <st ob="" eb="" sr="" id="1.21">total 16</st>
            <st ob="" eb="" sr="" id="1.22">-rw-r--r-- 1 e sudo 8 Jan 18 09:16 b</st>
            <st ob="" eb="" sr="" id="1.23">drwxr-xr-x 2 e sudo 4096 Jan 18 08:59 eason</st>
            <st ob="" eb="" sr="" id="1.24">-rw-r--r-- 1 e sudo 20 Jan 13 09:24 love.log</st>
            <st ob="" eb="" sr="" id="1.25">-rw-r--r-- 1 e sudo 41 Jan 18 09:48 test.log</st>
            <st ob="" eb="" sr="" id="1.26">e@eba14468301a:~$ exit</st>
            <st ob="" eb="" sr="" id="1.27">logout</st>
            <st ob="" eb="" sr="" id="1.28">------------------------------------------------------------</st>
            <st ob="" eb="" sr="" id="1.29">~/learn/docker »</st>
            <st ob="" eb="" sr="" id="1.30">```</st>
            <st ob="x" eb="" sr="x" id="1.31">## Step 2: Using ```docker logs``` to show the above logs, but **nothing** found.</st>
            <st ob="" eb="" sr="" id="1.32">### **Thus I think it may be a bug of docker that should be confirmed.</st>
            <st ob="" eb="" sr="" id="1.33">**</st>
            <st ob="x" eb="" sr="" id="1.34">(NOTE: Following logs were logged by ```docker attach``` commands, but NOT by ```docker exec```)</st>
            <st ob="" eb="" sr="" id="1.35">```</st>
            <st ob="" eb="" sr="" id="1.36">~/learn/docker » docker logs Easons.Debian</st>
            <st ob="" eb="" sr="" id="1.37">...</st>
            <st ob="" eb="" sr="" id="1.38">root@eba14468301a:/# whoami</st>
            <st ob="" eb="" sr="" id="1.39">root</st>
            <st ob="" eb="" sr="" id="1.40">root@eba14468301a:/# pwd</st>
            <st ob="" eb="" sr="" id="1.41">/</st>
            <st ob="" eb="" sr="" id="1.42">------------------------------------------------------------</st>
            <st ob="" eb="" sr="" id="1.43">~/learn/docker » 0;95;c0;95;c0;95;c0;95;c0;95;c</st>
            <st ob="" eb="" sr="" id="1.44">```</st>
            <st ob="" eb="" sr="" id="1.45">## My docker version info</st>
            <st ob="" eb="" sr="" id="1.46">```</st>
            <st ob="" eb="" sr="" id="1.47">~/learn/docker » boot2docker version taoheming@Eason</st>
            <st ob="" eb="" sr="" id="1.48">Boot2Docker-cli version: v1.4.1</st>
            <st ob="" eb="" sr="" id="1.49">Git commit: 43241cb</st>
            <st ob="" eb="" sr="" id="1.50">------------------------------------------------------------</st>
            <st ob="" eb="" sr="" id="1.51">~/learn/docker » docker version</st>
            <st ob="" eb="" sr="" id="1.52">Client version: 1.4.1</st>
            <st ob="" eb="" sr="" id="1.53">Client API version: 1.16</st>
            <st ob="" eb="" sr="" id="1.54">Go version (client): go1.4</st>
            <st ob="" eb="" sr="" id="1.55">Git commit (client): 5bc2ff8</st>
            <st ob="" eb="" sr="" id="1.56">OS/Arch (client): darwin/amd64</st>
            <st ob="" eb="" sr="" id="1.57">Server version: 1.4.1</st>
            <st ob="" eb="" sr="" id="1.58">Server API version: 1.16</st>
            <st ob="" eb="" sr="" id="1.59">Go version (server): go1.3.3</st>
            <st ob="" eb="" sr="" id="1.60">Git commit (server): 5bc2ff8</st>
            <st ob="" eb="" sr="" id="1.61">------------------------------------------------------------</st>
            <st ob="" eb="" sr="" id="1.62">```</st>
            <st ob="" eb="" sr="" id="1.63">## My docker container and image info</st>
            <st ob="" eb="" sr="" id="1.64">```</st>
            <st ob="" eb="" sr="" id="1.65">~/learn/docker » docker ps -a | grep Easons.Debian</st>
            <st ob="" eb="" sr="" id="1.66">eba14468301a eason/debian:debian_with_e "/bin/bash" 2 hours ago Up 2 hours Easons.Debian</st>
            <st ob="" eb="" sr="" id="1.67">------------------------------------------------------------</st>
            <st ob="" eb="" sr="" id="1.68">~/learn/docker » docker history eason/debian:debian_with_e</st>
            <st ob="" eb="" sr="" id="1.69">IMAGE CREATED CREATED BY SIZE</st>
            <st ob="" eb="" sr="" id="1.70">9c2d9d50db1d 5 days ago /bin/bash 328.8 kB</st>
            <st ob="" eb="" sr="" id="1.71">479215127fa7 2 weeks ago /bin/sh -c #(nop) CMD [/bin/bash] 0 B</st>
            <st ob="" eb="" sr="" id="1.72">1aeada447715 2 weeks ago /bin/sh -c #(nop) ADD file:953478996ebb6e3453 84.99 MB</st>
            <st ob="" eb="" sr="" id="1.73">511136ea3c5a 19 months ago 0 B</st>
            <st ob="" eb="" sr="" id="1.74">------------------------------------------------------------</st>
            <st ob="" eb="" sr="" id="1.75">~/learn/docker » docker images</st>
            <st ob="" eb="" sr="" id="1.76">REPOSITORY TAG IMAGE ID CREATED VIRTUAL SIZE</st>
            <st ob="" eb="" sr="" id="1.77">vitess/root latest e848ca8ec47d 2 days ago 1.231 GB</st>
            <st ob="" eb="" sr="" id="1.78">eason/debian debian_with_e 9c2d9d50db1d 5 days ago 85.32 MB</st>
            <st ob="" eb="" sr="" id="1.79">mysql latest 310c359af360 8 days ago 282.6 MB</st>
            <st ob="" eb="" sr="" id="1.80">golang 1.3-wheezy ce4f6aeb7d00 2 weeks ago 374.1 MB</st>
            <st ob="" eb="" sr="" id="1.81">debian latest 479215127fa7 2 weeks ago 84.99 MB</st>
            <st ob="" eb="" sr="" id="1.82">ubuntu latest 8eaa4ff06b53 2 weeks ago 188.3 MB</st>
            <st ob="" eb="" sr="" id="1.83">hello-world latest e45a5af57b00 2 weeks ago 910 B</st>
            <st ob="" eb="" sr="" id="1.84">dockerfiles/django-uwsgi-nginx latest 184bcb8fc8d3 13 months ago 925.5 MB</st>
            <st ob="" eb="" sr="" id="1.85">------------------------------------------------------------</st>
            <st ob="" eb="" sr="" id="1.86">```</st>
        </parg>
    </desc>
</bug>
