<?xml version="1.0" encoding="UTF-8" standalone="yes"?>
<bug no-bug="" comments="">
    <id>10258</id>
    <title ob="x" eb="" sr="">Docker push in v1.4.1 doesn't work against private registry running behind nginx ssl proxy (with suggested config)</title>
    <desc>
        <parg ob="" eb="" sr="" id="1">
            <st ob="x" eb="" sr="" id="1.1">When pushing against a private registry (running v0.9.1), it fails with the following message:</st>
        </parg>
        <parg ob="" eb="" sr="" id="2">
            <st ob="" eb="" sr="" id="2.1">```shell
FATA[0051] mux: variable "hcg-uwsgi" doesn't match, expected "^(?</st>
            <st ob="" eb="" sr="" id="2.2">:[a-z0-9]+(?</st>
            <st ob="" eb="" sr="" id="2.3">:[.</st>
            <st ob="" eb="" sr="" id="2.4">_-][a-z0-9]+)*/){1,4}[a-z0-9]+(?</st>
            <st ob="" eb="" sr="" id="2.5">:[.</st>
            <st ob="" eb="" sr="" id="2.6">_-][a-z0-9]+)*$" 
```</st>
        </parg>
        <parg ob="" eb="" sr="" id="3">
            <st ob="" eb="" sr="x" id="3.1">commands run:</st>
            <st ob="" eb="" sr="" id="3.2">```shell
docker tag hcg-uwsgi docker.example.com/hcg-uwsgi:latest
docker --debug=true push docker.example.com/hcg-uwsgi
````</st>
        </parg>
        <parg ob="" eb="" sr="" id="4">
            <st ob="" eb="" sr="" id="4.1">The reason is because v1.4.1 attempts to hit ``https://docker.example.com/v2/``.</st>
            <st ob="x" eb="" sr="" id="4.2">With the suggested nginx config (https://github.com/docker/docker-registry/blob/f96d5ec35a797953cee18a35410e5c0cd5394e56/contrib/nginx/nginx_1-3-9.conf#L30), this returns a 401 (unauthorized).</st>
        </parg>
        <parg ob="" eb="" sr="" id="5">
            <st ob="x" eb="" sr="" id="5.1">Forcing a 404 for the ``/v2/`` url makes docker v1.4.1 fallback to the ``/v1/`` restful endpoint, and everything works great.</st>
        </parg>
        <parg ob="" eb="" sr="" id="6">
            <st ob="" eb="" sr="x" id="6.1">Example:</st>
            <st ob="" eb="" sr="" id="6.2">```nginx
 location /v2/ {
 auth_basic off;
 return 404;
 }
```</st>
        </parg>
        <parg ob="" eb="" sr="" id="7">
            <st ob="" eb="" sr="" id="7.1">Output of ``docker info``:</st>
        </parg>
        <parg ob="" eb="" sr="" id="8">
            <st ob="" eb="" sr="" id="8.1">```shell</st>
            <st ob="" eb="" sr="" id="8.2">Containers: 22</st>
            <st ob="" eb="" sr="" id="8.3">Images: 120</st>
            <st ob="" eb="" sr="" id="8.4">Storage Driver: devicemapper</st>
            <st ob="" eb="" sr="" id="8.5"> Pool Name: docker-253:0-1194892-pool</st>
            <st ob="" eb="" sr="" id="8.6"> Pool Blocksize: 65.54 kB</st>
            <st ob="" eb="" sr="" id="8.7"> Backing Filesystem: extfs</st>
            <st ob="" eb="" sr="" id="8.8"> Data file: /dev/loop0</st>
            <st ob="" eb="" sr="" id="8.9"> Metadata file: /dev/loop1</st>
            <st ob="" eb="" sr="" id="8.10"> Data Space Used: 4.443 GB</st>
            <st ob="" eb="" sr="" id="8.11"> Data Space Total: 107.4 GB</st>
            <st ob="" eb="" sr="" id="8.12"> Metadata Space Used: 7.512 MB</st>
            <st ob="" eb="" sr="" id="8.13"> Metadata Space Total: 2.147 GB</st>
            <st ob="" eb="" sr="" id="8.14"> Udev Sync Supported: false</st>
            <st ob="" eb="" sr="" id="8.15"> Data loop file: /var/lib/docker/devicemapper/devicemapper/data</st>
            <st ob="" eb="" sr="" id="8.16"> Metadata loop file: /var/lib/docker/devicemapper/devicemapper/metadata</st>
            <st ob="" eb="" sr="" id="8.17"> Library Version: 1.02.82-git (2013-10-04)</st>
            <st ob="" eb="" sr="" id="8.18">Execution Driver: native-0.2</st>
            <st ob="" eb="" sr="" id="8.19">Kernel Version: 3.16.3-200.fc20.x86_64</st>
            <st ob="" eb="" sr="" id="8.20">Operating System: Fedora 20 (Heisenbug)</st>
            <st ob="" eb="" sr="" id="8.21">CPUs: 2</st>
            <st ob="" eb="" sr="" id="8.22">Total Memory: 1.955 GiB</st>
            <st ob="" eb="" sr="" id="8.23">Name: &lt;redacted&gt;</st>
            <st ob="" eb="" sr="" id="8.24">ID: &lt;redacted&gt;</st>
            <st ob="" eb="" sr="" id="8.25">```</st>
        </parg>
    </desc>
</bug>
