<?xml version="1.0" encoding="UTF-8" standalone="yes"?>
<bug no-bug="" comments="">
    <id>10270</id>
    <title ob="x" eb="" sr="">outbound connections with dest. port &gt;= 10000 not NATed - caused by raw table rules</title>
    <desc>
        <parg ob="" eb="" sr="" id="1">
            <st ob="" eb="" sr="" id="1.1">Hi,</st>
        </parg>
        <parg ob="" eb="" sr="" id="2">
            <st ob="" eb="" sr="" id="2.1">we're running docker 1.4.1 on ubuntu 14.04 / 3.13.0-24.</st>
            <st ob="x" eb="" sr="" id="2.2">We realized that some outgoing connection from a specific container weren't working.</st>
            <st ob="x" eb="" sr="" id="2.3">Doing some tcpdump we realized that the containers internal IP wasn't NATed.</st>
            <st ob="" eb="" sr="x" id="2.4">This is a tcpdump snippet from our gateways (aka on a remote host):</st>
            <st ob="" eb="" sr="" id="2.5">```
$ sudo tcpdump -i int port 10424
tcpdump: verbose output suppressed, use -v or -vv for full protocol decode
listening on int, link-type EN10MB (Ethernet), capture size 65535 bytes
10:06:34.588666 IP 172.17.0.10.50510 &gt; ec2-X-X-X-X.</st>
            <st ob="" eb="" sr="" id="2.6">compute-1.</st>
            <st ob="" eb="" sr="" id="2.7">amazonaws.com.10424: Flags [S], seq 3627183883, win 2920ackOK,TS val 66423520 ecr 0,nop,wscale 7], length 0
```</st>
        </parg>
        <parg ob="" eb="" sr="" id="3">
            <st ob="x" eb="" sr="" id="3.1">Trying different IPs and ports showed that all connections to ports &gt;= 10000 aren't getting NATed:</st>
            <st ob="" eb="" sr="" id="3.2">```</st>
            <st ob="" eb="" sr="" id="3.3">$ sudo tcpdump -i int port 10000</st>
            <st ob="" eb="" sr="" id="3.4">tcpdump: verbose output suppressed, use -v or -vv for full protocol decode</st>
            <st ob="" eb="" sr="" id="3.5">listening on int, link-type EN10MB (Ethernet), capture size 65535 bytes</st>
            <st ob="" eb="" sr="" id="3.6">10:52:26.664511 IP 172.17.0.10.57974 &gt; ec2-X-X-X-X.compute-1.amazonaws.com.webmin: Flags [S], seq 1499431095, win 29200, options [mss 1460,sackOK,TS val 67111539 ecr 0,nop,wscale 7], length 0</st>
            <st ob="" eb="" sr="" id="3.7">$ sudo tcpdump -i int port 9999</st>
            <st ob="" eb="" sr="" id="3.8">tcpdump: verbose output suppressed, use -v or -vv for full protocol decode</st>
            <st ob="" eb="" sr="" id="3.9">listening on int, link-type EN10MB (Ethernet), capture size 65535 bytes</st>
            <st ob="" eb="" sr="" id="3.10">10:52:41.032352 IP 192.168.100.80.59529 &gt; ec2-X-X-X-X.compute-1.amazonaws.com.9999: Flags [S], seq 677986983, win 29200, options [mss 1460,sackOK,TS val 67115131 ecr 0,nop,wscale 7], length 0</st>
            <st ob="" eb="" sr="" id="3.11">```</st>
        </parg>
        <parg ob="" eb="" sr="" id="4">
            <st ob="x" eb="" sr="" id="4.1">This is the same behavior for existing containers (by using docker exec to test connections) as well as for new containers but only on this specific Docker host.</st>
            <st ob="" eb="" sr="" id="4.2">On a freshly started Docker daemon, I can't reproduce this behavior.</st>
            <st ob="" eb="" sr="" id="4.3">Before we observed this issue the first time, we had to restart Docker because a container couldn't be stopped without that (probably #5938).</st>
            <st ob="" eb="" sr="" id="4.4">This might be how the host got into this state.</st>
            <st ob="" eb="" sr="" id="4.5">Here is a the log parts when we restarted Docker: https://gist.github.com/discordianfish/8e124494d75d3e23a93a</st>
        </parg>
        <parg ob="" eb="" sr="" id="5">
            <st ob="" eb="" sr="" id="5.1">iptables looks correctly to me:
```
$ sudo iptables -t nat -L
Chain PREROUTING (policy ACCEPT)
target prot opt source destination 
DOCKER all -- anywhere anywhere ADDRTYPE match dst-type LOCAL</st>
        </parg>
        <parg ob="" eb="" sr="" id="6">
            <st ob="" eb="" sr="" id="6.1">Chain INPUT (policy ACCEPT)
target prot opt source destination</st>
        </parg>
        <parg ob="" eb="" sr="" id="7">
            <st ob="" eb="" sr="" id="7.1">Chain OUTPUT (policy ACCEPT)
target prot opt source destination 
DOCKER all -- anywhere !</st>
            <st ob="" eb="" sr="" id="7.2">127.0.0.0/8 ADDRTYPE match dst-type LOCAL</st>
        </parg>
        <parg ob="" eb="" sr="" id="8">
            <st ob="" eb="" sr="" id="8.1">Chain POSTROUTING (policy ACCEPT)
target prot opt source destination 
MASQUERADE all -- 172.17.0.0/16 anywhere</st>
        </parg>
        <parg ob="" eb="" sr="" id="9">
            <st ob="" eb="" sr="" id="9.1">Chain DOCKER (2 references)
target prot opt source destination 
DNAT tcp -- anywhere anywhere tcp dpt:6379 to:172.17.0.3:6379
DNAT tcp -- anywhere 192.168.100.80 tcp dpt:9088 to:172.17.0.5:8080
DNAT tcp -- anywhere anywhere tcp dpt:15672 to:172.17.0.6:15672
DNAT tcp -- anywhere anywhere tcp dpt:amqp to:172.17.0.6:5672
DNAT tcp -- anywhere anywhere tcp dpt:3000 to:172.17.0.8:3000
```</st>
        </parg>
    </desc>
</bug>
