<?xml version="1.0" encoding="UTF-8" standalone="yes"?>
<bug no-bug="" comments="">
    <id>10303</id>
    <title ob="x" eb="" sr="">Using a --pid=host container results in unstoppable container</title>
    <desc>
        <parg ob="" eb="" sr="" id="1">
            <st ob="" eb="" sr="" id="1.1">I have been working on a OpenStack Nova compute node container set.</st>
            <st ob="" eb="" sr="" id="1.2">It involves at the moment a nova-network container, and a nova-compute container.</st>
            <st ob="" eb="" sr="" id="1.3">The nova-compute container runs libvirt and nova-compute.</st>
            <st ob="" eb="" sr="" id="1.4">I probably will split these into separate containers at some point, if that would work.</st>
        </parg>
        <parg ob="" eb="" sr="" id="2">
            <st ob="x" eb="" sr="" id="2.1">I recently introduced the --pid=host flag to my start script for docker and it results in an unkillable container.</st>
            <st ob="x" eb="" sr="" id="2.2">docker stop blocks permanently.</st>
            <st ob="x" eb="" sr="x" id="2.3">pressing ctrl-c on the docker cli process and running docker stop again result in errors about processes not found.</st>
        </parg>
        <parg ob="" eb="" sr="" id="3">
            <st ob="x" eb="" sr="" id="3.1">The worst part is processes in the original container are leaked into the operating system permanently.</st>
        </parg>
        <parg ob="" eb="" sr="" id="4">
            <st ob="" eb="" sr="" id="4.1">To run this container for debugging, it is necessary to stop libvirt in your host OS (because the container will want to run libvirt in your host OS).</st>
        </parg>
        <parg ob="" eb="" sr="" id="5">
            <st ob="" eb="" sr="" id="5.1">The start command is here:</st>
            <st ob="" eb="" sr="" id="5.2">https://github.com/sdake/compute-upgrade/blob/master/tools/start-compute#L29</st>
        </parg>
    </desc>
</bug>
