<?xml version="1.0" encoding="UTF-8" standalone="yes"?>
<bug no-bug="" comments="">
    <id>10405</id>
    <title ob="x" eb="" sr="">Volumes broken in recent version</title>
    <desc>
        <parg ob="" eb="" sr="" id="1">
            <st ob="" eb="" sr="" id="1.1">This issue is causing SERIOUS PRODUCTION PROBLEMS in those systems that have upgraded their docker versions.</st>
        </parg>
        <parg ob="" eb="" sr="" id="2">
            <st ob="x" eb="" sr="" id="2.1">We have a /scratch volume that gets mounted on our docker instances; all of a sudden, it's not getting mounted!</st>
            <st ob="x" eb="" sr="" id="2.2">This failure is completely silent as far as I can tell!</st>
        </parg>
        <parg ob="" eb="" sr="" id="3">
            <st ob="" eb="" sr="" id="3.1">Before: https://gist.github.com/rlpowell/12a69e64c83ca933e09f</st>
        </parg>
        <parg ob="" eb="" sr="" id="4">
            <st ob="" eb="" sr="" id="4.1">After: https://gist.github.com/rlpowell/7d4f655de774655d0206</st>
        </parg>
        <parg ob="" eb="" sr="" id="5">
            <st ob="" eb="" sr="" id="5.1">I'm still narrowing down exactly what version this happened in.</st>
            <st ob="" eb="" sr="" id="5.2">I have no idea how to work around it.</st>
        </parg>
    </desc>
</bug>
