<?xml version="1.0" encoding="UTF-8" standalone="yes"?>
<bug no-bug="" comments="">
    <id>10668</id>
    <title ob="x" eb="" sr="">Exec format error : Cannot start container &lt;id&gt; : exec format error </title>
    <desc>
        <parg ob="" eb="" sr="" id="1">
            <st ob="" eb="" sr="x" id="1.1">Build an image where you add a boostrap.sh starting with # which will be run when the container starts.</st>
        </parg>
        <parg ob="" eb="" sr="" id="2">
            <st ob="x" eb="" sr="" id="2.1">When docker run, it will produce the following error</st>
            <st ob="" eb="" sr="" id="2.2">exec format errorFATA[0000] Error response from daemon: Cannot start container d51c63c1ab2c9d8906aa7a6d427d9f41df8303ffe88b234bab82c9cb983f2f64: exec format error</st>
        </parg>
        <parg ob="" eb="" sr="" id="3">
            <st ob="" eb="" sr="" id="3.1">Dockerfile</st>
        </parg>
        <parg ob="" eb="" sr="" id="4">
            <st ob="" eb="" sr="" id="4.1">"' Dockerfile
FROM centos:6.6
MAINTAINER Luciano Resende
USER root
ADD bootstrap.sh /etc/bootstrap.sh
RUN chown root:root /etc/bootstrap.sh
RUN chmod 700 /etc/bootstrap.sh
ENV BOOTSTRAP /etc/bootstrap.sh
CMD ["/etc/bootstrap.sh", "-bash"]
"'</st>
        </parg>
        <parg ob="" eb="" sr="" id="5">
            <st ob="" eb="" sr="" id="5.1">Bootstrap.sh</st>
        </parg>
        <parg ob="" eb="" sr="" id="6">
            <st ob="" eb="" sr="" id="6.1">"' bash</st>
            <st ob="" eb="" sr="" id="6.2">#-------------------------------------------------------------</st>
            <st ob="" eb="" sr="" id="6.3"># xxxx</st>
            <st ob="" eb="" sr="" id="6.4"># xxxx</st>
            <st ob="" eb="" sr="" id="6.5"># xxxx</st>
            <st ob="" eb="" sr="" id="6.6"># xxxx</st>
            <st ob="" eb="" sr="" id="6.7"># xxxx</st>
            <st ob="" eb="" sr="" id="6.8"># xxx</st>
            <st ob="" eb="" sr="" id="6.9">#-------------------------------------------------------------</st>
        </parg>
        <parg ob="" eb="" sr="" id="7">
            <st ob="" eb="" sr="" id="7.1">#!</st>
            <st ob="" eb="" sr="" id="7.2">/usr/bin/env bash
if [[ $1 = "-d" ]]; then
 while true; do sleep 1000; done
fi
if [[ $1 = "-bash" ]]; then
 /bin/bash
fi
"'</st>
        </parg>
        <parg ob="" eb="" sr="" id="8">
            <st ob="" eb="" sr="" id="8.1">I tested by removing the comments from boostrap.sh and rebuilding it and then the image starts working ok again.</st>
        </parg>
    </desc>
</bug>
