<?xml version="1.0" encoding="UTF-8" standalone="yes"?>
<bug no-bug="" comments="">
    <id>10667</id>
    <title ob="x" eb="" sr="">Markdown syntax problems in manpages</title>
    <desc>
        <parg ob="" eb="" sr="" id="1">
            <st ob="x" eb="" sr="" id="1.1">There are errors in the manpages because parameters in angle brackets aren't included in 'md2man' output.</st>
            <st ob="x" eb="" sr="" id="1.2">For [example](https://github.com/docker/docker/blame/master/docs/man/Dockerfile.5.md#L137),</st>
            <st ob="x" eb="" sr="" id="1.3">"'</st>
            <st ob="x" eb="" sr="" id="1.4">**ADD ["&lt;src&gt;"... "&lt;dest&gt;"]** This form is required for paths containing whitespace.</st>
            <st ob="x" eb="" sr="" id="1.5">"'</st>
            <st ob="x" eb="" sr="" id="1.6">renders as</st>
            <st ob="x" eb="" sr="" id="1.7">"'
ADD [""... ""] This form is required for paths containing whitespace.
"'</st>
        </parg>
        <parg ob="" eb="" sr="" id="2">
            <st ob="x" eb="" sr="" id="2.1">Note the missing '&lt;src&gt;' and '&lt;dest&gt;'.</st>
            <st ob="x" eb="" sr="" id="2.2">This can also be seen in GitHub's rendering of the text:</st>
        </parg>
        <parg ob="" eb="" sr="" id="3">
            <st ob="" eb="" sr="" id="3.1">**ADD ["&lt;src&gt;"... "&lt;dest&gt;"]** This form is required for paths containing whitespace.</st>
        </parg>
        <parg ob="" eb="" sr="" id="4">
            <st ob="" eb="" sr="" id="4.1">---</st>
        </parg>
        <parg ob="" eb="" sr="" id="5">
            <st ob="x" eb="" sr="" id="5.1">**PROBLEM**: man docs are often imporoperly formatted, using quotes or bolds when code blocks/segments are required</st>
        </parg>
        <parg ob="" eb="" sr="" id="6">
            <st ob="" eb="" sr="" id="6.1">**PROPOSED SOLUTION**: man docs should be updated to use appropriate backticks for either inline or blocked code.</st>
            <st ob="" eb="" sr="" id="6.2">The 'dockerfile.5.</st>
            <st ob="" eb="" sr="" id="6.3">md' has already been gone through, but wouldn't hurt another set of eyes.</st>
        </parg>
    </desc>
</bug>
