<?xml version="1.0" encoding="UTF-8" standalone="yes"?>
<bug no-bug="" comments="">
    <id>10714</id>
    <title ob="" eb="" sr="">Volume mounted :ro loses restriction when crossing a host mount point?</title>
    <desc>
        <parg ob="" eb="" sr="" id="1">
            <st ob="x" eb="" sr="" id="1.1">Mapping a host volume ro, where host has mounts within the
mapped path, the ro restriction is not applied once the hosts mount-point is crossed from within the container, as demonstrated when I thought I might map my entire host read-only:</st>
        </parg>
        <parg ob="" eb="" sr="" id="2">
            <st ob="" eb="" sr="" id="2.1">Host:
Filesystem 1K-blocks Used Available Use% Mounted on
/dev/sda3 460030500 307655252 152375248 67% /
tmpfs 8220152 536 8219616 1% /tmp</st>
        </parg>
        <parg ob="" eb="" sr="" id="3">
            <st ob="" eb="" sr="" id="3.1">docker run -it -v /:/host:ro ubuntu bash</st>
            <st ob="" eb="" sr="" id="3.2">root@62b3edab74c6:/# touch /host/#asdf</st>
            <st ob="" eb="" sr="" id="3.3">touch: cannot touch '/host/#asdf': Read-only file system</st>
            <st ob="" eb="" sr="" id="3.4">root@62b3edab74c6:/# touch /host/tmp/#asdf</st>
            <st ob="" eb="" sr="" id="3.5">root@62b3edab74c6:/# ls -l !</st>
            <st ob="" eb="" sr="" id="3.6">$</st>
            <st ob="" eb="" sr="" id="3.7">ls -l /host/tmp/#asdf</st>
            <st ob="" eb="" sr="" id="3.8">-rw-r--r-- 1 root root 0 Feb 11 21:50 /host/tmp/#asdf</st>
        </parg>
    </desc>
</bug>
