<?xml version="1.0" encoding="UTF-8" standalone="yes"?>
<bug no-bug="" comments="">
    <id>10789</id>
    <title ob="x" eb="" sr="">Unable to pull public image from Docker hub</title>
    <desc>
        <parg ob="" eb="" sr="" id="1">
            <st ob="" eb="" sr="" id="1.1">I have 3 public docker images in [Docker Hub](https://hub.docker.com/u/knodir/).</st>
            <st ob="x" eb="" sr="" id="1.2">One of them 'knodir/click' does not show up when I do 'sudo docker images search' on my local Ubuntu 14.04 machine, while two others show up.</st>
            <st ob="x" eb="" sr="" id="1.3">I can't pull that image either.</st>
            <st ob="x" eb="" sr="x" id="1.4">When I do 'sudo docker pull knodir/click' it gives error 'FATA[0000] Tag lastest not found in repository knodir/click'.</st>
            <st ob="" eb="" sr="" id="1.5">Is this a bug of Docker Hub?</st>
        </parg>
    </desc>
</bug>
