<?xml version="1.0" encoding="UTF-8" standalone="yes"?>
<bug no-bug="" comments="">
    <id>10812</id>
    <title ob="" eb="x" sr="">Different IPs for docker registry should be tried if available</title>
    <desc>
        <parg ob="" eb="" sr="" id="1">
            <st ob="" eb="" sr="" id="1.1">See the second problem from https://github.com/docker/docker/issues/10614#issuecomment-74160895.</st>
        </parg>
        <parg ob="" eb="" sr="" id="2">
            <st ob="x" eb="" sr="" id="2.1">Currently only the first one is used.</st>
            <st ob="x" eb="" sr="" id="2.2">If node that owns the first IP dies, then registry looks unavailable for docker server, even if there are more alive nodes.</st>
        </parg>
        <parg ob="" eb="" sr="" id="3">
            <st ob="" eb="" sr="" id="3.1">See https://github.com/bobrik/buzzer for an example.</st>
        </parg>
    </desc>
</bug>
