<?xml version="1.0" encoding="UTF-8" standalone="yes"?>
<bug no-bug="" comments="">
    <id>10855</id>
    <title ob="x" eb="" sr="">Documentation seems to provide an incorrect example on adding hosts file entry for docker host</title>
    <desc>
        <parg ob="" eb="" sr="" id="1">
            <st ob="" eb="" sr="x" id="1.1">An example is provided on this page</st>
        </parg>
        <parg ob="" eb="" sr="" id="2">
            <st ob="" eb="" sr="" id="2.1">https://docs.docker.com/reference/commandline/cli/#adding-entries-to-a-container-hosts-file</st>
        </parg>
        <parg ob="" eb="" sr="" id="3">
            <st ob="" eb="" sr="" id="3.1">...detailing how to add an entry in the docker container's hosts file to the docker host.</st>
        </parg>
        <parg ob="" eb="" sr="" id="4">
            <st ob="x" eb="" sr="" id="4.1">As far as I can see this actually injects the ip of the default gateway on the parent host which doesn't help.</st>
        </parg>
        <parg ob="" eb="" sr="" id="5">
            <st ob="" eb="" sr="" id="5.1">Perhaps a better example would be to inject the ip of the docker0 interface as follows:</st>
        </parg>
        <parg ob="" eb="" sr="" id="6">
            <st ob="" eb="" sr="" id="6.1">$ docker run --add-host=docker:'ip route show | grep docker0 | awk '{print \$9}'' --rm -it debian</st>
        </parg>
    </desc>
</bug>
