<?xml version="1.0" encoding="UTF-8" standalone="yes"?>
<bug no-bug="" comments="">
    <id>11285</id>
    <title ob="x" eb="" sr="">docker load clobbers the name of the existing image</title>
    <desc>
        <parg ob="" eb="" sr="" id="1">
            <st ob="" eb="" sr="" id="1.1">Description of problem:.</st>
            <st ob="x" eb="" sr="" id="1.2">Given an image "foo:latest" with ID 1234 already in docker, docker load &lt; foo.tar with ID 5678 (same name, different ID) clobbers the existing name (of ID 1234) to "&lt;none&gt;".</st>
            <st ob="x" eb="" sr="" id="1.3">Since images are most often referenced by name, it's not a very nice thing to do w/o being documented or issuing a "Warning: image foo already exists, renaming to &lt;none&gt;".</st>
        </parg>
        <parg ob="" eb="" sr="" id="2">
            <st ob="" eb="" sr="" id="2.1">Version-Release number of selected component (if applicable):
docker-1.4.1-12.</st>
            <st ob="" eb="" sr="" id="2.2">el7.x86_64</st>
        </parg>
        <parg ob="" eb="" sr="" id="3">
            <st ob="" eb="" sr="" id="3.1">How reproducible:
Minor prep.</st>
            <st ob="" eb="" sr="" id="3.2">required.</st>
        </parg>
        <parg ob="" eb="" sr="" id="4">
            <st ob="" eb="" sr="" id="4.1">Steps to Reproduce:</st>
            <st ob="" eb="" sr="x" id="4.2">1 docker run --name foo rhel7 /bin/true</st>
            <st ob="" eb="" sr="x" id="4.3">2 docker commit foo foobar</st>
            <st ob="" eb="" sr="" id="4.4">(note image ID)</st>
            <st ob="" eb="" sr="x" id="4.5">3 docker save foobar &gt; foobar.tar</st>
            <st ob="" eb="" sr="x" id="4.6">4 docker rm foo</st>
            <st ob="" eb="" sr="x" id="4.7">5 docker rmi foobar</st>
            <st ob="" eb="" sr="x" id="4.8">6 docker run --name bar rhel7 /bin/false</st>
            <st ob="" eb="" sr="x" id="4.9">7 docker commit bar foobar</st>
            <st ob="" eb="" sr="" id="4.10">(note image ID)</st>
            <st ob="" eb="" sr="x" id="4.11">8 docker rm bar</st>
            <st ob="" eb="" sr="x" id="4.12">9 docker load &lt; foobar.tar</st>
            <st ob="" eb="" sr="" id="4.13">10.</st>
            <st ob="" eb="" sr="x" id="4.14">docker images</st>
        </parg>
        <parg ob="" eb="" sr="" id="5">
            <st ob="x" eb="" sr="" id="5.1">Actual results:
[root@dockertest ~]# docker images
REPOSITORY TAG IMAGE ID CREATED VIRTUAL SIZE
foobar latest 17be95040cc3 13 seconds ago 147 MB
...cut...
[root@dockertest ~]# docker load &lt; foobar.tar
[root@dockertest ~]# echo $?0
[root@dockertest ~]# docker images
REPOSITORY TAG IMAGE ID CREATED VIRTUAL SIZE
&lt;none&gt; &lt;none&gt; 17be95040cc3 29 seconds ago 147 MB
foobar latest 90e44769e068 2 minutes ago 147 MB</st>
        </parg>
        <parg ob="" eb="" sr="" id="6">
            <st ob="" eb="" sr="" id="6.1">Expected results:</st>
            <st ob="" eb="x" sr="" id="6.2">Allow the load, but issue "Warning: existing image will be renamed &lt;none&gt;"</st>
            <st ob="" eb="" sr="" id="6.3">-or-</st>
            <st ob="" eb="x" sr="" id="6.4">Document this in a "note" in the docker load man page</st>
            <st ob="" eb="" sr="" id="6.5">-or-</st>
            <st ob="" eb="x" sr="" id="6.6">Fail the load with a 'image foobar already exists'</st>
        </parg>
        <parg ob="" eb="" sr="" id="7">
            <st ob="x" eb="" sr="" id="7.1">Additional Info: Docker load creates a new image with {ID: 5678} but also clobbers the name of the existing image {ID: 1234}</st>
        </parg>
    </desc>
</bug>
