<?xml version="1.0" encoding="UTF-8" standalone="yes"?>
<bug no-bug="" comments="">
    <id>1128</id>
    <title ob="x" eb="" sr="">Tests are broken/slow</title>
    <desc>
        <parg ob="" eb="" sr="" id="1">
            <st ob="" eb="" sr="" id="1.1">Hi, I have a couple of complaints about the tests.</st>
            <st ob="" eb="" sr="" id="1.2">Perhaps this should be multiple issues; let me know.</st>
            <st ob="x" eb="" sr="" id="1.3">1 They don't pass for me without applying [this patch](https://github.com/dotcloud/docker/pull/1049/files) from @creack (I'm on Ubuntu 12.04 with the a 3.8 kernel and other docker deps installed.)</st>
            <st ob="x" eb="" sr="" id="1.4">2 They are very slow -- it takes around 40 seconds for a full test run.</st>
            <st ob="x" eb="" sr="" id="1.5">Even running a single test with '-test.run' takes around 3 seconds because of the time to pull a docker image and start an http server.</st>
            <st ob="" eb="" sr="" id="1.6">Ideally, the tests would be divided into unit and functional/integration tests, and running the unit tests would be a really quick and easy way of checking that your changes probably didn't break anything.</st>
            <st ob="x" eb="" sr="" id="1.7">3 Even though the tests (say they) pass, they produce [very noisy/verbose output](https://gist.github.com/cespare/b10a06efb3c5b1ef2a6b).</st>
        </parg>
        <parg ob="" eb="" sr="" id="2">
            <st ob="" eb="" sr="" id="2.1">**Edit:** Corrected/updated/expanded the description.</st>
        </parg>
    </desc>
</bug>
