<?xml version="1.0" encoding="UTF-8" standalone="yes"?>
<bug no-bug="" comments="">
    <id>11362</id>
    <title ob="x" eb="" sr="">du fails with overlay storage backend</title>
    <desc>
        <parg ob="" eb="" sr="" id="1">
            <st ob="" eb="" sr="x" id="1.1">I have an image whose size is roughly 800M.</st>
            <st ob="" eb="" sr="x" id="1.2">I start a container on it using
`docker run -i -t &lt;myimage&gt;`
Then i do `du -shx /` inside.</st>
        </parg>
        <parg ob="" eb="" sr="" id="2">
            <st ob="" eb="" sr="x" id="2.1">On one system, I use the btrfs storage backend and i have
`44c68d5b5ac4 / # du -shx /`
`789M /`</st>
        </parg>
        <parg ob="" eb="" sr="" id="3">
            <st ob="" eb="" sr="x" id="3.1">On another one, using the overlay storage backend, I have :
`e38c8dc904fd / # du -shx /`
`11M /`</st>
        </parg>
        <parg ob="" eb="" sr="" id="4">
            <st ob="x" eb="" sr="" id="4.1">It's really weird, as ls -l does report the right size.</st>
        </parg>
    </desc>
</bug>
