<?xml version="1.0" encoding="UTF-8" standalone="yes"?>
<bug no-bug="" comments="">
    <id>11385</id>
    <title ob="x" eb="" sr="">Throw error when `--lxc-conf` is used with native driver</title>
    <desc>
        <parg ob="" eb="" sr="" id="1">
            <st ob="" eb="" sr="x" id="1.1">To replicate: run the docker daemon with '-b none' but _not_ with any '-e' flag.</st>
        </parg>
        <parg ob="" eb="" sr="" id="2">
            <st ob="" eb="" sr="" id="2.1">"'</st>
            <st ob="" eb="" sr="" id="2.2">root@kit1:~# docker run -d --name pctest --lxc-conf="lxc.network.type=veth" \</st>
            <st ob="" eb="" sr="" id="2.3">--lxc-conf="lxc.network.link=docker0" --lxc-conf="lxc.network.flags=up" phusion/baseimage:latest</st>
            <st ob="" eb="" sr="" id="2.4">a7ab640b333d2f7a3e5859dad272fb43e32fd98cf72d7e60abb396ba7ae0deb2</st>
            <st ob="" eb="" sr="" id="2.5">root@kit1:~# docker exec pctest ifconfig eth0</st>
            <st ob="" eb="" sr="" id="2.6">eth0: error fetching interface information: Device not found</st>
            <st ob="" eb="" sr="" id="2.7">"'</st>
        </parg>
        <parg ob="" eb="" sr="" id="3">
            <st ob="" eb="x" sr="" id="3.1">Expected behaviour: I think that docker run should reject any '--lxc-conf' option if the daemon is not using the lxc driver.</st>
        </parg>
        <parg ob="" eb="" sr="" id="4">
            <st ob="" eb="" sr="" id="4.1">Test based on [this posting](https://goldmann.pl/blog/2014/01/30/assigning-ip-addresses-to-docker-containers-via-dhcp/).</st>
            <st ob="" eb="" sr="" id="4.2">Further discussion [here](https://groups.google.com/forum/#!topic/docker-dev/hvs58JQ1vDs)</st>
        </parg>
        <parg ob="" eb="" sr="" id="5">
            <st ob="x" eb="" sr="" id="5.1">(Aside: the lxc configuration is accepted when running docker with '-e lxc', but then 'docker exec' does not work with that driver!)</st>
        </parg>
    </desc>
</bug>
