<?xml version="1.0" encoding="UTF-8" standalone="yes"?>
<bug no-bug="" comments="">
    <id>11503</id>
    <title ob="x" eb="" sr="">"Weird" docker exec behavior when sending Interrupt to interactive CLI apps</title>
    <desc>
        <parg ob="" eb="" sr="" id="1">
            <st ob="" eb="" sr="" id="1.1">_Dunno if this is related to other 'docker exec' + tty issues around, feel free to close it if it is!</st>
            <st ob="" eb="" sr="" id="1.2">_</st>
        </parg>
        <parg ob="" eb="" sr="" id="2">
            <st ob="x" eb="x" sr="x" id="2.1">I use docker for developing Ruby on Rails apps and ever since I remember leveraging 'docker exec' to spawn new 'rails console' / 'irb' / 'guard' exec instances based on a running rails app container I noticed that when I 'Ctrl+C' it ends up just killing the exec instance right away, but if I 'docker exec bash' and run an 'irb' session from there it works as expected (as in the process is not killed).</st>
        </parg>
        <parg ob="" eb="" sr="" id="3">
            <st ob="" eb="" sr="" id="3.1">Asciicast that reproduce things in an easier way: https://asciinema.org/a/17848</st>
        </parg>
        <parg ob="" eb="" sr="" id="4">
            <st ob="" eb="" sr="" id="4.1">If you need any additional information just LMK!</st>
        </parg>
        <parg ob="" eb="" sr="" id="5">
            <st ob="" eb="" sr="" id="5.1">Environment info:</st>
        </parg>
        <parg ob="" eb="" sr="" id="6">
            <st ob="" eb="" sr="" id="6.1">"'
$ docker info
Containers: 5
Images: 238
Storage Driver: aufs
 Root Dir: /home/fabio/docker/aufs
 Backing Filesystem: extfs
 Dirs: 250
Execution Driver: native-0.2
Kernel Version: 3.16.0-25-generic
Operating System: Ubuntu 14.04.2 LTS
CPUs: 4
Total Memory: 7.333 GiB
Name: babylon</st>
        </parg>
        <parg ob="" eb="" sr="" id="7">
            <st ob="" eb="" sr="" id="7.1">$ docker version
Client version: 1.5.0
Client API version: 1.17
Go version (client): go1.4.1
Git commit (client): a8a31ef
OS/Arch (client): linux/amd64
Server version: 1.5.0
Server API version: 1.17
Go version (server): go1.4.1
Git commit (server): a8a31ef
"'</st>
        </parg>
    </desc>
</bug>
