<?xml version="1.0" encoding="UTF-8" standalone="yes"?>
<bug no-bug="" comments="">
    <id>11613</id>
    <title ob="x" eb="" sr="">The container exec create API endpoint does not use structured responses.</title>
    <desc>
        <parg ob="" eb="" sr="" id="1">
            <st ob="" eb="" sr="" id="1.1">**Problem**</st>
            <st ob="x" eb="" sr="" id="1.2">The container exec create API endpoint does not use structured responses.</st>
            <st ob="" eb="" sr="" id="1.3">**Solution**</st>
            <st ob="" eb="" sr="" id="1.4">Implement a struct in `/api/types/types.</st>
            <st ob="" eb="" sr="" id="1.5">go` for the response of the `postContainerExecCreate` api endpoint</st>
            <st ob="" eb="" sr="" id="1.6">that can be used to encode the result on the server and decode the response on the client.</st>
            <st ob="" eb="" sr="" id="1.7">Changes implementing this</st>
            <st ob="" eb="" sr="" id="1.8">type will need to be done in `/api/server/server.</st>
            <st ob="" eb="" sr="" id="1.9">go` and for the client in `/api/client/commands.</st>
            <st ob="" eb="" sr="" id="1.10">go`.</st>
        </parg>
    </desc>
</bug>
