<?xml version="1.0" encoding="UTF-8" standalone="yes"?>
<bug no-bug="" comments="">
    <id>12028</id>
    <title ob="x" eb="" sr="">Online docs for working on an issue have a typo in git fetch command</title>
    <desc>
        <parg ob="" eb="" sr="" id="1">
            <st ob="" eb="" sr="" id="1.1">Description of problem:</st>
            <st ob="x" eb="" sr="" id="1.2">http://docs.docker.com/project/work-issue/#pull-and-rebase-frequently has a typo in the fetch command.</st>
        </parg>
        <parg ob="" eb="" sr="" id="2">
            <st ob="" eb="" sr="" id="2.1">It says to:</st>
        </parg>
        <parg ob="" eb="" sr="" id="3">
            <st ob="" eb="" sr="" id="3.1">$ git fetch upstream/master</st>
        </parg>
        <parg ob="" eb="" sr="" id="4">
            <st ob="x" eb="" sr="" id="4.1">This command does not work.</st>
            <st ob="" eb="x" sr="" id="4.2">The slash should be a space.</st>
        </parg>
    </desc>
</bug>
