<?xml version="1.0" encoding="UTF-8" standalone="yes"?>
<bug no-bug="" comments="">
    <id>12186</id>
    <title ob="x" eb="" sr="">Building Docker docs fails due to missing extends.md configuration (from compose)</title>
    <desc>
        <parg ob="" eb="" sr="" id="1">
            <st ob="x" eb="" sr="" id="1.1">Bulding Docker docs (`make docs`) fails with the following error:</st>
        </parg>
        <parg ob="" eb="" sr="" id="2">
            <st ob="" eb="" sr="" id="2.1">&lt;pre&gt;
The page "compose/yml.</st>
            <st ob="" eb="" sr="" id="2.2">md" contained a hyperlink to "compose/extends.</st>
            <st ob="" eb="" sr="" id="2.3">md" which is not listed in the "pages" configuration.</st>
            <st ob="" eb="" sr="" id="2.4">&lt;/pre&gt;</st>
        </parg>
        <parg ob="" eb="" sr="" id="3">
            <st ob="" eb="x" sr="" id="3.1">Since `extends.md` is new, an entry for it should be added in `docs/mkdocs.</st>
            <st ob="" eb="" sr="" id="3.2">yml`.</st>
        </parg>
    </desc>
</bug>
