<?xml version="1.0" encoding="UTF-8" standalone="yes"?>
<bug no-bug="" comments="">
    <id>12469</id>
    <title ob="x" eb="" sr="">"cannot enable tty mode on non tty input" in Cygwin in Windows</title>
    <desc>
        <parg ob="" eb="" sr="" id="1">
            <st ob="x" eb="" sr="" id="1.1">When attempting to run docker in Cygwin(Babun) in Windows if the command uses the -t flag I receive the message:</st>
        </parg>
        <parg ob="" eb="" sr="" id="2">
            <st ob="" eb="" sr="" id="2.1">"'
&gt;&gt;docker run -ti ubuntu bash
time="2015-04-16T22:49:12-07:00" level=fatal msg="cannot enable tty mode on non tty input"
"'</st>
        </parg>
        <parg ob="" eb="" sr="" id="3">
            <st ob="x" eb="" sr="" id="3.1">it seems like it isn't correctly passing the -t option to the underlying ssh call, but I don't know why that would be seeing as the ssh installed with git seems to have the same arguments as the one installed with Babun.</st>
        </parg>
    </desc>
</bug>
