<?xml version="1.0" encoding="UTF-8" standalone="yes"?>
<bug no-bug="" comments="">
    <id>12580</id>
    <title ob="x" eb="" sr="">ADD/COPY file sets host UID/GID values if target directory does not yet exist</title>
    <desc>
        <parg ob="" eb="" sr="" id="1">
            <st ob="x" eb="" sr="" id="1.1">File copied using ADD/COPY to folder that does not exist in container results in UID:GID for that file set to host values</st>
        </parg>
        <parg ob="" eb="" sr="" id="2">
            <st ob="" eb="" sr="" id="2.1">For example, dockerfile</st>
        </parg>
        <parg ob="" eb="" sr="" id="3">
            <st ob="" eb="" sr="" id="3.1">```
FROM fedora:21
MAINTAINER Xerkus</st>
        </parg>
        <parg ob="" eb="" sr="" id="4">
            <st ob="" eb="" sr="" id="4.1">COPY testfile1 /app/</st>
            <st ob="" eb="" sr="" id="4.2">COPY testfile2 /app/</st>
            <st ob="" eb="" sr="" id="4.3">```</st>
            <st ob="" eb="" sr="" id="4.4">results in:</st>
            <st ob="" eb="" sr="" id="4.5">```</st>
            <st ob="" eb="" sr="" id="4.6">$ docker run -i -t test ls -la /app</st>
            <st ob="" eb="" sr="" id="4.7">total 16</st>
            <st ob="" eb="" sr="" id="4.8">drwxr-xr-x.</st>
            <st ob="" eb="" sr="" id="4.9">2 root root 4096 Apr 20 21:58 .</st>
            <st ob="" eb="" sr="" id="4.10">drwxr-xr-x.</st>
            <st ob="" eb="" sr="" id="4.11">19 root root 4096 Apr 20 21:58 .</st>
            <st ob="" eb="" sr="" id="4.12">.</st>
            <st ob="" eb="" sr="" id="4.13">-rw-rw-r--.</st>
            <st ob="" eb="" sr="" id="4.14">1 1000 1000 50 Apr 10 04:35 testfile1</st>
            <st ob="" eb="" sr="" id="4.15">-rw-rw-r--.</st>
            <st ob="" eb="" sr="" id="4.16">1 root root 652 Apr 12 11:21 testfile2</st>
            <st ob="" eb="" sr="" id="4.17">```</st>
        </parg>
        <parg ob="" eb="" sr="" id="5">
            <st ob="x" eb="" sr="" id="5.1">If i create `/app` directory first, then uid:gid is 0:0 on both files as expected.</st>
            <st ob="x" eb="" sr="" id="5.2">Copying folder does not show such behavior and works as expected.</st>
        </parg>
        <parg ob="" eb="" sr="" id="6">
            <st ob="" eb="" sr="" id="6.1">Docker from fedora 21 repo.</st>
            <st ob="" eb="" sr="" id="6.2">```
Client version: 1.5.0
Client API version: 1.17
Go version (client): go1.3.3
Git commit (client): a8a31ef/1.5.0
OS/Arch (client): linux/amd64
Server version: 1.5.0
Server API version: 1.17
Go version (server): go1.3.3
Git commit (server): a8a31ef/1.5.0</st>
        </parg>
        <parg ob="" eb="" sr="" id="7">
            <st ob="" eb="" sr="" id="7.1">Containers: 1</st>
            <st ob="" eb="" sr="" id="7.2">Images: 5</st>
            <st ob="" eb="" sr="" id="7.3">Storage Driver: devicemapper</st>
            <st ob="" eb="" sr="" id="7.4"> Pool Name: docker-8:6-789271-pool</st>
            <st ob="" eb="" sr="" id="7.5"> Pool Blocksize: 65.54 kB</st>
            <st ob="" eb="" sr="" id="7.6"> Backing Filesystem: extfs</st>
            <st ob="" eb="" sr="" id="7.7"> Data file: /dev/loop0</st>
            <st ob="" eb="" sr="" id="7.8"> Metadata file: /dev/loop1</st>
            <st ob="" eb="" sr="" id="7.9"> Data Space Used: 588.8 MB</st>
            <st ob="" eb="" sr="" id="7.10"> Data Space Total: 107.4 GB</st>
            <st ob="" eb="" sr="" id="7.11"> Metadata Space Used: 1.032 MB</st>
            <st ob="" eb="" sr="" id="7.12"> Metadata Space Total: 2.147 GB</st>
            <st ob="" eb="" sr="" id="7.13"> Udev Sync Supported: true</st>
            <st ob="" eb="" sr="" id="7.14"> Data loop file: /var/lib/docker/devicemapper/devicemapper/data</st>
            <st ob="" eb="" sr="" id="7.15"> Metadata loop file: /var/lib/docker/devicemapper/devicemapper/metadata</st>
            <st ob="" eb="" sr="" id="7.16"> Library Version: 1.02.93 (2015-01-30)</st>
            <st ob="" eb="" sr="" id="7.17">Execution Driver: native-0.2</st>
            <st ob="" eb="" sr="" id="7.18">Kernel Version: 3.19.3-200.fc21.x86_64</st>
            <st ob="" eb="" sr="" id="7.19">Operating System: Fedora 21 (Twenty One)</st>
            <st ob="" eb="" sr="" id="7.20">CPUs: 8</st>
            <st ob="" eb="" sr="" id="7.21">Total Memory: 15.61 GiB</st>
            <st ob="" eb="" sr="" id="7.22">Name: laptop</st>
            <st ob="" eb="" sr="" id="7.23">ID: TO66:3GBF:AW6R:BVUS:FFND:VKHC:PIA5:2B7E:MKMS:M7PI:UJAC:2CU3</st>
            <st ob="" eb="" sr="" id="7.24">Debug mode (server): false</st>
            <st ob="" eb="" sr="" id="7.25">Debug mode (client): true</st>
            <st ob="" eb="" sr="" id="7.26">Fds: 13</st>
            <st ob="" eb="" sr="" id="7.27">Goroutines: 17</st>
            <st ob="" eb="" sr="" id="7.28">EventsListeners: 0</st>
            <st ob="" eb="" sr="" id="7.29">Init SHA1: 3bce65db65693827790a7e0c4574ff2105c6d5d2</st>
            <st ob="" eb="" sr="" id="7.30">Init Path: /usr/libexec/docker/dockerinit</st>
            <st ob="" eb="" sr="" id="7.31">Docker Root Dir: /var/lib/docker</st>
            <st ob="" eb="" sr="" id="7.32">```</st>
        </parg>
    </desc>
</bug>
