<?xml version="1.0" encoding="UTF-8" standalone="yes"?>
<bug no-bug="" comments="">
    <id>12653</id>
    <title ob="x" eb="" sr="">'docker load' failed with Untar exit status 1 no such file or directory</title>
    <desc>
        <parg ob="" eb="" sr="" id="1">
            <st ob="" eb="" sr="" id="1.1">We are running a stress testing against docker saving and loading images:</st>
        </parg>
        <parg ob="" eb="" sr="" id="2">
            <st ob="" eb="" sr="x" id="2.1">1 Save an already built docker image via: docker save --output local_file image;</st>
            <st ob="" eb="" sr="x" id="2.2">2 Upload the saved image file to a cloud storage, e.g. openstack swift;</st>
            <st ob="" eb="" sr="x" id="2.3">3 Download the image file, and do a 'docker load -i'.</st>
        </parg>
        <parg ob="" eb="" sr="" id="3">
            <st ob="x" eb="" sr="" id="3.1">We ran the above step 1) through step 3) 60 times, but saw 2 'docker load' failures out of 60 runs.</st>
            <st ob="" eb="" sr="" id="3.2">For the error cases, docker load returns an 1, and in /var/log/upstart/docker.log :</st>
        </parg>
        <parg ob="" eb="" sr="" id="4">
            <st ob="" eb="" sr="" id="4.1">"'
Untar exit status 1 lchown /usr/bin/unzipsfx: no such file or directory</st>
        </parg>
        <parg ob="" eb="" sr="" id="5">
            <st ob="" eb="" sr="" id="5.1">^[[34mINFO^[[0m[0577] -job load() = ERR (1)</st>
        </parg>
        <parg ob="" eb="" sr="" id="6">
            <st ob="" eb="" sr="" id="6.1">^[[31mERRO^[[0m[0577] Handler for POST /images/load returned error: Untar exit status 1 lchown /usr/bin/unzipsfx: no such file or directory</st>
        </parg>
        <parg ob="" eb="" sr="" id="7">
            <st ob="" eb="" sr="" id="7.1">^[[31mERRO^[[0m[0577] HTTP Error: statusCode=404 Untar exit status 1 lchown /usr/bin/unzipsfx: no such file or directory</st>
        </parg>
        <parg ob="" eb="" sr="" id="8">
            <st ob="" eb="" sr="" id="8.1">Untar exit status 1 no such file or directory</st>
        </parg>
        <parg ob="" eb="" sr="" id="9">
            <st ob="" eb="" sr="" id="9.1">^[[34mINFO^[[0m[0577] -job load() = ERR (1)</st>
        </parg>
        <parg ob="" eb="" sr="" id="10">
            <st ob="" eb="" sr="" id="10.1">^[[31mERRO^[[0m[0577] Handler for POST /images/load returned error: Untar exit status 1 no such file or directory</st>
        </parg>
        <parg ob="" eb="" sr="" id="11">
            <st ob="" eb="" sr="" id="11.1">^[[31mERRO^[[0m[0577] HTTP Error: statusCode=404 Untar exit status 1 no such file or directory</st>
        </parg>
        <parg ob="" eb="" sr="" id="12">
            <st ob="" eb="" sr="" id="12.1">$ sudo docker info
Containers: 1
Images: 13
Storage Driver: aufs
 Root Dir: /var/lib/docker/aufs
 Backing Filesystem: extfs
 Dirs: 20
Execution Driver: native-0.2
Kernel Version: 3.13.0-45-generic
Operating System: Ubuntu 14.04.1 LTS
CPUs: 4
Total Memory: 3.855 GiB
Name: arbor-k1-20150422-gupstream-33-perf-4202
ID: FOC6:XHMT:GCFU:A3A6:BWPY:3XJH:OVV5:7MOU:57LA:WZZ4:JYIK:WKVG</st>
        </parg>
        <parg ob="" eb="" sr="" id="13">
            <st ob="" eb="" sr="" id="13.1">$ sudo docker version
Client version: 1.5.0
Client API version: 1.17
Go version (client): go1.4.1
Git commit (client): a8a31ef
OS/Arch (client): linux/amd64
Server version: 1.5.0
Server API version: 1.17
Go version (server): go1.4.1
Git commit (server): a8a31ef</st>
        </parg>
        <parg ob="" eb="" sr="" id="14">
            <st ob="" eb="" sr="" id="14.1">$ uname -a
Linux 20150422-gupstream-33-perf-4202 3.13.0-45-generic #74-Ubuntu SMP Tue Jan 13 19:36:28 UTC 2015 x86_64 x86_64 x86_64 GNU/Linux
"'</st>
        </parg>
    </desc>
</bug>
