<?xml version="1.0" encoding="UTF-8" standalone="yes"?>
<bug no-bug="" comments="">
    <id>12689</id>
    <title ob="" eb="" sr="">docker issues in all machines</title>
    <desc>
        <parg ob="" eb="" sr="" id="1">
            <st ob="x" eb="" sr="" id="1.1">We are facing issue in docker suddenly in all our machines.</st>
            <st ob="x" eb="" sr="" id="1.2">docker ps and images command is taking more time and
docker run command is getting hanged always.</st>
            <st ob="" eb="" sr="" id="1.3">any of you faced this issue.</st>
            <st ob="" eb="" sr="" id="1.4">please help
We have rebooted and reinstalled docker also but that doesn't solve the issue.</st>
            <st ob="" eb="" sr="" id="1.5">Is anything related to network?</st>
        </parg>
        <parg ob="" eb="" sr="" id="2">
            <st ob="" eb="" sr="" id="2.1">sudo docker version
Client version: 1.5.0-dev
Client API version: 1.18
Go version (client): go1.3.3
Git commit (client): fc0329b/1.5.0
OS/Arch (client): linux/amd64
Server version: 1.5.0-dev
Server API version: 1.18
Go version (server): go1.3.3
Git commit (server): fc0329b/1.5.0
OS/Arch (server): linux/amd64</st>
        </parg>
    </desc>
</bug>
