<?xml version="1.0" encoding="UTF-8" standalone="yes"?>
<bug no-bug="" comments="">
    <id>13207</id>
    <title ob="x" eb="" sr="">Docker unable to identify hosts</title>
    <desc>
        <parg ob="" eb="" sr="" id="1">
            <st ob="x" eb="" sr="" id="1.1">I initially assumed a DNS issue, but 'docker run -dns 8.8.8.8 ubuntu ping www.docker.io' returns 'ping: unknown host www.docker.io'.</st>
        </parg>
        <parg ob="" eb="" sr="" id="2">
            <st ob="" eb="" sr="" id="2.1">Additionally, I've tried:</st>
            <st ob="" eb="" sr="" id="2.2">1 Restarting the docker daemon</st>
            <st ob="" eb="" sr="" id="2.3">2 Restarting my entire machine</st>
            <st ob="" eb="" sr="" id="2.4">3 Running the docker daemon with 'docker -d -dns 8.8.8.8'</st>
            <st ob="" eb="" sr="" id="2.5">4 The reset [here](https://github.com/docker/docker/issues/866#issuecomment-19218300)</st>
            <st ob="" eb="" sr="" id="2.6">5 The NetworkManager.conf fix found [here](https://github.com/docker/docker/issues/1809)</st>
            <st ob="" eb="" sr="" id="2.7">6 Uninstalling and reinstalling 'docker-io' via yum</st>
        </parg>
        <parg ob="" eb="" sr="" id="3">
            <st ob="x" eb="" sr="x" id="3.1">And yet, when I try to build a dockerfile witih 'apt-get install' in it, I get</st>
        </parg>
        <parg ob="" eb="" sr="" id="4">
            <st ob="" eb="" sr="" id="4.1">'W: Failed to fetch http://archive.ubuntu.com/ubuntu/dists/trusty/InRelease' et.</st>
            <st ob="" eb="" sr="" id="4.2">cetera for the various sources, with the daemon output of:</st>
        </parg>
        <parg ob="" eb="" sr="" id="5">
            <st ob="" eb="" sr="" id="5.1">'INFO[0085] +job build() </st>
            <st ob="" eb="" sr="" id="5.2">INFO[0086] +job allocate_interface(7f418be5c910a6d6ed0de24c70598b2fb99349452da8f2b321fb0dca014c2bd1) </st>
            <st ob="" eb="" sr="" id="5.3">INFO[0086] -job allocate_interface(7f418be5c910a6d6ed0de24c70598b2fb99349452da8f2b321fb0dca014c2bd1) = OK (0) </st>
            <st ob="" eb="" sr="" id="5.4">INFO[0086] +job log(start, 7f418be5c910a6d6ed0de24c70598b2fb99349452da8f2b321fb0dca014c2bd1, 6aef879eb2b9) </st>
            <st ob="" eb="" sr="" id="5.5">INFO[0086] -job log(start, 7f418be5c910a6d6ed0de24c70598b2fb99349452da8f2b321fb0dca014c2bd1, 6aef879eb2b9) = OK (0) </st>
            <st ob="" eb="" sr="" id="5.6">INFO[0096] +job log(die, 7f418be5c910a6d6ed0de24c70598b2fb99349452da8f2b321fb0dca014c2bd1, 6aef879eb2b9) </st>
            <st ob="" eb="" sr="" id="5.7">INFO[0096] -job log(die, 7f418be5c910a6d6ed0de24c70598b2fb99349452da8f2b321fb0dca014c2bd1, 6aef879eb2b9) = OK (0) </st>
            <st ob="" eb="" sr="" id="5.8">INFO[0096] +job release_interface(7f418be5c910a6d6ed0de24c70598b2fb99349452da8f2b321fb0dca014c2bd1) </st>
            <st ob="" eb="" sr="" id="5.9">INFO[0096] -job release_interface(7f418be5c910a6d6ed0de24c70598b2fb99349452da8f2b321fb0dca014c2bd1) = OK (0) </st>
            <st ob="" eb="" sr="" id="5.10">ERRO[0106] Error waiting for device 7f418be5c910a6d6ed0de24c70598b2fb99349452da8f2b321fb0dca014c2bd1 to close: Timeout while waiting for device 7f418be5c910a6d6ed0de24c70598b2fb99349452da8f2b321fb0dca014c2bd1 to close </st>
            <st ob="" eb="" sr="" id="5.11">ERRO[0117] Error unmounting device 7f418be5c910a6d6ed0de24c70598b2fb99349452da8f2b321fb0dca014c2bd1: Device is Busy </st>
            <st ob="x" eb="" sr="x" id="5.12">The command [/bin/sh -c apt-get -qq update &amp;&amp; apt-get install -y python3-pip python-dev libpq-dev] returned a non-zero code: 100</st>
            <st ob="" eb="" sr="" id="5.13">INFO[0117] -job build() = ERR (1)'</st>
        </parg>
        <parg ob="" eb="" sr="" id="6">
            <st ob="" eb="" sr="" id="6.1">Any thoughts?</st>
            <st ob="" eb="" sr="" id="6.2">I'm at a loss.</st>
        </parg>
    </desc>
</bug>
