<?xml version="1.0" encoding="UTF-8" standalone="yes"?>
<bug no-bug="" comments="">
    <id>13350</id>
    <title ob="x" eb="" sr="">404 and 504 on dockerhub login</title>
    <desc>
        <parg ob="" eb="" sr="" id="1">
            <st ob="x" eb="" sr="" id="1.1">I cannot login anymore, since I get these http codes.</st>
        </parg>
        <parg ob="" eb="" sr="" id="2">
            <st ob="x" eb="" sr="" id="2.1">After this, I reset my password (this works), but login still fails.</st>
        </parg>
    </desc>
</bug>
