<?xml version="1.0" encoding="UTF-8" standalone="yes"?>
<bug no-bug="" comments="">
    <id>13846</id>
    <title ob="x" eb="" sr="">Docker fails to remove images</title>
    <desc>
        <parg ob="" eb="" sr="" id="1">
            <st ob="" eb="" sr="x" id="1.1">I'm facing problems when I try to remove my docker images.</st>
        </parg>
        <parg ob="" eb="" sr="" id="2">
            <st ob="" eb="" sr="" id="2.1">I have this images in my server:</st>
        </parg>
        <parg ob="" eb="" sr="" id="3">
            <st ob="" eb="" sr="" id="3.1">"'
[root@docker-1.dev.infra ~]# docker images
REPOSITORY TAG IMAGE ID CREATED VIRTUAL SIZE
oiinternet/mongodb latest f6dc581be1b8 31 minutes ago 387.6 MB
&lt;none&gt; &lt;none&gt; 62942b3a8bab 40 minutes ago 527.2 MB
&lt;none&gt; &lt;none&gt; 1a48498bd0d3 47 minutes ago 573.4 MB
oiinternet/sga latest 85d9d073c5ca About an hour ago 725.5 MB
oiinternet/oiapi latest 9e6dc69e2461 About an hour ago 556.6 MB
oiinternet/activemq latest e27c9827e369 About an hour ago 531.8 MB
oiinternet/centos 6 9d91f282abb3 2 hours ago 385.1 MB
centos 6 b9aeeaeb5e17 7 weeks ago 202.6 MB
centos centos6 b9aeeaeb5e17 7 weeks ago 202.6 MB
"'</st>
        </parg>
        <parg ob="" eb="" sr="" id="4">
            <st ob="x" eb="" sr="x" id="4.1">When I try to remove any of them I run into this:</st>
        </parg>
        <parg ob="" eb="" sr="" id="5">
            <st ob="" eb="" sr="" id="5.1">"'</st>
            <st ob="" eb="" sr="" id="5.2">[root@docker-1.dev.infra ~]# docker rmi f6dc581be1b8</st>
            <st ob="" eb="" sr="" id="5.3">Error response from daemon: No such image: f6dc581be1b8</st>
            <st ob="" eb="" sr="" id="5.4">FATA[0000] Error: failed to remove one or more images </st>
            <st ob="" eb="" sr="" id="5.5">[root@docker-1.dev.infra ~]# </st>
            <st ob="" eb="" sr="" id="5.6">[root@docker-1.dev.infra ~]# docker rmi 85d9d073c5ca</st>
            <st ob="" eb="" sr="" id="5.7">Error response from daemon: No such image: 85d9d073c5ca</st>
            <st ob="" eb="" sr="" id="5.8">FATA[0000] Error: failed to remove one or more images </st>
            <st ob="" eb="" sr="" id="5.9">[root@docker-1.dev.infra ~]# </st>
            <st ob="" eb="" sr="" id="5.10">[root@docker-1.dev.infra ~]# docker rmi 9e6dc69e2461</st>
            <st ob="" eb="" sr="" id="5.11">Error response from daemon: No such image: 9e6dc69e2461</st>
            <st ob="" eb="" sr="" id="5.12">FATA[0000] Error: failed to remove one or more images </st>
            <st ob="" eb="" sr="" id="5.13">[root@docker-1.dev.infra ~]# </st>
            <st ob="" eb="" sr="" id="5.14">[root@docker-1.dev.infra ~]# docker rmi e27c9827e369</st>
            <st ob="" eb="" sr="" id="5.15">Error response from daemon: No such image: e27c9827e369</st>
            <st ob="" eb="" sr="" id="5.16">FATA[0000] Error: failed to remove one or more images </st>
            <st ob="" eb="" sr="" id="5.17">[root@docker-1.dev.infra ~]# </st>
            <st ob="" eb="" sr="" id="5.18">"'</st>
        </parg>
        <parg ob="" eb="" sr="" id="6">
            <st ob="" eb="" sr="" id="6.1">Host OS: CentOS6</st>
        </parg>
        <parg ob="" eb="" sr="" id="7">
            <st ob="" eb="" sr="" id="7.1">"'
Linux docker-1.dev.infra 2.6.32-504.12.2.el6.x86_64 #1 SMP Wed Mar 11 22:03:14 UTC 2015 x86_64 x86_64 x86_64 GNU/Linux
"'</st>
        </parg>
        <parg ob="" eb="" sr="" id="8">
            <st ob="" eb="" sr="" id="8.1">docker version</st>
        </parg>
        <parg ob="" eb="" sr="" id="9">
            <st ob="" eb="" sr="" id="9.1">"'
Client version: 1.5.0
Client API version: 1.17
Go version (client): go1.3.3
Git commit (client): a8a31ef/1.5.0
OS/Arch (client): linux/amd64
Server version: 1.5.0
Server API version: 1.17
Go version (server): go1.3.3
Git commit (server): a8a31ef/1.5.0
"'</st>
        </parg>
        <parg ob="" eb="" sr="" id="10">
            <st ob="" eb="" sr="" id="10.1">docker -D info</st>
        </parg>
        <parg ob="" eb="" sr="" id="11">
            <st ob="" eb="" sr="" id="11.1">"'</st>
            <st ob="" eb="" sr="" id="11.2">Containers: 0</st>
            <st ob="" eb="" sr="" id="11.3">Images: 32</st>
            <st ob="" eb="" sr="" id="11.4">Storage Driver: devicemapper</st>
            <st ob="" eb="" sr="" id="11.5"> Pool Name: docker-253:3-132569-pool</st>
            <st ob="" eb="" sr="" id="11.6"> Pool Blocksize: 65.54 kB</st>
            <st ob="" eb="" sr="" id="11.7"> Backing Filesystem: extfs</st>
            <st ob="" eb="" sr="" id="11.8"> Data file: /dev/loop0</st>
            <st ob="" eb="" sr="" id="11.9"> Metadata file: /dev/loop1</st>
            <st ob="" eb="" sr="" id="11.10"> Data Space Used: 1.837 GB</st>
            <st ob="" eb="" sr="" id="11.11"> Data Space Total: 107.4 GB</st>
            <st ob="" eb="" sr="" id="11.12"> Metadata Space Used: 2.556 MB</st>
            <st ob="" eb="" sr="" id="11.13"> Metadata Space Total: 2.147 GB</st>
            <st ob="" eb="" sr="" id="11.14"> Udev Sync Supported: true</st>
            <st ob="" eb="" sr="" id="11.15"> Data loop file: /var/lib/docker/devicemapper/devicemapper/data</st>
            <st ob="" eb="" sr="" id="11.16"> Metadata loop file: /var/lib/docker/devicemapper/devicemapper/metadata</st>
            <st ob="" eb="" sr="" id="11.17"> Library Version: 1.02.89-RHEL6 (2014-09-01)</st>
            <st ob="" eb="" sr="" id="11.18">Execution Driver: native-0.2</st>
            <st ob="" eb="" sr="" id="11.19">Kernel Version: 2.6.32-504.12.2.el6.x86_64</st>
            <st ob="" eb="" sr="" id="11.20">Operating System: &lt;unknown&gt;</st>
            <st ob="" eb="" sr="" id="11.21">CPUs: 1</st>
            <st ob="" eb="" sr="" id="11.22">Total Memory: 7.688 GiB</st>
            <st ob="" eb="" sr="" id="11.23">Name: docker-1.dev.infra</st>
            <st ob="" eb="" sr="" id="11.24">ID: Q7PJ:HLWI:OVH5:HC4B:YFM2:WTE2:HDI5:RVMQ:7CC5:PH6A:TGS5:7L76</st>
            <st ob="" eb="" sr="" id="11.25">Debug mode (server): false</st>
            <st ob="" eb="" sr="" id="11.26">Debug mode (client): true</st>
            <st ob="" eb="" sr="" id="11.27">Fds: 223</st>
            <st ob="" eb="" sr="" id="11.28">Goroutines: 119</st>
            <st ob="" eb="" sr="" id="11.29">EventsListeners: 0</st>
            <st ob="" eb="" sr="" id="11.30">Init SHA1: bd0359e86e0e97527aa6298afba8df863db179c8</st>
            <st ob="" eb="" sr="" id="11.31">Init Path: /usr/libexec/docker/dockerinit</st>
            <st ob="" eb="" sr="" id="11.32">Docker Root Dir: /var/lib/docker</st>
            <st ob="" eb="" sr="" id="11.33">"'</st>
        </parg>
    </desc>
</bug>
