<?xml version="1.0" encoding="UTF-8" standalone="yes"?>
<bug no-bug="" comments="">
    <id>14337</id>
    <title ob="x" eb="" sr="">Read-only host mounts with read-write sub-mounts</title>
    <desc>
        <parg ob="" eb="" sr="" id="1">
            <st ob="x" eb="" sr="" id="1.1">Here, '/tmp/' from the host is mounted read-only, but the sub-mounts have been propaged read-write.</st>
        </parg>
        <parg ob="" eb="" sr="" id="2">
            <st ob="" eb="" sr="" id="2.1">"'</st>
            <st ob="" eb="" sr="" id="2.2">root@vorpal:~# mkdir /tmp/danger</st>
            <st ob="" eb="" sr="" id="2.3">root@vorpal:~# mount -o bind /tmp/danger /tmp/danger</st>
            <st ob="" eb="" sr="" id="2.4">root@vorpal:~# docker run -ti -v /tmp:/tmp:ro ubuntu bash</st>
            <st ob="" eb="" sr="" id="2.5">root@fe243ca8f803:/# touch /tmp/x</st>
            <st ob="" eb="" sr="" id="2.6">touch: cannot touch '/tmp/x': Read-only file system</st>
            <st ob="" eb="" sr="" id="2.7">root@fe243ca8f803:/# touch /tmp/danger/x</st>
            <st ob="" eb="" sr="" id="2.8">root@fe243ca8f803:/# exit</st>
            <st ob="" eb="" sr="" id="2.9">root@vorpal:~# ls -l /tmp/danger/x</st>
            <st ob="" eb="" sr="" id="2.10">-rw-r--r-- 1 root root 0 May 24 23:24 /tmp/danger/x</st>
            <st ob="" eb="" sr="" id="2.11">"'</st>
        </parg>
    </desc>
</bug>
