<?xml version="1.0" encoding="UTF-8" standalone="yes"?>
<bug no-bug="" comments="">
    <id>14356</id>
    <title ob="x" eb="x" sr="">Proxy within container only works with proxy ip, rather than hostname</title>
    <desc>
        <parg ob="" eb="" sr="" id="1">
            <st ob="x" eb="" sr="" id="1.1">Description of problem:
When behind a corporate proxy, http://proxy.company.com:8080/, I can set the
proxy variables for the docker daemon on my host machine.</st>
            <st ob="" eb="" sr="x" id="1.2">However once in a
container, ubuntu:14.04, attempting to set the proxies with</st>
            <st ob="" eb="" sr="" id="1.3">"' bash
export http_proxy="http://proxy.company.com:8080/"
export https_proxy="http://proxy.company.com:8080/"
export HTTP_PROXY="http://proxy.company.com:8080/"
export HTTPS_PROXY="http://proxy.company.com:8080/"
"'</st>
            <st ob="" eb="" sr="x" id="1.4">or when building a container with</st>
            <st ob="" eb="" sr="" id="1.5">"' Dockerfile
ENV http_proxy 'http://proxy.company.com:8080'
ENV https_proxy 'http://proxy.company.com:8080'
ENV HTTP_PROXY 'http://proxy.company.com:8080'
ENV HTTPS_PROXY 'http://proxy.company.com:8080'
"'</st>
            <st ob="x" eb="" sr="" id="1.6">Does not work.</st>
            <st ob="" eb="" sr="x" id="1.7">This is using the --net=host option with docker run.</st>
            <st ob="" eb="" sr="" id="1.8">I could not figure out how to give the build access to the host network.</st>
        </parg>
        <parg ob="" eb="" sr="" id="2">
            <st ob="" eb="" sr="" id="2.1">The trick I found was to ping proxy.company.com from my host and get the ip
then set the proxies from within my container like so.</st>
        </parg>
        <parg ob="" eb="" sr="" id="3">
            <st ob="" eb="" sr="" id="3.1">"' bash
ping proxy.company.com
PING proxy.company.com (12.34.567.898) 56(84) bytes of data.
^C</st>
        </parg>
        <parg ob="" eb="" sr="" id="4">
            <st ob="" eb="" sr="" id="4.1">docker run --net=host -t -i ubuntu:14.04 /bin/bash</st>
        </parg>
        <parg ob="" eb="" sr="" id="5">
            <st ob="" eb="" sr="" id="5.1">export http_proxy="http://12.34.567.898:8080/"
export https_proxy="http://12.34.567.898:8080/"
export HTTP_PROXY="http://12.34.567.898:8080/"
export HTTPS_PROXY="http://12.34.567.898:8080/"
"'</st>
        </parg>
        <parg ob="" eb="" sr="" id="6">
            <st ob="" eb="" sr="" id="6.1">'docker version':
Client version: 1.7.0
Client API version: 1.19
Go version (client): go1.4.2
Git commit (client): 0baf609
OS/Arch (client): linux/amd64
Server version: 1.7.0
Server API version: 1.19
Go version (server): go1.4.2
Git commit (server): 0baf609
OS/Arch (server): linux/amd64</st>
        </parg>
        <parg ob="" eb="" sr="" id="7">
            <st ob="" eb="" sr="" id="7.1">'docker info':
Containers: 11
Images: 26
Storage Driver: aufs
 Root Dir: /var/lib/docker/aufs
 Backing Filesystem: extfs
 Dirs: 48
 Dirperm1 Supported: false
Execution Driver: native-0.2
Logging Driver: json-file
Kernel Version: 3.13.0-55-generic
Operating System: Ubuntu 14.04.2 LTS
CPUs: 4
Total Memory: 5.718 GiB
Name: Graphics
ID: TFMJ:I23E:WUXS:ZF5X:5NJ5:CVHX:F2JN:XUH5:X7GD:EGLU:4IXQ:UPRP
Http Proxy: http://proxy.company.com:8080/
Https Proxy: http://proxy.company.com:8080/
Username: pdxjohnny
Registry: https://index.docker.io/v1/
WARNING: No swap limit support</st>
        </parg>
        <parg ob="" eb="" sr="" id="8">
            <st ob="" eb="" sr="" id="8.1">'uname -a':
Linux Graphics 3.13.0-55-generic #94-Ubuntu SMP Thu Jun 18 00:27:10 UTC 2015 x86_64 x86_64 x86_64 GNU/Linux</st>
        </parg>
        <parg ob="" eb="" sr="" id="9">
            <st ob="" eb="" sr="" id="9.1">Environment details (AWS, VirtualBox, physical, etc.):
physical</st>
        </parg>
        <parg ob="" eb="" sr="" id="10">
            <st ob="" eb="" sr="" id="10.1">How reproducible:
Every time</st>
        </parg>
        <parg ob="" eb="" sr="" id="11">
            <st ob="" eb="" sr="" id="11.1">Steps to Reproduce:</st>
            <st ob="" eb="" sr="x" id="11.2">1 Start container</st>
            <st ob="" eb="" sr="x" id="11.3">2 Set proxies</st>
            <st ob="" eb="" sr="x" id="11.4">3 apt-get / ping anything</st>
        </parg>
        <parg ob="" eb="" sr="" id="12">
            <st ob="x" eb="" sr="" id="12.1">Actual Results:
apt-get says:
Can't resolve hostname proxy.company.com
when updating</st>
        </parg>
        <parg ob="" eb="" sr="" id="13">
            <st ob="" eb="x" sr="" id="13.1">Expected Results / What would work best:
If it would resolve the hostname proxy.company.com and find the ip
of the proxy itself</st>
        </parg>
        <parg ob="" eb="" sr="" id="14">
            <st ob="" eb="" sr="" id="14.1">Additional info:</st>
        </parg>
    </desc>
</bug>
