<?xml version="1.0" encoding="UTF-8" standalone="yes"?>
<bug no-bug="" comments="documentation issue">
    <id>14416</id>
    <title ob="x" eb="" sr="">Docker "Advanced Networking" Docs seem to be messed up.</title>
    <desc>
        <parg ob="" eb="" sr="" id="1">
            <st ob="x" eb="" sr="" id="1.1">The link https://docs.docker.com/v1.2/articles/networking/ shows text wrapped up and no images rendered.</st>
            <st ob="x" eb="" sr="" id="1.2">I have tried opening on all browsers and on/off my vpn but same result.</st>
            <st ob="" eb="" sr="" id="1.3">[Here is the screenshot ](http://i.imgur.com/jxayBbT.png?1) of browser window.</st>
            <st ob="" eb="" sr="" id="1.4">If someone else can verify, thats a valid bug then )</st>
        </parg>
    </desc>
</bug>
