<?xml version="1.0" encoding="UTF-8" standalone="yes"?>
<bug no-bug="" comments="">
    <id>1470</id>
    <title ob="x" eb="" sr="">Can't pull image on my ubuntu 13.04</title>
    <desc>
        <parg ob="" eb="" sr="" id="1">
            <st ob="" eb="" sr="" id="1.1">Hi,</st>
        </parg>
        <parg ob="" eb="" sr="" id="2">
            <st ob="" eb="" sr="" id="2.1">I'm using last master and current v0.5.2 version on ubuntu 13.04 (clean install) with 3.8.0-27-generic kernel.</st>
        </parg>
        <parg ob="" eb="" sr="" id="3">
            <st ob="x" eb="" sr="" id="3.1">When i pull image from repository i haven't any output and no errors :</st>
        </parg>
        <parg ob="" eb="" sr="" id="4">
            <st ob="" eb="" sr="" id="4.1">
```
root@ks3354934:~# docker pull ubuntu
Pulling repository ubuntu
root@ks3354934:~#
```
And with hello world command : 
```
root@ks3354934:~# docker run -i -t ubuntu /bin/bash 
Pulling repository ubuntu
2013/08/09 13:36:51 Error: No such image: ubuntu
root@ks3354934:~#
```
It's not an network issue because curl https://index.docker.io/v1/repositories/ubuntu/images return json.</st>
            <st ob="x" eb="" sr="" id="4.2">I tested on another ubuntu it's work.</st>
            <st ob="" eb="" sr="" id="4.3">I would like to know why isn't working on this server?</st>
        </parg>
        <parg ob="" eb="" sr="" id="5">
            <st ob="" eb="" sr="" id="5.1">Thank you !</st>
        </parg>
    </desc>
</bug>
