<?xml version="1.0" encoding="UTF-8" standalone="yes"?>
<bug no-bug="" comments="">
    <id>1472</id>
    <title ob="x" eb="" sr="">Bug: writev() fails when using AUFS on ZFS (possibly Ubuntu-specific)</title>
    <desc>
        <parg ob="" eb="" sr="" id="1">
            <st ob="x" eb="" sr="" id="1.1">If '/var/lib/docker' is mounted on a ZFS file system then the writev() system call fails.</st>
            <st ob="x" eb="" sr="" id="1.2">This causes NGiNX to return 500 errors when processing a body that needs to be buffered to disk.</st>
            <st ob="" eb="" sr="" id="1.3">I'm not sure if this is a Docker, AUFS, or ZFS bug.</st>
        </parg>
        <parg ob="" eb="" sr="" id="2">
            <st ob="" eb="" sr="" id="2.1">Steps to reproduce:</st>
            <st ob="" eb="" sr="x" id="2.2">1 Stop the docker daemon</st>
            <st ob="" eb="" sr="" id="2.3">"'</st>
            <st ob="" eb="" sr="" id="2.4">sudo service docker stop</st>
            <st ob="" eb="" sr="" id="2.5">"'</st>
            <st ob="" eb="" sr="x" id="2.6">2 Create a ZFS file system</st>
            <st ob="" eb="" sr="" id="2.7">"'</st>
            <st ob="" eb="" sr="" id="2.8">sudo zfs create -o mountpoint=/var/lib/docker rpool/docker</st>
            <st ob="" eb="" sr="" id="2.9">"'</st>
            <st ob="" eb="" sr="x" id="2.10">3 Restart the Docker daemon</st>
            <st ob="" eb="" sr="" id="2.11">"'</st>
            <st ob="" eb="" sr="" id="2.12">sudo service docker start</st>
            <st ob="" eb="" sr="" id="2.13">"'</st>
            <st ob="" eb="" sr="x" id="2.14">4 Run the test container</st>
            <st ob="" eb="" sr="" id="2.15">"'</st>
            <st ob="" eb="" sr="" id="2.16">docker run ismell/wvtest</st>
            <st ob="" eb="" sr="" id="2.17">"'</st>
            <st ob="x" eb="" sr="" id="2.18">5 Notice explosion</st>
            <st ob="" eb="" sr="" id="2.19">!</st>
            <st ob="" eb="" sr="" id="2.20">[Boom](http://images.wikia.com/fallout/images/d/d7/Nuclear_explosion.jpg)</st>
            <st ob="" eb="" sr="x" id="2.21">6 Stop Docker</st>
            <st ob="" eb="" sr="" id="2.22">"'</st>
            <st ob="" eb="" sr="" id="2.23">sudo service docker stop</st>
            <st ob="" eb="" sr="" id="2.24">"'</st>
            <st ob="" eb="" sr="x" id="2.25">7 Revert your store</st>
            <st ob="" eb="" sr="" id="2.26">"'</st>
            <st ob="" eb="" sr="" id="2.27">sudo zfs destroy rpool/docker</st>
            <st ob="" eb="" sr="" id="2.28">"'</st>
            <st ob="" eb="" sr="x" id="2.29">8 Restart the Docker daemon</st>
            <st ob="" eb="" sr="" id="2.30">"'</st>
            <st ob="" eb="" sr="" id="2.31">sudo service docker start</st>
            <st ob="" eb="" sr="" id="2.32">"'</st>
        </parg>
        <parg ob="" eb="" sr="" id="3">
            <st ob="" eb="" sr="" id="3.1">My test container contains a compiled version of @jpetazzo's wvtest.c.</st>
            <st ob="" eb="" sr="" id="3.2">You can find the source here: https://gist.github.com/jpetazzo/6160048</st>
        </parg>
    </desc>
</bug>
