<?xml version="1.0" encoding="UTF-8" standalone="yes"?>
<bug no-bug="" comments="">
    <id>14732</id>
    <title ob="x" eb="" sr="">Docker on Ubuntu 14, just can't get it up and running</title>
    <desc>
        <parg ob="" eb="" sr="" id="1">
            <st ob="" eb="" sr="" id="1.1">Hello everyone,</st>
        </parg>
        <parg ob="" eb="" sr="" id="2">
            <st ob="" eb="" sr="" id="2.1">After trying to get Docker up and running for more than # hours, I am throwing in the towel.</st>
            <st ob="" eb="" sr="" id="2.2">I really tried everything now, but I assume I've hit some weird kind of bug, as no amount of googling and troubleshooting was able to save the day (or my sanity).</st>
        </parg>
        <parg ob="" eb="" sr="" id="3">
            <st ob="" eb="" sr="" id="3.1">uname -r : 3.13.0-57-generic</st>
        </parg>
        <parg ob="" eb="" sr="" id="4">
            <st ob="" eb="" sr="" id="4.1">docker version: 1.6.2, build 7c8fca2</st>
        </parg>
        <parg ob="" eb="" sr="" id="5">
            <st ob="" eb="" sr="" id="5.1">docker info:</st>
        </parg>
        <parg ob="" eb="" sr="" id="6">
            <st ob="" eb="" sr="" id="6.1">Containers: 1
Images: 22
Storage Driver: aufs
 Root Dir: /var/lib/docker/aufs
 Backing Filesystem: extfs
 Dirs: 24
 Dirperm1 Supported: false
Execution Driver: native-0.2
Kernel Version: 3.13.0-57-generic
Operating System: Ubuntu 14.04.2 LTS
CPUs: 2
Total Memory: 1.955 GiB
Name: docker01
ID: X6JB:IH7Z:OK5O:II5I:OJ6V:OERE:IPEM:PN6S:HDDM:G2J7:HRB2:4ZKO
WARNING: No swap limit support</st>
        </parg>
        <parg ob="" eb="" sr="" id="7">
            <st ob="x" eb="" sr="" id="7.1">Every time I try to run a container, I'm greeted with the following message:</st>
        </parg>
        <parg ob="" eb="" sr="" id="8">
            <st ob="" eb="" sr="" id="8.1">FATA[0025] Error response from daemon: Cannot start container 35025befefbb3a6425497c32a5bfe4f001132b2c283b92ff777ef40a7079eff4: [8] System error: invalid argument</st>
        </parg>
        <parg ob="" eb="" sr="" id="9">
            <st ob="" eb="" sr="" id="9.1">Docker was installed from the official docker.io repos.</st>
            <st ob="" eb="" sr="" id="9.2">I installed 1.6.2, as the 1.7 branch causes even more issues for Ubuntu users, if I can believe everything I've read so far.</st>
        </parg>
    </desc>
</bug>
