<?xml version="1.0" encoding="UTF-8" standalone="yes"?>
<bug no-bug="" comments="">
    <id>14752</id>
    <title ob="x" eb="" sr="">docker fails to remove container which has already destroyed btrfs subvolume</title>
    <desc>
        <parg ob="" eb="" sr="" id="1">
            <st ob="" eb="" sr="" id="1.1">How do I get rid of such container?</st>
        </parg>
        <parg ob="" eb="" sr="" id="2">
            <st ob="" eb="" sr="" id="2.1">"'
de12daa0cfd0 image "/tmp/build.sh" 9 months ago Dead
"'</st>
        </parg>
        <parg ob="" eb="" sr="" id="3">
            <st ob="x" eb="" sr="x" id="3.1">This is what happens when I try to destroy the container:</st>
        </parg>
        <parg ob="" eb="" sr="" id="4">
            <st ob="" eb="" sr="" id="4.1">"'
Error response from daemon: Cannot destroy container de12daa0cfd0: Driver btrfs failed to remove root filesystem de12daa0cfd066df7508545fb0e017a9df90de6726d95a0d02e1b21382f78b07: stat /var/lib/docker/btrfs/subvolumes/de12daa0cfd066df7508545fb0e017a9df90de6726d95a0d02e1b21382f78b07: no such file or directory
Error: failed to remove containers: [de12daa0cfd0]
"'</st>
        </parg>
        <parg ob="" eb="" sr="" id="5">
            <st ob="" eb="" sr="" id="5.1">"'
$ docker version
Client version: 1.7.0.fc22
Client API version: 1.19
Package Version (client): docker-1.7.0-6.git74e7a7a.fc22.x86_64
Go version (client): go1.4.2
Git commit (client): 74e7a7a/1.7.0
OS/Arch (client): linux/amd64
Server version: 1.7.0.fc22
Server API version: 1.19
Package Version (server): docker-1.7.0-6.git74e7a7a.fc22.x86_64
Go version (server): go1.4.2
Git commit (server): 74e7a7a/1.7.0
OS/Arch (server): linux/amd64</st>
        </parg>
        <parg ob="" eb="" sr="" id="6">
            <st ob="" eb="" sr="" id="6.1">$ docker info
Containers: 5
Images: 155
Storage Driver: btrfs
Execution Driver: native-0.2
Logging Driver: json-file
Kernel Version: 4.0.7-300.</st>
            <st ob="" eb="" sr="" id="6.2">fc22.x86_64
Operating System: Fedora 22 (Twenty Two)
CPUs: 4
Total Memory: 7.682 GiB
Name: quahog
ID: PD35:TRT5:VF5I:YQBZ:WR5T:DDLP:GAGB:M374:EK7G:ITUG:6PN3:OCCI</st>
        </parg>
        <parg ob="" eb="" sr="" id="7">
            <st ob="" eb="" sr="" id="7.1">$ uname -a
Linux quahog 4.0.7-300.</st>
            <st ob="" eb="" sr="" id="7.2">fc22.x86_64 #1 SMP Mon Jun 29 22:15:06 UTC 2015 x86_64 x86_64 x86_64 GNU/Linux
"'</st>
        </parg>
    </desc>
</bug>
