<?xml version="1.0" encoding="UTF-8" standalone="yes"?>
<bug no-bug="" comments="">
    <id>14870</id>
    <title ob="x" eb="" sr="">docker import errors on hardlinked symlinks.</title>
    <desc>
        <parg ob="" eb="" sr="" id="1">
            <st ob="x" eb="" sr="" id="1.1">"docker import" chokes when I feed it a tarball containing two symlinks that are hardlinks to one another.</st>
            <st ob="" eb="" sr="x" id="1.2">That sentence probably makes no sense, so here are repro steps that work for me on Docker 1.5.0 on Fedora 20:</st>
        </parg>
        <parg ob="" eb="" sr="" id="2">
            <st ob="" eb="" sr="" id="2.1">"'
mkdir x
ln -s whatever ./x/symlink1 # now x/symlink1 is a symlink to 'whatever'
ln ./x/symlink1 ./x/symlink2 # now x/symlink2 is hardlinked to x/symlink1
tar cf - ./x/ | docker import - # blows up :(
"'</st>
        </parg>
        <parg ob="" eb="" sr="" id="3">
            <st ob="x" eb="" sr="" id="3.1">this results in Docker getting angry at me:</st>
        </parg>
        <parg ob="" eb="" sr="" id="4">
            <st ob="" eb="" sr="" id="4.1">"'
FATA[0000] Error: ApplyLayer exit status 1 stdout: stderr: chmod /x/symlink2: no such file or directory 
"'
</st>
        </parg>
    </desc>
</bug>
