<?xml version="1.0" encoding="UTF-8" standalone="yes"?>
<bug no-bug="" comments="">
    <id>15419</id>
    <title ob="x" eb="" sr="">Cannot utilise previous defines in an single ENV block</title>
    <desc>
        <parg ob="" eb="" sr="" id="1">
            <st ob="x" eb="" sr="x" id="1.1">If you attempt to declare and re-use an environment variable declared in one single'ENV' command, the usages of that environment variable are not substituted correctly.</st>
            <st ob="" eb="" sr="" id="1.2">#### Example</st>
        </parg>
        <parg ob="" eb="" sr="" id="2">
            <st ob="" eb="" sr="" id="2.1">"'
ENV \
 MYSQL_VERSION="5.1.36" \
 MYSQL_ARCHIVE="https://cdn.mysql.com/Downloads/Connector-J/mysql-connector-java-${MYSQL_VERSION}.tar.gz"
"'
#### Expected</st>
        </parg>
        <parg ob="" eb="" sr="" id="3">
            <st ob="" eb="x" sr="" id="3.1">The environment variable MYSQL_ARCHIVE should be built using the previously defined MYSQL_VERSION environment variable.</st>
            <st ob="" eb="" sr="" id="3.2">#### Affects</st>
        </parg>
        <parg ob="" eb="" sr="" id="4">
            <st ob="" eb="" sr="" id="4.1">version 1.7.1, build 786b29d</st>
        </parg>
    </desc>
</bug>
