<?xml version="1.0" encoding="UTF-8" standalone="yes"?>
<bug no-bug="" comments="">
    <id>15436</id>
    <title ob="x" eb="" sr="">Error when building master</title>
    <desc>
        <parg ob="" eb="" sr="" id="1">
            <st ob="x" eb="" sr="x" id="1.1">When attempting to build master I received the following error:</st>
        </parg>
        <parg ob="" eb="" sr="" id="2">
            <st ob="" eb="" sr="" id="2.1">"'</st>
            <st ob="" eb="" sr="" id="2.2">KUBE_RELEASE_RUN_TESTS=n build/release.sh</st>
            <st ob="" eb="" sr="" id="2.3">+++ [0809 21:52:49] Verifying Prerequisites....</st>
            <st ob="" eb="" sr="" id="2.4">+++ [0809 21:52:49] Setting boot2docker clock</st>
            <st ob="" eb="" sr="" id="2.5">+++ [0809 21:52:50] Building Docker image kube-build:cross.</st>
            <st ob="" eb="" sr="" id="2.6">+++ [0809 21:52:56] Building Docker image kube-build:build-deea7a2829.</st>
            <st ob="" eb="" sr="" id="2.7">+++ [0809 21:53:52] Running build command....</st>
            <st ob="" eb="" sr="" id="2.8">+++ [0809 21:53:52] Creating data container</st>
            <st ob="" eb="" sr="" id="2.9">+++ [0810 01:53:54] Building go targets for linux/amd64:</st>
            <st ob="" eb="" sr="" id="2.10"> cmd/kube-proxy</st>
            <st ob="" eb="" sr="" id="2.11"> cmd/kube-apiserver</st>
            <st ob="" eb="" sr="" id="2.12"> cmd/kube-controller-manager</st>
            <st ob="" eb="" sr="" id="2.13"> cmd/kubelet</st>
            <st ob="" eb="" sr="" id="2.14"> cmd/hyperkube</st>
            <st ob="" eb="" sr="" id="2.15"> cmd/kubernetes</st>
            <st ob="" eb="" sr="" id="2.16"> cmd/linkcheck</st>
            <st ob="" eb="" sr="" id="2.17"> plugin/cmd/kube-scheduler</st>
            <st ob="" eb="" sr="" id="2.18">go build k8s.io/kubernetes/pkg/ui/data/swagger: /usr/src/go/pkg/tool/linux_amd64/6g: signal: killed</st>
            <st ob="" eb="" sr="" id="2.19">!!! Error in /go/src/k8s.io/kubernetes/hack/lib/golang.sh:388</st>
            <st ob="" eb="" sr="" id="2.20"> 'go install "${goflags[@]:+${goflags[@]}}" -ldflags "${goldflags}" "${nonstatics[@]:+${nonstatics[@]}}"' exited with status 1</st>
            <st ob="" eb="" sr="" id="2.21">Call stack:</st>
            <st ob="" eb="" sr="" id="2.22"> 1: /go/src/k8s.io/kubernetes/hack/lib/golang.sh:388 kube::golang::build_binaries_for_platform(...)</st>
            <st ob="" eb="" sr="" id="2.23"> 2: /go/src/k8s.io/kubernetes/hack/lib/golang.sh:523 kube::golang::build_binaries(...)</st>
            <st ob="" eb="" sr="" id="2.24"> 3: hack/build-cross.sh:28 main(...)</st>
            <st ob="" eb="" sr="" id="2.25">Exiting with status 1</st>
            <st ob="" eb="" sr="" id="2.26">!!! Error in /go/src/k8s.io/kubernetes/hack/lib/golang.sh:444</st>
            <st ob="" eb="" sr="" id="2.27"> '( kube::golang::setup_env; local host_platform; host_platform=$(kube::golang::host_platform); local goflags goldflags; eval "goflags=(${KUBE_GOFLAGS:-})"; goldflags="${KUBE_GOLDFLAGS:-} $(kube::version::ldflags)"; local use_go_build; local -a targets=(); local arg; for arg in "$@";</st>
            <st ob="" eb="" sr="" id="2.28">do</st>
            <st ob="" eb="" sr="" id="2.29"> if [[ "${arg}" == "--use_go_build" ]]; then</st>
            <st ob="" eb="" sr="" id="2.30"> use_go_build=true;</st>
            <st ob="" eb="" sr="" id="2.31"> else</st>
            <st ob="" eb="" sr="" id="2.32"> if [[ "${arg}" == -* ]]; then</st>
            <st ob="" eb="" sr="" id="2.33"> goflags+=("${arg}");</st>
            <st ob="" eb="" sr="" id="2.34"> else</st>
            <st ob="" eb="" sr="" id="2.35"> targets+=("${arg}");</st>
            <st ob="" eb="" sr="" id="2.36"> fi;</st>
            <st ob="" eb="" sr="" id="2.37"> fi;</st>
            <st ob="" eb="" sr="" id="2.38">done; if [[ ${#targets[@]} -eq 0 ]]; then</st>
            <st ob="" eb="" sr="" id="2.39"> targets=("${KUBE_ALL_TARGETS[@]}");</st>
            <st ob="" eb="" sr="" id="2.40">fi; local -a platforms=("${KUBE_BUILD_PLATFORMS[@]:+${KUBE_BUILD_PLATFORMS[@]}}"); if [[ ${#platforms[@]} -eq 0 ]]; then</st>
            <st ob="" eb="" sr="" id="2.41"> platforms=("${host_platform}");</st>
            <st ob="" eb="" sr="" id="2.42">fi; local binaries; binaries=($(kube::golang::binaries_from_targets "${targets[@]}")); local parallel=false; if [[ ${#platforms[@]} -gt 1 ]]; then</st>
            <st ob="" eb="" sr="" id="2.43"> local gigs; gigs=$(kube::golang::get_physmem); if [[ ${gigs} -ge ${KUBE_PARALLEL_BUILD_MEMORY} ]]; then</st>
            <st ob="" eb="" sr="" id="2.44"> kube::log::status "Multiple platforms requested and available ${gigs}G &gt;= threshold ${KUBE_PARALLEL_BUILD_MEMORY}G, building platforms in parallel"; parallel=true;</st>
            <st ob="" eb="" sr="" id="2.45"> else</st>
            <st ob="" eb="" sr="" id="2.46"> kube::log::status "Multiple platforms requested, but available ${gigs}G &lt; threshold ${KUBE_PARALLEL_BUILD_MEMORY}G, building platforms in serial"; parallel=false;</st>
            <st ob="" eb="" sr="" id="2.47"> fi;</st>
            <st ob="" eb="" sr="" id="2.48">fi; if [[ "${parallel}" == "true" ]]; then</st>
            <st ob="" eb="" sr="" id="2.49"> kube::log::status "Building go targets for ${platforms[@]} in parallel (output will appear in a burst when complete):" "${targets[@]}"; local platform; for platform in "${platforms[@]}";</st>
            <st ob="" eb="" sr="" id="2.50"> do</st>
            <st ob="" eb="" sr="" id="2.51"> ( kube::golang::set_platform_envs "${platform}"; kube::log::status "${platform}: go build started"; kube::golang::build_binaries_for_platform ${platform} ${use_go_build:-}; kube::log::status "${platform}: go build finished" ) &amp;&gt; "/tmp//${platform//\//_}.build" &amp;</st>
            <st ob="" eb="" sr="" id="2.52"> done; local fails=0; for job in $(jobs -p);</st>
            <st ob="" eb="" sr="" id="2.53"> do</st>
            <st ob="" eb="" sr="" id="2.54"> wait ${job} || let "fails+=1";</st>
            <st ob="" eb="" sr="" id="2.55"> done; for platform in "${platforms[@]}";</st>
            <st ob="" eb="" sr="" id="2.56"> do</st>
            <st ob="" eb="" sr="" id="2.57"> cat "/tmp//${platform//\//_}.build";</st>
            <st ob="" eb="" sr="" id="2.58"> done; exit ${fails};</st>
            <st ob="" eb="" sr="" id="2.59">else</st>
            <st ob="" eb="" sr="" id="2.60"> for platform in "${platforms[@]}";</st>
            <st ob="" eb="" sr="" id="2.61"> do</st>
            <st ob="" eb="" sr="" id="2.62"> kube::log::status "Building go targets for ${platform}:" "${targets[@]}"; kube::golang::set_platform_envs "${platform}"; kube::golang::build_binaries_for_platform ${platform} ${use_go_build:-};</st>
            <st ob="" eb="" sr="" id="2.63"> done;</st>
            <st ob="" eb="" sr="" id="2.64">fi )' exited with status 1</st>
            <st ob="" eb="" sr="" id="2.65">Call stack:</st>
            <st ob="" eb="" sr="" id="2.66"> 1: /go/src/k8s.io/kubernetes/hack/lib/golang.sh:444 kube::golang::build_binaries(...)</st>
            <st ob="" eb="" sr="" id="2.67"> 2: hack/build-cross.sh:28 main(...)</st>
            <st ob="" eb="" sr="" id="2.68">Exiting with status 1</st>
            <st ob="" eb="" sr="" id="2.69">!!! Error in build/../build/common.sh:441</st>
            <st ob="" eb="" sr="" id="2.70"> '"${docker_cmd[@]}" "$@"' exited with status 1</st>
            <st ob="" eb="" sr="" id="2.71">Call stack:</st>
            <st ob="" eb="" sr="" id="2.72"> 1: build/../build/common.sh:441 kube::build::run_build_command(...)</st>
            <st ob="" eb="" sr="" id="2.73"> 2: build/release.sh:32 main(...)</st>
            <st ob="" eb="" sr="" id="2.74">Exiting with status 1</st>
            <st ob="" eb="" sr="" id="2.75">make: 0_download_all_bugs.sh 1_download_json.sh data data2 log_download_1.txt log_download_2.txt log_download_3.txt log_download_4.txt nohup.out only_bugs.csv pull_requests.csv script2.sh [quick-release] Error 1</st>
            <st ob="" eb="" sr="" id="2.76">"'</st>
        </parg>
    </desc>
</bug>
