<?xml version="1.0" encoding="UTF-8" standalone="yes"?>
<bug no-bug="" comments="">
    <id>15461</id>
    <title ob="x" eb="" sr="">Remote API doc has broken image link</title>
    <desc>
        <parg ob="" eb="" sr="" id="1">
            <st ob="" eb="" sr="" id="1.1">https://github.com/docker/docker/blob/master/docs/reference/api/docker_remote_api.md</st>
        </parg>
        <parg ob="" eb="" sr="" id="2">
            <st ob="x" eb="" sr="" id="2.1">Has a broken image link at ln.50.</st>
        </parg>
    </desc>
</bug>
