<?xml version="1.0" encoding="UTF-8" standalone="yes"?>
<bug no-bug="" comments="">
    <id>15651</id>
    <title ob="x" eb="" sr="">Error starting daemon: error initializing graphdriver: driver not supported</title>
    <desc>
        <parg ob="" eb="" sr="" id="1">
            <st ob="x" eb="" sr="" id="1.1">After upgrade from 1.7.1 to 1.8.1 docker daemon refuse to start.</st>
            <st ob="x" eb="" sr="" id="1.2">It fails with this error log message:</st>
        </parg>
        <parg ob="" eb="" sr="" id="2">
            <st ob="" eb="" sr="" id="2.1">```
ERRO[0000] Failed to GetDriver graph btrfs /lxc/docker 
FATA[0000] Error starting daemon: error initializing graphdriver: driver not supported 
```</st>
        </parg>
        <parg ob="" eb="" sr="" id="3">
            <st ob="" eb="" sr="" id="3.1">`docker version`:
Client:
 Version: 1.8.1
 API version: 1.20
 Go version: go1.4.2
 Git commit: d12ea79
 Built: Thu Aug 13 02:32:18 UTC 2015
 OS/Arch: linux/amd64
Cannot connect to the Docker daemon.</st>
            <st ob="" eb="" sr="" id="3.2">Is 'docker -d' running on this host?</st>
        </parg>
        <parg ob="" eb="" sr="" id="4">
            <st ob="" eb="" sr="" id="4.1">`uname -a`:
```Linux alambike-MM061 3.13.0-61-generic #100~precise1-Ubuntu SMP Wed Jul 29 12:06:40 UTC 2015 x86_64 x86_64 x86_64 GNU/Linux```</st>
        </parg>
        <parg ob="" eb="" sr="" id="5">
            <st ob="x" eb="" sr="" id="5.1">I was running docker in my laptop, with ubuntu 12.04, with the btrfs driver, but after upgrade from 1.7.1 to 1.8.1 the docker daemon refuses to start.</st>
            <st ob="" eb="" sr="x" id="5.2">The upgrade process was made with the recommended script ```curl -sSL https://get.docker.com/ | sh```</st>
        </parg>
        <parg ob="" eb="" sr="" id="6">
            <st ob="x" eb="" sr="" id="6.1">It seems can't find correct driver now</st>
        </parg>
        <parg ob="" eb="" sr="" id="7">
            <st ob="" eb="" sr="" id="7.1">```</st>
            <st ob="" eb="" sr="" id="7.2"># docker -s btrfs -d -D</st>
            <st ob="" eb="" sr="" id="7.3">Warning: '-d' is deprecated, it will be removed soon. See usage.</st>
            <st ob="" eb="" sr="" id="7.4">WARN[0000] please use 'docker daemon' instead. </st>
            <st ob="" eb="" sr="" id="7.5">DEBU[0000] Registering GET, /images/search </st>
            <st ob="" eb="" sr="" id="7.6">DEBU[0000] Registering GET, /containers/json </st>
            <st ob="" eb="" sr="" id="7.7">DEBU[0000] Registering GET, /containers/{name:.*}/export </st>
            <st ob="" eb="" sr="" id="7.8">DEBU[0000] Registering GET, /containers/{name:.*}/json </st>
            <st ob="" eb="" sr="" id="7.9">DEBU[0000] Registering GET, /containers/{name:.*}/attach/ws </st>
            <st ob="" eb="" sr="" id="7.10">DEBU[0000] Registering GET, /info </st>
            <st ob="" eb="" sr="" id="7.11">DEBU[0000] Registering GET, /version </st>
            <st ob="" eb="" sr="" id="7.12">DEBU[0000] Registering GET, /containers/ps </st>
            <st ob="" eb="" sr="" id="7.13">DEBU[0000] Registering GET, /containers/{name:.*}/top </st>
            <st ob="" eb="" sr="" id="7.14">DEBU[0000] Registering GET, /containers/{name:.*}/stats </st>
            <st ob="" eb="" sr="" id="7.15">DEBU[0000] Registering GET, /containers/{name:.*}/archive </st>
            <st ob="" eb="" sr="" id="7.16">DEBU[0000] Registering GET, /_ping </st>
            <st ob="" eb="" sr="" id="7.17">DEBU[0000] Registering GET, /events </st>
            <st ob="" eb="" sr="" id="7.18">DEBU[0000] Registering GET, /images/json </st>
            <st ob="" eb="" sr="" id="7.19">DEBU[0000] Registering GET, /images/get </st>
            <st ob="" eb="" sr="" id="7.20">DEBU[0000] Registering GET, /images/{name:.*}/get </st>
            <st ob="" eb="" sr="" id="7.21">DEBU[0000] Registering GET, /images/{name:.*}/history </st>
            <st ob="" eb="" sr="" id="7.22">DEBU[0000] Registering GET, /images/{name:.*}/json </st>
            <st ob="" eb="" sr="" id="7.23">DEBU[0000] Registering GET, /containers/{name:.*}/changes </st>
            <st ob="" eb="" sr="" id="7.24">DEBU[0000] Registering GET, /containers/{name:.*}/logs </st>
            <st ob="" eb="" sr="" id="7.25">DEBU[0000] Registering GET, /exec/{id:.*}/json </st>
            <st ob="" eb="" sr="" id="7.26">DEBU[0000] Registering POST, /images/{name:.*}/tag </st>
            <st ob="" eb="" sr="" id="7.27">DEBU[0000] Registering POST, /containers/{name:.*}/pause </st>
            <st ob="" eb="" sr="" id="7.28">DEBU[0000] Registering POST, /containers/{name:.*}/rename </st>
            <st ob="" eb="" sr="" id="7.29">DEBU[0000] Registering POST, /commit </st>
            <st ob="" eb="" sr="" id="7.30">DEBU[0000] Registering POST, /images/create </st>
            <st ob="" eb="" sr="" id="7.31">DEBU[0000] Registering POST, /images/load </st>
            <st ob="" eb="" sr="" id="7.32">DEBU[0000] Registering POST, /images/{name:.*}/push </st>
            <st ob="" eb="" sr="" id="7.33">DEBU[0000] Registering POST, /containers/{name:.*}/unpause </st>
            <st ob="" eb="" sr="" id="7.34">DEBU[0000] Registering POST, /containers/{name:.*}/restart </st>
            <st ob="" eb="" sr="" id="7.35">DEBU[0000] Registering POST, /exec/{name:.*}/resize </st>
            <st ob="" eb="" sr="" id="7.36">DEBU[0000] Registering POST, /containers/{name:.*}/resize </st>
            <st ob="" eb="" sr="" id="7.37">DEBU[0000] Registering POST, /containers/create </st>
            <st ob="" eb="" sr="" id="7.38">DEBU[0000] Registering POST, /containers/{name:.*}/kill </st>
            <st ob="" eb="" sr="" id="7.39">DEBU[0000] Registering POST, /containers/{name:.*}/start </st>
            <st ob="" eb="" sr="" id="7.40">DEBU[0000] Registering POST, /containers/{name:.*}/stop </st>
            <st ob="" eb="" sr="" id="7.41">DEBU[0000] Registering POST, /containers/{name:.*}/copy </st>
            <st ob="" eb="" sr="" id="7.42">DEBU[0000] Registering POST, /containers/{name:.*}/exec </st>
            <st ob="" eb="" sr="" id="7.43">DEBU[0000] Registering POST, /exec/{name:.*}/start </st>
            <st ob="" eb="" sr="" id="7.44">DEBU[0000] Registering POST, /auth </st>
            <st ob="" eb="" sr="" id="7.45">DEBU[0000] Registering POST, /build </st>
            <st ob="" eb="" sr="" id="7.46">DEBU[0000] Registering POST, /containers/{name:.*}/wait </st>
            <st ob="" eb="" sr="" id="7.47">DEBU[0000] Registering POST, /containers/{name:.*}/attach </st>
            <st ob="" eb="" sr="" id="7.48">DEBU[0000] Registering PUT, /containers/{name:.*}/archive </st>
            <st ob="" eb="" sr="" id="7.49">DEBU[0000] Registering DELETE, /containers/{name:.*} </st>
            <st ob="" eb="" sr="" id="7.50">DEBU[0000] Registering DELETE, /images/{name:.*} </st>
            <st ob="" eb="" sr="" id="7.51">DEBU[0000] Registering OPTIONS, </st>
            <st ob="" eb="" sr="" id="7.52">DEBU[0000] Registering HEAD, /containers/{name:.*}/archive </st>
            <st ob="" eb="" sr="" id="7.53">DEBU[0000] [graphdriver] trying provided driver "btrfs" </st>
            <st ob="" eb="" sr="" id="7.54">ERRO[0000] Failed to GetDriver graph btrfs /lxc/docker </st>
            <st ob="" eb="" sr="" id="7.55">DEBU[0000] docker group found. gid: 999 </st>
            <st ob="" eb="" sr="" id="7.56">INFO[0000] Listening for HTTP on unix (/var/run/docker.sock) </st>
            <st ob="" eb="" sr="" id="7.57">FATA[0000] Error starting daemon: error initializing graphdriver: driver not supported </st>
        </parg>
    </desc>
</bug>
