<?xml version="1.0" encoding="UTF-8" standalone="yes"?>
<bug no-bug="" comments="">
    <id>15673</id>
    <title ob="x" eb="" sr="">docker ps --quiet doesn't work with psFormat table</title>
    <desc>
        <parg ob="" eb="" sr="" id="1">
            <st ob="x" eb="" sr="" id="1.1">Looks like docker ps --quiet doesn't work when using new psFormat options, introduced in docker 1.8
https://github.com/docker/docker/issues/7477</st>
        </parg>
        <parg ob="" eb="" sr="" id="2">
            <st ob="" eb="" sr="" id="2.1">docker version:</st>
        </parg>
        <parg ob="" eb="" sr="" id="3">
            <st ob="" eb="" sr="" id="3.1">"'
Client:
 Version: 1.8.1
 API version: 1.20
 Go version: go1.4.2
 Git commit: d12ea79
 Built: Thu Aug 13 19:47:52 UTC 2015
 OS/Arch: darwin/amd64</st>
        </parg>
        <parg ob="" eb="" sr="" id="4">
            <st ob="" eb="" sr="" id="4.1">Server:
 Version: 1.8.1
 API version: 1.20
 Go version: go1.4.2
 Git commit: d12ea79
 Built: Thu Aug 13 02:49:29 UTC 2015
 OS/Arch: linux/amd64
"'</st>
        </parg>
        <parg ob="" eb="" sr="" id="5">
            <st ob="" eb="" sr="" id="5.1">docker info:</st>
        </parg>
        <parg ob="" eb="" sr="" id="6">
            <st ob="" eb="" sr="" id="6.1">"'
Containers: 1
Images: 142
Storage Driver: aufs
 Root Dir: /mnt/sda1/var/lib/docker/aufs
 Backing Filesystem: extfs
 Dirs: 144
 Dirperm1 Supported: true
Execution Driver: native-0.2
Logging Driver: json-file
Kernel Version: 4.0.9-boot2docker
Operating System: Boot2Docker 1.8.1 (TCL 6.3); master : 5986633 - Thu Aug 13 04:17:54 UTC 2015
CPUs: 4
Total Memory: 3.858 GiB
Name: imc
ID: QZFV:WXGI:TPNT:3PZU:DD7D:RWKP:MNXY:R4PF:XGVS:XX2D:NEVD:BBJG
Debug mode (server): true
File Descriptors: 10
Goroutines: 27
System Time: 2015-08-18T19:42:37.145986554Z
EventsListeners: 0
Init SHA1:
Init Path: /usr/local/bin/docker
Docker Root Dir: /mnt/sda1/var/lib/docker
Labels:
 provider=virtualbox
"'</st>
        </parg>
        <parg ob="" eb="" sr="" id="7">
            <st ob="" eb="" sr="" id="7.1">uname -a:
'Darwin Kernel Version 14.4.0 (Mac OSX)'</st>
        </parg>
        <parg ob="" eb="" sr="" id="8">
            <st ob="" eb="" sr="" id="8.1">Provide additional environment details (AWS, VirtualBox, physical, etc.):</st>
            <st ob="" eb="" sr="" id="8.2">- docker-machine (Mac OSX, VirtualBox)</st>
        </parg>
        <parg ob="" eb="" sr="" id="9">
            <st ob="" eb="" sr="" id="9.1">List the steps to reproduce the issue:</st>
            <st ob="" eb="" sr="x" id="9.2">1 Create/save psFormat table, with (container) ID in any index, other than the first.</st>
            <st ob="" eb="" sr="" id="9.3">Here is my ${HOME}/.</st>
            <st ob="" eb="" sr="" id="9.4">docker/config.</st>
            <st ob="" eb="" sr="" id="9.5">json:</st>
        </parg>
        <parg ob="" eb="" sr="" id="10">
            <st ob="" eb="" sr="" id="10.1">"' json</st>
            <st ob="" eb="" sr="" id="10.2">{</st>
            <st ob="" eb="" sr="" id="10.3">"psFormat": "table {{ .</st>
            <st ob="" eb="" sr="" id="10.4">Names }}\t{{ .</st>
            <st ob="" eb="" sr="" id="10.5">ID }}\t{{ .</st>
            <st ob="" eb="" sr="" id="10.6">Status }}\t{{ .</st>
            <st ob="" eb="" sr="" id="10.7">Image }}"</st>
            <st ob="" eb="" sr="" id="10.8">}</st>
            <st ob="" eb="" sr="" id="10.9">"'</st>
            <st ob="" eb="" sr="" id="10.10">1 Run docker ps --quiet</st>
        </parg>
        <parg ob="" eb="" sr="" id="11">
            <st ob="x" eb="" sr="" id="11.1">Describe the results you received:
All values from the psFormat table are displayed</st>
        </parg>
        <parg ob="" eb="" sr="" id="12">
            <st ob="" eb="" sr="" id="12.1">"'
&gt; docker ps --quiet
CONTAINER ID NAMES STATUS IMAGE
c3674a480bea high_bartik Up 19 seconds docker-registry:8080/roe
"'</st>
        </parg>
        <parg ob="" eb="" sr="" id="13">
            <st ob="" eb="x" sr="" id="13.1">Describe the results you expected:
Only display numeric IDs, as the default behavior without psFormat table.</st>
            <st ob="" eb="" sr="" id="13.2">For example:</st>
        </parg>
        <parg ob="" eb="" sr="" id="14">
            <st ob="" eb="" sr="" id="14.1">"'
&gt; docker ps --quiet
c3674a480bea
"'</st>
        </parg>
        <parg ob="" eb="" sr="" id="15">
            <st ob="" eb="" sr="" id="15.1">Provide additional info you think is important:
BIG, big fan of the psFormat!</st>
            <st ob="" eb="" sr="" id="15.2">It would be nice to have this work with --quiet.</st>
        </parg>
        <parg ob="" eb="" sr="" id="16">
            <st ob="" eb="" sr="" id="16.1">Aside/wishlist/probably-a-separate-request:
It would be sweet to allow separate psFormat tables for list default (docker ps) and list all (docker ps --all).</st>
        </parg>
    </desc>
</bug>
