<?xml version="1.0" encoding="UTF-8" standalone="yes"?>
<bug no-bug="" comments="">
    <id>15960</id>
    <title ob="x" eb="" sr="">Bug installing Docker on Mac OS 10.8.5</title>
    <desc>
        <parg ob="" eb="" sr="" id="1">
            <st ob="" eb="" sr="" id="1.1">Steps to reproduce:</st>
            <st ob="" eb="" sr="x" id="1.2">1 Download the latest available version from: https://www.docker.com/toolbox.'DockerToolbox-1.8.1c.pkg'</st>
            <st ob="" eb="" sr="x" id="1.3">2 Launch the installer.</st>
            <st ob="" eb="" sr="x" id="1.4">3 Click "Continue".</st>
            <st ob="" eb="" sr="" id="1.5">![screen shot 2015-08-31 at 1 35 19 pm](https://cloud.githubusercontent.com/assets/171493/9585494/55ce47dc-4fe5-11e5-8ecc-b00f5e06dd21.png)</st>
            <st ob="" eb="" sr="x" id="1.6">4 Get to the Introduction step and click "Continue" again.</st>
            <st ob="" eb="" sr="" id="1.7">![screen shot 2015-08-31 at 1 35 27 pm](https://cloud.githubusercontent.com/assets/171493/9585502/5bf2d786-4fe5-11e5-85d9-11bb3b0b2a6c.png)</st>
            <st ob="x" eb="" sr="" id="1.8">5 Get stuck here.</st>
            <st ob="x" eb="" sr="" id="1.9">No options are available.</st>
            <st ob="" eb="" sr="" id="1.10">![screen shot 2015-08-31 at 1 35 32 pm](https://cloud.githubusercontent.com/assets/171493/9585510/6d0cee26-4fe5-11e5-8453-a84e136c873c.png)</st>
        </parg>
        <parg ob="" eb="" sr="" id="2">
            <st ob="x" eb="" sr="" id="2.1">The only errors in the installer log seem to be related to Mixpanel:</st>
        </parg>
        <parg ob="" eb="" sr="" id="3">
            <st ob="" eb="" sr="" id="3.1">"'</st>
            <st ob="" eb="" sr="" id="3.2">Aug 31 13:09:48 *.local Installer[5386]: objc[5386]: Class Mixpanel is implemented in both /var/folders/8t/218drryn6b3_xnrgzy0pnxlc0000gn/T/com.apple.install.3bOAli6T/overviewplugin.bundle/Contents/MacOS/overviewplugin and /var/folders/8t/218drryn6b3_xnrgzy0pnxlc0000gn/T/com.apple.install.3bOAli6T/managevmplugin.bundle/Contents/MacOS/managevmplugin. One of the two will be used. Which one is undefined.</st>
            <st ob="" eb="" sr="" id="3.3">Aug 31 13:09:48 *.local Installer[5386]: objc[5386]: Class Mixpanel is implemented in both /var/folders/8t/218drryn6b3_xnrgzy0pnxlc0000gn/T/com.apple.install.3bOAli6T/overviewplugin.bundle/Contents/MacOS/overviewplugin and /var/folders/8t/218drryn6b3_xnrgzy0pnxlc0000gn/T/com.apple.install.3bOAli6T/quickstartplugin.bundle/Contents/MacOS/quickstartplugin. One of the two will be used. Which one is undefined.</st>
            <st ob="" eb="" sr="" id="3.4">"'</st>
        </parg>
        <parg ob="" eb="" sr="" id="4">
            <st ob="" eb="" sr="" id="4.1">I also tried rebooting the computer and re-downloading the installer just to see if that helped.</st>
            <st ob="" eb="" sr="" id="4.2">Unfortunately, it didn't change anything.</st>
        </parg>
    </desc>
</bug>
