<?xml version="1.0" encoding="UTF-8" standalone="yes"?>
<bug no-bug="" comments="">
    <id>1598</id>
    <title ob="x" eb="" sr="">error when installing ubuntu package: start: Job is already running: docker </title>
    <desc>
        <parg ob="" eb="" sr="" id="1">
            <st ob="" eb="" sr="" id="1.1">"'</st>
            <st ob="" eb="" sr="x" id="1.2"># apt-get install lxc-docker</st>
            <st ob="" eb="" sr="" id="1.3">Reading package lists... Done</st>
            <st ob="" eb="" sr="" id="1.4">Building dependency tree</st>
            <st ob="" eb="" sr="" id="1.5">Reading state information... Done</st>
            <st ob="" eb="" sr="" id="1.6">The following NEW packages will be installed:</st>
            <st ob="" eb="" sr="" id="1.7"> lxc-docker</st>
            <st ob="" eb="" sr="" id="1.8">0 upgraded, 1 newly installed, 0 to remove and 47 not upgraded.</st>
            <st ob="" eb="" sr="" id="1.9">Need to get 0 B/1,438 kB of archives.</st>
            <st ob="" eb="" sr="" id="1.10">After this operation, 5,832 kB of additional disk space will be used.</st>
            <st ob="" eb="" sr="" id="1.11">Selecting previously unselected package lxc-docker.</st>
            <st ob="" eb="" sr="" id="1.12">(Reading database ... 31119 files and directories currently installed.)</st>
            <st ob="" eb="" sr="" id="1.13">Unpacking lxc-docker (from .../lxc-docker_0.5.3-1_amd64.deb) ...</st>
            <st ob="" eb="" sr="" id="1.14">Processing triggers for ureadahead ...</st>
            <st ob="" eb="" sr="" id="1.15">Setting up lxc-docker (0.5.3-1) ...</st>
            <st ob="" eb="" sr="" id="1.16">start: Job is already running: docker</st>
            <st ob="" eb="" sr="" id="1.17">dpkg: error processing lxc-docker (--configure):</st>
            <st ob="" eb="" sr="" id="1.18"> subprocess installed post-installation script returned error exit status 1</st>
            <st ob="" eb="" sr="" id="1.19">Processing triggers for ureadahead ...</st>
            <st ob="" eb="" sr="" id="1.20">Errors were encountered while processing:</st>
            <st ob="" eb="" sr="" id="1.21"> lxc-docker</st>
            <st ob="" eb="" sr="" id="1.22">E: Sub-process /usr/bin/dpkg returned an error code (1)</st>
            <st ob="" eb="" sr="" id="1.23">"'</st>
        </parg>
        <parg ob="" eb="" sr="" id="2">
            <st ob="x" eb="" sr="" id="2.1">If I run 'killall docker' and restarting the installation, it works.</st>
        </parg>
    </desc>
</bug>
