<?xml version="1.0" encoding="UTF-8" standalone="yes"?>
<bug no-bug="" comments="">
    <id>15997</id>
    <title ob="x" eb="" sr="">Docker volumes does not track unused volumes created through plugins</title>
    <desc>
        <parg ob="" eb="" sr="" id="1">
            <st ob="" eb="" sr="" id="1.1">This is a placeholder issue for discussing improvements to the way docker volumes keeps track of (named) volumes created through plugins.</st>
        </parg>
        <parg ob="" eb="" sr="" id="2">
            <st ob="" eb="" sr="" id="2.1">This issue came up in a discussion on IRC (logs can be found [here on botbot.me](https://botbot.me/freenode/docker-dev/2015-09-01/?msg=48716043&amp;page=4))</st>
        </parg>
        <parg ob="" eb="" sr="" id="3">
            <st ob="" eb="" sr="" id="3.1">I'm writing down some thoughts; there may be technical inaccuracies (please comment and I'll correct them :smile:)</st>
        </parg>
        <parg ob="" eb="" sr="" id="4">
            <st ob="" eb="" sr="" id="4.1">### Description</st>
        </parg>
        <parg ob="" eb="" sr="" id="5">
            <st ob="" eb="" sr="" id="5.1">Docker volume can keep track of volumes in a number of ways;</st>
        </parg>
        <parg ob="" eb="" sr="" id="6">
            <st ob="" eb="" sr="" id="6.1">- Volumes created with the 'local' driver are stored inside `/var/lib/docker`, and can be resolved through the filesystem</st>
            <st ob="" eb="" sr="" id="6.2">- Volumes created through the volumes API (both 'local' and 'plugin') are kept in-memory</st>
            <st ob="" eb="" sr="" id="6.3">- Volumes that are currently used by containers can be resolved through the information stored in the container's JSON</st>
        </parg>
        <parg ob="" eb="" sr="" id="7">
            <st ob="x" eb="" sr="" id="7.1">Apart from the above, Docker does not persist any information about volumes.</st>
            <st ob="x" eb="" sr="" id="7.2">This means that, after a daemon restart, information about *unused* volumes, created through plugins is no longer available.</st>
            <st ob="x" eb="" sr="" id="7.3">The volumes are still "there", but Docker does not have any notion of their existence.</st>
        </parg>
        <parg ob="" eb="" sr="" id="8">
            <st ob="" eb="" sr="" id="8.1">### Problem</st>
            <st ob="x" eb="" sr="" id="8.2">Not keeping track of this information can lead to a number of problems.</st>
            <st ob="" eb="" sr="x" id="8.3">Some examples;</st>
        </parg>
        <parg ob="" eb="" sr="" id="9">
            <st ob="" eb="" sr="" id="9.1">```bash
docker volume create --name foobar
docker volume create --driver somedriver --name foobar2
docker volume create --driver somedriver --name foobar3</st>
        </parg>
        <parg ob="" eb="" sr="" id="10">
            <st ob="" eb="" sr="" id="10.1">docker run -d -v foobar3:/foo nginx</st>
        </parg>
        <parg ob="" eb="" sr="" id="11">
            <st ob="" eb="" sr="" id="11.1">docker volume</st>
        </parg>
        <parg ob="" eb="" sr="" id="12">
            <st ob="" eb="" sr="" id="12.1">DRIVER VOLUME NAME
local foobar
somedriver foobar2
somedriver foobar3</st>
        </parg>
        <parg ob="" eb="" sr="" id="13">
            <st ob="" eb="" sr="" id="13.1">restart docker</st>
        </parg>
        <parg ob="" eb="" sr="" id="14">
            <st ob="" eb="" sr="" id="14.1">docker volume</st>
        </parg>
        <parg ob="" eb="" sr="" id="15">
            <st ob="" eb="" sr="" id="15.1">DRIVER VOLUME NAME
local foobar
somedriver foobar3</st>
        </parg>
        <parg ob="" eb="" sr="" id="16">
            <st ob="" eb="" sr="" id="16.1">```</st>
        </parg>
        <parg ob="" eb="" sr="" id="17">
            <st ob="x" eb="" sr="x" id="17.1">After restarting the daemon, volume `foobar2` is no longer visible.</st>
            <st ob="x" eb="" sr="" id="17.2">(note: foobar3 actually becomes visible as a "local" volume, which is caused by https://github.com/docker/docker/issues/15994)</st>
        </parg>
        <parg ob="" eb="" sr="" id="18">
            <st ob="x" eb="" sr="" id="18.1">Trying to use `foobar2` for a container (but omitting the `--volume-driver`),
will now create a *new* volume, using the default ('local') driver;</st>
        </parg>
        <parg ob="" eb="" sr="" id="19">
            <st ob="" eb="" sr="" id="19.1">```bash
docker run -d -v foobar2:/foo nginx</st>
        </parg>
        <parg ob="" eb="" sr="" id="20">
            <st ob="" eb="" sr="" id="20.1">DRIVER VOLUME NAME
local foobar
local foobar2
somedriver foobar3
```</st>
        </parg>
        <parg ob="" eb="" sr="" id="21">
            <st ob="" eb="" sr="" id="21.1">### Possible solutions</st>
        </parg>
        <parg ob="" eb="" sr="" id="22">
            <st ob="" eb="" sr="" id="22.1">#### 1 Persist information about *all* volumes in `/var/lib/docker/volume/&lt;volume-name&gt;`.</st>
        </parg>
        <parg ob="" eb="" sr="" id="23">
            <st ob="" eb="" sr="" id="23.1">For volumes created through plug-ins, this could simply mean to keep a JSON file, containing the minimum required information, probably only "driver" (possibly "Source") is needed at this moment;</st>
        </parg>
        <parg ob="" eb="" sr="" id="24">
            <st ob="" eb="" sr="" id="24.1">```JSON
{
 "Driver": "somedriver",
 "Source": "/some/path/foobar3/_data",
}
```</st>
        </parg>
        <parg ob="" eb="" sr="" id="25">
            <st ob="" eb="" sr="" id="25.1">*advantages:*</st>
        </parg>
        <parg ob="" eb="" sr="" id="26">
            <st ob="" eb="" sr="" id="26.1">- Simple solution</st>
            <st ob="" eb="" sr="" id="26.2">- Consistent with the 'local' driver</st>
            <st ob="" eb="" sr="" id="26.3">- Guarantees "globally" unique volume names (`/var/lib/docker/volume/&lt;volume-name&gt;`)</st>
        </parg>
        <parg ob="" eb="" sr="" id="27">
            <st ob="" eb="" sr="" id="27.1">*disadvantages:*</st>
        </parg>
        <parg ob="" eb="" sr="" id="28">
            <st ob="" eb="" sr="" id="28.1">- Who is "responsible" for keeping track of volumes; the *driver* or *docker*?</st>
            <st ob="" eb="" sr="" id="28.2">- Plugin's may have other ways to create / destroy volumes; information can get out of sync.</st>
        </parg>
        <parg ob="" eb="" sr="" id="29">
            <st ob="" eb="" sr="" id="29.1">#### 2 Extend the volume-plugins interface</st>
        </parg>
        <parg ob="" eb="" sr="" id="30">
            <st ob="" eb="" sr="" id="30.1">Extend the volume-plugins interface to have plugins *return* a list of volumes they have present.</st>
        </parg>
        <parg ob="" eb="" sr="" id="31">
            <st ob="" eb="" sr="" id="31.1">*advantages:*</st>
        </parg>
        <parg ob="" eb="" sr="" id="32">
            <st ob="" eb="" sr="" id="32.1">- The plugin is responsibility for providing and maintaining the volume information</st>
            <st ob="" eb="" sr="" id="32.2">- Information doesn't get out of sync (if a plugin creates / destroys a volume outside of Docker)</st>
        </parg>
        <parg ob="" eb="" sr="" id="33">
            <st ob="" eb="" sr="" id="33.1">*disadvantages:*</st>
        </parg>
        <parg ob="" eb="" sr="" id="34">
            <st ob="" eb="" sr="" id="34.1">- More complicated / moving parts</st>
            <st ob="" eb="" sr="" id="34.2">- No guarantee that volume-names are "globally" unique</st>
        </parg>
        <parg ob="" eb="" sr="" id="35">
            <st ob="" eb="" sr="" id="35.1">#### 3 Combination of the above</st>
        </parg>
        <parg ob="" eb="" sr="" id="36">
            <st ob="" eb="" sr="" id="36.1">Store information about volumes in `/var/lib/docker`, and synchronize this information
by requesting the actual list of volumes from the plugins.</st>
        </parg>
    </desc>
</bug>
