<?xml version="1.0" encoding="UTF-8" standalone="yes"?>
<bug no-bug="" comments="">
    <id>16114</id>
    <title ob="x" eb="" sr="">Bridge network does not work for 1 second after starting container.</title>
    <desc>
        <parg ob="" eb="" sr="" id="1">
            <st ob="" eb="" sr="" id="1.1">Description of problem:</st>
            <st ob="x" eb="" sr="" id="1.2">Just after starting container on bridge network, network RTT is long like 1sec for the first second.</st>
            <st ob="x" eb="" sr="" id="1.3">The issue happens on bridge network, but does not happens on host network.</st>
            <st ob="" eb="" sr="x" id="1.4">If I run multiple docker command within 3sec, there is no delay on the second docker command.</st>
        </parg>
        <parg ob="" eb="" sr="" id="2">
            <st ob="" eb="" sr="" id="2.1">```
$ docker run -i -t ubuntu ping 23.3.74.35
PING 23.3.74.35 (23.3.74.35) 56(84) bytes of data.</st>
            <st ob="" eb="" sr="" id="2.2">64 bytes from 23.3.74.35: icmp_seq=1 ttl=54 time=1008 ms
64 bytes from 23.3.74.35: icmp_seq=2 ttl=54 time=8.91 ms
64 bytes from 23.3.74.35: icmp_seq=3 ttl=54 time=8.77 ms
64 bytes from 23.3.74.35: icmp_seq=4 ttl=54 time=8.62 ms
$ docker --version
Docker version 1.8.1, build d12ea79
```</st>
        </parg>
        <parg ob="" eb="" sr="" id="3">
            <st ob="" eb="" sr="" id="3.1">`docker version`:
Docker version 1.8.1, build d12ea79</st>
        </parg>
        <parg ob="" eb="" sr="" id="4">
            <st ob="" eb="" sr="" id="4.1">`docker info`:
Containers: 215
Images: 89
Storage Driver: aufs
 Root Dir: /var/lib/docker/aufs
 Backing Filesystem: extfs
 Dirs: 519
 Dirperm1 Supported: false
Execution Driver: native-0.2
Logging Driver: json-file
Kernel Version: 3.13.0-48-generic
Operating System: Ubuntu 14.04.2 LTS
CPUs: 2
Total Memory: 3.859 GiB
Name: ip-172-30-1-129
ID: IJPX:CXAX:QHEA:6ORA:URFS:OTKJ:XN4R:5IUI:AJUS:A7SW:7NAP:34EC
WARNING: No swap limit support</st>
        </parg>
        <parg ob="" eb="" sr="" id="5">
            <st ob="" eb="" sr="" id="5.1">`uname -a`:
Linux ip-172-30-1-129 3.13.0-48-generic #80-Ubuntu SMP Thu Mar 12 11:16:15 UTC 2015 x86_64 x86_64 x86_64 GNU/Linux</st>
        </parg>
        <parg ob="" eb="" sr="" id="6">
            <st ob="" eb="" sr="" id="6.1">Environment details (AWS, VirtualBox, physical, etc.):
AWS</st>
        </parg>
        <parg ob="" eb="" sr="" id="7">
            <st ob="" eb="" sr="" id="7.1">How reproducible:
Every time.</st>
        </parg>
        <parg ob="" eb="" sr="" id="8">
            <st ob="" eb="" sr="" id="8.1">Steps to Reproduce:</st>
            <st ob="" eb="" sr="x" id="8.2">1 Run a command:</st>
            <st ob="" eb="" sr="" id="8.3">```</st>
            <st ob="" eb="" sr="" id="8.4">$ docker run -i -t ubuntu ping 23.3.74.35</st>
            <st ob="" eb="" sr="" id="8.5">```</st>
        </parg>
        <parg ob="" eb="" sr="" id="9">
            <st ob="" eb="" sr="" id="9.1">Actual Results:
```
$ docker run -i -t ubuntu ping 23.3.74.35
PING 23.3.74.35 (23.3.74.35) 56(84) bytes of data.</st>
            <st ob="" eb="" sr="" id="9.2">64 bytes from 23.3.74.35: icmp_seq=1 ttl=54 time=1008 ms
64 bytes from 23.3.74.35: icmp_seq=2 ttl=54 time=8.91 ms
64 bytes from 23.3.74.35: icmp_seq=3 ttl=54 time=8.77 ms
64 bytes from 23.3.74.35: icmp_seq=4 ttl=54 time=8.62 ms
$ docker --version
Docker version 1.8.1, build d12ea79
```</st>
        </parg>
        <parg ob="" eb="" sr="" id="10">
            <st ob="" eb="x" sr="" id="10.1">Expected Results:
The first ping reply time is not 1000ms but like the second or later.</st>
            <st ob="" eb="" sr="" id="10.2">(ex: 10ms)</st>
        </parg>
        <parg ob="" eb="" sr="" id="11">
            <st ob="" eb="" sr="" id="11.1">Additional info:</st>
        </parg>
    </desc>
</bug>
