<?xml version="1.0" encoding="UTF-8" standalone="yes"?>
<bug no-bug="" comments="">
    <id>16341</id>
    <title ob="x" eb="" sr=""> device-mapper: table: 253:7: thin: Couldn't open thin internal device</title>
    <desc>
        <parg ob="" eb="" sr="" id="1">
            <st ob="" eb="" sr="" id="1.1">Hi:</st>
        </parg>
        <parg ob="" eb="" sr="" id="2">
            <st ob="" eb="" sr="" id="2.1">info about my configuration:</st>
        </parg>
        <parg ob="" eb="" sr="" id="3">
            <st ob="" eb="" sr="" id="3.1">"'
# uname -a
Linux XXXXXXl 4.1.6-100.fc21.x86_64 #1 SMP Mon Aug 17 22:20:37 UTC 2015 x86_64 x86_64 x86_64 GNU/Linux</st>
        </parg>
        <parg ob="" eb="" sr="" id="4">
            <st ob="" eb="" sr="" id="4.1"># docker version
Client:
 Version: 1.8.1.</st>
            <st ob="" eb="" sr="" id="4.2">fc21
 API version: 1.20
 Package Version: docker-io-1.8.1-2.</st>
            <st ob="" eb="" sr="" id="4.3">git32b8b25.fc21.x86_64
 Go version: go1.4.2
 Git commit: 32b8b25/1.8.1
 Built: 
 OS/Arch: linux/amd64
Cannot connect to the Docker daemon.</st>
            <st ob="" eb="" sr="" id="4.4">Is 'docker -d' running on this host?</st>
        </parg>
        <parg ob="" eb="" sr="" id="5">
            <st ob="" eb="" sr="" id="5.1"># rpm -q docker-io
docker-io-1.8.1-2.</st>
            <st ob="" eb="" sr="" id="5.2">git32b8b25.fc21.x86_64</st>
        </parg>
        <parg ob="" eb="" sr="" id="6">
            <st ob="" eb="" sr="" id="6.1"># cat /etc/fedora-release 
Fedora release 21 (Twenty One)</st>
        </parg>
        <parg ob="" eb="" sr="" id="7">
            <st ob="" eb="" sr="" id="7.1">"'</st>
        </parg>
        <parg ob="" eb="" sr="" id="8">
            <st ob="x" eb="" sr="" id="8.1">After docker upgrades I can't start the service:</st>
        </parg>
        <parg ob="" eb="" sr="" id="9">
            <st ob="" eb="" sr="" id="9.1">"'
# systemctl status docker.service -l
● docker.service - Docker Application Container Engine
 Loaded: loaded (/usr/lib/systemd/system/docker.service; enabled)
 Active: failed (Result: exit-code) since mié 2015-09-16 16:53:58 CEST; 13min ago
 Docs: http://docs.docker.com
 Process: 4138 ExecStart=/usr/bin/docker -d $OPTIONS $DOCKER_STORAGE_OPTIONS $DOCKER_NETWORK_OPTIONS $INSECURE_REGISTRY (code=exited, status=1/FAILURE)
 Main PID: 4138 (code=exited, status=1/FAILURE)</st>
        </parg>
        <parg ob="" eb="" sr="" id="10">
            <st ob="" eb="" sr="" id="10.1">sep 16 16:53:58 patxuko.local docker[4138]: Warning: '-d' is deprecated, it will be removed soon. See usage.</st>
            <st ob="" eb="" sr="" id="10.2">sep 16 16:53:58 patxuko.local docker[4138]: time="2015-09-16T16:53:58+02:00" level=warning msg="please use 'docker daemon' instead."</st>
            <st ob="" eb="" sr="" id="10.3">sep 16 16:53:58 patxuko.local docker[4138]: time="2015-09-16T16:53:58.234295219+02:00" level=info msg="Listening for HTTP on unix (/var/run/docker.sock)"</st>
            <st ob="" eb="" sr="" id="10.4">sep 16 16:53:58 patxuko.local docker[4138]: time="2015-09-16T16:53:58.269879366+02:00" level=fatal msg="Error starting daemon: error initializing graphdriver: Could not query and save base device UUID:Error running DeviceCreate (ActivateDevice) dm_task_run failed"</st>
            <st ob="" eb="" sr="" id="10.5">sep 16 16:53:58 patxuko.local systemd[1]: docker.service: main process exited, code=exited, status=1/FAILURE</st>
            <st ob="" eb="" sr="" id="10.6">sep 16 16:53:58 patxuko.local systemd[1]: Failed to start Docker Application Container Engine.</st>
            <st ob="" eb="" sr="" id="10.7">sep 16 16:53:58 patxuko.local systemd[1]: Unit docker.service entered failed state.</st>
            <st ob="" eb="" sr="" id="10.8">sep 16 16:53:58 patxuko.local systemd[1]: docker.service failed.</st>
        </parg>
        <parg ob="" eb="" sr="" id="11">
            <st ob="" eb="" sr="" id="11.1">"'</st>
        </parg>
        <parg ob="" eb="" sr="" id="12">
            <st ob="x" eb="" sr="" id="12.1">To be honest I've fully upgraded the system to last versions because I've got this «table: 253:7: thin: Couldn't open thin internal device» after a blackout.</st>
            <st ob="" eb="" sr="" id="12.2">So, maybe the thin device is corrupt but I have no idea how really check and fix it.</st>
        </parg>
        <parg ob="" eb="" sr="" id="13">
            <st ob="" eb="" sr="" id="13.1">I prepared a more detailed error log at http://pastebin.centos.org/34436/</st>
        </parg>
        <parg ob="" eb="" sr="" id="14">
            <st ob="" eb="" sr="" id="14.1">Please ask any info I could gather for you.</st>
        </parg>
    </desc>
</bug>
