<?xml version="1.0" encoding="UTF-8" standalone="yes"?>
<bug no-bug="" comments="">
    <id>16420</id>
    <title ob="" eb="" sr="">docker network</title>
    <desc>
        <parg ob="" eb="" sr="" id="1">
            <st ob="" eb="" sr="" id="1.1">### static ip</st>
        </parg>
        <parg ob="" eb="" sr="" id="2">
            <st ob="x" eb="" sr="" id="2.1">i have broblem when i run the container i find that the ip adress is changed every single time</st>
        </parg>
    </desc>
</bug>
