<?xml version="1.0" encoding="UTF-8" standalone="yes"?>
<bug no-bug="" comments="">
    <id>16434</id>
    <title ob="" eb="" sr="">Problem with volume mounting lingering files</title>
    <desc>
        <parg ob="" eb="" sr="" id="1">
            <st ob="" eb="" sr="" id="1.1">Steps to reproduce:</st>
            <st ob="" eb="" sr="x" id="1.2">1 I create/run a container like so:</st>
            <st ob="" eb="" sr="" id="1.3">'docker run -it -v /path/to/folder:/tmp/test my-image'</st>
            <st ob="" eb="" sr="x" id="1.4">2 Within the container, I create a file named 'TEST' inside the mounted folder at '/tmp/test'.</st>
            <st ob="" eb="" sr="x" id="1.5">3 I exit the container.</st>
            <st ob="" eb="" sr="x" id="1.6">I then remove the container like so:</st>
            <st ob="" eb="" sr="" id="1.7">'docker rm -v CONTAINER-ID'</st>
            <st ob="x" eb="" sr="" id="1.8">4 Now the file 'TEST' still exists on the host machine on the folder I mounted.</st>
        </parg>
        <parg ob="" eb="" sr="" id="2">
            <st ob="x" eb="" sr="" id="2.1">Providing the '-v' option to 'docker rm' doesn't seem to properly remove the volume.</st>
        </parg>
    </desc>
</bug>
