<?xml version="1.0" encoding="UTF-8" standalone="yes"?>
<bug no-bug="" comments="">
    <id>16514</id>
    <title ob="x" eb="" sr="">Wrong Content-Type in response of Remote API to the GET stats request</title>
    <desc>
        <parg ob="" eb="" sr="" id="1">
            <st ob="x" eb="" sr="" id="1.1">Description of problem:
Using the Remote API, in the response to the GET request for the stats of a container the "Content-Type" is "text/plain; charset=utf-8", but should be "application/json", like it was in earlier versions of the Remote API.</st>
            <st ob="x" eb="" sr="" id="1.2">The problem is that parsers rely on the "Content-Type".</st>
        </parg>
        <parg ob="" eb="" sr="" id="2">
            <st ob="" eb="" sr="" id="2.1">'docker version':
Client:
 Version: 1.8.2
 API version: 1.20
 Go version: go1.4.2
 Git commit: 0a8c2e3
 Built: Thu Sep 10 19:19:00 UTC 2015
 OS/Arch: linux/amd64</st>
        </parg>
        <parg ob="" eb="" sr="" id="3">
            <st ob="" eb="" sr="" id="3.1">Server:
 Version: 1.8.2
 API version: 1.20
 Go version: go1.4.2
 Git commit: 0a8c2e3
 Built: Thu Sep 10 19:19:00 UTC 2015
 OS/Arch: linux/amd64</st>
        </parg>
        <parg ob="" eb="" sr="" id="4">
            <st ob="" eb="" sr="" id="4.1">'docker info':
Containers: 98
Images: 9
Storage Driver: aufs
 Root Dir: /var/lib/docker/aufs
 Backing Filesystem: extfs
 Dirs: 211
 Dirperm1 Supported: false
Execution Driver: native-0.2
Logging Driver: json-file
Kernel Version: 3.13.0-63-generic
Operating System: Ubuntu 14.04.3 LTS
CPUs: 4
Total Memory: 7.664 GiB
Name: sirius.mydomain.test
ID: OKAA:4QF6:6QJ4:R4SE:IWFG:YJLY:PFFW:YTEK:URCB:MTCV:QCOY:VP3Y
WARNING: No swap limit support</st>
        </parg>
        <parg ob="" eb="" sr="" id="5">
            <st ob="" eb="" sr="" id="5.1">'uname -a':
Linux sirius.mydomain.test 3.13.0-63-generic #103-Ubuntu SMP Fri Aug 14 21:42:59 UTC 2015 x86_64 x86_64 x86_64 GNU/Linux</st>
        </parg>
        <parg ob="" eb="" sr="" id="6">
            <st ob="" eb="" sr="" id="6.1">Environment details (AWS, VirtualBox, physical, etc.):
Physical</st>
        </parg>
        <parg ob="" eb="" sr="" id="7">
            <st ob="" eb="" sr="" id="7.1">How reproducible:
Always</st>
        </parg>
        <parg ob="" eb="" sr="" id="8">
            <st ob="" eb="" sr="" id="8.1">Steps to Reproduce:</st>
            <st ob="" eb="" sr="x" id="8.2">1 Just enter the following command line in terminal:</st>
            <st ob="" eb="" sr="" id="8.3">$ echo -e "GET /containers/4d50a1065a88/stats HTTP/1.1</st>
            <st ob="" eb="" sr="" id="8.4">" | sudo nc -q -1 -U /var/run/docker.sock</st>
        </parg>
        <parg ob="" eb="" sr="" id="9">
            <st ob="" eb="" sr="" id="9.1">Actual Results:
HTTP/1.1 200 OK
Server: Docker/1.8.2 (linux)
Date: Wed, 23 Sep 2015 08:04:40 GMT
Content-Type: text/plain; charset=utf-8
Transfer-Encoding: chunked
[...]</st>
        </parg>
        <parg ob="" eb="" sr="" id="10">
            <st ob="" eb="" sr="" id="10.1">Expected Results:
HTTP/1.1 200 OK
Server: Docker/1.8.2 (linux)
Date: Wed, 23 Sep 2015 08:04:40 GMT
Content-Type: application/json
Transfer-Encoding: chunked
[...]</st>
        </parg>
        <parg ob="" eb="" sr="" id="11">
            <st ob="" eb="" sr="" id="11.1">Additional info:
I didn't find another response yet that reports the wrong Content-Type, but also didn't check many yet.</st>
        </parg>
    </desc>
</bug>
