<?xml version="1.0" encoding="UTF-8" standalone="yes"?>
<bug no-bug="" comments="">
    <id>16552</id>
    <title ob="x" eb="" sr="">"Unknown filesystem type on /dev/mapper/docker-202" when trying to build image.</title>
    <desc>
        <parg ob="" eb="" sr="" id="1">
            <st ob="x" eb="" sr="x" id="1.1">I'm trying to build a new image from one of my base images, and when build runs, it failed with something like this:</st>
        </parg>
        <parg ob="" eb="" sr="" id="2">
            <st ob="" eb="" sr="" id="2.1">"'
Step 1 : RUN npm install -g gulp karma-cli mocha coffee-script
Unknown filesystem type on /dev/mapper/docker-202:16-802820-5a81f86e959d602cfe6b7de45f497e59e05b80f0b8817eb780842dea7dd7fabc-init
"'</st>
        </parg>
        <parg ob="" eb="" sr="" id="3">
            <st ob="" eb="" sr="" id="3.1">I'm on Ubuntu 12.04.</st>
        </parg>
        <parg ob="" eb="" sr="" id="4">
            <st ob="" eb="" sr="" id="4.1">"'
$ docker version
Client version: 1.7.1
Client API version: 1.19
Go version (client): go1.4.2
Git commit (client): 786b29d
OS/Arch (client): linux/amd64
Server version: 1.7.1
Server API version: 1.19
Go version (server): go1.4.2
Git commit (server): 786b29d
OS/Arch (server): linux/amd64
"'</st>
        </parg>
        <parg ob="" eb="" sr="" id="5">
            <st ob="" eb="" sr="" id="5.1">I have my '/etc/default/docker' configured to pass '-g /mnt/docker'.</st>
        </parg>
        <parg ob="" eb="" sr="" id="6">
            <st ob="" eb="" sr="" id="6.1">"'
$ mount | grep '/mnt'
/dev/xvdb on /mnt type ext3 (rw,_netdev)
"'</st>
        </parg>
        <parg ob="" eb="" sr="" id="7">
            <st ob="" eb="" sr="" id="7.1">'/dev/xvdb/' is backed by an Amazon EBS.</st>
        </parg>
    </desc>
</bug>
