<?xml version="1.0" encoding="UTF-8" standalone="yes"?>
<bug no-bug="" comments="">
    <id>17247</id>
    <title ob="x" eb="" sr="">Ambiguuty between name and short ID</title>
    <desc>
        <parg ob="" eb="" sr="" id="1">
            <st ob="" eb="" sr="" id="1.1">Steps to reproduce:</st>
            <st ob="" eb="" sr="x" id="1.2">1 - Create a container of any kind - say Ubuntu</st>
            <st ob="" eb="" sr="x" id="1.3">2 - Create a container of another kind - say Redis and give it a name which is a prefix (say 5 chars long) of the former container ID (the one which was created at step 1) Let us mark this prefix and name with XXXXX</st>
            <st ob="" eb="" sr="x" id="1.4">3 - docker inspect XXXXX</st>
        </parg>
        <parg ob="" eb="" sr="" id="2">
            <st ob="x" eb="" sr="" id="2.1">You will get the container from stage 2.</st>
            <st ob="" eb="" sr="" id="2.2">Looking at the code Get tries as follows:
1 - match exact name
2 - match full Id
3 - match partial ID</st>
        </parg>
        <parg ob="" eb="" sr="" id="3">
            <st ob="x" eb="" sr="" id="3.1">now since before the creation of the second container the command in 3 return the Ubuntu container and after it the Redis container return this seems to me like an ambiguity (and if you delete the redis you get the ubuntu again after the inspect command)</st>
        </parg>
    </desc>
</bug>
