<?xml version="1.0" encoding="UTF-8" standalone="yes"?>
<bug no-bug="" comments="">
    <id>17426</id>
    <title ob="x" eb="" sr="">Docker 1.8.3 Error Starting Daemon</title>
    <desc>
        <parg ob="" eb="" sr="" id="1">
            <st ob="" eb="" sr="" id="1.1">Hi,</st>
        </parg>
        <parg ob="" eb="" sr="" id="2">
            <st ob="" eb="" sr="" id="2.1">My current server environment :</st>
            <st ob="" eb="" sr="" id="2.2">- kernel : Linux my-server 3.13.0-57-generic #95-Ubuntu SMP Fri Jun 19 09:28:15 UTC 2015 x86_64 x86_64 x86_64 GNU/Linux</st>
            <st ob="" eb="" sr="" id="2.3">- docker version :</st>
            <st ob="" eb="" sr="" id="2.4">Client:</st>
            <st ob="" eb="" sr="" id="2.5">Version: 1.8.3</st>
            <st ob="" eb="" sr="" id="2.6">API version: 1.20</st>
            <st ob="" eb="" sr="" id="2.7">Go version: go1.4.2</st>
            <st ob="" eb="" sr="" id="2.8">Git commit: f4bf5c7</st>
            <st ob="" eb="" sr="" id="2.9">Built: Mon Oct 12 05:37:18 UTC 2015</st>
            <st ob="" eb="" sr="" id="2.10">OS/Arch: linux/amd64</st>
        </parg>
        <parg ob="" eb="" sr="" id="3">
            <st ob="" eb="" sr="x" id="3.1">I've follow the official instructions from here : https://docs.docker.com/installation/ubuntulinux/ , including Create docker group</st>
        </parg>
        <parg ob="" eb="" sr="" id="4">
            <st ob="x" eb="" sr="" id="4.1">And when i run the daemon:</st>
        </parg>
        <parg ob="" eb="" sr="" id="5">
            <st ob="" eb="" sr="" id="5.1">"'
INFO[0000] [graphdriver] using prior storage driver "aufs" 
INFO[0000] Listening for HTTP on unix (/var/run/docker.sock) 
FATA[0000] Error starting daemon: Couldn't create Tag store repositories-aufs: EOF
"'</st>
        </parg>
        <parg ob="" eb="" sr="" id="6">
            <st ob="x" eb="" sr="" id="6.1">I've installed kernel : 'linux-image-generic-lts-trusty' but still not works.</st>
        </parg>
        <parg ob="" eb="" sr="" id="7">
            <st ob="x" eb="" sr="" id="7.1">Then i've tried setup on vagrant using same version OS : Ubuntu 14.04.3 but with different kernel :</st>
        </parg>
        <parg ob="" eb="" sr="" id="8">
            <st ob="" eb="" sr="" id="8.1">"'
Linux vagrant 3.19.0-25-generic #26~14.04.1-Ubuntu SMP Fri Jul 24 21:16:20 UTC 2015 x86_64 x86_64 x86_64 GNU/Linux
"'</st>
        </parg>
        <parg ob="" eb="" sr="" id="9">
            <st ob="" eb="" sr="" id="9.1">And everything is fine.</st>
            <st ob="" eb="" sr="" id="9.2">What happened with daemon inside my server environment ?</st>
            <st ob="" eb="" sr="" id="9.3">(using kernel 3.13)</st>
        </parg>
    </desc>
</bug>
