<?xml version="1.0" encoding="UTF-8" standalone="yes"?>
<bug no-bug="" comments="">
    <id>1747</id>
    <title ob="x" eb="" sr="x">`docker run -h -h` panics on nil pointer dereference</title>
    <desc>
        <parg ob="" eb="" sr="" id="1">
            <st ob="" eb="" sr="x" id="1.1">It actually happens for any run command which has some flags, but not an image specified.</st>
            <st ob="" eb="" sr="x" id="1.2">I.e. 'docker run -c 0' would also cause it.</st>
        </parg>
        <parg ob="" eb="" sr="" id="2">
            <st ob="" eb="" sr="" id="2.1">"' console
docker run -h -h
panic: runtime error: invalid memory address or nil pointer dereference
[signal 0xb code=0x1 addr=0x0 pc=0x460757]</st>
        </parg>
        <parg ob="" eb="" sr="" id="3">
            <st ob="" eb="" sr="" id="3.1">goroutine 1 [running]:
github.com/dotcloud/docker.</st>
            <st ob="" eb="" sr="" id="3.2">(*DockerCli).</st>
            <st ob="" eb="" sr="" id="3.3">CmdRun(0xc2000dc310, 0xc2000b0020, 0x2, 0x2, 0x0, ...)
 /go/src/github.</st>
            <st ob="" eb="" sr="" id="3.4">com/dotcloud/docker/commands.go:1393 +0xe7
reflect.Value.call(0x6e9e60, 0x795d50, 0x130, 0x7b2c30, 0x9, ...)
 /usr/local/go/src/pkg/reflect/value.go:474 +0xe9f
reflect.Value.CallSlice(0x6e9e60, 0x795d50, 0x130, 0x7f61b270fbf8, 0x2, ...)
 /usr/local/go/src/pkg/reflect/value.go:358 +0x9b
github.com/dotcloud/docker.ParseCommands(0xc200131140, 0x4, 0xc200131147, 0x14, 0xc2000b0010, ...)
 /go/src/github.</st>
            <st ob="" eb="" sr="" id="3.5">com/dotcloud/docker/commands.go:52 +0x460
main.main()
 /go/src/github.</st>
            <st ob="" eb="" sr="" id="3.6">com/dotcloud/docker/docker/docker.</st>
            <st ob="" eb="" sr="" id="3.7">go:77 +0xacf
"'</st>
        </parg>
    </desc>
</bug>
