<?xml version="1.0" encoding="UTF-8" standalone="yes"?>
<bug no-bug="" comments="">
    <id>17535</id>
    <title ob="x" eb="" sr="">Untar re-exec error unexpected EOF while pulling image (1.9rc3)</title>
    <desc>
        <parg ob="" eb="" sr="" id="1">
            <st ob="" eb="" sr="" id="1.1">"'</st>
            <st ob="" eb="" sr="x" id="1.2">$ docker run python python -m SimpleHTTPServer</st>
            <st ob="" eb="" sr="" id="1.3">Unable to find image 'python:latest' locally</st>
            <st ob="" eb="" sr="" id="1.4">latest: Pulling from library/python</st>
            <st ob="" eb="" sr="" id="1.5">d553eedcb1a3: Verifying Checksum</st>
            <st ob="" eb="" sr="" id="1.6">b86b3edc174e: Download complete</st>
            <st ob="" eb="" sr="" id="1.7">ab2f288e44bd: Download complete</st>
            <st ob="" eb="" sr="" id="1.8">f28bc044d802: Download complete</st>
            <st ob="" eb="" sr="" id="1.9">9c3f12eee6c7: Download complete</st>
            <st ob="" eb="" sr="" id="1.10">96e0f3d3222a: Download complete</st>
            <st ob="" eb="" sr="" id="1.11">a83dd707f4cf: Download complete</st>
            <st ob="" eb="" sr="" id="1.12">bdd34923a044: Download complete</st>
            <st ob="" eb="" sr="" id="1.13">6366b0d032f2: Download complete</st>
            <st ob="" eb="" sr="" id="1.14">Pulling repository docker.io/library/python</st>
            <st ob="" eb="" sr="" id="1.15">5dcae00f40b3: Error pulling image (latest) from docker.io/library/python, Untar re-exec error: exit status 1: output: unexpected EOF</st>
            <st ob="" eb="" sr="" id="1.16">575489a51992: Error downloading dependent layers</st>
            <st ob="" eb="" sr="" id="1.17">Error pulling image (latest) from docker.io/library/python, Untar re-exec error: exit status 1: output: unexpected EOF</st>
            <st ob="" eb="" sr="" id="1.18">$ docker version</st>
            <st ob="" eb="" sr="" id="1.19">Client:</st>
            <st ob="" eb="" sr="" id="1.20"> Version: 1.9.0-rc3</st>
            <st ob="" eb="" sr="" id="1.21"> API version: 1.21</st>
            <st ob="" eb="" sr="" id="1.22"> Go version: go1.4.2</st>
            <st ob="" eb="" sr="" id="1.23"> Git commit: 2100b94</st>
            <st ob="" eb="" sr="" id="1.24"> Built: Wed Oct 28 01:29:10 UTC 2015</st>
            <st ob="" eb="" sr="" id="1.25"> OS/Arch: linux/amd64</st>
        </parg>
        <parg ob="" eb="" sr="" id="2">
            <st ob="" eb="" sr="" id="2.1">Server:</st>
            <st ob="" eb="" sr="" id="2.2"> Version: 1.9.0-rc3</st>
            <st ob="" eb="" sr="" id="2.3"> API version: 1.21</st>
            <st ob="" eb="" sr="" id="2.4"> Go version: go1.4.2</st>
            <st ob="" eb="" sr="" id="2.5"> Git commit: 2100b94</st>
            <st ob="" eb="" sr="" id="2.6"> Built: Wed Oct 28 01:29:10 UTC 2015</st>
            <st ob="" eb="" sr="" id="2.7"> OS/Arch: linux/amd64</st>
            <st ob="" eb="" sr="" id="2.8">$ docker info</st>
            <st ob="" eb="" sr="" id="2.9">Containers: 175</st>
            <st ob="" eb="" sr="" id="2.10">Images: 225</st>
            <st ob="" eb="" sr="" id="2.11">Server Version: 1.9.0-rc3</st>
            <st ob="" eb="" sr="" id="2.12">Storage Driver: aufs</st>
            <st ob="" eb="" sr="" id="2.13"> Root Dir: /var/lib/docker/aufs</st>
            <st ob="" eb="" sr="" id="2.14"> Backing Filesystem: extfs</st>
            <st ob="" eb="" sr="" id="2.15"> Dirs: 575</st>
            <st ob="" eb="" sr="" id="2.16"> Dirperm1 Supported: false</st>
            <st ob="" eb="" sr="" id="2.17">Execution Driver: native-0.2</st>
            <st ob="" eb="" sr="" id="2.18">Logging Driver: json-file</st>
            <st ob="" eb="" sr="" id="2.19">Kernel Version: 3.13.0-36-generic</st>
            <st ob="" eb="" sr="" id="2.20">Operating System: Ubuntu 14.04.1 LTS</st>
            <st ob="" eb="" sr="" id="2.21">CPUs: 1</st>
            <st ob="" eb="" sr="" id="2.22">Total Memory: 1.955 GiB</st>
            <st ob="" eb="" sr="" id="2.23">Name: vagrant-ubuntu-trusty-64</st>
            <st ob="" eb="" sr="" id="2.24">ID: NUJZ:42WR:PCKJ:7XR2:VBGZ:PU44:C4ML:DIAQ:KP64:FV7E:TK6Y:MWP5</st>
            <st ob="" eb="" sr="" id="2.25">Debug mode (server): true</st>
            <st ob="" eb="" sr="" id="2.26"> File Descriptors: 119</st>
            <st ob="" eb="" sr="" id="2.27"> Goroutines: 163</st>
            <st ob="" eb="" sr="" id="2.28"> System Time: 2015-10-30T17:43:34.943806837Z</st>
            <st ob="" eb="" sr="" id="2.29"> EventsListeners: 2</st>
            <st ob="" eb="" sr="" id="2.30"> Init SHA1: 03235906f77ed759fe71176cbf0899f9c7b60d4f</st>
            <st ob="" eb="" sr="" id="2.31"> Init Path: /usr/lib/docker/dockerinit</st>
            <st ob="" eb="" sr="" id="2.32"> Docker Root Dir: /var/lib/docker</st>
            <st ob="" eb="" sr="" id="2.33">Username: donhcd</st>
            <st ob="" eb="" sr="" id="2.34">Registry: https://index.docker.io/v1/</st>
            <st ob="" eb="" sr="" id="2.35">WARNING: No swap limit support</st>
            <st ob="" eb="" sr="" id="2.36">$ uname -a</st>
            <st ob="" eb="" sr="" id="2.37">Linux vagrant-ubuntu-trusty-64 3.13.0-36-generic #63-Ubuntu SMP Wed Sep 3 21:30:07 UTC 2014 x86_64 x86_64 x86_64 GNU/Linux</st>
            <st ob="" eb="" sr="" id="2.38">"'</st>
        </parg>
        <parg ob="" eb="" sr="" id="3">
            <st ob="" eb="" sr="" id="3.1">I retried the 'docker run python python -m SimpleHTTPServer' a few times with</st>
        </parg>
        <parg ob="" eb="" sr="" id="4">
            <st ob="" eb="" sr="" id="4.1">"'
for i in {1..20}; do docker rmi -f python; docker run python python -m SimpleHTTPServer;done
"'</st>
        </parg>
        <parg ob="" eb="" sr="" id="5">
            <st ob="" eb="" sr="" id="5.1">but I wasn't able to repro this issue so I guess it's might be a race condition or a bug in Docker Hub...</st>
        </parg>
    </desc>
</bug>
