<?xml version="1.0" encoding="UTF-8" standalone="yes"?>
<bug no-bug="" comments="">
    <id>17533</id>
    <title ob="x" eb="" sr="">Entry missing in the /etc/hosts file of the source container after linking containers</title>
    <desc>
        <parg ob="" eb="" sr="" id="1">
            <st ob="x" eb="" sr="" id="1.1">Description of problem: It seems that an entry in the file `/etc/hosts` of the source container is missing. </st>
            <st ob="x" eb="" sr="" id="1.2">The missing entry contains the ID of the recipient container. </st>
            <st ob="x" eb="" sr="" id="1.3">Below is the output of two the `hosts` files after containers are linked. </st>
            <st ob="" eb="" sr="" id="1.4">*Host-1* (cffd3d6aaa69) is the source and *host-2* (4937d32a2ca3) is the recipient:</st>
        </parg>
        <parg ob="" eb="" sr="" id="2">
            <st ob="" eb="" sr="" id="2.1">``` </st>
            <st ob="" eb="" sr="" id="2.2">root@cffd3d6aaa69:/# cat /etc/hosts </st>
            <st ob="" eb="" sr="" id="2.3">172.17.0.44	cffd3d6aaa69</st>
            <st ob="" eb="" sr="" id="2.4">127.0.0.1	localhost</st>
            <st ob="" eb="" sr="" id="2.5">::1	localhost ip6-localhost ip6-loopback</st>
            <st ob="" eb="" sr="" id="2.6">fe00::0	ip6-localnet</st>
            <st ob="" eb="" sr="" id="2.7">ff00::0	ip6-mcastprefix</st>
            <st ob="" eb="" sr="" id="2.8">ff02::1	ip6-allnodes</st>
            <st ob="" eb="" sr="" id="2.9">ff02::2	ip6-allrouters</st>
            <st ob="" eb="" sr="" id="2.10">172.17.0.44	host-1</st>
            <st ob="" eb="" sr="" id="2.11">172.17.0.44	host-1.bridge</st>
            <st ob="" eb="" sr="" id="2.12">172.17.0.45	host-2</st>
            <st ob="" eb="" sr="" id="2.13">172.17.0.45	host-2.bridge</st>
            <st ob="" eb="" sr="" id="2.14">```</st>
            <st ob="" eb="" sr="" id="2.15">```</st>
            <st ob="" eb="" sr="" id="2.16">root@4937d32a2ca3:/# cat /etc/hosts </st>
            <st ob="" eb="" sr="" id="2.17">172.17.0.45	4937d32a2ca3</st>
            <st ob="" eb="" sr="" id="2.18">127.0.0.1	localhost</st>
            <st ob="" eb="" sr="" id="2.19">::1	localhost ip6-localhost ip6-loopback</st>
            <st ob="" eb="" sr="" id="2.20">fe00::0	ip6-localnet</st>
            <st ob="" eb="" sr="" id="2.21">ff00::0	ip6-mcastprefix</st>
            <st ob="" eb="" sr="" id="2.22">ff02::1	ip6-allnodes</st>
            <st ob="" eb="" sr="" id="2.23">ff02::2	ip6-allrouters</st>
            <st ob="" eb="" sr="" id="2.24">172.17.0.44	host-1 cffd3d6aaa69</st>
            <st ob="" eb="" sr="" id="2.25">172.17.0.45	host-2</st>
            <st ob="" eb="" sr="" id="2.26">172.17.0.45	host-2.bridge</st>
            <st ob="" eb="" sr="" id="2.27">172.17.0.44	host-1</st>
            <st ob="" eb="" sr="" id="2.28">172.17.0.44	host-1.bridge</st>
            <st ob="" eb="" sr="" id="2.29">```</st>
            <st ob="" eb="" sr="" id="2.30">```</st>
            <st ob="" eb="" sr="" id="2.31">svoboda@ubuntu-64:~$ docker version</st>
            <st ob="" eb="" sr="" id="2.32">Client:</st>
            <st ob="" eb="" sr="" id="2.33"> Version: 1.8.3</st>
            <st ob="" eb="" sr="" id="2.34"> API version: 1.20</st>
            <st ob="" eb="" sr="" id="2.35"> Go version: go1.4.2</st>
            <st ob="" eb="" sr="" id="2.36"> Git commit: f4bf5c7</st>
            <st ob="" eb="" sr="" id="2.37"> Built: Mon Oct 12 05:37:18 UTC 2015</st>
            <st ob="" eb="" sr="" id="2.38"> OS/Arch: linux/amd64</st>
        </parg>
        <parg ob="" eb="" sr="" id="3">
            <st ob="" eb="" sr="" id="3.1">Server:</st>
            <st ob="" eb="" sr="" id="3.2"> Version: 1.8.3</st>
            <st ob="" eb="" sr="" id="3.3"> API version: 1.20</st>
            <st ob="" eb="" sr="" id="3.4"> Go version: go1.4.2</st>
            <st ob="" eb="" sr="" id="3.5"> Git commit: f4bf5c7</st>
            <st ob="" eb="" sr="" id="3.6"> Built: Mon Oct 12 05:37:18 UTC 2015</st>
            <st ob="" eb="" sr="" id="3.7"> OS/Arch: linux/amd64</st>
            <st ob="" eb="" sr="" id="3.8">```</st>
            <st ob="" eb="" sr="" id="3.9">```</st>
            <st ob="" eb="" sr="" id="3.10">svoboda@ubuntu-64:~$ docker info</st>
            <st ob="" eb="" sr="" id="3.11">Containers: 9</st>
            <st ob="" eb="" sr="" id="3.12">Images: 30</st>
            <st ob="" eb="" sr="" id="3.13">Storage Driver: aufs</st>
            <st ob="" eb="" sr="" id="3.14"> Root Dir: /var/lib/docker/aufs</st>
            <st ob="" eb="" sr="" id="3.15"> Backing Filesystem: extfs</st>
            <st ob="" eb="" sr="" id="3.16"> Dirs: 48</st>
            <st ob="" eb="" sr="" id="3.17"> Dirperm1 Supported: true</st>
            <st ob="" eb="" sr="" id="3.18">Execution Driver: native-0.2</st>
            <st ob="" eb="" sr="" id="3.19">Logging Driver: json-file</st>
            <st ob="" eb="" sr="" id="3.20">Kernel Version: 3.19.0-31-generic</st>
            <st ob="" eb="" sr="" id="3.21">Operating System: Ubuntu 14.04.3 LTS</st>
            <st ob="" eb="" sr="" id="3.22">CPUs: 8</st>
            <st ob="" eb="" sr="" id="3.23">Total Memory: 7.781 GiB</st>
            <st ob="" eb="" sr="" id="3.24">Name: ubuntu-64</st>
            <st ob="" eb="" sr="" id="3.25">ID: JDUN:YLMS:LORM:U5WJ:GHLE:7WBA:BMWK:FHRU:HVUA:4A56:TC5R:2SFE</st>
            <st ob="" eb="" sr="" id="3.26">WARNING: No swap limit support</st>
            <st ob="" eb="" sr="" id="3.27">```</st>
            <st ob="" eb="" sr="" id="3.28">```</st>
            <st ob="" eb="" sr="" id="3.29">svoboda@ubuntu-64:~$ uname -a</st>
            <st ob="" eb="" sr="" id="3.30">Linux ubuntu-64 3.19.0-31-generic #36~14.04.1-Ubuntu SMP Thu Oct 8 10:21:08 UTC 2015 x86_64 x86_64 x86_64 GNU/Linux</st>
            <st ob="" eb="" sr="" id="3.31">```</st>
        </parg>
        <parg ob="" eb="" sr="" id="4">
            <st ob="" eb="" sr="" id="4.1">Environment details (AWS, VirtualBox, physical, etc.): The host machine is a VM running inside VMWare 11.1.2 build-2780323.</st>
        </parg>
        <parg ob="" eb="" sr="" id="5">
            <st ob="" eb="" sr="" id="5.1">Steps to Reproduce:</st>
            <st ob="" eb="" sr="x" id="5.2">1 docker run -it --name=host-1 ubuntu:14.04</st>
            <st ob="" eb="" sr="x" id="5.3">2 docker run -it --name=host-2 --link host-1 ubuntu:14.04</st>
        </parg>
        <parg ob="" eb="" sr="" id="6">
            <st ob="" eb="" sr="" id="6.1">Actual Results:</st>
            <st ob="x" eb="" sr="" id="6.2">From the recipient container it is possible to `ping` the source container using its CONTAINER ID.</st>
            <st ob="x" eb="" sr="" id="6.3">However it is not possible to do the same from the source container to the recipient.</st>
        </parg>
        <parg ob="" eb="" sr="" id="7">
            <st ob="" eb="" sr="" id="7.1">Expected Results:</st>
            <st ob="" eb="x" sr="" id="7.2">Both containers should be able to reach each other by using their CONTAINER IDs.</st>
        </parg>
        <parg ob="" eb="" sr="" id="8">
            <st ob="" eb="" sr="" id="8.1">Additional info:
The issue described above was detected during some tests with a cluster running Apache Storm.</st>
            <st ob="" eb="" sr="" id="8.2">The symptom is that no message has been transferred among the members of the cluster.</st>
            <st ob="" eb="" sr="" id="8.3">Looking at the Storm logs we found the following error:
```
b.s.m.n.StormClientErrorHandler [INFO] Connection failed Netty-Client-1dcef2215f68:6701
java.nio.channels.UnresolvedAddressException: null
```
We fixed this behavior by using the `--hostname` option.</st>
        </parg>
    </desc>
</bug>
