<?xml version="1.0" encoding="UTF-8" standalone="yes"?>
<bug no-bug="" comments="">
    <id>17551</id>
    <title ob="x" eb="" sr="">deleting images on overlayfs is very slow</title>
    <desc>
        <parg ob="" eb="" sr="" id="1">
            <st ob="x" eb="" sr="" id="1.1">In both docker 1.8.3 and 1.9.0-rc3 deleting images on overlayfs is very slow.</st>
        </parg>
        <parg ob="" eb="" sr="" id="2">
            <st ob="" eb="" sr="" id="2.1">For example, I had 600 images.</st>
            <st ob="" eb="" sr="x" id="2.2">I tried to delete an image with 14 layers.</st>
            <st ob="x" eb="" sr="" id="2.3">It took 6 seconds on 1.8.3 and 5 seconds on 1.9.0-rc3.</st>
        </parg>
    </desc>
</bug>
