<?xml version="1.0" encoding="UTF-8" standalone="yes"?>
<bug no-bug="" comments="">
    <id>17656</id>
    <title ob="x" eb="" sr="">Client (docker push) appears not to respect /etc/hosts or work with subdomains (and manages to resolve and entry for example.com, wat)</title>
    <desc>
        <parg ob="" eb="" sr="" id="1">
            <st ob="" eb="" sr="" id="1.1">I'm running 'Docker version 1.8.3, build f4bf5c7' on Mac OSX El Capitan.</st>
        </parg>
        <parg ob="" eb="" sr="" id="2">
            <st ob="" eb="" sr="x" id="2.1">I created a self-signed certificate and built me an image from this dockerfile:</st>
        </parg>
        <parg ob="" eb="" sr="" id="3">
            <st ob="" eb="" sr="" id="3.1">"'
FROM registry</st>
        </parg>
        <parg ob="" eb="" sr="" id="4">
            <st ob="" eb="" sr="" id="4.1">COPY certs/ /certs/
ENV REGISTRY_HTTP_TLS_CERTIFICATE=/certs/domain.</st>
            <st ob="" eb="" sr="" id="4.2">crt REGISTRY_HTTP_TLS_KEY=/certs/domain.</st>
            <st ob="" eb="" sr="" id="4.3">key
"'</st>
        </parg>
        <parg ob="" eb="" sr="" id="5">
            <st ob="" eb="" sr="x" id="5.1">Then I started my image from this 'docker-compose.yml' (the extra env variables are in there because I didn't know if something was happening with the timing of the 'ENV' from the dockerfile'):</st>
        </parg>
        <parg ob="" eb="" sr="" id="6">
            <st ob="" eb="" sr="" id="6.1">"'</st>
            <st ob="" eb="" sr="" id="6.2">docker_hub:</st>
            <st ob="" eb="" sr="" id="6.3">build: docker-hub</st>
            <st ob="" eb="" sr="" id="6.4">ports:</st>
            <st ob="" eb="" sr="" id="6.5">"0.0.0.0:5000:5000"</st>
            <st ob="" eb="" sr="" id="6.6">environment:</st>
            <st ob="" eb="" sr="" id="6.7">REGISTRY_HTTP_TLS_CERTIFICATE: /certs/domain.</st>
            <st ob="" eb="" sr="" id="6.8">crt</st>
            <st ob="" eb="" sr="" id="6.9">REGISTRY_HTTP_TLS_KEY: /certs/domain.</st>
            <st ob="" eb="" sr="" id="6.10">key</st>
            <st ob="" eb="" sr="" id="6.11">"'</st>
        </parg>
        <parg ob="" eb="" sr="" id="7">
            <st ob="" eb="" sr="x" id="7.1">Now, do the following:</st>
        </parg>
        <parg ob="" eb="" sr="" id="8">
            <st ob="" eb="" sr="" id="8.1">"'
docker pull busybox
docker tag busybox example.com:5000/busybox
"'</st>
        </parg>
        <parg ob="" eb="" sr="" id="9">
            <st ob="" eb="" sr="x" id="9.1">Then insert into '/etc/hosts' the output of 'docker-machine ip default' pointing to 'example.com'.</st>
            <st ob="x" eb="" sr="x" id="9.2">I tried using 'subdomain.mycompany.com' but that didn't work - it was resolving to 'mycompany.com''s IP address.</st>
            <st ob="" eb="" sr="x" id="9.3">So I tried 'example.com'.</st>
        </parg>
        <parg ob="" eb="" sr="" id="10">
            <st ob="" eb="" sr="" id="10.1">Well, that didn't work either.</st>
            <st ob="x" eb="" sr="" id="10.2">Not only did it not work, it actually resolved 'example.com' to the ip address '93.184.216.34', which apparently belongs to Edgecast?</st>
        </parg>
        <parg ob="" eb="" sr="" id="11">
            <st ob="" eb="" sr="" id="11.1">---</st>
            <st ob="" eb="" sr="" id="11.2"># Edit/Solved?</st>
        </parg>
        <parg ob="" eb="" sr="" id="12">
            <st ob="" eb="" sr="" id="12.1">So I discovered my issue as I was typing this - the 'push' command doesn't run from _my_ box, it runs from within the docker VM.</st>
            <st ob="" eb="" sr="" id="12.2">I had to run 'docker-machine ssh default' and then edit _its_ '/etc/hosts'.</st>
            <st ob="" eb="" sr="" id="12.3">Of course there I could just put '127.0.0.1 example.com' in as the entry.</st>
            <st ob="" eb="" sr="" id="12.4">Doh!</st>
        </parg>
        <parg ob="" eb="" sr="" id="13">
            <st ob="" eb="" sr="" id="13.1">Anyway, I'm not sure if there should be an annotation in the documentation to point that out.</st>
            <st ob="" eb="" sr="" id="13.2">Or maybe I'm just the only one crazy enough to try such things :trollface:.</st>
            <st ob="" eb="" sr="" id="13.3">In any case, at least now if someone is searching for 'docker push subdomain' they might have a chance of finding _this_ issue.</st>
        </parg>
        <parg ob="" eb="" sr="" id="14">
            <st ob="" eb="" sr="" id="14.1">Feel free to close this issue if it's not worth adding anything to the docs, or let me know if I can help clarify anything!</st>
            <st ob="" eb="" sr="" id="14.2">Thanks for making Docker so awesome :+1:</st>
        </parg>
    </desc>
</bug>
