<?xml version="1.0" encoding="UTF-8" standalone="yes"?>
<bug no-bug="" comments="">
    <id>17684</id>
    <title ob="x" eb="" sr="">Update docs missing referrence to windows platform on Organize our issues page.</title>
    <desc>
        <parg ob="" eb="" sr="" id="1">
            <st ob="x" eb="" sr="" id="1.1">Just built the latest version of the docs and noticed minor update would be required to [Organize our issues page](http://docs.docker.com/opensource/ways/issues/) for missing reference to 'Windows' platform.</st>
            <st ob="" eb="" sr="" id="1.2">Jump to section ===&gt; 'How Do I triage ?'</st>
        </parg>
        <parg ob="" eb="" sr="" id="2">
            <st ob="" eb="x" sr="" id="2.1">"'
kitematic/kitematic Kitematic is a simple application for managing Docker containers on Mac OS X.
"'
should be replaced to
"'
kitematic/kitematic Kitematic is a simple application for managing Docker containers on Mac OS X and Windows.
"'
</st>
        </parg>
    </desc>
</bug>
