<?xml version="1.0" encoding="UTF-8" standalone="yes"?>
<bug no-bug="" comments="">
    <id>18074</id>
    <title ob="x" eb="" sr="">Building a dynamic Docker binary on ARM fails when buildflags includes 'journald'</title>
    <desc>
        <parg ob="" eb="" sr="" id="1">
            <st ob="" eb="" sr="" id="1.1">docker-version:</st>
        </parg>
        <parg ob="" eb="" sr="" id="2">
            <st ob="" eb="" sr="" id="2.1">"'
root@scw-04:~# docker version
Client:
 Version: 1.9.0
 API version: 1.21
 Go version: go1.4.3
 Git commit: 76d6bc9
 Built: Tue Nov 3 22:16:18 UTC 2015
 OS/Arch: linux/arm</st>
        </parg>
        <parg ob="" eb="" sr="" id="3">
            <st ob="" eb="" sr="" id="3.1">Server:
 Version: 1.9.0
 API version: 1.21
 Go version: go1.4.3
 Git commit: 76d6bc9
 Built: Tue Nov 3 22:16:18 UTC 2015
 OS/Arch: linux/arm
"'</st>
        </parg>
        <parg ob="" eb="" sr="" id="4">
            <st ob="" eb="" sr="" id="4.1">docker info:</st>
        </parg>
        <parg ob="" eb="" sr="" id="5">
            <st ob="" eb="" sr="" id="5.1">"'
root@scw-04:~# docker info
Containers: 2
Images: 86
Server Version: 1.9.0
Storage Driver: aufs
 Root Dir: /var/lib/docker/aufs
 Backing Filesystem: extfs
 Dirs: 90
 Dirperm1 Supported: true
Execution Driver: native-0.2
Logging Driver: json-file
Kernel Version: 4.2.5-263
Operating System: Ubuntu 15.10
CPUs: 4
Total Memory: 1.974 GiB
Name: scw-04
ID: Q6FW:URXH:E6ZF:QMY2:7GRD:7FMR:UE47:CFBO:FAXY:EKT4:TOUS:OXAX
Labels:
 provider=scaleway
"'</st>
        </parg>
        <parg ob="" eb="" sr="" id="6">
            <st ob="" eb="" sr="" id="6.1">uname -a:</st>
        </parg>
        <parg ob="" eb="" sr="" id="7">
            <st ob="" eb="" sr="" id="7.1">"'
root@scw-04:~# uname -a
Linux scw-04 4.2.5-263 #1 SMP Wed Nov 4 17:03:17 UTC 2015 armv7l armv7l armv7l GNU/Linux
"'</st>
        </parg>
        <parg ob="" eb="" sr="" id="8">
            <st ob="" eb="" sr="" id="8.1">List the steps to reproduce the issue:</st>
            <st ob="" eb="" sr="x" id="8.2">1 Clone the current docker/docker repository on a Scaleway C1 ARM server</st>
            <st ob="" eb="" sr="x" id="8.3">2 change into the docker repository root directory</st>
            <st ob="" eb="" sr="x" id="8.4">3 run 'make build' to create the Docker Dev image</st>
            <st ob="" eb="" sr="x" id="8.5">4 run 'docker run -ti --privileged docker-dev:HEAD bash'</st>
            <st ob="" eb="" sr="x" id="8.6">5 run 'hack/make.</st>
            <st ob="" eb="" sr="x" id="8.7">sh dynbinary'</st>
        </parg>
        <parg ob="" eb="" sr="" id="9">
            <st ob="" eb="" sr="" id="9.1">Describe the results you received:</st>
        </parg>
        <parg ob="" eb="" sr="" id="10">
            <st ob="x" eb="" sr="" id="10.1">Running 'hack/make.sh dynbinary' fails with the following error:</st>
        </parg>
        <parg ob="" eb="" sr="" id="11">
            <st ob="" eb="" sr="" id="11.1">"'</st>
            <st ob="" eb="" sr="" id="11.2">/var/tmp/go-link-5uIpub/000007.o: In function '__gnu_uldivmod_helper':</st>
            <st ob="" eb="" sr="" id="11.3">:(.text+0x87b20): multiple definition of '__gnu_uldivmod_helper'</st>
            <st ob="" eb="" sr="" id="11.4">/var/tmp/go-link-5uIpub/000003.o::(.text+0x638): first defined here</st>
            <st ob="" eb="" sr="" id="11.5">/var/tmp/go-link-5uIpub/000007.o: In function '__divdi3':</st>
            <st ob="" eb="" sr="" id="11.6">:(.text+0x87b50): multiple definition of '__divdi3'</st>
            <st ob="" eb="" sr="" id="11.7">/var/tmp/go-link-5uIpub/000003.o::(.text+0x668): first defined here</st>
            <st ob="" eb="" sr="" id="11.8">/var/tmp/go-link-5uIpub/000007.o: In function '__aeabi_uldivmod':</st>
            <st ob="" eb="" sr="" id="11.9">:(.text+0x87a40): multiple definition of '__aeabi_uldivmod'</st>
            <st ob="" eb="" sr="" id="11.10">/var/tmp/go-link-5uIpub/000003.o::(.text+0x5cc): first defined here</st>
            <st ob="" eb="" sr="" id="11.11">/var/tmp/go-link-5uIpub/000007.o: In function '__aeabi_uidiv':</st>
            <st ob="" eb="" sr="" id="11.12">:(.text+0x87170): multiple definition of '__udivsi3'</st>
            <st ob="" eb="" sr="" id="11.13">/var/tmp/go-link-5uIpub/000003.o::(.text+0xcc0): first defined here</st>
            <st ob="" eb="" sr="" id="11.14">/var/tmp/go-link-5uIpub/000007.o: In function '__udivdi3':</st>
            <st ob="" eb="" sr="" id="11.15">:(.text+0x87eac): multiple definition of '__udivdi3'</st>
            <st ob="" eb="" sr="" id="11.16">/var/tmp/go-link-5uIpub/000003.o::(.text+0x9c4): first defined here</st>
            <st ob="" eb="" sr="" id="11.17">/var/tmp/go-link-5uIpub/000007.o: In function '__aeabi_uidiv':</st>
            <st ob="" eb="" sr="" id="11.18">:(.text+0x87170): multiple definition of '__aeabi_uidiv'</st>
            <st ob="" eb="" sr="" id="11.19">/var/tmp/go-link-5uIpub/000003.o::(.text+0xcc0): first defined here</st>
            <st ob="" eb="" sr="" id="11.20">/var/tmp/go-link-5uIpub/000007.o: In function '__aeabi_uidivmod':</st>
            <st ob="" eb="" sr="" id="11.21">:(.text+0x873cc): multiple definition of '__aeabi_uidivmod'</st>
            <st ob="" eb="" sr="" id="11.22">/var/tmp/go-link-5uIpub/000003.o::(.text+0xf1c): first defined here</st>
            <st ob="" eb="" sr="" id="11.23">/var/tmp/go-link-5uIpub/000007.o: In function '__gnu_ldivmod_helper':</st>
            <st ob="" eb="" sr="" id="11.24">:(.text+0x87af0): multiple definition of '__gnu_ldivmod_helper'</st>
            <st ob="" eb="" sr="" id="11.25">/var/tmp/go-link-5uIpub/000003.o::(.text+0x608): first defined here</st>
            <st ob="" eb="" sr="" id="11.26">collect2: error: ld returned 1 exit status</st>
            <st ob="" eb="" sr="" id="11.27">/usr/local/go/pkg/tool/linux_arm/5l: running gcc failed: unsuccessful exit status 0x100</st>
            <st ob="" eb="" sr="" id="11.28">"'</st>
        </parg>
        <parg ob="" eb="" sr="" id="12">
            <st ob="" eb="" sr="" id="12.1">Digging deeper this can be traced back to 
https://github.com/docker/docker/blob/master/hack/make/binary#L40</st>
        </parg>
        <parg ob="" eb="" sr="" id="13">
            <st ob="x" eb="" sr="x" id="13.1">After experimenting with the buildflags/tags in the 'go build' command it turns out that without the 'journald' flag it works.</st>
            <st ob="x" eb="" sr="x" id="13.2">Adding it triggers the above error.</st>
        </parg>
        <parg ob="" eb="" sr="" id="14">
            <st ob="" eb="x" sr="" id="14.1">Describe the results you expected:
A dynamically build Docker binary in bundles/latest/*.</st>
            <st ob="" eb="x" sr="" id="14.2">No error messages.</st>
        </parg>
        <parg ob="" eb="" sr="" id="15">
            <st ob="" eb="" sr="" id="15.1">**Any ideas/hints how this can be fixed?</st>
            <st ob="" eb="" sr="" id="15.2">**</st>
        </parg>
        <parg ob="" eb="" sr="" id="16">
            <st ob="" eb="" sr="" id="16.1">**Note**: This needs to be fixed as part of #17802.</st>
        </parg>
    </desc>
</bug>
