<?xml version="1.0" encoding="UTF-8" standalone="yes"?>
<bug no-bug="" comments="">
    <id>18141</id>
    <title ob="x" eb="" sr="">Start docker.socket via systemd, run into failed state. </title>
    <desc>
        <parg ob="" eb="" sr="" id="1">
            <st ob="" eb="" sr="" id="1.1">I use 'CentOS 7' OS.</st>
        </parg>
        <parg ob="" eb="" sr="" id="2">
            <st ob="" eb="" sr="" id="2.1">"'
Linux xx 3.10.0-229.el7.x86_64 #1 SMP Fri Mar 6 11:36:42 UTC 2015 x86_64 x86_64 x86_64 GNU/Linux
"'</st>
        </parg>
        <parg ob="" eb="" sr="" id="3">
            <st ob="" eb="" sr="" id="3.1">I do not want to do 'wget -qO- https://get.docker.com/ | sh' or 'curl', instead of rolling the 'docker.socket' and 'docker.service' myself.</st>
        </parg>
        <parg ob="" eb="" sr="" id="4">
            <st ob="" eb="" sr="" id="4.1">'/etc/systemd/system/docker.socket', content attached below</st>
        </parg>
        <parg ob="" eb="" sr="" id="5">
            <st ob="" eb="" sr="" id="5.1">"'
[Unit]
Description=Docker Socket for the API
PartOf=docker.service</st>
        </parg>
        <parg ob="" eb="" sr="" id="6">
            <st ob="" eb="" sr="" id="6.1">[Socket]
ListenStream=/var/run/docker.</st>
            <st ob="" eb="" sr="" id="6.2">sock
SocketMode=0660
SocketUser=root
SocketGroup=docker</st>
        </parg>
        <parg ob="" eb="" sr="" id="7">
            <st ob="" eb="" sr="" id="7.1">[Install]
WantedBy=sockets.target
"'</st>
        </parg>
        <parg ob="" eb="" sr="" id="8">
            <st ob="" eb="" sr="x" id="8.1">Then Run 'systemd' command to start 'docker.socket'</st>
        </parg>
        <parg ob="" eb="" sr="" id="9">
            <st ob="" eb="" sr="" id="9.1">"'
sudo systemctl daemon-reload
sudo systemctl enable docker.socket
sudo systemctl start docker.socket
"'</st>
        </parg>
        <parg ob="" eb="" sr="" id="10">
            <st ob="x" eb="" sr="" id="10.1">Then I run into an error state, I could not figure out how to bypass it.</st>
        </parg>
        <parg ob="" eb="" sr="" id="11">
            <st ob="" eb="" sr="" id="11.1">"'</st>
            <st ob="" eb="" sr="" id="11.2">-- Logs begin at Sat 2015-11-21 07:28:07 UTC, end at Sat 2015-11-21 07:52:32 UTC.</st>
            <st ob="" eb="" sr="" id="11.3">--</st>
            <st ob="" eb="" sr="" id="11.4">Nov 21 07:29:56 kube-node-02 systemd[1]: Starting Docker Socket for the API.</st>
            <st ob="" eb="" sr="" id="11.5">Nov 21 07:29:56 kube-node-02 systemd[1]: Socket service docker.service not loaded, refusing.</st>
            <st ob="" eb="" sr="" id="11.6">Nov 21 07:29:56 kube-node-02 systemd[1]: Failed to listen on Docker Socket for the API.</st>
            <st ob="" eb="" sr="" id="11.7">Nov 21 07:29:56 kube-node-02 systemd[1]: Starting Docker Socket for the API.</st>
            <st ob="" eb="" sr="" id="11.8">Nov 21 07:29:56 kube-node-02 systemd[1]: docker.socket control process exited, code=exited status=216</st>
            <st ob="" eb="" sr="" id="11.9">Nov 21 07:29:56 kube-node-02 systemd[1]: Failed to listen on Docker Socket for the API.</st>
            <st ob="" eb="" sr="" id="11.10">Nov 21 07:29:56 kube-node-02 systemd[1]: Unit docker.socket entered failed state.</st>
            <st ob="" eb="" sr="" id="11.11">Nov 21 07:32:30 kube-node-02 systemd[1]: Starting Docker Socket for the API.</st>
            <st ob="" eb="" sr="" id="11.12">Nov 21 07:32:30 kube-node-02 systemd[1]: docker.socket control process exited, code=exited status=216</st>
            <st ob="" eb="" sr="" id="11.13">Nov 21 07:32:30 kube-node-02 systemd[1]: Failed to listen on Docker Socket for the API.</st>
            <st ob="" eb="" sr="" id="11.14">"'</st>
        </parg>
    </desc>
</bug>
