<?xml version="1.0" encoding="UTF-8" standalone="yes"?>
<bug no-bug="" comments="">
    <id>18248</id>
    <title ob="" eb="" sr="">Newer client version vs API version</title>
    <desc>
        <parg ob="" eb="" sr="" id="1">
            <st ob="" eb="" sr="x" id="1.1">I just did apt-get docker-engine on my ubunbu machine, but when I checked the version, I got this 
docker version
Client:
 Version: 1.9.1
 API version: 1.21
 Go version: go1.4.2
 Git commit: a34a1d5
 Built: Fri Nov 20 13:12:04 UTC 2015
 OS/Arch: linux/amd64
Error response from daemon: client is newer than server (client API version: 1.21, server API version: 1.19)</st>
        </parg>
    </desc>
</bug>
