<?xml version="1.0" encoding="UTF-8" standalone="yes"?>
<bug no-bug="" comments="">
    <id>18290</id>
    <title ob="" eb="" sr="">Cannot provide paths to docker run in windows</title>
    <desc>
        <parg ob="" eb="" sr="" id="1">
            <st ob="x" eb="" sr="" id="1.1">When I try to run this: 'winpty docker run --volume="./laravel:/app" composer/composer "$@"', I get the following error:</st>
        </parg>
        <parg ob="" eb="" sr="" id="2">
            <st ob="" eb="" sr="" id="2.1">"'
invalid value "'.\laravel:\app'" for flag --volume: \app' is not an absolute path
See 'docker run --help'.
"'</st>
        </parg>
        <parg ob="" eb="" sr="" id="3">
            <st ob="" eb="" sr="" id="3.1">Running: 'Docker version 1.9.1, build a34a1d5'</st>
        </parg>
    </desc>
</bug>
