<?xml version="1.0" encoding="UTF-8" standalone="yes"?>
<bug no-bug="" comments="">
    <id>18467</id>
    <title ob="x" eb="" sr="">Container Inspect does not return "Name" in "Mounts" for volumes created before 1.9.0</title>
    <desc>
        <parg ob="" eb="" sr="" id="1">
            <st ob="" eb="" sr="" id="1.1">Description of problem: when inspecting a container with api v1.21, a "Mounts" property is returned with the information about volumes.</st>
            <st ob="" eb="" sr="" id="1.2">Each "mount" has a "Name" property, which has a default value based on the volume source path.</st>
            <st ob="x" eb="" sr="" id="1.3">The issue is that this field is not returned for volumes created before docker 1.9.0, if the daemon is upgraded to 1.9.0.</st>
            <st ob="" eb="" sr="" id="1.4">It does not look to be intentional, because these volumes are accessible by name, and their name is returned by the LIST Volume API.</st>
        </parg>
        <parg ob="" eb="" sr="" id="2">
            <st ob="" eb="" sr="" id="2.1">How reproducible: easy</st>
        </parg>
        <parg ob="" eb="" sr="" id="3">
            <st ob="" eb="" sr="" id="3.1">Steps to Reproduce:</st>
            <st ob="" eb="" sr="x" id="3.2">1 Create a container with volumes in docker 1.8.3</st>
            <st ob="" eb="" sr="x" id="3.3">2 Upgrade the docker daemon to 1.9.0 (or 1.9.1)</st>
            <st ob="" eb="" sr="x" id="3.4">3 Inspect the previous container and check the "Mounts" property</st>
        </parg>
        <parg ob="" eb="" sr="" id="4">
            <st ob="x" eb="" sr="" id="4.1">Actual Results:</st>
        </parg>
        <parg ob="" eb="" sr="" id="5">
            <st ob="" eb="" sr="" id="5.1">"'
 "Mounts": [
 {
 "Source": "/mnt/sda1/var/lib/docker/volumes/f2f6eed3380ca33de037c83b1c89b753c8eae082539f3b0c34c2cd7b9ea21055/_data",
 "Destination": "/etc/mysql",
 "Mode": "",
 "RW": true
 }
 ]
"'</st>
        </parg>
        <parg ob="" eb="" sr="" id="6">
            <st ob="" eb="x" sr="" id="6.1">Expected Results:</st>
        </parg>
        <parg ob="" eb="" sr="" id="7">
            <st ob="" eb="" sr="" id="7.1">"'
 "Mounts": [
 {
 "Name": "f2f6eed3380ca33de037c83b1c89b753c8eae082539f3b0c34c2cd7b9ea21055",
 "Source": "/mnt/sda1/var/lib/docker/volumes/f2f6eed3380ca33de037c83b1c89b753c8eae082539f3b0c34c2cd7b9ea21055/_data",
 "Destination": "/etc/mysql",
 "Driver": "local",
 "Mode": "",
 "RW": true
 }
 ]
"'</st>
        </parg>
        <parg ob="" eb="" sr="" id="8">
            <st ob="" eb="" sr="" id="8.1">I think it also happens for the "Driver" property.</st>
            <st ob="" eb="" sr="" id="8.2">@cpuguy83 any idea?</st>
        </parg>
    </desc>
</bug>
