<?xml version="1.0" encoding="UTF-8" standalone="yes"?>
<bug no-bug="" comments="">
    <id>18528</id>
    <title ob="x" eb="" sr="">Docker volumes with Z option fail if the host directory is missing</title>
    <desc>
        <parg ob="" eb="" sr="" id="1">
            <st ob="x" eb="" sr="" id="1.1">Description of problem:
Docker volumes with Z option fail if the host directory is missing.</st>
            <st ob="" eb="" sr="" id="1.2">This is unique to the Z modes - RW/RO create the directory if it's not present.</st>
        </parg>
        <parg ob="" eb="" sr="" id="2">
            <st ob="" eb="" sr="" id="2.1">'docker version':
Client:
 Version: 1.9.1-fc23
 API version: 1.21
 Package version: docker-1.9.1-2.</st>
            <st ob="" eb="" sr="" id="2.2">git78bc3ea.fc23.x86_64
 Go version: go1.5.1
 Git commit: f7c1d52-dirty
 Built: Fri Nov 20 21:07:14 UTC 2015
 OS/Arch: linux/amd64</st>
        </parg>
        <parg ob="" eb="" sr="" id="3">
            <st ob="" eb="" sr="" id="3.1">Server:
 Version: 1.9.1-fc23
 API version: 1.21
 Package version: docker-1.9.1-2.</st>
            <st ob="" eb="" sr="" id="3.2">git78bc3ea.fc23.x86_64
 Go version: go1.5.1
 Git commit: f7c1d52-dirty
 Built: Fri Nov 20 21:07:14 UTC 2015
 OS/Arch: linux/amd64</st>
        </parg>
        <parg ob="" eb="" sr="" id="4">
            <st ob="" eb="" sr="" id="4.1">'docker info':</st>
            <st ob="" eb="" sr="" id="4.2">Containers: 4</st>
            <st ob="" eb="" sr="" id="4.3">Images: 58</st>
            <st ob="" eb="" sr="" id="4.4">Server Version: 1.9.1-fc23</st>
            <st ob="" eb="" sr="" id="4.5">Storage Driver: devicemapper</st>
            <st ob="" eb="" sr="" id="4.6"> Pool Name: atomicos-docker--pool</st>
            <st ob="" eb="" sr="" id="4.7"> Pool Blocksize: 524.3 kB</st>
            <st ob="" eb="" sr="" id="4.8"> Base Device Size: 107.4 GB</st>
            <st ob="" eb="" sr="" id="4.9"> Backing Filesystem: xfs</st>
            <st ob="" eb="" sr="" id="4.10"> Data file:</st>
            <st ob="" eb="" sr="" id="4.11"> Metadata file:</st>
            <st ob="" eb="" sr="" id="4.12"> Data Space Used: 2.919 GB</st>
            <st ob="" eb="" sr="" id="4.13"> Data Space Total: 15.77 GB</st>
            <st ob="" eb="" sr="" id="4.14"> Data Space Available: 12.86 GB</st>
            <st ob="" eb="" sr="" id="4.15"> Metadata Space Used: 1.065 MB</st>
            <st ob="" eb="" sr="" id="4.16"> Metadata Space Total: 46.14 MB</st>
            <st ob="" eb="" sr="" id="4.17"> Metadata Space Available: 45.07 MB</st>
            <st ob="" eb="" sr="" id="4.18"> Udev Sync Supported: true</st>
            <st ob="" eb="" sr="" id="4.19"> Deferred Removal Enabled: true</st>
            <st ob="" eb="" sr="" id="4.20"> Deferred Deletion Enabled: true</st>
            <st ob="" eb="" sr="" id="4.21"> Deferred Deleted Device Count: 0</st>
            <st ob="" eb="" sr="" id="4.22"> Library Version: 1.02.109 (2015-09-22)</st>
            <st ob="" eb="" sr="" id="4.23">Execution Driver: native-0.2</st>
            <st ob="" eb="" sr="" id="4.24">Logging Driver: journald</st>
            <st ob="" eb="" sr="" id="4.25">Kernel Version: 4.2.6-301.fc23.x86_64</st>
            <st ob="" eb="" sr="" id="4.26">Operating System: Fedora 23 (Twenty Three)</st>
            <st ob="" eb="" sr="" id="4.27">CPUs: 2</st>
            <st ob="" eb="" sr="" id="4.28">Total Memory: 1.954 GiB</st>
            <st ob="" eb="" sr="" id="4.29">Name: ip-10-0-2-15.eu-west-1.compute.internal</st>
            <st ob="" eb="" sr="" id="4.30">ID: X46Y:VYPI:E6BC:JFBF:WLJO:LCFF:7KG5:BQFX:GFFW:MTTD:A5RT:AEF4</st>
        </parg>
        <parg ob="" eb="" sr="" id="5">
            <st ob="" eb="" sr="" id="5.1">'uname -a':
Linux ip-10-0-2-15.</st>
            <st ob="" eb="" sr="" id="5.2">eu-west-1.</st>
            <st ob="" eb="" sr="" id="5.3">compute.internal 4.2.6-301.</st>
            <st ob="" eb="" sr="" id="5.4">fc23.x86_64 #1 SMP Fri Nov 20 22:22:41 UTC 2015 x86_64 x86_64 x86_64 GNU/Linux</st>
        </parg>
        <parg ob="" eb="" sr="" id="6">
            <st ob="" eb="" sr="" id="6.1">Environment details (AWS, VirtualBox, physical, etc.):
VirtualBox (OSX), OS is fedora-atomic-23</st>
        </parg>
        <parg ob="" eb="" sr="" id="7">
            <st ob="" eb="" sr="" id="7.1">How reproducible:
Always</st>
        </parg>
        <parg ob="" eb="" sr="" id="8">
            <st ob="" eb="" sr="" id="8.1">Steps to Reproduce:</st>
            <st ob="" eb="" sr="x" id="8.2">1 docker run -v /path/that/does/not/exist:/path:Z image</st>
            <st ob="" eb="" sr="" id="8.3">2</st>
            <st ob="" eb="" sr="" id="8.4">3</st>
        </parg>
        <parg ob="" eb="" sr="" id="9">
            <st ob="x" eb="" sr="" id="9.1">Actual Results:
Error response from daemon: no such file or directory</st>
        </parg>
        <parg ob="" eb="" sr="" id="10">
            <st ob="" eb="x" sr="" id="10.1">Expected Results:
Docker creates /path/that/does/not/exist and runs the image.</st>
            <st ob="" eb="" sr="" id="10.2">This is the normal behaviour when using RW or RO modes.</st>
        </parg>
    </desc>
</bug>
