<?xml version="1.0" encoding="UTF-8" standalone="yes"?>
<bug no-bug="" comments="">
    <id>188</id>
    <title ob="x" eb="" sr="">docker import cannot handle local tarball images</title>
    <desc>
        <parg ob="" eb="" sr="" id="1">
            <st ob="x" eb="" sr="" id="1.1">It looks like import doesn't handle local tarballs:</st>
        </parg>
        <parg ob="" eb="" sr="" id="2">
            <st ob="" eb="" sr="" id="2.1">$ sudo ./docker import file:///home/sean/nodejs.tar</st>
            <st ob="" eb="" sr="" id="2.2">Downloading from file:///home/sean/nodejs.tar</st>
            <st ob="" eb="" sr="" id="2.3">2013/03/26 14:31:43 Get file:///home/sean/nodejs.tar: unsupported protocol scheme "file"</st>
        </parg>
        <parg ob="" eb="" sr="" id="3">
            <st ob="" eb="x" sr="" id="3.1">It makes it easier to test out small, custom images if I can simply point to an existing tarball on the host filesystem.</st>
        </parg>
    </desc>
</bug>
