<?xml version="1.0" encoding="UTF-8" standalone="yes"?>
<bug no-bug="" comments="">
    <id>10079</id>
    <title ob="x" eb="" sr="" patterns="S_OB_VERB_ERROR">Got error</title>
    <desc>
        <parg ob="" eb="" sr="" id="1">
            <st ob="" eb="" sr="" id="1.1">I created application called LSG so I can connect my application with facebook.</st>
        </parg>
        <parg ob="" eb="" sr="" id="2">
            <st ob="" eb="" sr="" id="2.1">I follow the steps from the site: http://developers.facebook.com/docs/guides/mobile/ since my application is mobile application.</st>
        </parg>
        <parg ob="" eb="" sr="" id="3">
            <st ob="" eb="" sr="x" patterns="S_SR_COND_OBS" id="3.1">When I redirect the user from a mobile to the url:
https://graph.facebook.com/oauth/authorize?client_id=[My Application ID]&amp;
    redirect_uri=[mysite]&amp;
    display=wap</st>
            <st ob="x" eb="" sr="" patterns="S_OB_VERB_ERROR" id="3.2">I get the following error:
An error occured with LSG.Please try again later.</st>
        </parg>
        <parg ob="x" eb="" sr="" id="4">
            <st ob="x" eb="" sr="" patterns="S_OB_TOO" id="4.1">The error is too general.</st>
        </parg>
        <parg ob="" eb="" sr="" id="5">
            <st ob="" eb="" sr="" id="5.1">I am testing with Sony Ericsson W890i.</st>
            <st ob="" eb="" sr="" id="5.2">Can you please advice?</st>
        </parg>
        <parg ob="" eb="" sr="" id="6">
            <st ob="" eb="" sr="" id="6.1">Best Regards_</st>
        </parg>
    </desc>
</bug>
