<?xml version="1.0" encoding="UTF-8" standalone="yes"?>
<bug no-bug="" comments="">
    <id>10257</id>
    <title ob="x" eb="" sr="" patterns="S_OB_NOUN_NOT">Comments not displayed on albums or photos.</title>
    <desc>
        <parg ob="" eb="" sr="" id="1">
            <st ob="x" eb="" sr="x" patterns="S_OB_ADV_FREQ,S_SR_COND_OBS" id="1.1">Any call to Graph API over album or photo never returns the comment list_ and if you try to get it explicitly_ the answer is an empty data list.</st>
            <st ob="" eb="" sr="" id="1.2">The same for the  likes  count.</st>
        </parg>
        <parg ob="" eb="" sr="" id="2">
            <st ob="" eb="" sr="" id="2.1">The method used to retrieve data is a direct http connection with an appropriated access_token_ like:</st>
        </parg>
        <parg ob="" eb="" sr="" id="3">
            <st ob="" eb="" sr="" id="3.1">https://graph.facebook.com/106458239399236?access_token=...</st>
        </parg>
        <parg ob="" eb="" sr="" id="4">
            <st ob="" eb="" sr="" id="4.1">This ID can be a album ID or a photo ID_ the result is the same.</st>
            <st ob="x" eb="" sr="" patterns="S_OB_OUTPUT,S_OB_NEG_ADV_ADJ" id="4.2">you can also add the /comments query and the result is a empty data list.</st>
            <st ob="" eb="" sr="" id="4.3">It happens the same with the like count in both objects.</st>
        </parg>
        <parg ob="x" eb="" sr="" id="5">
            <st ob="x" eb="" sr="" patterns="S_OB_NEG_AUX_VERB" id="5.1">This is a problem_ there is also the other problem that you can not access the user profile s photos from this API_ since the user profile s album share the id with the user.</st>
        </parg>
    </desc>
</bug>
