<?xml version="1.0" encoding="UTF-8" standalone="yes"?>
<bug no-bug="" comments="">
    <id>10321</id>
    <title ob="x" eb="" sr="" patterns="S_OB_ERROR_NOUN_PHRASE">Links.preview - session key exception</title>
    <desc>
        <parg ob="" eb="" sr="" id="1">
            <st ob="" eb="" sr="" id="1.1">My web application is calling this links.preview method using the old rest API.</st>
            <st ob="" eb="" sr="x" patterns="S_SR_CODE_REF" id="1.2">My code is as follows:</st>
        </parg>
        <parg ob="" eb="" sr="" id="2">
            <st ob="" eb="" sr="" id="2.1">$fbResponse = $facebook-&gt;api(array( method =&gt; links.preview _ url =&gt;urlencode($link[ url ])));</st>
        </parg>
        <parg ob="" eb="" sr="" id="3">
            <st ob="" eb="x" sr="" patterns="S_EB_ACCORDING_TO_DOC" id="3.1">According to the documentation_ http://wiki.developers.facebook.com/ind … ks.preview it says  This function does not require a session_key_ unless it is being called by a desktop application.</st>
            <st ob="" eb="" sr="" id="3.2">.</st>
        </parg>
        <parg ob="" eb="" sr="" id="4">
            <st ob="x" eb="" sr="" patterns="S_OB_BUT_NEG,S_OB_NOTICE" id="4.1">However_ I have noticed that if a user is not logged into facebook_ it will throw this error:  Fatal error: Uncaught Exception: 453: A session key is required for calling this method thrown in /home/howl/public_html/libs/facebook.</st>
            <st ob="" eb="" sr="" id="4.2">php on line 413 .</st>
        </parg>
        <parg ob="" eb="" sr="" id="5">
            <st ob="" eb="" sr="" id="5.1">Does the user need to be  connected  to make this call?</st>
            <st ob="" eb="" sr="" id="5.2">What do I need to do?</st>
        </parg>
        <parg ob="" eb="" sr="" id="6">
            <st ob="" eb="" sr="" id="6.1">I also noticed this in the documentation:</st>
        </parg>
        <parg ob="" eb="" sr="" id="7">
            <st ob="" eb="" sr="" id="7.1">optional     
session_key    
string     
The session key of the logged in user_ or the session key provided when the user granted your application the offline_access extended permission.</st>
            <st ob="" eb="" sr="" id="7.2">The session key is automatically included by our PHP client.</st>
        </parg>
        <parg ob="" eb="" sr="" id="8">
            <st ob="" eb="" sr="" id="8.1">How do I prevent the PHP client from sending a session key?</st>
            <st ob="" eb="" sr="" id="8.2">What kind of access token do I need if I do not want to authenticate a user?</st>
            <st ob="" eb="" sr="" id="8.3">Thank you.</st>
        </parg>
    </desc>
</bug>
