<?xml version="1.0" encoding="UTF-8" standalone="yes"?>
<bug no-bug="" comments="">
    <id>10347</id>
    <title ob="X" eb="" sr="" patterns="S_OB_BEING">PNGs and JPGs are being destroyed by FB Image Proxy</title>
    <desc>
        <parg ob="X" eb="" sr="" id="1">
            <st ob="X" eb="" sr="" patterns="S_OB_BEING" id="1.1">Starting the evening of May 13_ 2010_ images served by the FB Image Proxy on our Fan page are being destroyed.</st>
        </parg>
        <parg ob="X" eb="" sr="" id="2">
            <st ob="X" eb="" sr="" patterns="S_OB_BEING" id="2.1">PNGs are being stripped of Alpha Channel
JPGs are being scaled up from their actual size.</st>
        </parg>
    </desc>
</bug>
