<?xml version="1.0" encoding="UTF-8" standalone="yes"?>
<bug no-bug="" comments="">
    <id>10481</id>
    <title ob="" eb="" sr="">Field size limit on fan page titles</title>
    <desc>
        <parg ob="" eb="" sr="" id="1">
            <st ob="x" eb="" sr="" patterns="S_OB_VERY_ADJ" id="1.1">A recent  craze  of some facebook users is to create fan pages with very long titles.</st>
            <st ob="" eb="" sr="" id="1.2">This has become an annoyance to many users and in many cases these pages are dominating the live feed pages when people like the pages.</st>
            <st ob="" eb="" sr="" id="1.3">A possible solution to this problem would be to add a character limit on the size of fan page titles_ is this possible?</st>
            <st ob="" eb="" sr="" id="1.4">I m sure many users would appreciate this fix.</st>
        </parg>
    </desc>
</bug>
