<?xml version="1.0" encoding="UTF-8" standalone="yes"?>
<bug no-bug="" comments="">
    <id>10537</id>
    <title ob="x" eb="" sr="" patterns="S_OB_ERROR_AS_SUBJECT">Blank pages are coming up in Application canvas</title>
    <desc>
        <parg ob="" eb="" sr="" id="1">
            <st ob="" eb="" sr="" id="1.1">Hi_</st>
        </parg>
        <parg ob="" eb="" sr="" id="2">
            <st ob="x" eb="" sr="" patterns="S_OB_COND_NEG" id="2.1">While accessing my application blank pages are coming up.</st>
            <st ob="" eb="" sr="" id="2.2">Issue is with Facebook Api s only.</st>
            <st ob="" eb="" sr="" id="2.3">How to solve this issue?</st>
            <st ob="" eb="" sr="" id="2.4">Why only this particular application is getting affected?</st>
            <st ob="" eb="" sr="" id="2.5">Try to solve this issue as soon as possible.</st>
        </parg>
    </desc>
</bug>
