<?xml version="1.0" encoding="UTF-8" standalone="yes"?>
<bug no-bug="" comments="">
    <id>1056</id>
    <title ob="x" eb="" sr="" patterns="S_OB_NEG_AUX_VERB">Flash in IE7 does not correctly retain focus.</title>
    <desc>
        <parg ob="" eb="" sr="" id="1">
            <st ob="x" eb="" sr="" patterns="S_OB_COND_NEG" id="1.1">When using Flash in a canvas page_ Flash will not correctly receive focus.</st>
            <st ob="x" eb="" sr="" patterns="S_OB_AS_IF" id="1.2">If a user needs to use the arrow keys_ the entire page scrolls as if flash does not have focus_ yet Flash recognizes the key presses.</st>
            <st ob="" eb="" sr="" id="1.3">A dirty workaround is to embed the Flash document in an iframe.</st>
        </parg>
        <parg ob="" eb="" sr="x" patterns="P_SR_LABELED_LIST" id="2">
            <st ob="" eb="" sr="" id="2.1">To reproduce:</st>
            <st ob="" eb="" sr="" id="2.2">1 Embed any Flash file into a fbml canvas page.</st>
            <st ob="" eb="" sr="" id="2.3">2 Ensure the page has a scrollbar.</st>
            <st ob="" eb="" sr="" id="2.4">3 Click the flash file to gain focus and press the arrow keys.</st>
        </parg>
        <parg ob="" eb="" sr="" id="3">
            <st ob="" eb="" sr="" id="3.1">Firefox produces correct results.</st>
            <st ob="" eb="" sr="" id="3.2">This seems to be an IE only bug.</st>
        </parg>
    </desc>
</bug>
