<?xml version="1.0" encoding="UTF-8" standalone="yes"?>
<bug no-bug="" comments="">
    <id>10602</id>
    <title ob="x" eb="" sr="" patterns="S_OB_NOUN_NOT">fb:flv not working on Opera_ Chrome_ and Safari</title>
    <desc>
        <parg ob="" eb="" sr="" id="1">
            <st ob="" eb="" sr="" id="1.1">Hello :)</st>
        </parg>
        <parg ob="x" eb="" sr="" id="2">
            <st ob="x" eb="" sr="" patterns="S_OB_BUT_NEG" id="2.1">We made a page_ with a tab with a fb:flv contol ... but we encounter different unpleasant issues under Opera.</st>
        </parg>
        <parg ob="" eb="" sr="" id="3">
            <st ob="X" eb="" sr="X" patterns="S_OB_COND_NEG,S_SR_COND_OBS" id="3.1">When you click on the link and player loads - it doesn t always show ... sometimes it s OK_ but sometimes it doesn t show.</st>
            <st ob="X" eb="X" sr="X" patterns="S_OB_INSTEAD_OF,S_OB_BUT_NEG,S_EB_INSTEAD_OF_EXP_BEHAVIOR,S_SR_COND_OBS" id="3.2">A blank area appears instead of the player_ and when you click on it - the movie starts_ the sound is OK_ but no picture is viewable.</st>
        </parg>
        <parg ob="" eb="" sr="" id="4">
            <st ob="" eb="" sr="" id="4.1">Regards_
Peter</st>
        </parg>
    </desc>
</bug>
