<?xml version="1.0" encoding="UTF-8" standalone="yes"?>
<bug no-bug="" comments="">
    <id>10726</id>
    <title ob="" eb="" sr="">Wrong link and app name in feed.</title>
    <desc>
        <parg ob="" eb="" sr="" id="1">
            <st ob="" eb="" sr="" id="1.1">Hi</st>
        </parg>
        <parg ob="x" eb="" sr="" id="2">
            <st ob="x" eb="" sr="" patterns="S_OB_BUT_NEG" id="2.1">We have a lot of apps_ but some of them have a problem when the user publish into his wall.</st>
        </parg>
        <parg ob="" eb="" sr="" id="3">
            <st ob="" eb="" sr="" id="3.1">In the post in the wall_ at the bottom line we could see something like that:</st>
        </parg>
        <parg ob="" eb="" sr="" id="4">
            <st ob="" eb="" sr="" id="4.1">7 minutes ago via App Friend Factory · Comment · Like · Check it out</st>
        </parg>
        <parg ob="x" eb="" sr="" id="5">
            <st ob="x" eb="" sr="" patterns="S_OB_NEG_AUX_VERB" id="5.1">This entry isn t from App Friend Factory.</st>
        </parg>
        <parg ob="" eb="" sr="" id="6">
            <st ob="" eb="" sr="" id="6.1">We already changed the secret key_ moved from server to server_ replace the ip from the callback URL putting a valid domain.</st>
        </parg>
        <parg ob="" eb="" sr="" id="7">
            <st ob="" eb="" sr="" id="7.1">Also we have a lot of users complaints_ telling us that it is happening also in some apps that do not belong to us.</st>
        </parg>
        <parg ob="" eb="" sr="" id="8">
            <st ob="" eb="" sr="" id="8.1">I hope you can help us.</st>
        </parg>
        <parg ob="" eb="" sr="" id="9">
            <st ob="" eb="" sr="" id="9.1">regards</st>
        </parg>
    </desc>
</bug>
