<?xml version="1.0" encoding="UTF-8" standalone="yes"?>
<bug no-bug="" comments="">
    <id>10755</id>
    <title ob="" eb="" sr="">Example code for fb:flv doesn t work</title>
    <desc>
        <parg ob="" eb="" sr="" id="1">
            <st ob="" eb="" sr="" id="1.1">As suggested by Matt Trainer in bug 8826 (http://bugs.developers.facebook.com/show_bug.cgi?id=8826) I post this here.</st>
        </parg>
        <parg ob="" eb="" sr="" id="2">
            <st ob="x" eb="" sr="x" patterns="S_OB_COND_NEG,S_SR_COND_OBS" id="2.1">When trying to embed a video using the &lt;fb:flv&gt; tag the previewpicture is not shown.</st>
            <st ob="x" eb="" sr="" patterns="S_OB_INSTEAD_OF" id="2.2">Instead a black area with the play button is displayed.</st>
        </parg>
        <parg ob="x" eb="" sr="" id="3">
            <st ob="x" eb="" sr="" patterns="S_OB_SEEMS,S_OB_NEG_AUX_VERB" id="3.1">It seems that the img parameter isn t recognized at all because the reference to the thumb image cannot be found in the resulting html embed code.</st>
        </parg>
        <parg ob="x" eb="" sr="" id="4">
            <st ob="x" eb="" sr="" patterns="S_OB_BUT_NEG" id="4.1">The preview image does work for the &lt;fb:swf&gt; tag but that lacks the convenience of the included flash video player.</st>
        </parg>
    </desc>
</bug>
