<?xml version="1.0" encoding="UTF-8" standalone="yes"?>
<bug no-bug="" comments="">
    <id>112</id>
    <title ob="x" eb="" sr="" patterns="S_OB_NEG_VERB">Ad Blockers block the install pages of applications</title>
    <desc>
        <parg ob="" eb="" sr="" id="1">
            <st ob="x" eb="" sr="" patterns="S_OB_NEG_VERB,S_OB_FOUND" id="1.1">From my own experience and those of my users I ve found that ad blocking software can block the Add Application page by default (e.g. IE7 Pro s Ad Blocker).</st>
            <st ob="x" eb="" sr="" patterns="S_OB_VERB_ERROR,S_OB_NEG_ADV_ADJ" id="1.2">Users just get a blank white screen as the entire URL is blocked.</st>
            <st ob="" eb="" sr="" patterns="" id="1.3">I ve white-listed www.facebook.com/add.php just so I can install applications.</st>
            <st ob="" eb="" sr="" id="1.4">Perhaps renaming add.php to install.php or something may help out.</st>
        </parg>
    </desc>
</bug>
