<?xml version="1.0" encoding="UTF-8" standalone="yes"?>
<bug no-bug="" comments="">
    <id>11886</id>
    <title ob="x" eb="" sr="" patterns="S_OB_VERB_ERROR,S_OB_BUT">Users getting security warning although they are using the same site</title>
    <desc>
        <parg ob="" eb="" sr="" id="1">
            <st ob="x" eb="" sr="x" patterns="S_OB_NEG_COND,S_OB_VERB_ERROR,S_SR_COND_OBS" id="1.1">Users are getting the following error when clicking on a link on www.univision.com that points users to a URL on the same domain.</st>
            <st ob="" eb="x" sr="" patterns="S_EB_SHOULD" id="1.2">The plugin should recognize that users are not leaving the content site they are on.</st>
        </parg>
        <parg ob="" eb="" sr="" id="2">
            <st ob="" eb="" sr="" id="2.1">Please be careful.For the safety and privacy of your Facebook account_ remember to never enter your password unless you re on the real Facebook web site.</st>
            <st ob="" eb="" sr="" id="2.2">Also be sure to only download software from sites you trust.To learn more about staying safe on the internet_ visit our Security Page.</st>
            <st ob="" eb="" sr="" id="2.3">You can also check out the malware and phishing Wikipedia articles.</st>
        </parg>
        <parg ob="" eb="" sr="" id="3">
            <st ob="" eb="" sr="" id="3.1">http://www.univision.com/content/videoplayer.jhtml?cid=2502026#x</st>
        </parg>
    </desc>
</bug>
