<?xml version="1.0" encoding="UTF-8" standalone="yes"?>
<bug no-bug="" comments="">
    <id>12009</id>
    <title ob="" eb="" sr="" patterns="">FBML version using new javascript SDK returns error_ login and like button not appearing.</title>
    <desc>
        <parg ob="" eb="" sr="" id="1">
            <st ob="" eb="" sr="" id="1.1">As of last week_ I installed a reference to the new Facebook javascript SDK (all.js).</st>
            <st ob="" eb="" sr="" patterns="" id="1.2">Before that_ I was able to display the login and like buttons on the test page I set up for Facebook integration on our news site.</st>
        </parg>
        <parg ob="x" eb="" sr="" id="2">
            <st ob="x" eb="" sr="" patterns="S_OB_BUT_NEG" id="2.1">However_ I now receive this error message_ and none of the buttons will display:</st>
        </parg>
        <parg ob="" eb="" sr="" id="3">
            <st ob="" eb="" sr="" id="3.1">FB.provide is not a function
http://connect.facebook.net/en_US/all.js
Line 10</st>
        </parg>
        <parg ob="" eb="" sr="" id="4">
            <st ob="" eb="" sr="" id="4.1">Line in question:
FB.provide( Array _{indexOf:function(a..</st>
            <st ob="" eb="" sr="" id="4.2">.</st>
            <st ob="" eb="" sr="" id="4.3">|c.hasOwnProperty(d))a(c[d]_d_c);}});</st>
        </parg>
        <parg ob="" eb="" sr="" id="5">
            <st ob="" eb="" sr="" id="5.1">I ve seen many others with the same problem in the forums_ but no one seems to have discovered a solution.</st>
            <st ob="" eb="" sr="" id="5.2">I d rather use FBML than iframes_ but may not have a choice.</st>
        </parg>
    </desc>
</bug>
