<?xml version="1.0" encoding="UTF-8" standalone="yes"?>
<bug no-bug="" comments="">
    <id>122</id>
    <title ob="x" eb="" sr="" patterns="S_OB_UNABLE_TO">Unable to use  TypeAhead  example script</title>
    <desc>
        <parg ob="" eb="" sr="" id="1">
            <st ob="" eb="" sr="" patterns="" id="1.1">I believe the most recent push has broken something with with FBJS.</st>
        </parg>
        <parg ob="" eb="" sr="" id="2">
            <st ob="" eb="" sr="" id="2.1">My page_ http://apps.facebook.com/hearthstonetest/character/new implemented the http://wiki.developers.facebook.com/index.php/FBJS/Examples/Typeahead javascript in order to simulate the facebook typeahead selector.</st>
            <st ob="x" eb="" sr="" patterns="S_OB_WORKS_BUT,S_OB_FOR_TIME" id="2.2">It s been working fine for a week or so_ and then today it s broken.</st>
        </parg>
        <parg ob="" eb="" sr="" id="3">
            <st ob="" eb="" sr="" id="3.1">Firebug reports a</st>
        </parg>
        <parg ob="" eb="" sr="" id="4">
            <st ob="" eb="" sr="" id="4.1">ref(this).</st>
            <st ob="" eb="" sr="" id="4.2">obj.getNextSibling() has no properties
@ line 755 - ref(this).</st>
            <st ob="" eb="" sr="" id="4.3">obj.getParentNode().</st>
            <st ob="" eb="" sr="" id="4.4">insertBefore(ref(this).</st>
            <st ob="" eb="" sr="" id="4.5">list_ ref(this).</st>
            <st ob="" eb="" sr="" id="4.6">obj.getNe...</st>
        </parg>
        <parg ob="x" eb="" sr="" id="5">
            <st ob="x" eb="" sr="" patterns="S_OB_VERB_ERROR" id="5.1">on focus_ and then for every keypress it s throwing back a ref(this).options has no properties @ line 871</st>
        </parg>
        <parg ob="" eb="" sr="" id="6">
            <st ob="" eb="" sr="" id="6.1">I tried to find reference to some change that was made... but couldn t.</st>
        </parg>
    </desc>
</bug>
