<?xml version="1.0" encoding="UTF-8" standalone="yes"?>
<bug no-bug="" comments="">
    <id>12395</id>
    <title ob="" eb="" sr="">Authentication with Http Error 400 (Bad Request)</title>
    <desc>
        <parg ob="" eb="" sr="" id="1">
            <st ob="" eb="" sr="" id="1.1">Created an attachment (id=2887)
Error Page</st>
        </parg>
        <parg ob="" eb="" sr="" id="2">
            <st ob="x" eb="" sr="" patterns="S_OB_COND_NEG" id="2.1">When user first registers our application and is redirected to the  Request Permission  page_ it will then authenticate with the above URL with http error 400 (Bad request) page after clicking on the  Allow  button.</st>
            <st ob="" eb="" sr="" id="2.2">The problem has been occurred more then 24 hours.</st>
            <st ob="" eb="" sr="" id="2.3">I wonder if there is any change for the above URL or authentication process.</st>
            <st ob="" eb="" sr="" id="2.4">Attached is the capture for user registering our application.</st>
            <st ob="" eb="" sr="" id="2.5">Please check.</st>
        </parg>
        <parg ob="" eb="" sr="" id="3">
            <st ob="" eb="" sr="" id="3.1">Thank you!</st>
        </parg>
    </desc>
</bug>
