<?xml version="1.0" encoding="UTF-8" standalone="yes"?>
<bug no-bug="" comments="">
    <id>12585</id>
    <title ob="x" eb="" sr="" patterns="S_OB_UNABLE_TO,S_OB_NOT_VERB">Not being able to edit/rename  Profile Pictures  folder in Android client</title>
    <desc>
        <parg ob="" eb="" sr="x" patterns="P_SR_LABELED_LIST" id="1">
            <st ob="" eb="" sr="" id="1.1">Repro steps:</st>
            <st ob="" eb="" sr="" id="1.2">1 Log in Facebook client</st>
            <st ob="" eb="" sr="" id="1.3">2 Albums &gt; Profile Pictures &gt; Edit Album</st>
            <st ob="" eb="" sr="" id="1.4">3 Edit the name and update</st>
            <st ob="" eb="" sr="" id="1.5">4 Show  update successfully</st>
            <st ob="" eb="" sr="" id="1.6">5 Back to album</st>
        </parg>
        <parg ob="" eb="x" sr="" id="2">
            <st ob="" eb="x" sr="" patterns="S_EB_EXP_BEHAVIOR" id="2.1">Expected: 
The  profile pictures  album is renamed</st>
        </parg>
        <parg ob="x" eb="" sr="" id="3">
            <st ob="x" eb="" sr="" patterns="S_OB_OBS_BEHAVIOR" id="3.1">Result:
It is not renamed</st>
        </parg>
        <parg ob="" eb="" sr="" id="4">
            <st ob="" eb="" sr="" id="4.1">Client: v1.3.2
OS: Android 2.2 Froyo</st>
        </parg>
    </desc>
</bug>
