<?xml version="1.0" encoding="UTF-8" standalone="yes"?>
<bug no-bug="" comments="">
    <id>12692</id>
    <title ob="x" eb="" sr="" patterns="S_OB_PROBLEM_IN">typo in authentication dialogue translation (to czech)</title>
    <desc>
        <parg ob="" eb="" sr="" id="1">
            <st ob="" eb="" sr="" patterns="" id="1.1">Created an attachment (id=2953)
request permissions screenshot</st>
        </parg>
        <parg ob="" eb="" sr="" id="2">
            <st ob="x" eb="" sr="S_OB_COND_POS" id="2.1">When requesting publish_stream permission_ the heading in the dialog reads  Publikování na mé Zdí  (see attachment).</st>
            <st ob="" eb="x" sr="" patterns="S_EB_SHOULD" id="2.2">It should be  Publikování na mé Zdi  - i.e. the very last character is  i _ not  í .</st>
            <st ob="" eb="" sr="" id="2.3">Minor typo_ but quite visible actually.</st>
        </parg>
        <parg ob="" eb="" sr="" id="3">
            <st ob="" eb="" sr="" id="3.1">Thanks</st>
        </parg>
    </desc>
</bug>
