<?xml version="1.0" encoding="UTF-8" standalone="yes"?>
<bug no-bug="" comments="">
    <id>12907</id>
    <title ob="x" eb="" sr="" patterns="S_OB_NEG_AUX_VERB">FB cannot retrieve the page info when sharing a URL with  /ko  at the ending</title>
    <desc>
        <parg ob="" eb="" sr="" id="1">
            <st ob="x" eb="" sr="x" patterns="S_OB_COND_NEG,S_SR_COND_OBS" id="1.1">When I share a URL in my Facebook wall page_ I input a URL like http://support.microsoft.com/ph/14019/ko_ Facebook cannot retrieve the page info but just leaves a URL there.</st>
            <st ob="x" eb="" sr="" patterns="S_OB_WORKS_FINE" id="1.2">The URL can be accessed and the other social sites can get the page info without any problem.</st>
            <st ob="" eb="" sr="" id="1.3">Very weired.</st>
        </parg>
        <parg ob="" eb="" sr="x" id="2">
            <st ob="" eb="" sr="x" patterns="S_SR_CODE_REF" id="2.1">Some more examples:
http://support.microsoft.com/ph/14019/ko
http://support.microsoft.com/kb/974571/ko
http://support.microsoft.com/gp/tou/ko</st>
        </parg>
    </desc>
</bug>
