<?xml version="1.0" encoding="UTF-8" standalone="yes"?>
<bug no-bug="" comments="">
    <id>12951</id>
    <title ob="x" eb="" sr="" patterns="S_OB_ADV_FREQ">Unsecure http:// always used for profile pics</title>
    <desc>
        <parg ob="" eb="" sr="" id="1">
            <st ob="" eb="" sr="" id="1.1">In the example you give in the documentation:
https://graph.facebook.com/bgolub?fields=id_name_picture</st>
        </parg>
        <parg ob="x" eb="x" sr="" id="2">
            <st ob="x" eb="x" sr="" patterns="S_EB_SHOULD" id="2.1">The profile picture url returned is http://
It should be https:// to match the request.</st>
        </parg>
        <parg ob="" eb="" sr="" id="3">
            <st ob="" eb="" sr="" id="3.1">I cannot see how to get a correct url_ so that I can actually use profile pictures on a secure site.</st>
            <st ob="X" eb="" sr="" patterns="S_OB_VERB_ERROR" id="3.2">It produces security warnings on IE and breaks the secure lock icon on Firefox</st>
        </parg>
        <parg ob="x" eb="" sr="" id="4">
            <st ob="x" eb="" sr="" patterns="S_OB_SAME_PROBLEM_WHEN" id="4.1">The same problem applies when using /me after authentication:
https://graph.facebook.com/me?fields=id_name_picture</st>
        </parg>
    </desc>
</bug>
