<?xml version="1.0" encoding="UTF-8" standalone="yes"?>
<bug no-bug="" comments="">
    <id>1298</id>
    <title ob="x" eb="" sr="" patterns="S_OB_NEG_VERB">Profile-action disappears</title>
    <desc>
        <parg ob="" eb="" sr="" id="1">
            <st ob="x" eb="" sr="" patterns="S_OB_SEEMS_TO_BE" id="1.1">SuperPoke s profile image action link seems to be disappeared starting on 12/18/07.</st>
            <st ob="" eb="" sr="x" patterns="S_SR_COND_OBS" id="1.2">When we call profile.setFBML_ we use &lt;fb:ref&gt; which has an url points to a markup containing the profile action tag.</st>
            <st ob="" eb="" sr="" id="1.3">Have you guys stopped looking for the tag in &lt;fb:ref&gt;?</st>
        </parg>
    </desc>
</bug>
