<?xml version="1.0" encoding="UTF-8" standalone="yes"?>
<bug no-bug="" comments="">
    <id>13018</id>
    <title ob="" eb="" sr="">request-form not working for www.facebook.com domains</title>
    <desc>
        <parg ob="x" eb="" sr="" id="1">
            <st ob="x" eb="" sr="" patterns="S_OB_ERROR_COND" id="1.1">Created an attachment (id=3051)
Error page when sending requests to any page on www.facebook.com</st>
        </parg>
        <parg ob="" eb="" sr="" id="2">
            <st ob="x" eb="" sr="" patterns="S_OB_VERB_ERROR" id="2.1">I am having an error trying to use the multi-friend-selector and request-form when inviting people to a facebook page.</st>
            <st ob="x" eb="" sr="" patterns="S_OB_BUT_NEG,S_OB_WORKS_BUT" id="2.2">I have checked all facebook page urls and it works for apps.facebook.com but not for www.facebook.com urls.</st>
            <st ob="x" eb="" sr="" patterns="S_OB_VERB_ERROR,S_OB_NEG_AUX_VERB" id="2.3">The user is sent to this error page:
http://www.facebook.com/common/invalid_request.php
 sorry your request could not be processed.</st>
            <st ob="" eb="" sr="" id="2.4">please try again</st>
        </parg>
        <parg ob="" eb="" sr="" id="3">
            <st ob="x" eb="" sr="" patterns="S_OB_BUT_NEG,S_OB_ERROR_AS_SUBJECT" id="3.1">The odd thing is that the request gets sent but the user sending the invites gets forwarded to that annoying error url.</st>
            <st ob="" eb="x" sr="" patterns="S_EB_WOULD_BE" id="3.2">I d be fine with it if they at least ended up on the right page after sending the invites.</st>
            <st ob="" eb="" sr="" id="3.3">However_ this error has broken our flow and we will end up removing the invite functionality completely if not fixed.</st>
        </parg>
    </desc>
</bug>
