<?xml version="1.0" encoding="UTF-8" standalone="yes"?>
<bug no-bug="" comments="">
    <id>13084</id>
    <title ob="" eb="" sr="">Canvas name...</title>
    <desc>
        <parg ob="x" eb="" sr="" id="1">
            <st ob="x" eb="" sr="" patterns="S_OB_NEG_AUX_VERB" id="1.1">Created an attachment (id=3074)
Cant proceed with our name as canvas...</st>
        </parg>
        <parg ob="" eb="" sr="" id="2">
            <st ob="" eb="" sr="" id="2.1">Hi Support_</st>
        </parg>
        <parg ob="x" eb="" sr="" id="3">
            <st ob="x" eb="" sr="" patterns="S_OB_BUT_NEG,S_OB_UNABLE_TO" id="3.1">I m creating a app for our business_ Delupe_ but are not able to use the name.</st>
        </parg>
        <parg ob="x" eb="" sr="" id="4">
            <st ob="x" eb="" sr="" patterns="S_OB_BUT,S_OB_ONLY" id="4.1">You require at least 7 letters_ but our name (Delupe) only consists of 6.</st>
        </parg>
        <parg ob="" eb="" sr="" id="5">
            <st ob="" eb="" sr="" id="5.1">Are you able to help_ as we like to get the canvas page: http://apps.facebook.com/delupe/</st>
        </parg>
        <parg ob="" eb="" sr="" id="6">
            <st ob="" eb="" sr="" id="6.1">Best regards_</st>
        </parg>
        <parg ob="" eb="" sr="" id="7">
            <st ob="" eb="" sr="" id="7.1">Bo</st>
        </parg>
    </desc>
</bug>
