<?xml version="1.0" encoding="UTF-8" standalone="yes"?>
<bug no-bug="" comments="">
    <id>13323</id>
    <title ob="" eb="" sr="">public open events requiring user access token for data retrieval</title>
    <desc>
        <parg ob="" eb="" sr="" id="1">
            <st ob="" eb="" sr="" id="1.1">my app has made some events by impersonating a page: the page admin logged in_ allowed the  create_event  and  manage_pages  permissions_ and my app used the access token from /user_id/accounts for the page to create the *public* events.</st>
            <st ob="" eb="" sr="" id="1.2">the app could also retrieve the event data with the application access token.</st>
            <st ob="" eb="" sr="" id="1.3">all was good.</st>
        </parg>
        <parg ob="x" eb="" sr="" id="2">
            <st ob="x" eb="" sr="" patterns="S_OB_NEG_VERB,S_OB_SUDDENLY_NEGATIVE" id="2.1">then_ all of the sudden_ the events stop returning data for their event ids.</st>
        </parg>
        <parg ob="" eb="" sr="x" patterns="P_SR_COND_SEQUENCE" id="3">
            <st ob="" eb="" sr="" id="3.1">when i query graph.facebook.com/event_id_ i now get  false _ literally.</st>
            <st ob="" eb="" sr="" id="3.2">if i append an *application* access_token_ i also get  false .</st>
            <st ob="" eb="" sr="" id="3.3">if i append a *user* access_token_ i can get the data.</st>
        </parg>
        <parg ob="x" eb="" sr="" id="4">
            <st ob="x" eb="" sr="" patterns="S_OB_SAME_PROBLEM_WHEN,S_OB_ONLY" id="4.1">i see the same results for an FQL query_ and for events.get; except_ they return only  [] .</st>
        </parg>
        <parg ob="" eb="x" sr="" id="5">
            <st ob="" eb="x" sr="" patterns="S_EB_SHOULD" id="5.1">these are public open events and their data should be accessible without a user access token.</st>
        </parg>
        <parg ob="" eb="" sr="" id="6">
            <st ob="" eb="" sr="" id="6.1">here is an example (redacted access tokens):</st>
        </parg>
        <parg ob="" eb="" sr="" id="7">
            <st ob="" eb="" sr="" id="7.1">works -
https://graph.facebook.com/150658091636776?access_token=_____4275651930|e0ee69d9f65b990b71edf5ce-100000986376894|2mIFqs_xewxI1CRJuyCXjf_____</st>
        </parg>
        <parg ob="" eb="" sr="" id="8">
            <st ob="" eb="" sr="" id="8.1">returns  false  -
https://graph.facebook.com/150658091636776?access_token=_____4275651930|MqNrUo3qxwZFju-TmbJTuZ_____
https://graph.facebook.com/150658091636776</st>
        </parg>
    </desc>
</bug>
