<?xml version="1.0" encoding="UTF-8" standalone="yes"?>
<bug no-bug="" comments="">
    <id>13356</id>
    <title ob="x" eb="" sr="" patterns="S_OB_VERB_ERROR,S_OB_OUTPUT_VERB">Like Box displays wrong link to content</title>
    <desc>
        <parg ob="x" eb="" sr="" id="1">
            <st ob="x" eb="" sr="" patterns="S_OB_VERB_ERROR,S_OB_OUTPUT_VERB" id="1.1">The Like box is displaying the wrong link to applications that posted to a fan page wall via Facebook.streamPublish.</st>
        </parg>
        <parg ob="" eb="x" sr="" id="2">
            <st ob="" eb="x" sr="" patterns="S_EB_SHOULD" id="2.1">The correct link should be of the format:</st>
        </parg>
        <parg ob="" eb="" sr="" id="3">
            <st ob="" eb="" sr="" id="3.1">http://apps.facebook.com/CALL_BACK_URL_DETAIL</st>
        </parg>
        <parg ob="x" eb="" sr="" id="4">
            <st ob="x" eb="" sr="" patterns="S_OB_LEADS_TO_NEG" id="4.1">Instead_ links are having  connect  appended which results in the wrong page being displayed.</st>
        </parg>
        <parg ob="" eb="" sr="" id="5">
            <st ob="" eb="" sr="" id="5.1">http://apps.connect.facebook.com/CALL_BACK_URL_DETAIL</st>
        </parg>
        <parg ob="x" eb="" sr="" id="6">
            <st ob="x" eb="" sr="" patterns="S_OB_BUT_NEG" id="6.1">The post on the Fan Page is correct_ however_ the Like Box displays a different URL.</st>
        </parg>
        <parg ob="" eb="" sr="" id="7">
            <st ob="" eb="" sr="" id="7.1">See the example story on the URL at http://www.sdsockers.com/.</st>
        </parg>
    </desc>
</bug>
