<?xml version="1.0" encoding="UTF-8" standalone="yes"?>
<bug no-bug="" comments="">
    <id>13378</id>
    <title ob="x" eb="" sr="" patterns="S_OB_ERROR_AS_SUBJECT">Unavailability of a method which tells if a user has given an extended permission to an application</title>
    <desc>
        <parg ob="" eb="" sr="" id="1">
            <st ob="" eb="" sr="" id="1.1">To know if a user has given certain extended permission to our application_ there is this users.hasAppPermission method in the REST API.</st>
            <st ob="" eb="" sr="" id="1.2">http://developers.facebook.com/docs/reference/rest/users.hasAppPermission</st>
        </parg>
        <parg ob="x" eb="" sr="" id="2">
            <st ob="x" eb="" sr="" patterns="S_OB_VERB_TO_BE_NEGATIVE" id="2.1">There is nothing equivalent in the Graph API.</st>
        </parg>
    </desc>
</bug>
