<?xml version="1.0" encoding="UTF-8" standalone="yes"?>
<bug no-bug="" comments="">
    <id>13376</id>
    <title ob="x" eb="" sr="" patterns="S_OB_OUTPUT_VERB">iPhone login page show full facebook.com login page</title>
    <desc>
        <parg ob="" eb="" sr="" id="1">
            <st ob="x" eb="x" sr="" patterns="S_OB_INSTEAD_OF,S_EB_INSTEAD_OF_EXP_BEHAVIOR" id="1.1">As of this morning_ all attempts to login using login dialog in the Facebook iOS SDK are presenting the full facebook.com login page instead of the login dialog.</st>
            <st ob="" eb="" sr="" id="1.2">This is a HUGE problem.</st>
            <st ob="" eb="" sr="" id="1.3">Why can t you guys keep this working reliably?</st>
        </parg>
    </desc>
</bug>
