<?xml version="1.0" encoding="UTF-8" standalone="yes"?>
<bug no-bug="" comments="">
    <id>13384</id>
    <title ob="X" eb="" sr="" patterns="S_OB_NEG_AUX_VERB">Can not send email</title>
    <desc>
        <parg ob="" eb="" sr="" id="1">
            <st ob="X" eb="" sr="" patterns="S_OB_UNABLE_TO,S_OB_FOR_TIME" id="1.1">I have been unable to send email using the mobile site at http://touch.facebook.com for a few days now.</st>
            <st ob="" eb="" sr="" id="1.2">This is true on several different devices.</st>
            <st ob="" eb="" sr="" id="1.3">This is really annoying.</st>
            <st ob="" eb="" sr="" id="1.4">Maybe someone can have a look and see what is going on?</st>
        </parg>
    </desc>
</bug>
