<?xml version="1.0" encoding="UTF-8" standalone="yes"?>
<bug no-bug="" comments="">
    <id>13604</id>
    <title ob="" eb="" sr="">Application pages partially in the graph after app deletion</title>
    <desc>
        <parg ob="" eb="" sr="x" patterns="P_SR_ACTIONS_INF" id="1">
            <st ob="" eb="" sr="" id="1.1">1 Make an FQL query to table  page_admin  to return the list of pages you admin;</st>
            <st ob="" eb="" sr="" id="1.2">2 Make an FQL query to table  pages  with IDs you got from query #1 to get infos of pages (e.g.: page_id_ name_ page_url_ type);</st>
            <st ob="" eb="" sr="" id="1.3">3 Try to output to the browser an clickable list of the results.</st>
        </parg>
        <parg ob="" eb="" sr="" id="2">
            <st ob="x" eb="" sr="" patterns="S_OB_BUT_NEG,S_OB_WITHOUT,S_OB_OUTPUT" id="2.1">In my case_ I am getting a list of pages I am admin of_ but the result pulls out pages with no names (but there is ID and links).</st>
            <st ob="x" eb="" sr="" patterns="S_OB_COND_NEG" id="2.2">In my case_ if I click on the links_ I get application pages of applications I deleted a while ago.</st>
        </parg>
        <parg ob="x" eb="" sr="" id="3">
            <st ob="x" eb="" sr="" patterns="S_OB_BUT_NEG,S_OB_VERB_TO_BE_NEGATIVE,S_OB_ADV_TIME_NEG" id="3.1">Again_ in my case_ here are the link to the said pagesm they all have the type  application _ but there is no application to theses names anymore:</st>
        </parg>
        <parg ob="" eb="" sr="" id="4">
            <st ob="" eb="" sr="" id="4.1">http://www.facebook.com/apps/application.php?id=367664934878
http://www.facebook.com/apps/application.php?id=330483597128
http://www.facebook.com/apps/application.php?id=322156391570
http://www.facebook.com/apps/application.php?id=322408364287</st>
        </parg>
    </desc>
</bug>
