<?xml version="1.0" encoding="UTF-8" standalone="yes"?>
<bug no-bug="" comments="">
    <id>13645</id>
    <title ob="" eb="x" sr="" patterns="S_EB_SHOULD">http://graph.facebook.com/PAGE_ID should return data_ not  false </title>
    <desc>
        <parg ob="" eb="" sr="" id="1">
            <st ob="" eb="" sr="" id="1.1">This tells the developer nothing.</st>
            <st ob="" eb="" sr="" patterns="" id="1.2">Please return a page s profile data instead of just  false.</st>
        </parg>
    </desc>
</bug>
