<?xml version="1.0" encoding="UTF-8" standalone="yes"?>
<bug no-bug="" comments="">
    <id>13756</id>
    <title ob="X" eb="" sr="" patterns="S_OB_NO_NOUN">Issue : No crossdomain.xml on *.sphotos.l3.fbcdn.net</title>
    <desc>
        <parg ob="" eb="" sr="" id="1">
            <st ob="" eb="" sr="" id="1.1">Hello</st>
        </parg>
        <parg ob="X" eb="" sr="" id="2">
            <st ob="X" eb="" sr="" patterns="S_OB_NO_NOUN" id="2.1">No crossdomain.xml for domains :</st>
        </parg>
        <parg ob="" eb="" sr="" id="3">
            <st ob="" eb="" sr="" id="3.1">http://*.sphotos.l3.fbcdn.net/</st>
        </parg>
        <parg ob="" eb="" sr="" id="4">
            <st ob="" eb="" sr="" id="4.1">Examples :</st>
            <st ob="" eb="" sr="" id="4.2">-----------------</st>
        </parg>
        <parg ob="" eb="" sr="" id="5">
            <st ob="" eb="" sr="" id="5.1">http://l28.sphotos.l3.fbcdn.net/crossdomain.xml
http://l8.sphotos.l3.fbcdn.net/crossdomain.xml
http://l19.sphotos.l3.fbcdn.net/crossdomain.xml</st>
        </parg>
        <parg ob="" eb="" sr="" id="6">
            <st ob="" eb="" sr="" id="6.1">Please add this.</st>
        </parg>
        <parg ob="" eb="" sr="" id="7">
            <st ob="" eb="" sr="" id="7.1">Thank you</st>
        </parg>
    </desc>
</bug>
