<?xml version="1.0" encoding="UTF-8" standalone="yes"?>
<bug no-bug="" comments="">
    <id>13960</id>
    <title ob="X" eb="" sr="" patterns="S_OB_BUT_NEG">Application approved but not listed in directory</title>
    <desc>
        <parg ob="" eb="" sr="" id="1">
            <st ob="X" eb="" sr="" patterns="S_OB_BUT_NEG" id="1.1">My app (actually the app for a client of us) is approved now but it is not showing up in any of the category pages of the directory either could you find it via search.</st>
            <st ob="X" eb="" sr="" patterns="S_OB_BUT_NEG" id="1.2">Meaning the app is live but you can t find it - only via direct link.</st>
        </parg>
        <parg ob="" eb="" sr="" id="2">
            <st ob="X" eb="" sr="" patterns="S_OB_BUT_NEG" id="2.1">I also tried to add a description and an image for the app directory_ but after saving and going back to edit the field are empty.</st>
            <st ob="" eb="" sr="" id="2.2">Not sure if he is submitting the data correctly.</st>
            <st ob="" eb="" sr="" id="2.3">Not sure if this is related to the issue with not appearing in the directory.</st>
        </parg>
        <parg ob="" eb="" sr="" id="3">
            <st ob="" eb="" sr="" id="3.1">App-ID: 136468596378888</st>
        </parg>
        <parg ob="" eb="" sr="" id="4">
            <st ob="" eb="" sr="" id="4.1">Thanks for looking into this.</st>
        </parg>
    </desc>
</bug>
