<?xml version="1.0" encoding="UTF-8" standalone="yes"?>
<bug no-bug="" comments="">
    <id>14112</id>
    <title ob="X" eb="" sr="" patterns="S_OB_VERB_ERROR,S_OB_OUTPUT_VERB">Metadata returns incorrect field  fan_count _ not  likes </title>
    <desc>
        <parg ob="X" eb="" sr="" id="1">
            <st ob="X" eb="" sr="" patterns="S_OB_DESPITE" id="1.1">Despite the JSON returning  likes  node_ the fields information still references a  fan_count  node.</st>
        </parg>
    </desc>
</bug>
