<?xml version="1.0" encoding="UTF-8" standalone="yes"?>
<bug no-bug="" comments="">
    <id>14123</id>
    <title ob="X" eb="" sr="" patterns="S_OB_AFTER_NEG">In IE8_ after posting a comment the window doesn t automatically close as indicated.</title>
    <desc>
        <parg ob="" eb="" sr="X" patterns="P_SR_ACTIONS_MULTI_OBS_BEHAVIOR" id="1">
            <st ob="" eb="" sr="" id="1.1">Go to http://www.footlocker.com/product/model:148756/sku:14674001/?supercat=home/?cm=HOME</st>
            <st ob="" eb="" sr="" id="1.2">Click FB Share button</st>
            <st ob="" eb="" sr="" id="1.3">Post comment and share</st>
            <st ob="X" eb="" sr="" patterns="S_OB_OBS_BEHAVIOR" id="1.4">Result: In IE8_ after posting a comment the window doesn t automatically close as indicated.</st>
        </parg>
    </desc>
</bug>
