<?xml version="1.0" encoding="UTF-8" standalone="yes"?>
<bug no-bug="" comments="">
    <id>14131</id>
    <title ob="x" eb="" sr="" patterns="S_OB_SIMPLE_PRESENT">Links clicked within feedback plugin open within that iframe</title>
    <desc>
        <parg ob="" eb="" sr="" id="1">
            <st ob="" eb="" sr="" id="1.1">Created an attachment (id=3350)
link about to be clicked in comments plugin</st>
        </parg>
        <parg ob="" eb="" sr="" id="2">
            <st ob="" eb="" sr="" id="2.1">Note: This is related to the feedback plugin currently being tested by Facebook on the developer site_ NOT the publicly available fb:comments plugin.</st>
        </parg>
        <parg ob="x" eb="x" sr="" id="3">
            <st ob="x" eb="x" sr="" patterns="S_OB_INSTEAD_OF,S_EB_INSTEAD_OF_EXP_BEHAVIOR" id="3.1">Clicking a link that is within the iframe will open that link within the same iframe_ instead of in a better target such as _top or a new window/tab.</st>
        </parg>
        <parg ob="" eb="" sr="" id="4">
            <st ob="" eb="" sr="" id="4.1">Attached is a screenshot of a link that is about to be clicked.</st>
            <st ob="" eb="" sr="" id="4.2">I will follow up with a screenshot displaying what happens after the link is clicked.</st>
        </parg>
        <parg ob="" eb="" sr="" id="5">
            <st ob="" eb="" sr="" id="5.1">This example is from http://developers.facebook.com/blog/post/434</st>
        </parg>
    </desc>
</bug>
