<?xml version="1.0" encoding="UTF-8" standalone="yes"?>
<bug no-bug="" comments="">
    <id>14152</id>
    <title ob="x" eb="" sr="" patterns="S_OB_SUDDENLY_NEGATIVE,S_OB_NEG_ADV_ADJ">Image in feed post suddenly blocked for no apparent reason</title>
    <desc>
        <parg ob="" eb="" sr="" id="1">
            <st ob="x" eb="" sr="" patterns="S_OB_NEG_ADV_ADJ,S_OB_ADV_FREQ" id="1.1">Within the last hour the image that is normally posted with the feed started to be blocked.</st>
            <st ob="" eb="" sr="" id="1.2">The image is not porn or offensive in any way and was posted several times before.</st>
            <st ob="x" eb="" sr="" patterns="S_OB_BUT_NEG,S_OB_SEEMS,S_OB_NOTICE" id="1.3">However a little while ago I noticed that the image seems to now be blocked by facebook.</st>
        </parg>
    </desc>
</bug>
