<?xml version="1.0" encoding="UTF-8" standalone="yes"?>
<bug no-bug="" comments="">
    <id>14197</id>
    <title ob="x" eb="" sr="" patterns="S_OB_VERB_ERROR">duplicate profile pages causing confusion</title>
    <desc>
        <parg ob="" eb="" sr="" id="1">
            <st ob="x" eb="" sr="" patterns="S_OB_ERROR_AS_SUBJECT" id="1.1">I manage FB profiles for my company_ Phoenix NAP_ and through a previous input error by a colleague_ a second  duplicate  profile was created.</st>
            <st ob="" eb="x" sr="" patterns="S_EB_WOULD_LIKE" id="1.2">I would like to get rid of the duplicate account if possible_ just am unsure how to do so as both are tied to the email address I use for work - scottr@p.</st>
            <st ob="" eb="" sr="" id="1.3">The duplicate account I would like to eliminate can be identified by the way the last three letters in the company name are displayed_ as  Nap .</st>
            <st ob="" eb="" sr="" id="1.4">The correct and active profile has the company name as  Phoenix NAP .</st>
        </parg>
    </desc>
</bug>
