<?xml version="1.0" encoding="UTF-8" standalone="yes"?>
<bug no-bug="" comments="">
    <id>14206</id>
    <title ob="x" eb="" sr="" patterns="S_OB_NEG_ADV_ADJ">Tabs apps slow load or not load</title>
    <desc>
        <parg ob="" eb="" sr="" id="1">
            <st ob="x" eb="" sr="" patterns="S_OB_FOUND,S_OB_VERY_ADJ,S_OB_NEG_AUX_VERB" id="1.1">I have found_ a lot of times_ tab application dont load or load very slow.</st>
            <st ob="" eb="" sr="" id="1.2">It is not only a problem with my server_ I have seen this on a lot of facebook fanpages.</st>
            <st ob="" eb="" sr="" id="1.3">It can be seen on pages with many tab application for example: if you change from one to another tab a lot of time.</st>
        </parg>
        <parg ob="" eb="" sr="" id="2">
            <st ob="x" eb="" sr="" patterns="S_OB_NOTICE" id="2.1">I have seen with some of my fanpages that tab lets blank_ or loading... My server sometimes receive the facebook request and respond ok (200) but tab lets loading.</st>
            <st ob="x" eb="" sr="" patterns="S_OB_NEG_AUX_VERB" id="2.2">Other times my server dont get facebook request.</st>
        </parg>
        <parg ob="" eb="" sr="" id="3">
            <st ob="" eb="" sr="" id="3.1">This happens sometimes_ not always_ but very often if you try to change fast between tabs.</st>
        </parg>
        <parg ob="" eb="" sr="" id="4">
            <st ob="" eb="" sr="" id="4.1">Is this a known problem?</st>
            <st ob="" eb="" sr="" id="4.2">Is there any way to avoid this?</st>
        </parg>
        <parg ob="" eb="" sr="" id="5">
            <st ob="" eb="" sr="" id="5.1">http://forum.developers.facebook.net/viewtopic.php?id=84069</st>
        </parg>
    </desc>
</bug>
