<?xml version="1.0" encoding="UTF-8" standalone="yes"?>
<bug no-bug="" comments="">
    <id>14224</id>
    <title ob="x" eb="" sr="" patterns="S_OB_NOUN_NOT">Blackberry Torch not displaying touch login UI</title>
    <desc>
        <parg ob="" eb="" sr="" id="1">
            <st ob="x" eb="x" sr="x" patterns="S_OB_INSTEAD_OF,S_EB_INSTEAD_OF_EXP_BEHAVIOR,S_SR_COND_OBS" id="1.1">When using the OAuth 2.0 API authorize API call_ Blackberry widgets are shown the desktop web-based Facebook login page instead of the touch based UI as requested.</st>
            <st ob="x" eb="" sr="" patterns="S_OB_AFTER_NEG" id="1.2">After login_ the user is redirected to the web-based Facebook home page and not the url specified in the redirect parameter.</st>
        </parg>
    </desc>
</bug>
