<?xml version="1.0" encoding="UTF-8" standalone="yes"?>
<bug no-bug="" comments="">
    <id>14452</id>
    <title ob="x" eb="" sr="" patterns="S_OB_NEG_VERB">posting pictures to feed fails with query parameter</title>
    <desc>
        <parg ob="x" eb="" sr="x" id="1">
            <st ob="x" eb="" sr="x" patterns="S_OB_COND_NEG,S_SR_COND_OBS" id="1.1">when attempting to create a new picture post to a users feed_ if the picture url has a query parameter_ facebook does not accept it</st>
        </parg>
        <parg ob="" eb="" sr="" id="2">
            <st ob="" eb="" sr="" id="2.1">for example:</st>
        </parg>
        <parg ob="" eb="" sr="" id="3">
            <st ob="" eb="" sr="" id="3.1">curl -F  access_token=...  \</st>
            <st ob="" eb="" sr="" id="3.2">-F  message=Check out this funny article  \</st>
            <st ob="" eb="" sr="" id="3.3">-F  link=http://www.example.com/article.html  \</st>
            <st ob="" eb="" sr="" id="3.4">-F  picture=http://www.example.com/article-thumbnail.jpg  \</st>
            <st ob="" eb="" sr="" id="3.5">-F  name=Article Title  \</st>
            <st ob="" eb="" sr="" id="3.6">-F  caption=Caption for the link  \</st>
            <st ob="" eb="" sr="" id="3.7">-F  description=Longer description of the link  \</st>
            <st ob="" eb="" sr="" id="3.8">-F  actions={ name :  View on Zombo _  link :  http://www.zombo.com }  \</st>
            <st ob="" eb="" sr="" id="3.9">-F  privacy={ value :  ALL_FRIENDS }  \</st>
            <st ob="" eb="" sr="" id="3.10">-F  targeting= { countries : US _ regions : 6_53 _ locales : 6 }  \</st>
            <st ob="" eb="" sr="" id="3.11">https://graph.facebook.com/me/feed</st>
        </parg>
        <parg ob="" eb="" sr="" id="4">
            <st ob="" eb="" sr="" id="4.1">(taken from the documentation: http://developers.facebook.com/docs/reference/api/post/)</st>
        </parg>
        <parg ob="" eb="" sr="" id="5">
            <st ob="" eb="" sr="" id="5.1">will create a picture post_ but if you change the picture url to:</st>
        </parg>
        <parg ob="" eb="" sr="" id="6">
            <st ob="" eb="" sr="" id="6.1">http://www.example.com/article-thumbnail.jpg?query=true</st>
        </parg>
        <parg ob="x" eb="" sr="" id="7">
            <st ob="x" eb="" sr="" patterns="S_OB_NO_NOUN" id="7.1">then no picture is included in the post</st>
        </parg>
        <parg ob="" eb="" sr="" id="8">
            <st ob="" eb="" sr="" id="8.1">this is an issue for me because i host all my pictures on amazon aws_ so a picture link will look like:</st>
        </parg>
        <parg ob="" eb="" sr="" id="9">
            <st ob="" eb="" sr="" id="9.1">http://s3.amazonaws.com/starglueImages/1290475127pXLoZLv.o.png?AWSAccessKeyId=AKIAJFMTMNCRCQXP7KRQ&amp;Expires=1293824019&amp;Signature=QFRVD0W2lHb%2BoB%2FhAYLBtZW4u%2FI%3D</st>
        </parg>
    </desc>
</bug>
