<?xml version="1.0" encoding="UTF-8" standalone="yes"?>
<bug no-bug="" comments="">
    <id>14526</id>
    <title ob="x" eb="" sr="" patterns="S_OB_NEG_VERB">Authentication redirection failed in FBML canvas app</title>
    <desc>
        <parg ob="" eb="" sr="" id="1">
            <st ob="" eb="" sr="" id="1.1">When we try to make a server side redirection to https://graph.facebook.com/oauth/authorize?</st>
            <st ob="" eb="" sr="" id="1.2">client_id=...&amp;
    redirect_uri=http://www.example.com/oauth_redirect</st>
        </parg>
        <parg ob="x" eb="" sr="" id="2">
            <st ob="x" eb="" sr="" patterns="S_OB_VERB_ERROR" id="2.1">We got some error likes
The URL https://graph.facebook.com/oauth/authorize?client_id=109752401564&amp;amp;redirect_uri=http://apps.facebook.com/fanappzdev/sample/demo is not valid.</st>
        </parg>
        <parg ob="x" eb="" sr="" id="3">
            <st ob="x" eb="" sr="" patterns="S_OB_SEEMS" id="3.1">In fact_ it seems facebook transfer  &amp; to &amp;amp; and get this error.</st>
        </parg>
        <parg ob="" eb="" sr="" id="4">
            <st ob="" eb="" sr="" id="4.1">The same code worked 2 days ago.</st>
            <st ob="" eb="" sr="" id="4.2">This only happen in FBML canvas app.</st>
        </parg>
    </desc>
</bug>
