<?xml version="1.0" encoding="UTF-8" standalone="yes"?>
<bug no-bug="" comments="">
    <id>14578</id>
    <title ob="x" eb="" sr="" patterns="S_OB_VERB_ERROR">Green  Sign Up  button pushes avatars block</title>
    <desc>
        <parg ob="" eb="" sr="" id="1">
            <st ob="" eb="" sr="" id="1.1">Created an attachment (id=3454)
Issue Screenshot</st>
        </parg>
        <parg ob="x" eb="" sr="" id="2">
            <st ob="x" eb="" sr="" patterns="S_OB_PASSIVE_VOICE" id="2.1">When user is not logged in to Facebook green signup button with a message to the right of it is shown on top of the plugin.</st>
        </parg>
        <parg ob="" eb="" sr="" id="3">
            <st ob="X" eb="" sr="" patterns="S_OB_LEADS_TO" id="3.1">This block leads to other content to be pushed down in the plugin.</st>
            <st ob="X" eb="" sr="" patterns="S_OB_LEADS_TO_NEG,S_OB_BEING" id="3.2">This leads to avatars being cut off.</st>
        </parg>
        <parg ob="x" eb="" sr="" id="4">
            <st ob="x" eb="" sr="" patterns="S_OB_WORKS_FINE" id="4.1">In case when there is no signup button plugin display is ok and all heights are correct.</st>
        </parg>
    </desc>
</bug>
