<?xml version="1.0" encoding="UTF-8" standalone="yes"?>
<bug no-bug="" comments="">
    <id>14820</id>
    <title ob="" eb="" sr="">Disable Sandbox Mode not working properly</title>
    <desc>
        <parg ob="" eb="" sr="" id="1">
            <st ob="x" eb="" sr="" patterns="S_OB_DESPITE" id="1.1">Even though I disable the sandbox mode for one of our apps the setting doesn t seem to affect the app.</st>
            <st ob="x" eb="" sr="" patterns="S_OB_NEG_AUX_VERB" id="1.2">It is still not accessible for everyone who is not developer of that app.</st>
            <st ob="" eb="" sr="" id="1.3">It was working until yesterday.</st>
        </parg>
    </desc>
</bug>
