<?xml version="1.0" encoding="UTF-8" standalone="yes"?>
<bug no-bug="" comments="">
    <id>14981</id>
    <title ob="" eb="" sr="">number of likes in social plugin_ graph api and FQL</title>
    <desc>
        <parg ob="" eb="" sr="" id="1">
            <st ob="x" eb="" sr="" patterns="S_OB_NEG_COND" id="1.1">I have different number of likes if i use the social plugin like button_ the FQL_ the graph API.</st>
            <st ob="" eb="" sr="" id="1.2">For example for the url:
http://www.imdb.com/title/tt0068646/</st>
        </parg>
        <parg ob="" eb="" sr="" id="2">
            <st ob="" eb="" sr="" id="2.1">** SOCIAL PLUGIN LIKE BUTTON</st>
            <st ob="x" eb="" sr="" patterns="S_OB_OBSERVE" id="2.2">In the web page (social plugin) at this moment i see: 7233 likes.</st>
        </parg>
        <parg ob="" eb="" sr="x" patterns="P_SR_COND_CODE" id="3">
            <st ob="" eb="" sr="" id="3.1">** GRAPH API</st>
            <st ob="" eb="" sr="" id="3.2">If I call:</st>
            <st ob="" eb="" sr="" id="3.3">https://graph.facebook.com/?ids=http://www.imdb.com/title/tt0068646/</st>
            <st ob="x" eb="" sr="" patterns="S_OB_OBSERVE" id="3.4">i see:  likes : 4440</st>
        </parg>
        <parg ob="" eb="" sr="x" patterns="P_SR_COND_CODE" id="4">
            <st ob="" eb="" sr="" id="4.1">** FQL</st>
            <st ob="" eb="" sr="" id="4.2">If i call FQL:</st>
            <st ob="" eb="" sr="" id="4.3">https://api.facebook.com/method/fql.query?query=select%20%20like_count_%20total_count_%20share_count_%20click_count%20from%20link_stat%20where%20url=%22http://www.imdb.com/title/tt0068646/%22</st>
            <st ob="x" eb="" sr="" patterns="S_OB_OBSERVE" id="4.4">I see:</st>
            <st ob="" eb="" sr="" id="4.5">&lt;fql_query_response list= true &gt;&lt;link_stat&gt;&lt;like_count&gt;5256&lt;/like_count&gt;&lt;total_count&gt;7231&lt;/total_count&gt;&lt;share_count&gt;1154&lt;/share_count&gt;&lt;click_count&gt;196&lt;/click_count&gt;&lt;/link_stat&gt;&lt;/fql_query_response&gt;</st>
        </parg>
        <parg ob="" eb="" sr="" id="5">
            <st ob="" eb="" sr="" id="5.1">I think that the number in the social plugin is equal of  total_count  in the FQL query.</st>
            <st ob="" eb="" sr="" id="5.2">But the number of the graph api ?</st>
        </parg>
    </desc>
</bug>
