<?xml version="1.0" encoding="UTF-8" standalone="yes"?>
<bug no-bug="" comments="">
    <id>1498</id>
    <title ob="X" eb="" sr="" patterns="S_OB_VERB_ERROR,S_OB_OUTPUT_VERB">data.getCookies returns strange xml</title>
    <desc>
        <parg ob="" eb="" sr="" id="1">
            <st ob="" eb="" sr="" id="1.1">Here is the xml I get back from this call_ after calling data.setCookie with  test  and  kamchatka :</st>
        </parg>
        <parg ob="" eb="" sr="" id="2">
            <st ob="" eb="" sr="" id="2.1">&lt;?</st>
            <st ob="" eb="" sr="" id="2.2">xml version=\ 1.0\  encoding=\ UTF-8\ ?</st>
            <st ob="" eb="" sr="" id="2.3">&gt;
&lt;data_getCookies_response xmlns=\ http://api.facebook.com/1.0/\  xmlns:xsi=\ http://www.w3.org/2001/XMLSchema-instance\  xsi:schemaLocation=\ http://api.facebook.com/1.0/ http://api.facebook.com/1.0/facebook.xsd\  list=\ true\ &gt;</st>
        </parg>
        <parg ob="" eb="" sr="" id="3">
            <st ob="" eb="" sr="" id="3.1">&lt;data_getCookies_response_elt list=\ true\ &gt;
&lt;data_getCookies_response_elt_elt&gt;745478915&lt;/data_getCookies_response_elt_elt&gt;
&lt;data_getCookies_response_elt_elt&gt;test&lt;/data_getCookies_response_elt_elt&gt; &lt;data_getCookies_response_elt_elt&gt;kamchatka&lt;/data_getCookies_response_elt_elt&gt;
&lt;data_getCookies_response_elt_elt&gt;0&lt;/data_getCookies_response_elt_elt&gt;
&lt;data_getCookies_response_elt_elt&gt;/&lt;/data_getCookies_response_elt_elt&gt;
&lt;/data_getCookies_response_elt&gt;
&lt;/data_getCookies_response&gt;</st>
        </parg>
        <parg ob="X" eb="" sr="" id="4">
            <st ob="X" eb="" sr="" patterns="S_OB_BUT_NEG" id="4.1">That has the right info in the values_ but the XML tags do not match the documentation.</st>
        </parg>
    </desc>
</bug>
