<?xml version="1.0" encoding="UTF-8" standalone="yes"?>
<bug no-bug="" comments="">
    <id>15316</id>
    <title ob="" eb="" sr="">Continuous requests for cross-domain policy file</title>
    <desc>
        <parg ob="" eb="" sr="" id="1">
            <st ob="" eb="" sr="" id="1.1">Created an attachment (id=3680)
Firebug net console showing multiple calls to XD receiver</st>
        </parg>
        <parg ob="" eb="" sr="" id="2">
            <st ob="" eb="" sr="" id="2.1">Overview</st>
        </parg>
        <parg ob="" eb="" sr="" id="3">
            <st ob="X" eb="" sr="" patterns="S_OB_LEADS_TO_NEG" id="3.1">Users are intermittently seeing reduced browser performance_ causing several different apps to run slowly and in some cases for the browser to crash.</st>
            <st ob="" eb="" sr="" id="3.2">This happens in about 10% of play sessions.</st>
            <st ob="" eb="" sr="" id="3.3">It can occur on page load_ or sometimes on launching the invite dialog (an XFBML overlay).</st>
        </parg>
        <parg ob="" eb="" sr="" id="4">
            <st ob="X" eb="" sr="" patterns="S_OB_COND_NEG,S_OB_NOTICE" id="4.1">When the performance hit is observed we notice that there are repeated continuous requests to our cross-domain receiver file (as passed into FB.init()).</st>
            <st ob="X" eb="" sr="" patterns="S_OB_UNTIL_NEG,S_OB_NEG_ADV_ADJ" id="4.2">This normally continues indefinitely until the page reloads or browser crashes.</st>
            <st ob="" eb="" sr="" id="4.3">It has been also observed to self-correct on at least one occasion.</st>
            <st ob="" eb="" sr="" id="4.4">See attached Firebug console screenshot showing multiple calls.</st>
        </parg>
        <parg ob="" eb="" sr="" id="5">
            <st ob="" eb="" sr="" id="5.1">Steps to Reproduce</st>
        </parg>
        <parg ob="" eb="" sr="" id="6">
            <st ob="" eb="" sr="" id="6.1">Observed in Firefox 3 and Chrome.</st>
            <st ob="" eb="" sr="" id="6.2">Logs suggest the problem does not affect IE.</st>
        </parg>
        <parg ob="" eb="" sr="" id="7">
            <st ob="" eb="" sr="x" patterns="S_SR_TRIGGERS" id="7.1">- Loading the canvas page (apps.facebook.com/petsociety_ apps.facebook.com/maddennflsuperstars) can trigger the continuous loop.</st>
            <st ob="" eb="" sr="" id="7.2">= - = - - Displaying FBML dialogs is another intermittent trigger (e.g. click the  invite friends  button above the game).</st>
        </parg>
        <parg ob="" eb="" sr="" id="8">
            <st ob="" eb="" sr="" id="8.1">Environment</st>
        </parg>
        <parg ob="" eb="" sr="" id="9">
            <st ob="" eb="" sr="" id="9.1">App running in FBML mode_ hosting an fb:iframe with the bulk of the game contents.</st>
            <st ob="" eb="" sr="" id="9.2">JS SDK v0.4 (the  old  SDK).</st>
            <st ob="" eb="" sr="" id="9.3">Canvas page contains several FBML elements used to display UI as iframe overlays.</st>
        </parg>
        <parg ob="" eb="" sr="" id="10">
            <st ob="" eb="" sr="" id="10.1">Build Date &amp; Platform
HPHP - 243 - bupfgRP7IBTdSH793s9FXg - 4392136
Issues first confirmed on 2/17/11</st>
        </parg>
        <parg ob="" eb="" sr="" id="11">
            <st ob="" eb="" sr="" id="11.1">Possible Causes (Speculative)</st>
        </parg>
        <parg ob="" eb="" sr="" id="12">
            <st ob="" eb="" sr="" id="12.1">We ve made some observations that go some way to explaining what might be happening_ though the precise trigger is still unknown.</st>
            <st ob="x" eb="" sr="" patterns="S_OB_SEEMS_TO_BE" id="12.2">There seems to be a feedback loop causing cross-domain requests to be issued faster than they can be resolved.</st>
        </parg>
        <parg ob="" eb="" sr="" id="13">
            <st ob="x" eb="" sr="" patterns="S_OB_NOTICE" id="13.1">We notice that the calls to the XD receiver file are made from within the FB JS SDK by appending an &lt;iframe src= ourXDReceiverURL &gt; to the document.</st>
            <st ob="" eb="" sr="" id="13.2">These are sometimes visible and always show up in the DOM.</st>
        </parg>
        <parg ob="" eb="" sr="" id="14">
            <st ob="" eb="" sr="" id="14.1">We think each iframe added is increasing the size of the canvas page_ resulting in a call to XFBML.setSizeToContent().</st>
            <st ob="" eb="" sr="" id="14.2">This triggers its own cross-domain request_ adds another iframe_ and the cycle continues.</st>
            <st ob="" eb="" sr="" id="14.3">This is also suggested by the logging output and looking at the XD request query parameters_ which reflect an ever increasing canvas height.</st>
        </parg>
        <parg ob="" eb="" sr="" id="15">
            <st ob="" eb="" sr="" id="15.1"> 3 XdRpcClient.Send: setCanvasHeight</st>
            <st ob="" eb="" sr="" id="15.2"> &lt;&lt;&lt;&lt;&lt;&lt;&lt; http://www.connect.facebook.com/widgets/serverfbml.php</st>
            <st ob="" eb="" sr="" id="15.3"> XFBML (line 726)</st>
            <st ob="" eb="" sr="" id="15.4"> Server.send: handler=iframeOuterServer</st>
            <st ob="" eb="" sr="" id="15.5"> XFBML (line 726)</st>
            <st ob="" eb="" sr="" id="15.6"> data: 0: 3781 1: iframeInnerClient 2: setCanvasHeight 3: 579836px 4: false</st>
            <st ob="" eb="" sr="" id="15.7"> XFBML (line 726)</st>
            <st ob="" eb="" sr="" id="15.8"> endPoint: frameName: relation: 1 channelUrl: http://pets.game.playfish.com/g/fb/pets/xdreceiver UID: 0 flashOrigin: origin: null</st>
            <st ob="" eb="" sr="" id="15.9"> XFBML (line 726)</st>
            <st ob="" eb="" sr="" id="15.10"> Create iframe http://pets.game.playfish.com/g/fb/pets/xdreceiver#debug=1&amp;%7B%22id%22%3A3781%2C%22h%22%3A%22iframeOuterServer%22%2C%22sid%22%3A%220.987%22%2C%22t%22%3A0%7D%5B3781%2C%22iframeInnerClient%22%2C%22setCanvasHeight%22%2C%22579836px%22%2Cfalse%5D in http://www.connect.facebook.com/widgets/serverfbml.php</st>
            <st ob="" eb="" sr="" id="15.11">XFBML (line 726)</st>
            <st ob="" eb="" sr="" id="15.12"> 2 CanvasClient: set canvas height to 579992px</st>
            <st ob="" eb="" sr="" id="15.13"> 3 XdRpcClient.Send: setCanvasHeight</st>
        </parg>
        <parg ob="" eb="" sr="" id="16">
            <st ob="" eb="" sr="" id="16.1">Could our problem be something as simple as having a missing CSS style (FB_RECEIVER_DOM) that would normally be applied to the iframe?</st>
            <st ob="" eb="" sr="" id="16.2">The observed styles might be suitable for some debugging mode_ but we can t identify where this style originates.</st>
            <st ob="" eb="" sr="" id="16.3">If the iframe were styled so as not to increase its parent s dimensions_ it would presumably break the cycle.</st>
        </parg>
        <parg ob="" eb="" sr="" id="17">
            <st ob="" eb="" sr="" id="17.1">We also note other users reporting issues relating to canvas resizing (e.g. #15214).</st>
            <st ob="" eb="" sr="" id="17.2">While our symptoms are not the same_ it could be a related issue.</st>
        </parg>
    </desc>
</bug>
