<?xml version="1.0" encoding="UTF-8" standalone="yes"?>
<bug no-bug="" comments="">
    <id>15363</id>
    <title ob="x" eb="" sr="" patterns="S_OB_NEG_ADV_ADJ">Page Picture Editing: Save Thumbnail Version Button is Unclickable</title>
    <desc>
        <parg ob="x" eb="" sr="x" id="1">
            <st ob="x" eb="" sr="x" patterns="S_OB_AFTER_NEG,S_SR_AFTER" id="1.1">After successfully uploading a new picture to our canvas page_ the  Save Thumbnail Version  Button will not click to save the adjusted thumbnail.</st>
        </parg>
        <parg ob="" eb="" sr="" id="2">
            <st ob="" eb="" sr="" id="2.1">I have tested this in Firefox 3.6.13 and Google Chrome 9.0.597.98 with the exact same results.</st>
        </parg>
        <parg ob="" eb="" sr="" id="3">
            <st ob="" eb="" sr="" id="3.1">In Internet Explorer 8.0.7600 it reacts differently.</st>
            <st ob="x" eb="" sr="" patterns="S_OB_BUT_NEG" id="3.2">The  Save Thumbnail Version  button will press_ but the browser shows and  Error on Page  message in the lower left hand corner of the browser and the thumbnail does not update.</st>
        </parg>
        <parg ob="" eb="" sr="" id="4">
            <st ob="" eb="" sr="" id="4.1">Issue has been on-going for approximately 3 weeks.</st>
        </parg>
    </desc>
</bug>
