<?xml version="1.0" encoding="UTF-8" standalone="yes"?>
<bug no-bug="" comments="">
    <id>15443</id>
    <title ob="x" eb="" sr="" patterns="S_OB_BUT_NEG">I can search my app in App Directory but it doesn t appear in the Recently Added list.</title>
    <desc>
        <parg ob="" eb="" sr="" id="1">
            <st ob="x" eb="" sr="" patterns="S_OB_BUT_NEG" id="1.1">I can search my app in App Directory but it doesn t appear in the Recently Added list.</st>
            <st ob="" eb="" sr="" id="1.2">How come?</st>
            <st ob="" eb="" sr="" id="1.3">Two of my apps have this prob_ http://apps.facebook.com/fantasyfone/ and http://apps.facebook.com/fantasyasiancup/</st>
        </parg>
    </desc>
</bug>
