<?xml version="1.0" encoding="UTF-8" standalone="yes"?>
<bug no-bug="" comments="">
    <id>15809</id>
    <title ob="" eb="" sr="">The http://developers.facebook.com/tools/comments is not working</title>
    <desc>
        <parg ob="" eb="" sr="" id="1">
            <st ob="" eb="" sr="" id="1.1">hello_</st>
        </parg>
        <parg ob="" eb="" sr="" id="2">
            <st ob="" eb="" sr="" id="2.1">i add the meta
&lt;meta property= fb:app_id  content= MyAppID  /&gt;</st>
        </parg>
        <parg ob="x" eb="" sr="" id="3">
            <st ob="x" eb="" sr="" patterns="S_OB_BUT_NEG,S_OB_VERB_TO_BE_NEGATIVE" id="3.1">but in http://developers.facebook.com/tools/comments their is no comments_ nor in the Public Comments tab nor in the Moderator View !</st>
        </parg>
    </desc>
</bug>
