<?xml version="1.0" encoding="UTF-8" standalone="yes"?>
<bug no-bug="" comments="">
    <id>16018</id>
    <title ob="x" eb="" sr="" patterns="S_OB_VERB_ERROR,S_OB_NON_TERM">Accessing apps via https:// produces a warning about non-ssl content</title>
    <desc>
        <parg ob="" eb="" sr="" id="1">
            <st ob="" eb="" sr="" id="1.1">Several hours ago I added the secure URLs for my app https://apps.facebook.com/cmspagegen/
I am</st>
        </parg>
        <parg ob="x" eb="" sr="" id="2">
            <st ob="x" eb="" sr="" patterns="S_OB_NON_TERM" id="2.1">IE - produces a prompt about a non secure content
Chrme - strikes through the https
Firefox - adds an exclamation mark to the lock icon.</st>
        </parg>
        <parg ob="x" eb="" sr="" id="3">
            <st ob="x" eb="" sr="" patterns="S_OB_NON_TERM,S_OB_STILL" id="3.1">As far as I can see the Facebook logo_ Friend Requests_ Messages etc still point to non-ssl site.</st>
        </parg>
        <parg ob="" eb="" sr="" id="4">
            <st ob="" eb="" sr="" id="4.1">Here is a discussion with Douglas Purdy 
http://developers.facebook.com/blog/post/482?ref=notif&amp;notif_t=open_graph_comment</st>
        </parg>
    </desc>
</bug>
