<?xml version="1.0" encoding="UTF-8" standalone="yes"?>
<bug no-bug="" comments="">
    <id>16175</id>
    <title ob="x" eb="" sr="" patterns="S_OB_NEG_ADV_ADJ,S_OB_CHAR_THEN">Page Tabs &gt; FBML &gt; Signed Request -&gt;  page  value missing</title>
    <desc>
        <parg ob="x" eb="" sr="" id="1">
            <st ob="x" eb="" sr="" patterns="S_OB_NO_LONGER" id="1.1">When receiving and processing the  signed_request  we are no longer able to determine whether or not a user  Likes  the page.</st>
        </parg>
        <parg ob="x" eb="" sr="" id="2">
            <st ob="x" eb="" sr="" patterns="S_OB_OUTPUT_VERB" id="2.1">The FBML signed_request returns something like:</st>
        </parg>
        <parg ob="" eb="" sr="" id="3">
            <st ob="" eb="" sr="" id="3.1">algorithm = HMAC-SHA256
expires = 0
issued_at = 1297473044
oauth_token =
143221439021935|53391078ffbc13bd878d4bea-100000564908820|3wPdsRYzro0evhpl7fjFWv6vm-o
user = [country:us_ locale:en_US_ age: [min:18_ max:20] ]
user_id = 100000564908820</st>
        </parg>
        <parg ob="x" eb="" sr="" id="4">
            <st ob="x" eb="" sr="" patterns="S_OB_WORKS_FINE" id="4.1">The iframe signed_request functions as expected.</st>
        </parg>
    </desc>
</bug>
