<?xml version="1.0" encoding="UTF-8" standalone="yes"?>
<bug no-bug="" comments="">
    <id>16250</id>
    <title ob="x" eb="" sr="" patterns="S_OB_AFTER_TIME">User Comments appear after 10-15 minutes delay!</title>
    <desc>
        <parg ob="x" eb="" sr="" id="1">
            <st ob="x" eb="" sr="" patterns="S_OB_COND_NEG,S_OB_BUT" id="1.1">Its almost 1 month that on this page (http://www.facebook.com/Karachi.Mega.City) when a user comments on wall_ it disappears and appears after a delay_ earlier the delay was from 1-3 minutes_ but now its taking much longer!</st>
        </parg>
        <parg ob="" eb="" sr="" id="2">
            <st ob="x" eb="" sr="" patterns="S_OB_PROBLEM_IS" id="2.1">The problem is found more severe when a user posts on 3-4 walls!</st>
            <st ob="x" eb="" sr="" patterns="S_OB_BUT_NEG" id="2.2">The user gets a notification_ however no comment is found.</st>
            <st ob="" eb="" sr="" id="2.3">.</st>
        </parg>
        <parg ob="" eb="" sr="" id="3">
            <st ob="" eb="" sr="" id="3.1">Hope it gets fixed soon_</st>
        </parg>
        <parg ob="" eb="" sr="" id="4">
            <st ob="" eb="" sr="" id="4.1">Is it with all fanpages ?</st>
        </parg>
    </desc>
</bug>
