<?xml version="1.0" encoding="UTF-8" standalone="yes"?>
<bug no-bug="" comments="">
    <id>16404</id>
    <title ob="x" eb="" sr="" patterns="S_OB_END_UP,S_OB_ACTION_SUBJECT">playing image in the home page end up playing other videos</title>
    <desc>
        <parg ob="x" eb="" sr="x" id="1">
            <st ob="x" eb="" sr="x" patterns="S_OB_END_UP,S_SR_COND_OBS" id="1.1">in the homepage_ if you are playing a shared image; which end up playing the previously paused shared videos to play automatically behind the scenes</st>
        </parg>
    </desc>
</bug>
