<?xml version="1.0" encoding="UTF-8" standalone="yes"?>
<bug no-bug="" comments="">
    <id>16524</id>
    <title ob="x" eb="" sr="" patterns="S_OB_ERROR_COND">HTTP 403 forbidden error_ when posting to a user wall</title>
    <desc>
        <parg ob="x" eb="" sr="" id="1">
            <st ob="x" eb="" sr="x" patterns="S_OB_NEG_COND,S_OB_VERB_ERROR" id="1.1">Hi_ I am getting HTTP 403 forbidden error_ when posting to a friends wall via facebook graph api for some users.</st>
            <st ob="" eb="" sr="" id="1.2">This error does not come for all users.</st>
            <st ob="x" eb="" sr="" patterns="S_OB_DESPITE" id="1.3">Even if I reconnect this user to facebook ie get the access token again_ the same error persists.</st>
            <st ob="" eb="" sr="" id="1.4">He has the permission to post on the wall.</st>
        </parg>
        <parg ob="" eb="" sr="" id="2">
            <st ob="" eb="" sr="" id="2.1">Our application has the ability to publish on the wall of the selected friends of a user for inviting them to our application.</st>
        </parg>
    </desc>
</bug>
