<?xml version="1.0" encoding="UTF-8" standalone="yes"?>
<bug no-bug="" comments="">
    <id>16681</id>
    <title ob="x" eb="" sr="" patterns="S_OB_NEG_ADV_ADJ">Page down often</title>
    <desc>
        <parg ob="" eb="" sr="" id="1">
            <st ob="x" eb="" sr="" patterns="S_OB_NEG_ADV_ADJ" id="1.1">This page is down several times/day and we have no idea why.</st>
            <st ob="" eb="" sr="" id="1.2">Would love to purchase more FB ads to promote the page but it s not worth the money if the page is consistently down.</st>
            <st ob="" eb="" sr="" id="1.3">Would like to know what we can do to make sure the page is available as often as possible.</st>
        </parg>
    </desc>
</bug>
