<?xml version="1.0" encoding="UTF-8" standalone="yes"?>
<bug no-bug="" comments="">
    <id>16712</id>
    <title ob="x" eb="" sr="" patterns="S_OB_NOUN_NOT">Edit Tabs on Pages not allowing reordering</title>
    <desc>
        <parg ob="" eb="" sr="" id="1">
            <st ob="" eb="" sr="" id="1.1">Created an attachment (id=4243)
Screenshot of reordering bug</st>
        </parg>
        <parg ob="" eb="" sr="" id="2">
            <st ob="x" eb="" sr="" patterns="S_OB_SEEMS,S_OB_AS_IF" id="2.1">The  Edit  link underneath the tabs appears as if it will allow the tabs to be reordered.</st>
            <st ob="" eb="" sr="" id="2.2">You get the 4 way white arrow.</st>
            <st ob="x" eb="" sr="" patterns="S_OB_BUT_NEG" id="2.3">But tabs cannot be reordered.</st>
            <st ob="x" eb="" sr="" patterns="S_OB_BUT_NEG" id="2.4">You can  drag  the tab up or down_ but it will not allow placement.</st>
            <st ob="x" eb="" sr="" patterns="S_OB_VERB_TO_BE_NEGATIVE" id="2.5">In addition_ there is no  X  to the right of the tab anymore.</st>
            <st ob="" eb="" sr="" id="2.6">Others are reporting this as well.</st>
        </parg>
    </desc>
</bug>
