<?xml version="1.0" encoding="UTF-8" standalone="yes"?>
<bug no-bug="" comments="">
    <id>17609</id>
    <title ob="x" eb="" sr="" patterns="S_OB_POS_COND">POST requests to facebook.com/plugins/serverfbml.php are redirecting to GET requests when secure browsing is enabled</title>
    <desc>
        <parg ob="" eb="" sr="" id="1">
            <st ob="" eb="" sr="" id="1.1">We render an inviter using fb:serverFbml.</st>
            <st ob="" eb="" sr="" id="1.2">When the content length of the script tag is below some threshold_ the xFBML code uses a GET request.</st>
            <st ob="" eb="" sr="" id="1.3">This works fine.</st>
            <st ob="" eb="" sr="" id="1.4">When the content length is beyond some threshold_ the xFBML code uses a POST request.</st>
            <st ob="x" eb="" sr="" patterns="S_OB_COND_NEG" id="1.5">If the user has secure browsing enabled for Facebook_ the POST is redirected to an https GET request and the parameters are lost.</st>
            <st ob="x" eb="" sr="" patterns="S_OB_VERB_ERROR" id="1.6">This returns a 404 error and the inviter never renders.</st>
        </parg>
    </desc>
</bug>
