<?xml version="1.0" encoding="UTF-8" standalone="yes"?>
<bug no-bug="" comments="">
    <id>17716</id>
    <title ob="x" eb="" sr="" patterns="S_OB_ADV_FREQ">Feed dialog never finishes loading in Firefox 3.6</title>
    <desc>
        <parg ob="" eb="" sr="x" id="1">
            <st ob="" eb="" sr="x" patterns="S_SR_CODE_REF" id="1.1">Code example:</st>
        </parg>
        <parg ob="" eb="" sr="" id="2">
            <st ob="" eb="" sr="" id="2.1">var publish = {
\tmethod      :  feed _
\tdisplay\t\t:  iframe _
    name        :  This is the name _
    link        :  http://www.engagesciences.com _
    picture     :   _
    caption     :  This is the caption _
    description :  This is the desctiption _
    message     :  This is the message _
    actions     : [{name :  View promotion _ link :  http://apps.facebook.com/sweepstakecentral/ }]
}
FB.ui(publish_ function(response) {});</st>
        </parg>
        <parg ob="" eb="" sr="" id="3">
            <st ob="x" eb="" sr="" patterns="S_OB_NEG_ADV_ADJ" id="3.1">The throbber just sits there indefinitely.</st>
            <st ob="x" eb="" sr="" patterns="S_OB_WORKS_FINE" id="3.2">Frustratingly_ once you install Firebug to attempt to analyse the problem_ the feed dialog works!!!</st>
        </parg>
        <parg ob="" eb="" sr="x" patterns="P_SR_TO_REPRO" id="4">
            <st ob="" eb="" sr="" id="4.1">So to repro_ begin in FF 3.6 without Firebug installed.</st>
            <st ob="x" eb="" sr=""  patterns="S_OB_WORKS_FINE" id="4.2">Then try it with Firebug to see it working properly.</st>
        </parg>
        <parg ob="" eb="" sr="" id="5">
            <st ob="" eb="" sr="" id="5.1">If you ve any other tools that you can suggest that may help us find out why the call doesn t work sometimes_ we d greatly appreciate it.</st>
        </parg>
    </desc>
</bug>
