<?xml version="1.0" encoding="UTF-8" standalone="yes"?>
<bug no-bug="" comments="">
    <id>17726</id>
    <title ob="x" eb="" sr="" patterns="S_OB_PROBLEM_IN">Failure to comment in IE - Javascript error  this.genericpager </title>
    <desc>
        <parg ob="" eb="" sr="" id="1">
            <st ob="X" eb="" sr="" patterns="S_OB_UNABLE_TO" id="1.1">Some IE users are unable to post a comment in our iFrame canvas app.</st>
            <st ob="X" eb="" sr="x" patterns="S_OB_SEEMS,S_SR_COND_OBS" id="1.2">They can enter text in the entry field but when they hit Post_ a small  !Error on Page  message appears in the lower left of their browser.</st>
            <st ob="X" eb="" sr="" patterns="S_OB_VERB_ERROR" id="1.3">Double-clicking on it expands to a more detailed error pop-up:</st>
        </parg>
        <parg ob="" eb="" sr="" id="2">
            <st ob="" eb="" sr="" id="2.1">this.genericpage  is null or not an object
nXqcdeyQ5vr.js  Line: 7
Code: 0  Char: 4348
URI: https://s-static.ak.facebook.com/rsrc.php/v1/y2/r/nXqcdeyQ5vr.js</st>
        </parg>
        <parg ob="" eb="" sr="" id="3">
            <st ob="" eb="" sr="" id="3.1">Users are able to consistently reproduce it.</st>
            <st ob="" eb="" sr="" id="3.2">They can comment maybe once out of fifty tries.</st>
            <st ob="" eb="" sr="" id="3.3">They see the bug in both IE7 and IE8.</st>
        </parg>
        <parg ob="" eb="" sr="" id="4">
            <st ob="" eb="" sr="" id="4.1">Any ideas?</st>
            <st ob="" eb="" sr="" id="4.2">Thank you!</st>
        </parg>
    </desc>
</bug>
