<?xml version="1.0" encoding="UTF-8" standalone="yes"?>
<bug no-bug="" comments="">
    <id>17958</id>
    <title ob="x" eb="" sr="" patterns="S_OB_ERROR_COND">Duplicate wall posts when posts from an app are grouped together</title>
    <desc>
        <parg ob="" eb="" sr="" id="1">
            <st ob="" eb="" sr="x" id="1.1">Hi_
We are using the Javascript feed dialog to post to a user s news feed.</st>
            <st ob="x" eb="" sr="" patterns="S_OB_COND_POS" id="1.2">If a user of our app chooses to post multiple things to their news feed only one post is shown and the other posts are grouped together with a  See more posts from   link which is fine.</st>
            <st ob="x" eb="" sr="" patterns="S_OB_UNFORTUNATELY" id="1.3">Unfortunately the one post that is shown is duplicated when the user expands the  See more  link and this looks unprofessional.</st>
            <st ob="x" eb="" sr="" patterns="S_OB_POS_COND" id="1.4">This only happens in news feed and not if the user goes tot heir own profile wall.</st>
            <st ob="" eb="" sr="" id="1.5">Thanks
Dan</st>
        </parg>
    </desc>
</bug>
