<?xml version="1.0" encoding="UTF-8" standalone="yes"?>
<bug no-bug="" comments="">
    <id>18169</id>
    <title ob="x" eb="" sr="" patterns="S_OB_NEG_ADV_ADJ">SERVERS REALLY SLOW_ TIMING OUT_ NOT RESPONDING</title>
    <desc>
        <parg ob="" eb="" sr="" id="1">
            <st ob="x" eb="" sr="" patterns="S_OB_VERB_ERROR,S_OB_NEG_VERB" id="1.1">GRAPH API SERVERS ARE TIMING OUT_ NOT RESPONDING_ or replying with  CONNECTION RESET  ERRORS.</st>
            <st ob="" eb="" sr="" id="1.2">PLEASE FIX YOUR API servers.</st>
            <st ob="" eb="" sr="" id="1.3">Applies to any method call.</st>
            <st ob="" eb="" sr="" id="1.4">Please see your own graphs that show a clear problem:</st>
        </parg>
        <parg ob="" eb="" sr="" id="2">
            <st ob="" eb="" sr="" id="2.1">https://www.facebook.com/developers/chart.php?type=at_total_time</st>
        </parg>
        <parg ob="" eb="" sr="" id="3">
            <st ob="" eb="" sr="" id="3.1">As well as:</st>
        </parg>
        <parg ob="" eb="" sr="" id="4">
            <st ob="" eb="" sr="" id="4.1">http://api-status.com/6404/50042/Facebook-Graph-API</st>
        </parg>
        <parg ob="" eb="" sr="" id="5">
            <st ob="" eb="" sr="" id="5.1">Do you have people that actually work there and monitor this stuff?</st>
            <st ob="" eb="" sr="" id="5.2">Your servers being down breaks our applications.</st>
            <st ob="" eb="" sr="" id="5.3">You should have 99.999999% reliability folks....thanks definitely not true!</st>
        </parg>
    </desc>
</bug>
