<?xml version="1.0" encoding="UTF-8" standalone="yes"?>
<bug no-bug="" comments="">
    <id>1994</id>
    <title ob="x" eb="" sr="" patterns="S_OB_POS_COND">fb:swf tags loaded in a dialog can switch content while page is loading (before scripts are initialized?)</title>
    <desc>
        <parg ob="" eb="" sr="" id="1">
            <st ob="x" eb="" sr="x" patterns="S_OB_NOUN_PHRASE_CAN,S_SR_COND_OBS" id="1.1">When loading a YouTube video in a dialog window from the profile page (using fb:js-string for the dialog contents containing an fb:iframe with the YouTube video embedded)_ if the dialog is opened before the ads on the left side of the profile are loaded_ it can swap the flash ad for the embedded video.</st>
            <st ob="x" eb="" sr="" patterns="S_OB_INSTEAD_OF" id="1.2">This is causing (Facebook platform) ads to be displayed in our (iLike) video dialog instead of the video.</st>
            <st ob="x" eb="" sr="" patterns="S_OB_SEEMS" id="1.3">It appears that it is the first fb:swf tag on the page that takes its place (and sometimes the YouTube video shows up in the ad space).</st>
            <st ob="" eb="" sr="" id="1.4">This repros quite consistently in Safari_ and sometimes on FF.</st>
        </parg>
    </desc>
</bug>
