<?xml version="1.0" encoding="UTF-8" standalone="yes"?>
<bug no-bug="" comments="">
    <id>2050</id>
    <title ob="x" eb="" sr="" patterns="S_OB_VERB_ERROR,S_OB_SUDDENLY_NEGATIVE">App page giving Page Not Found errors suddenly</title>
    <desc>
        <parg ob="" eb="" sr="" id="1">
            <st ob="x" eb="" sr="" patterns="S_OB_COND_NEG" id="1.1">When we try to load our app page (http://apps.facebook.com/myscheduler) we are getting Page not found errors a lot of time.</st>
            <st ob="x" eb="" sr="" patterns="S_OB_SEEMS_TO_BE,S_OB_WITHOUT,S_OB_VERB_ERROR" id="1.2">This seems to be errors that FB returns without contacting our apps.</st>
            <st ob="" eb="" sr="" id="1.3">We were getting these errors yesterday when we had just added the app (There was a mishap and we had deleted the app by mistake).</st>
            <st ob="" eb="" sr="" id="1.4">But after the new app had propogated through your servers (which took several hours)_ it started to work.</st>
            <st ob="" eb="" sr="" id="1.5">Now all of a sudden its not working
Any help/insights on this would greatly help</st>
        </parg>
    </desc>
</bug>
