<?xml version="1.0" encoding="UTF-8" standalone="yes"?>
<bug no-bug="" comments="">
    <id>2070</id>
    <title ob="x" eb="" sr="" patterns="S_OB_NEG_ADV_ADJ"> channelManager is undefined </title>
    <desc>
        <parg ob="" eb="" sr="" id="1">
            <st ob="" eb="" sr="" id="1.1">Been getting this error for weeks.</st>
            <st ob="" eb="" sr="" id="1.2">Please fix!</st>
            <st ob="" eb="" sr="" id="1.3">It impedes my ability to debug my own app.</st>
            <st ob="x" eb="" sr="x" patterns="S_OB_NEG_AFTER,S_OB_ERROR_AS_SUBJECT,S_OB_HAPPENS,S_SR_COND_OBS" id="1.4">This error occurs just after logging into facebook_ not even hitting my app.</st>
        </parg>
    </desc>
</bug>
