<?xml version="1.0" encoding="UTF-8" standalone="yes"?>
<bug no-bug="" comments="">
    <id>2074</id>
    <title ob="" eb="" sr="">fb:js-string s declaration timing changed</title>
    <desc>
        <parg ob="" eb="" sr="x" id="1">
            <st ob="" eb="" sr="x" patterns="S_SR_CODE_REF" id="1.1">I have some code that looks like:</st>
        </parg>
        <parg ob="" eb="" sr="" id="2">
            <st ob="" eb="" sr="" id="2.1">&lt;fb:js-string var= foo &gt;...&lt;/fb:js-string&gt;</st>
        </parg>
        <parg ob="" eb="" sr="" id="3">
            <st ob="" eb="" sr="" id="3.1">&lt;script&gt;&lt;!</st>
            <st ob="" eb="" sr="" id="3.2">--</st>
            <st ob="" eb="" sr="" id="3.3">...code that uses foo...</st>
            <st ob="" eb="" sr="" id="3.4">--&gt;&lt;/script&gt;</st>
        </parg>
        <parg ob="x" eb="" sr="" id="4">
            <st ob="x" eb="" sr="" patterns="S_OB_WORKS_BUT,S_OB_BUT_NEG,S_OB_POS_AFTER" id="4.1">Before today s (5/1) push_ this worked fine but after the push my script yields a  foo is undefined  error.</st>
        </parg>
        <parg ob="" eb="" sr="" id="5">
            <st ob="" eb="" sr="" id="5.1">If I change my script to:</st>
        </parg>
        <parg ob="" eb="" sr="" id="6">
            <st ob="" eb="" sr="" id="6.1">&lt;script&gt;&lt;!</st>
            <st ob="" eb="" sr="" id="6.2">--</st>
            <st ob="" eb="" sr="" id="6.3">setTimeout(function() { ...code that uses foo... }_ 1);</st>
            <st ob="" eb="" sr="" id="6.4">--&gt;&lt;/script&gt;</st>
        </parg>
        <parg ob="" eb="" sr="" id="7">
            <st ob="" eb="" sr="" id="7.1">everything works.</st>
            <st ob="" eb="" sr="" id="7.2">This implies that the timing for the fb:js-string s being declared was changed in the 5/1 push.</st>
        </parg>
        <parg ob="" eb="" sr="" id="8">
            <st ob="" eb="" sr="" id="8.1">It s unclear whether this change is intentional or not_ but it does break existing code.</st>
        </parg>
    </desc>
</bug>
