<?xml version="1.0" encoding="UTF-8" standalone="yes"?>
<bug no-bug="" comments="">
    <id>2104</id>
    <title ob="" eb="" sr="">Multi-Friend-Selector condensed not working in IE7</title>
    <desc>
        <parg ob="" eb="" sr="" id="1">
            <st ob="" eb="" sr="" id="1.1">Created an attachment (id=248)
Screenshot in IE7</st>
        </parg>
        <parg ob="" eb="" sr="" id="2">
            <st ob="x" eb="" sr="" patterns="S_OB_NEG_VERB" id="2.1">The multi-friend-selector condensed has disappeared in IE7.</st>
            <st ob="x" eb="" sr="" patterns="S_OB_ERROR_AS_SUBJECT" id="2.2">A javascript error shows up_ and the whole control is gone.</st>
            <st ob="" eb="" sr="" id="2.3">See screenshots (attached).</st>
        </parg>
    </desc>
</bug>
