<?xml version="1.0" encoding="UTF-8" standalone="yes"?>
<bug no-bug="" comments="">
    <id>2197</id>
    <title ob="" eb="" sr="">Language selection box</title>
    <desc>
        <parg ob="" eb="" sr="" id="1">
            <st ob="" eb="" sr="" id="1.1">Created an attachment (id=264)
ss</st>
        </parg>
        <parg ob="" eb="" sr="" id="2">
            <st ob="" eb="" sr="" id="2.1">Not really platform related but new profile related so...</st>
        </parg>
        <parg ob="x" eb="" sr="" id="3">
            <st ob="x" eb="" sr="" patterns="S_OB_NEG_ADV_ADJ" id="3.1">the dropdown for the language selection is unstyled and just a jumble.</st>
        </parg>
    </desc>
</bug>
