<?xml version="1.0" encoding="UTF-8" standalone="yes"?>
<bug no-bug="" comments="">
    <id>227</id>
    <title ob="x" eb="" sr="" patterns="S_OB_NEG_ADV_ADJ">Clickthrough Broken</title>
    <desc>
        <parg ob="" eb="" sr="" id="1">
            <st ob="" eb="" sr="" id="1.1">Hi all_</st>
        </parg>
        <parg ob="" eb="" sr="" id="2">
            <st ob="x" eb="" sr="" patterns="S_OB_BUT_NEG" id="2.1">I have clickthrough set to true_ but the form elements are not responding to clicks.</st>
            <st ob="" eb="" sr="" id="2.2">This broke sometime in the last 36 hours.</st>
        </parg>
        <parg ob="" eb="" sr="" id="3">
            <st ob="" eb="" sr="x" patterns="S_SR_CODE_REF" id="3.1">Here is rendered HTML/FBML copied and pasted straight from my app that demonstrates this perfectly.</st>
            <st ob="x" eb="" sr="" patterns="S_OB_BUT" id="3.2">Note the onclick event returns false_ although the clickthrough= true :</st>
        </parg>
        <parg ob="" eb="" sr="" id="4">
            <st ob="" eb="" sr="" id="4.1">&lt;input onclick= var self = this;FBML.clickRewriteAjax(&amp;quot;2551062524&amp;quot;_ true_ &amp;quot;app2551062524_checkout_summary&amp;quot;_ &amp;quot;http:\/\/somwhere.org\/gifts\/checkout_summary&amp;quot;_ &amp;quot;app2551062524_checkout_form&amp;quot;_ null);return false  name= opt_ctp_donation  type= checkbox  clickrewriteform= checkout_form  clickrewriteurl= http://somwhere.org/gifts/checkout_summary  clickrewriteid= checkout_summary  clickthrough= true  /&gt;</st>
        </parg>
        <parg ob="" eb="" sr="" id="5">
            <st ob="" eb="" sr="" id="5.1">Thanks_
Clinton</st>
        </parg>
    </desc>
</bug>
