<?xml version="1.0" encoding="UTF-8" standalone="yes"?>
<bug no-bug="" comments="">
    <id>2301</id>
    <title ob="x" eb="" sr="" patterns="S_OB_NEG_AUX_VERB">Photos tab doesn t show photos by user of user</title>
    <desc>
        <parg ob="x" eb="" sr="x" id="1">
            <st ob="x" eb="" sr="x" patterns="S_OB_COND_NEG,S_SR_COND_OBS" id="1.1">When viewing the photos tab_ photos in the user s albums of the user do not show up as tagged pictures under the photo s tab.</st>
        </parg>
    </desc>
</bug>
