<?xml version="1.0" encoding="UTF-8" standalone="yes"?>
<bug no-bug="" comments="">
    <id>2379</id>
    <title ob="x" eb="" sr="" patterns="S_OB_VERB_ERROR">URLs to home and other pages contain bad information</title>
    <desc>
        <parg ob="x" eb="" sr="" id="1">
            <st ob="x" eb="" sr="" patterns="S_OB_WHY" id="1.1">Why is it that when I go from my home page to a profile page and then back to the home page using the upper right links_ I get a URL that looks something like http://www.facebook.com/profile.php?id=14832273&amp;ref=nf#/home.php</st>
        </parg>
        <parg ob="" eb="" sr="x" patterns="P_SR_ACTIONS_INF" id="2">
            <st ob="" eb="" sr="" id="2.1">1 Start at facebook home (http://www.facebook.com/home.php</st>
            <st ob="" eb="" sr="" id="2.2">2 Click on a person in my news feed (or birthdays or status updates)</st>
            <st ob="" eb="" sr="" id="2.3">3 Browse their profile and return to home page using link in the upper right hand corner.</st>
        </parg>
        <parg ob="" eb="" sr="" id="3">
            <st ob="" eb="" sr="" id="3.1">So far_ I have not gotten any page errors_ but why is it doing this with the URLs and link anchors?</st>
        </parg>
        <parg ob="" eb="" sr="" id="4">
            <st ob="" eb="" sr="" id="4.1">I am sorry if this is a duplicate issue; I can t find anything else like it.</st>
        </parg>
    </desc>
</bug>
