<?xml version="1.0" encoding="UTF-8" standalone="yes"?>
<bug no-bug="" comments="">
    <id>2386</id>
    <title ob="x" eb="" sr="" patterns="S_OB_NEG_COND,S_OB_NEG_AFTER">FBJS Dialog styles are reset when showMessage is called after showChoice</title>
    <desc>
        <parg ob="" eb="" sr="" id="1">
            <st ob="x" eb="" sr="" patterns="S_OB_COND_NEG" id="1.1">If the same dialog class instance is first used for showChoice_ then used for showMessage it s css width and height are reset to default values.</st>
            <st ob="x" eb="" sr="" patterns="S_OB_BUT" id="1.2">However_ the showChoice onconfirm handler is applied to the confirm button on the showMessage dialog.</st>
        </parg>
    </desc>
</bug>
