<?xml version="1.0" encoding="UTF-8" standalone="yes"?>
<bug no-bug="" comments="">
    <id>2413</id>
    <title ob="x" eb="" sr="" patterns="S_OB_NEG_AUX_VERB">cursor isn t visible in comment_text field</title>
    <desc>
        <parg ob="" eb="" sr="" id="1">
            <st ob="x" eb="" sr="x" patterns="S_OB_NEG_VERB,S_SR_COND_SEQUENCE" id="1.1">If you have an input field in your publisher and you tab from it to the comment field_ when the javascript triggers to remove the  write an optional comment...  it somehow forgets to enable the blinking cursor on the field.</st>
            <st ob="" eb="" sr="" id="1.2">If you shift-tab back and in again_ it shows up just fine.</st>
        </parg>
        <parg ob="" eb="" sr="" id="2">
            <st ob="" eb="" sr="" id="2.1">FF3 on OSX if it matters.</st>
        </parg>
        <parg ob="" eb="" sr="" id="3">
            <st ob="" eb="" sr="" id="3.1">hope you don t mind all these  trivial  user facing type things...  I recall someone saying they like to get bug reports muhahahahaha</st>
        </parg>
    </desc>
</bug>
