<?xml version="1.0" encoding="UTF-8" standalone="yes"?>
<bug no-bug="" comments="">
    <id>2476</id>
    <title ob="" eb="" sr="">DynamicFBML/MockAJAX is not working</title>
    <desc>
        <parg ob="x" eb="" sr="" id="1">
            <st ob="x" eb="" sr="" patterns="S_OB_AFTER_NEG" id="1.1">I was using DynamicFBML/MockAJAX in my application_ it was giving required result just hit my server and got response_ but after last friday 27th june this is not working_ I am getting that exception like my url not responding...</st>
        </parg>
        <parg ob="" eb="" sr="" id="2">
            <st ob="" eb="" sr="" id="2.1">I was using</st>
        </parg>
        <parg ob="" eb="" sr="" id="3">
            <st ob="" eb="" sr="" id="3.1">&lt;a clickrewriteurl= My Application Url 
                        clickrewriteform= formId  clickrewriteid= divId  clicktoshow= spinner &gt;Abc&lt;/a&gt;</st>
        </parg>
    </desc>
</bug>
