<?xml version="1.0" encoding="UTF-8" standalone="yes"?>
<bug no-bug="" comments="">
    <id>2490</id>
    <title ob="" eb="" sr="">erroe 404</title>
    <desc>
        <parg ob="" eb="" sr="" id="1">
            <st ob="x" eb="" sr="" patterns="S_OB_VERB_ERROR,S_OB_WHY" id="1.1">i am the developer of the application  a church from lebanon _ but why do i get an error box everytime i try to send a pic?</st>
            <st ob="x" eb="" sr="" patterns="S_OB_ERROR_AS_SUBJECT" id="1.2">the error is 404.</st>
            <st ob="" eb="" sr="" id="1.3">please reply asap.</st>
            <st ob="" eb="" sr="" id="1.4">thanks in advance.</st>
            <st ob="x" eb="" sr="" patterns="S_OB_BUT_NEG" id="1.5">another thing_ i tried to email u at the support email but it is not available.</st>
        </parg>
    </desc>
</bug>
