<?xml version="1.0" encoding="UTF-8" standalone="yes"?>
<bug no-bug="" comments="">
    <id>2736</id>
    <title ob="X" eb="" sr="" patterns="S_OB_NEG_AUX_VERB">Status of API don t refresh</title>
    <desc>
        <parg ob="" eb="" sr="" id="1">
            <st ob="" eb="" sr="x" patterns="S_SR_COND_OBS" id="1.1">If you go to http://www.new.facebook.com/developers/ at bottom right is a tab called  Status _ which show the Status of the Platform to developers.</st>
            <st ob="X" eb="" sr="" patterns="S_OB_NEG_AUX_VERB" id="1.2">I think this status is reading the same as the RSS Feed_ so the Status tab and the RSS Feed don t update_ the RSS Feed is located at: http://www.new.facebook.com/feeds/api_messages.php</st>
        </parg>
        <parg ob="X" eb="" sr="" id="2">
            <st ob="X" eb="" sr="" patterns="S_OB_BUT" id="2.1">But the last changes to the Platform are written at:
http://www.new.facebook.com/developers/message.php</st>
        </parg>
        <parg ob="X" eb="" sr="" id="3">
            <st ob="X" eb="" sr="" patterns="S_OB_PROBLEM_IS" id="3.1">The problem is that they aren t synchronized.</st>
        </parg>
        <parg ob="" eb="" sr="" id="4">
            <st ob="" eb="" sr="" id="4.1">Best regards from Chile
Álvaro Monares G.</st>
        </parg>
    </desc>
</bug>
