<?xml version="1.0" encoding="UTF-8" standalone="yes"?>
<bug no-bug="" comments="">
    <id>2835</id>
    <title ob="x" eb="" sr="" patterns="S_OB_NEG_AUX_VERB">fb:networklink doesn t point anywhere.  Can you make it take linked= false  ?</title>
    <desc>
        <parg ob="" eb="" sr="" id="1">
            <st ob="" eb="" sr="" id="1.1">Hi_</st>
        </parg>
        <parg ob="" eb="" sr="" id="2">
            <st ob="x" eb="x" sr="" patterns="S_OB_PROBLEM_IS,S_OB_ADV_TIME_NEG,S_EB_WOULD_LIKE" id="2.1">I would like to display the network names without storing them locally...  The problem with fb:networklink is that it links to the now defunct network pages_ and it is not currently possible to turn off the link.</st>
            <st ob="" eb="" sr="" patterns="" id="2.2">If you could make the tag linked= false  available_ then I could access the network name without the link.</st>
        </parg>
        <parg ob="" eb="" sr="" id="3">
            <st ob="" eb="" sr="" id="3.1">Alternately_ you could make fb:name accept the network id to produce the network name.</st>
        </parg>
        <parg ob="" eb="" sr="" id="4">
            <st ob="" eb="" sr="" id="4.1">Thanks!</st>
        </parg>
        <parg ob="" eb="" sr="" id="5">
            <st ob="" eb="" sr="" id="5.1">John</st>
        </parg>
    </desc>
</bug>
