<?xml version="1.0" encoding="UTF-8" standalone="yes"?>
<bug no-bug="" comments="">
    <id>2998</id>
    <title ob="x" eb="x" sr="" patterns="S_OB_STILL,S_EB_SUPPOSED_TO">users.getinfo method still requires session_key param_ which is supposed to be optional</title>
    <desc>
        <parg ob="" eb="" sr="" id="1">
            <st ob="" eb="" sr="" id="1.1">Does users.getinfo method need session key?</st>
            <st ob="X" eb="" sr="" patterns="S_OB_BUT_NEG,S_OB_COND_NEG" id="1.2">although doc says it doesn t(if i understand correctly) if i just want to retrieve some very basic info like name_ it doesn t work and every time i request this method_ it always returns an error saying that session key is invalid.</st>
        </parg>
        <parg ob="" eb="" sr="" id="2">
            <st ob="" eb="" sr="" id="2.1">how can i retrieve basic info like name without providing a session key?</st>
        </parg>
    </desc>
</bug>
