<?xml version="1.0" encoding="UTF-8" standalone="yes"?>
<bug no-bug="" comments="">
    <id>3005</id>
    <title ob="x" eb="" sr="" patterns="S_OB_VERB_ERROR,S_OB_OUTPUT_VERB">users.getStandardInfo  - returns Error Code 3 (unknown method)</title>
    <desc>
        <parg ob="" eb="" sr="" id="1">
            <st ob="" eb="" sr="" id="1.1">Hello facebook_</st>
        </parg>
        <parg ob="" eb="" sr="" id="2">
            <st ob="" eb="" sr="" id="2.1">I tested  users.getStandardInfo  with my own UID and my app to retrieve data that I can use for analytic purpose.</st>
        </parg>
        <parg ob="x" eb="" sr="" id="3">
            <st ob="x" eb="" sr="" patterns="S_OB_PROBLEM_IS,S_OB_NEG_AUX_VERB" id="3.1">The problem is that it doesn t return any data at all but an error code 3 (which is unknown method_ correct?)</st>
        </parg>
        <parg ob="" eb="" sr="" id="4">
            <st ob="" eb="" sr="" id="4.1">Is it a bug?</st>
            <st ob="" eb="" sr="" id="4.2">or is the method being deprecated?</st>
            <st ob="" eb="" sr="" id="4.3">Then_ is there any other alternative method which functions similarly?</st>
        </parg>
        <parg ob="" eb="" sr="" id="5">
            <st ob="" eb="" sr="" id="5.1">Thanks_</st>
        </parg>
        <parg ob="" eb="" sr="" id="6">
            <st ob="" eb="" sr="" id="6.1">Hwi</st>
        </parg>
    </desc>
</bug>
