<?xml version="1.0" encoding="UTF-8" standalone="yes"?>
<bug no-bug="" comments="">
    <id>3024</id>
    <title ob="" eb="" sr="">typeahead-input doesn t work</title>
    <desc>
        <parg ob="" eb="" sr="x" id="1">
            <st ob="" eb="" sr="x" patterns="S_SR_CODE_REF" id="1.1">The following is the example code from http://wiki.developers.facebook.com/index.php/Fb:typeahead-input.</st>
        </parg>
        <parg ob="" eb="" sr="" id="2">
            <st ob="" eb="" sr="" id="2.1">&lt;fb:fbml version= 1.1 &gt;  
&lt;fb:typeahead-input name= your_input_name  autocomplete= off &gt;  
&lt;fb:typeahead-option value= me &gt;menasa&lt;/fb:typeahead-option&gt;  
&lt;fb:typeahead-option value= ex &gt;example&lt;/fb:typeahead-option&gt;  
&lt;fb:typeahead-option value= why &gt;whynot&lt;/fb:typeahead-option&gt;  
&lt;/fb:typeahead-input&gt; 
&lt;/fb:fbml&gt;</st>
        </parg>
        <parg ob="" eb="" sr="x" patterns="P_SR_COND_SEQUENCE" id="3">
            <st ob="" eb="" sr="" id="3.1">It shows the box.</st>
            <st ob="x" eb="" sr="" patterns="S_OB_COND_NEG,S_OB_NOTHING_HAPPENS" id="3.2">when I enter the first few letters_ nothing happens.</st>
            <st ob="x" eb="" sr="" patterns="S_OB_NEG_AUX_VERB" id="3.3">It s not showing all the available values to choose from.</st>
            <st ob="" eb="" sr="" id="3.4">After entering  ex _ if I press TAB_  example  is filled in the box.</st>
            <st ob="" eb="" sr="" id="3.5">It s not useful at all.</st>
            <st ob="" eb="" sr="" id="3.6">If I have two options like  example  and  example0909 _ TAB key selects the first match_ in this case that would be  example .</st>
        </parg>
    </desc>
</bug>
