<?xml version="1.0" encoding="UTF-8" standalone="yes"?>
<bug no-bug="" comments="">
    <id>3030</id>
    <title ob="x" eb="" sr="" patterns="S_OB_ERROR_COND">Error while loading page from Developer</title>
    <desc>
        <parg ob="" eb="" sr="x" patterns="P_SR_CONTINOUS_PRESENT_PAST" id="1">
            <st ob="" eb="" sr="" id="1.1">I am trying to make an FB application_ and step 1 is to add the  Developer  application to your profile.</st>
            <st ob="x" eb="" sr="" patterns="S_OB_NEG_COND" id="1.2">I go to http://apps.facebook.com/developer/ and I immediately see  Error while loading page from Developer</st>
        </parg>
        <parg ob="" eb="" sr="" id="2">
            <st ob="" eb="" sr="" id="2.1">There are still a few kinks Facebook and the makers of Developer are trying to iron out.</st>
            <st ob="" eb="" sr="" id="2.2">We appreciate your patience as we try to fix these issues.</st>
            <st ob="" eb="" sr="" id="2.3">Your problem has been logged - if it persists_ please come back in a few days.</st>
            <st ob="" eb="" sr="" id="2.4">Thanks!</st>
        </parg>
        <parg ob="" eb="" sr="" id="3">
            <st ob="" eb="" sr="" id="3.1">I ve had this error message appear for a few weeks now... I figured I should make a bug report for it now that it s really starting to annoy me.</st>
            <st ob="" eb="" sr="" id="3.2">Can you please look into this?</st>
            <st ob="" eb="" sr="" id="3.3">Thank you</st>
        </parg>
    </desc>
</bug>
