<?xml version="1.0" encoding="UTF-8" standalone="yes"?>
<bug no-bug="" comments="">
    <id>305</id>
    <title ob="" eb="" sr="">http://apps.facebook.com/bbciplayerdevsteve/programme/b007ch13/</title>
    <desc>
        <parg ob="" eb="" sr="" id="1">
            <st ob="x" eb="" sr="" patterns="S_OB_COND_NEG" id="1.1">When using FBJS_ document.getElementById doesn t seem to wirk when used inside an AJAX ondone handler.</st>
            <st ob="" eb="" sr="" patterns="" id="1.2">Here is the code.</st>
            <st ob="" eb="" sr="" id="1.3">This is fine_ i.e. outside the ondone function.</st>
            <st ob="" eb="" sr="" id="1.4">.</st>
            <st ob="" eb="" sr="" id="1.5">-------------------------------------------------------------------</st>
            <st ob="" eb="" sr="" id="1.6">&lt;span id= download &gt;&lt;/span&gt;</st>
        </parg>
        <parg ob="" eb="" sr="" id="2">
            <st ob="" eb="" sr="" id="2.1">&lt;fb:js-string var= downloadFBML &gt;
    Download allowed
&lt;/fb:js-string&gt;</st>
        </parg>
        <parg ob="" eb="" sr="" id="3">
            <st ob="" eb="" sr="" id="3.1">&lt;fb:js-string var= noDownloadFBML &gt;
    Download not allowed
&lt;/fb:js-string&gt;</st>
        </parg>
        <parg ob="" eb="" sr="" id="4">
            <st ob="" eb="" sr="" id="4.1">&lt;script&gt;
&lt;!</st>
            <st ob="" eb="" sr="" id="4.2">--
function checkDownLoad(pid){</st>
        </parg>
        <parg ob="" eb="" sr="" id="5">
            <st ob="" eb="" sr="" id="5.1">x = 1
  if (x == 1) {
      document.getElementById( download ).</st>
            <st ob="" eb="" sr="" id="5.2">setInnerFBML(downloadFBML);
  } else {
      document.getElementById( download ).</st>
            <st ob="" eb="" sr="" id="5.3">setInnerFBML(downloadFBML);
  }
}</st>
        </parg>
        <parg ob="" eb="" sr="" id="6">
            <st ob="" eb="" sr="" id="6.1">//--&gt;</st>
            <st ob="" eb="" sr="" id="6.2">&lt;/script&gt;</st>
            <st ob="" eb="" sr="" id="6.3">-------------------------------------------------------------------</st>
            <st ob="x" eb="" sr="" patterns="S_OB_NEG_AUX_VERB" id="6.4">However_ this doesn t work - I think it doesn t append the appid the front of the arg to document.getElementById_ so can t find (I could well be wrong tho  :-) ):</st>
            <st ob="" eb="" sr="" id="6.5">-------------------------------------------------------------------</st>
            <st ob="" eb="" sr="" id="6.6">&lt;span id= download &gt;&lt;/span&gt;</st>
        </parg>
        <parg ob="" eb="" sr="" id="7">
            <st ob="" eb="" sr="" id="7.1">&lt;fb:js-string var= downloadFBML &gt;
    Download allowed
&lt;/fb:js-string&gt;</st>
        </parg>
        <parg ob="" eb="" sr="" id="8">
            <st ob="" eb="" sr="" id="8.1">&lt;fb:js-string var= noDownloadFBML &gt;
    Download not allowed
&lt;/fb:js-string&gt;</st>
        </parg>
        <parg ob="" eb="" sr="" id="9">
            <st ob="" eb="" sr="" id="9.1">&lt;script&gt;
&lt;!</st>
            <st ob="" eb="" sr="" id="9.2">--
function checkDownLoad(pid){</st>
        </parg>
        <parg ob="" eb="" sr="" id="10">
            <st ob="" eb="" sr="" id="10.1">var ajax = new Ajax();
 
  ajax.responseType = Ajax.JSON
  ajax.ondone = function(data) {
      x = 1
      if (x == 1) {
          document.getElementById( download ).</st>
            <st ob="" eb="" sr="" id="10.2">setInnerFBML(downloadFBML);
      } else {
          document.getElementById( download ).</st>
            <st ob="" eb="" sr="" id="10.3">setInnerFBML(downloadFBML);
      }
  }
  ajax.requireLogin = document.getElementById( requirelogin ).</st>
            <st ob="" eb="" sr="" id="10.4">getChecked();
  ajax.post( http://bbc.co.uk//cgi-perl/mediaselector/3/ipmoidcheck.pl?pid= +pid);
}</st>
        </parg>
        <parg ob="" eb="" sr="" id="11">
            <st ob="" eb="" sr="" id="11.1">checkDownLoad( [% programme.versionpid %] ) ;</st>
        </parg>
        <parg ob="" eb="" sr="" id="12">
            <st ob="" eb="" sr="" id="12.1">//--&gt;</st>
            <st ob="" eb="" sr="" id="12.2">&lt;/script&gt;</st>
            <st ob="" eb="" sr="" id="12.3">-------------------------------------------------------------------</st>
            <st ob="x" eb="" sr="" patterns="S_OB_NEG_AUX_VERB" id="12.4">Obvioulsy I m not even looking at the return JSON yet in this example_ I m just demonstrattnig the problem that the code doen t behave the same inside and outside the ondone handler.</st>
        </parg>
        <parg ob="" eb="" sr="" id="13">
            <st ob="" eb="" sr="" id="13.1">Any advice/workarounds would be most grateful.</st>
            <st ob="" eb="" sr="" id="13.2">Cheers in advance_</st>
        </parg>
        <parg ob="" eb="" sr="" id="14">
            <st ob="" eb="" sr="" id="14.1">Regards_</st>
        </parg>
        <parg ob="" eb="" sr="" id="15">
            <st ob="" eb="" sr="" id="15.1">Steve</st>
        </parg>
    </desc>
</bug>
