<?xml version="1.0" encoding="UTF-8" standalone="yes"?>
<bug no-bug="" comments="">
    <id>3224</id>
    <title ob="x" eb="" sr="" patterns="S_OB_NEG_VERB">Some WAP browsers failing to redirect to callback url.</title>
    <desc>
        <parg ob="x" eb="" sr="x" id="1">
            <st ob="x" eb="" sr="x" patterns="S_OB_NEG_VERB,S_SR_CODE_REF" id="1.1">Some Sony Mobile Phones fail to redirect to the API callback url_ and/or the  Next  Parameter in the following api call.</st>
        </parg>
        <parg ob="" eb="" sr="" id="2">
            <st ob="" eb="" sr="" id="2.1">http://m.facebook.com/login.php?api_key=mykey&amp;next=http://www.myurl.com/facebook&amp;v=1.0</st>
        </parg>
        <parg ob="" eb="" sr="" id="3">
            <st ob="x" eb="" sr="" patterns="S_OB_ADV_FREQ" id="3.1">Once a Sony Java Based phone logs in to the above link_ authorizing my third party app_ it is never redirected to the callback url listed.</st>
            <st ob="x" eb="" sr="" patterns="S_OB_INSTEAD_OF" id="3.2">Instead it just leaves the user on their facebook mobile page.</st>
        </parg>
        <parg ob="x" eb="" sr="" id="4">
            <st ob="x" eb="" sr="" patterns="S_OB_PASSIVE_VOICE" id="4.1">Symbian based phones do not have the problem_ and are redirected properly as long as a GET request is used with  hidden  paramaters for the api calls_ as listed in the forums here.</st>
        </parg>
        <parg ob="" eb="" sr="" id="5">
            <st ob="" eb="" sr="" id="5.1">http://forum.developers.facebook.com/viewtopic.php?id=15707</st>
        </parg>
        <parg ob="" eb="" sr="" id="6">
            <st ob="" eb="" sr="" id="6.1">I have tried to use POST and get for this request.</st>
            <st ob="" eb="" sr="" id="6.2">With and without the Next parameter (attempting to use the Callback url defined in the Facebook App settings)</st>
        </parg>
        <parg ob="" eb="" sr="" id="7">
            <st ob="x" eb="" sr="" patterns="S_OB_BUT_NEG,S_OB_NEG_AUX_VERB" id="7.1">I believe it to be some type of malformed HTML that the Sony WAP browser does not understand_ but troubleshooting is tough since we cannot see what facebook is attempting to send the phone for redirect.</st>
            <st ob="x" eb="" sr="" patterns="S_OB_OBSERVE" id="7.2">All we see is a refresh of the users mobile facebook page.</st>
        </parg>
        <parg ob="" eb="" sr="" id="8">
            <st ob="" eb="" sr="" id="8.1">Cameron</st>
        </parg>
    </desc>
</bug>
