<?xml version="1.0" encoding="UTF-8" standalone="yes"?>
<bug no-bug="" comments="">
    <id>3294</id>
    <title ob="x" eb="" sr="" patterns="S_OB_UNABLE_TO">UNABLE TO DEACTIVATE ACCOUNT BECAUSE NO SECURITY CHECK WORD APPEARS</title>
    <desc>
        <parg ob="" eb="" sr="" id="1">
            <st ob="x" eb="" sr="" patterns="S_OB_UNABLE_TO" id="1.1">UNABLE TO DEACTIVATE ACCOUNT BECAUSE NO SECURITY CHECK WORD APPEARS IN THE SECURITY CHECK BOX.</st>
            <st ob="x" eb="" sr="" patterns="S_OB_BUT_NEG" id="1.2">IT SAYS  LOADING...  BUT NEVER LOADS.</st>
            <st ob="" eb="" sr="" id="1.3">ALSO_ THE CONFIRM ACCOUNT VIA MOBILE IS NOT WORKING.</st>
            <st ob="x" eb="" sr="" patterns="S_OB_COND_NEG" id="1.4">WHEN CLICKING THE LINK AN EMPTY BOX APPEARS.</st>
            <st ob="" eb="" sr="" id="1.5">THANK YOU SO MUCH.</st>
            <st ob="" eb="" sr="" id="1.6">PLEASE FIX IT.</st>
        </parg>
    </desc>
</bug>
