<?xml version="1.0" encoding="UTF-8" standalone="yes"?>
<bug no-bug="" comments="">
    <id>3310</id>
    <title ob="x" eb="" sr="" patterns="S_OB_NEG_VERB">Cached images disappearing on profile boxes...</title>
    <desc>
        <parg ob="x" eb="" sr="" id="1">
            <st ob="x" eb="" sr="" patterns="S_OB_AFTER_TIME,S_OB_KEEP_VERB" id="1.1">Images keep disappearing from profile boxes after like 30 minutes.</st>
        </parg>
        <parg ob="x" eb="" sr="" id="2">
            <st ob="x" eb="" sr="" patterns="S_OB_AFTER_TIME,S_OB_STILL" id="2.1">I have had to append a random variable to get them to re-appear in the profile box_ then they still disappear after 30 minutes or so...</st>
        </parg>
        <parg ob="" eb="" sr="" id="3">
            <st ob="" eb="" sr="" id="3.1">*Full Url*myimage.gif?r=$myRandomVariable</st>
        </parg>
    </desc>
</bug>
