<?xml version="1.0" encoding="UTF-8" standalone="yes"?>
<bug no-bug="" comments="">
    <id>3419</id>
    <title ob="X" eb="" sr="" patterns="S_OB_NEG_AUX_VERB">can not send out app_to_user notification to users</title>
    <desc>
        <parg ob="" eb="" sr="" id="1">
            <st ob="" eb="" sr="" id="1.1">we bought this app:
http://apps.facebook.com/whoisonline/
appid : 5952993979</st>
        </parg>
        <parg ob="" eb="" sr="" id="2">
            <st ob="" eb="" sr="" id="2.1">and we are trying to send out app_to_user announcement to users _ so they know the app will be changed.</st>
        </parg>
        <parg ob="X" eb="" sr="" id="3">
            <st ob="X" eb="" sr="" patterns="S_OB_COND_NEG" id="3.1">But when we try to do the sending_ we got this error all the time:</st>
        </parg>
        <parg ob="" eb="" sr="" id="4">
            <st ob="" eb="" sr="" id="4.1">Array       
(               
    [error_code] =&gt; 200
    [error_msg] =&gt; Permissions error
    [request_args] =&gt; Array
        (
            [0] =&gt; Array
                (
                    [key] =&gt; to_ids
                    [value] =&gt; 802974_803172_804425_807975_808218_817798_821826_822303_823109_824306_826608_826778_829800_831183_831890_832227_832939_833418_836087_836674
                )</st>
        </parg>
        <parg ob="" eb="" sr="" id="5">
            <st ob="" eb="" sr="" id="5.1">            [1] =&gt; Array</st>
            <st ob="" eb="" sr="" id="5.2">                (</st>
            <st ob="" eb="" sr="" id="5.3">                    [key] =&gt; notification</st>
            <st ob="" eb="" sr="" id="5.4">                    [value] =&gt; Next week_ Who is Online s name and functionality will be changed to SpeedDate. Data entered into the original app won t be used anymore. Soon you ll be able to try S</st>
            <st ob="" eb="" sr="" id="5.5">peedDate_ the fastest way to meet new people_ so stay tuned!</st>
            <st ob="" eb="" sr="" id="5.6">                )</st>
            <st ob="" eb="" sr="" id="5.7">            [2] =&gt; Array</st>
            <st ob="" eb="" sr="" id="5.8">                (   </st>
            <st ob="" eb="" sr="" id="5.9">                    [key] =&gt; type</st>
            <st ob="" eb="" sr="" id="5.10">                    [value] =&gt; app_to_user</st>
            <st ob="" eb="" sr="" id="5.11">                )</st>
            <st ob="" eb="" sr="" id="5.12">            [3] =&gt; Array</st>
            <st ob="" eb="" sr="" id="5.13">                (   </st>
            <st ob="" eb="" sr="" id="5.14">                    [key] =&gt; method</st>
            <st ob="" eb="" sr="" id="5.15">                    [value] =&gt; facebook.notifications.send</st>
            <st ob="" eb="" sr="" id="5.16">                )</st>
            <st ob="" eb="" sr="" id="5.17">            [4] =&gt; Array</st>
            <st ob="" eb="" sr="" id="5.18">                (   </st>
            <st ob="" eb="" sr="" id="5.19">                    [key] =&gt; session_key</st>
            <st ob="" eb="" sr="" id="5.20">                    [value] =&gt;</st>
            <st ob="" eb="" sr="" id="5.21">                )</st>
        </parg>
        <parg ob="" eb="" sr="" id="6">
            <st ob="" eb="" sr="" id="6.1">[5] =&gt; Array
                (
                    [key] =&gt; api_key
                    [value] =&gt; ff45953bc62535d51e30d44ab3382f3b
                )</st>
        </parg>
        <parg ob="" eb="" sr="" id="7">
            <st ob="" eb="" sr="" id="7.1">[6] =&gt; Array
                (
                    [key] =&gt; call_id
                    [value] =&gt; 1223403539.6703
                )</st>
        </parg>
        <parg ob="" eb="" sr="" id="8">
            <st ob="" eb="" sr="" id="8.1">[7] =&gt; Array
                (
                    [key] =&gt; v
                    [value] =&gt; 1.0
                )</st>
        </parg>
        <parg ob="" eb="" sr="" id="9">
            <st ob="" eb="" sr="" id="9.1">[8] =&gt; Array
                (
                    [key] =&gt; sig
                    [value] =&gt; 28e613573bf74a4a6ddd6a8853543ff4
                )</st>
        </parg>
        <parg ob="" eb="" sr="" id="10">
            <st ob="" eb="" sr="" id="10.1">)</st>
        </parg>
        <parg ob="" eb="" sr="" id="11">
            <st ob="" eb="" sr="" id="11.1">we changed the ip setting to not guarding already_ donesn t help.</st>
        </parg>
        <parg ob="X" eb="" sr="" id="12">
            <st ob="X" eb="" sr="" patterns="S_OB_NEG_AUX_VERB" id="12.1">and error code 200 is not in documentation.</st>
        </parg>
        <parg ob="" eb="" sr="" id="13">
            <st ob="" eb="" sr="" id="13.1">we do have other apps_ and they works fine.</st>
            <st ob="" eb="" sr="" id="13.2">only this app has this issue.</st>
        </parg>
        <parg ob="" eb="" sr="" id="14">
            <st ob="" eb="" sr="" id="14.1">can you help us to look into this?</st>
        </parg>
        <parg ob="" eb="" sr="" id="15">
            <st ob="" eb="" sr="" id="15.1">thx_</st>
        </parg>
        <parg ob="" eb="" sr="" id="16">
            <st ob="" eb="" sr="" id="16.1">my email address:
harry@s</st>
        </parg>
        <parg ob="" eb="" sr="" id="17">
            <st ob="" eb="" sr="" id="17.1">I will try to post this at other support channel also.</st>
            <st ob="" eb="" sr="" id="17.2">for this kind of app specific issue_ what is the best way to communicate with facebook?</st>
        </parg>
        <parg ob="" eb="" sr="" id="18">
            <st ob="" eb="" sr="" id="18.1">thanks again_</st>
        </parg>
        <parg ob="" eb="" sr="" id="19">
            <st ob="" eb="" sr="" id="19.1">Harry</st>
        </parg>
    </desc>
</bug>
