<?xml version="1.0" encoding="UTF-8" standalone="yes"?>
<bug no-bug="" comments="">
    <id>3427</id>
    <title ob="x" eb="" sr="" patterns="S_OB_NEG_COND,S_OB_WITHOUT">profile.setFBML call returns invalid session error when passing the uid (without session)</title>
    <desc>
        <parg ob="" eb="" sr="" id="1">
            <st ob="" eb="" sr="" id="1.1">We call profile.setFBML in our app passing it just an api key and a uid (thus_ requiring no session).</st>
            <st ob="" eb="" sr="" id="1.2">this has worked for a long time.</st>
        </parg>
        <parg ob="x" eb="" sr="" id="2">
            <st ob="x" eb="" sr="" patterns="S_OB_SUDDENLY_NEGATIVE" id="2.1">Suddenly_ starting about 2 hours ago_ the facebook API has been responding to such requests with an error code 102.</st>
        </parg>
        <parg ob="" eb="" sr="" id="3">
            <st ob="" eb="" sr="" id="3.1">According to the specs (http://wiki.developers.facebook.com/index.php/Profile.setFBML)_ if this call is passed a uid then it does not need a session key.</st>
        </parg>
        <parg ob="" eb="" sr="" id="4">
            <st ob="" eb="" sr="" id="4.1">Here is an example of a call we made where we pass the api key_ the uid_ and no session key_ and we get back an Invalid Session error:</st>
        </parg>
        <parg ob="" eb="" sr="" id="5">
            <st ob="" eb="" sr="" id="5.1">http://pastie.org/private/ujyoucxy5bcbjjhlhu1g</st>
        </parg>
    </desc>
</bug>
