<?xml version="1.0" encoding="UTF-8" standalone="yes"?>
<bug no-bug="" comments="">
    <id>353</id>
    <title ob="x" eb="" sr="" patterns="S_OB_NEG_AUX_VERB">FB:Dialog with mock-AJAX does not obey  close_dialog  parameter</title>
    <desc>
        <parg ob="" eb="" sr="" id="1">
            <st ob="x" eb="" sr="" patterns="S_OB_NEG_AUX_VERB" id="1.1">fb:dialog-button with mock-ajax does not obey  close_dialog  parameter.</st>
            <st ob="x" eb="" sr="" patterns="S_OB_NEG_AUX_VERB,S_OB_NEG_AFTER" id="1.2">There does not seem to be  a way to close the dialog after the user clicks the button.</st>
        </parg>
        <parg ob="" eb="" sr="x" id="2">
            <st ob="" eb="" sr="x" patterns="S_SR_CODE_REF" id="2.1">Sample code:</st>
        </parg>
        <parg ob="" eb="" sr="" id="3">
            <st ob="" eb="" sr="" id="3.1">&lt;fb:dialog id= my_dialog &gt;
&lt;fb:dialog-title&gt;My Little Dialog&lt;/fb:dialog-title&gt;
&lt;fb:dialog-content&gt;&lt;form id= my_form &gt;Do you like my little dialog?</st>
            <st ob="" eb="" sr="" id="3.2">&lt;/form&gt;&lt;/fb:dialog-content&gt;
&lt;fb:dialog-button type= submit  value= AJAX  clickrewriteurl= http://74.86.142.203/~tearswep/humanpets/ajaxTest.php  clickrewriteid= my_dialog2  clickrewriteform= my_form  close_dialog=  1  /&gt;
&lt;fb:dialog-button type= button  value= Close  close_dialog= 1  /&gt;
&lt;/fb:dialog&gt;</st>
        </parg>
        <parg ob="" eb="" sr="" id="4">
            <st ob="" eb="" sr="" id="4.1">&lt;div id= my_dialog2 &gt;This needs to be rewritten by mock-ajax&lt;/div&gt;</st>
        </parg>
        <parg ob="" eb="" sr="" id="5">
            <st ob="" eb="" sr="" id="5.1">&lt;a href= #  clicktoshowdialog= my_dialog  style= border-top: solid 1px &gt;Show Dialog&lt;/a&gt;</st>
        </parg>
    </desc>
</bug>
