<?xml version="1.0" encoding="UTF-8" standalone="yes"?>
<bug no-bug="" comments="">
    <id>4109</id>
    <title ob="x" eb="" sr="" patterns="S_OB_NEG_AUX_VERB">&lt;fb:if&gt; not working on full story</title>
    <desc>
        <parg ob="" eb="" sr="x" id="1">
            <st ob="" eb="" sr="x" patterns="S_SR_TRY,S_SR_CODE_REF" id="1.1">I ve tried the following code:</st>
        </parg>
        <parg ob="" eb="" sr="" id="2">
            <st ob="" eb="" sr="" id="2.1">&lt;fb:if value={*dialog_text_set*}&gt;{*Dialog*}&lt;fb:else&gt;{*Description*}&lt;/fb:else&gt;&lt;/fb:if&gt;</st>
        </parg>
        <parg ob="x" eb="" sr="" id="3">
            <st ob="x" eb="" sr="" patterns="S_OB_BUT_NEG,S_OB_WORKS_BUT" id="3.1">This works fine on my short story_ but doesn t work at all on the full story.</st>
        </parg>
        <parg ob="" eb="" sr="" id="4">
            <st ob="" eb="" sr="" id="4.1">Same json_ same text_ everything...</st>
        </parg>
    </desc>
</bug>
