<?xml version="1.0" encoding="UTF-8" standalone="yes"?>
<bug no-bug="" comments="">
    <id>4169</id>
    <title ob="x" eb="" sr="" patterns="S_OB_NOUN_NOT">Canvas page not loadding_  Try Again  error</title>
    <desc>
        <parg ob="" eb="" sr="" id="1">
            <st ob="x" eb="" sr="" patterns="S_OB_NEG_AUX_VERB,S_OB_WITHOUT" id="1.1">It seems I cannot output more than 1_303 characters to the canvas page without Facebook throwing up a  server did not respond  error.</st>
            <st ob="" eb="" sr="" id="1.2">Loading the same page directly from my hosting provider (A2Hosting) works fine.</st>
            <st ob="" eb="" sr="" id="1.3">Checking my application database it appears the problem started at 3:26AM EST.</st>
            <st ob="" eb="" sr="" id="1.4">The only pages that have loaded are installs and basic message with less than 1_300 characters.</st>
        </parg>
        <parg ob="" eb="" sr="" id="2">
            <st ob="" eb="" sr="" id="2.1">I created a test page to show the issue.</st>
            <st ob="" eb="" sr="" id="2.2">This works:
http://apps.facebook.com/someecards_dev/?action=test&amp;len=1303</st>
        </parg>
        <parg ob="" eb="" sr="" id="3">
            <st ob="" eb="" sr="" id="3.1">This does not:
http://apps.facebook.com/someecards_dev/?action=test&amp;len=1304</st>
        </parg>
        <parg ob="" eb="" sr="" id="4">
            <st ob="" eb="" sr="" id="4.1">The different is the length that is outputted.</st>
        </parg>
    </desc>
</bug>
