<?xml version="1.0" encoding="UTF-8" standalone="yes"?>
<bug no-bug="" comments="">
    <id>4327</id>
    <title ob="x" eb="" sr="" patterns="S_OB_VERB_ERROR">share has problems with encoded values in the URL</title>
    <desc>
        <parg ob="" eb="" sr="" id="1">
            <st ob="" eb="" sr="" id="1.1">I am using the share feature to post the web version of newsletters we send for our clients.</st>
            <st ob="" eb="" sr="" id="1.2">Our email platform uses an encoded value at the end of the URL to determine how to render the page.</st>
        </parg>
        <parg ob="" eb="" sr="" id="2">
            <st ob="" eb="" sr="" id="2.1">ex.</st>
            <st ob="" eb="" sr="" id="2.2">http://km.email.samsungusa.com/samsung/?KL7G.LTElBflg435nclkKkxEGjuB5qRrK</st>
        </parg>
        <parg ob="" eb="" sr="" id="3">
            <st ob="x" eb="" sr="" patterns="S_OB_COND_NEG" id="3.1">Facebook is able to browse the page and pull the data I put in the meta tags_ but when the link is created on the newsfeed_ an  =  sign is appended to the end of the URL_ which breaks the URL.</st>
            <st ob="x" eb="" sr="" patterns="S_OB_PASSIVE_VOICE" id="3.2">Also_ if there is a  .in the string_ it is converted to a  _  character.</st>
            <st ob="x" eb="" sr="" patterns="S_OB_NEG_VERB" id="3.3">This also breaks the URL.</st>
            <st ob="" eb="" sr="" id="3.4">Encoding the URL doesn t fix either of these issues.</st>
        </parg>
        <parg ob="" eb="" sr="x" id="4">
            <st ob="" eb="" sr="x" patterns="S_SR_CODE_REF" id="4.1">Here is how I am using the share function:</st>
        </parg>
        <parg ob="" eb="" sr="" id="5">
            <st ob="" eb="" sr="" id="5.1">http://www.facebook.com/share.php?u=http://km.email.samsungusa.com/samsung/?KL7G.LTElBflg435nclkKkxEGjuB5qRrK</st>
        </parg>
        <parg ob="x" eb="" sr="" id="6">
            <st ob="x" eb="" sr="" patterns="S_OB_BUT_NEG,S_OB_ADV_TIME_NEG" id="6.1">Again_ it posts to my wall_ but the link is broken because it adds an  =  to the end_ and changes the  . to a  _  in my URL.</st>
        </parg>
    </desc>
</bug>
