<?xml version="1.0" encoding="UTF-8" standalone="yes"?>
<bug no-bug="" comments="">
    <id>4334</id>
    <title ob="" eb="" sr="">Issue with FB.Facebook.init calls to XD_receiver.htm via relative path</title>
    <desc>
        <parg ob="" eb="x" sr="" id="1">
            <st ob="" eb="x" sr="" patterns="S_EB_NEED_TO" id="1.1">The FB.Facebook.init function needs to handle additional parameters beyond just the relative path to XT_receiver.htm or the relative path needs to be able to handle paths such as  ../XD_receiver.htm</st>
        </parg>
        <parg ob="" eb="" sr="" id="2">
            <st ob="" eb="" sr="" id="2.1">When tracing connection calls via Firebug Net panel_ I noticed the following:</st>
        </parg>
        <parg ob="" eb="" sr="" id="3">
            <st ob="" eb="" sr="" id="3.1">When reporting back to the facebook connect site_ the parameter that passes the location of XD_receiver.</st>
            <st ob="" eb="" sr="" id="3.2">htm actually changes based on the current path of the site:</st>
        </parg>
        <parg ob="" eb="" sr="" id="4">
            <st ob="" eb="" sr="" id="4.1">Any base URL or URL plus one folder passes the parameter correctly.</st>
        </parg>
        <parg ob="" eb="" sr="" id="5">
            <st ob="" eb="" sr="" id="5.1">Example: staging.lifeyoumentary.com OR staging.lifeyoumentary.com/stories will return the below</st>
        </parg>
        <parg ob="" eb="" sr="" id="6">
            <st ob="" eb="" sr="" id="6.1">channel=http%3A%2F%2Fstaging.</st>
            <st ob="" eb="" sr="" id="6.2">lifeyoumentary.com%2FFxd_receiver.</st>
            <st ob="" eb="" sr="" id="6.3">htm</st>
        </parg>
        <parg ob="x" eb="" sr="" id="7">
            <st ob="x" eb="" sr="" patterns="S_OB_NO_LONGER,S_OB_ADV_TIME_NEG" id="7.1">As soon as I another backslash is added_ the relative path is no longer correct:</st>
        </parg>
        <parg ob="" eb="" sr="" id="8">
            <st ob="" eb="" sr="" id="8.1">Example: staging.lifeyoumentary.com/stories/add will return the following_ notice the path is no longer correct.</st>
        </parg>
        <parg ob="" eb="" sr="" id="9">
            <st ob="" eb="" sr="" id="9.1">channel=http%3A%2F%2Fstaging.</st>
            <st ob="" eb="" sr="" id="9.2">lifeyoumentary.com%2Fstories%2Fxd_receiver.</st>
            <st ob="" eb="" sr="" id="9.3">htm</st>
        </parg>
    </desc>
</bug>
