<?xml version="1.0" encoding="UTF-8" standalone="yes"?>
<bug no-bug="" comments="">
    <id>4412</id>
    <title ob="" eb="" sr="">needs html_entity_decode()</title>
    <desc>
        <parg ob="" eb="" sr="" id="1">
            <st ob="X" eb="" sr="" patterns="S_OB_AFTER_POS,S_OB_STILL" id="1.1">After a user authorizes the app_ the $_GET string gets sent with htmlentities() still coded.</st>
            <st ob="" eb="" sr="" id="1.2">For example_</st>
        </parg>
        <parg ob="" eb="" sr="" id="2">
            <st ob="" eb="" sr="" id="2.1">http://apps.facebook.com/reviewcars/after_auth.php?auth_token=867e017ec44e0c456ca01f0f0af8e40b&amp;next=http%3A%2F%2Fwww.reviewcars.com%2Ffacebook%2Fafter_auth.php%3Frefer_uid%3D524386440%26_fb_fromhash%3D6d170c4b29f87d9738e98be2d20294ae&amp;installed=1</st>
        </parg>
        <parg ob="" eb="" sr="" id="3">
            <st ob="" eb="" sr="" id="3.1">This happens only when a user is installing the app.</st>
            <st ob="x" eb="" sr="" patterns="S_OB_SEEMS" id="3.2">It also seems to happen sporatically_ as we did not have any issue with hashing  refer_uid  for some users.</st>
        </parg>
    </desc>
</bug>
