<?xml version="1.0" encoding="UTF-8" standalone="yes"?>
<bug no-bug="" comments="">
    <id>4629</id>
    <title ob="" eb="" sr="">z-index</title>
    <desc>
        <parg ob="" eb="" sr="" id="1">
            <st ob="" eb="" sr="" id="1.1">Created an attachment (id=771)
Screenshot of the bug decribed here...</st>
        </parg>
        <parg ob="x" eb="" sr="" id="2">
            <st ob="x" eb="" sr="" patterns="S_OB_VERB_ERROR" id="2.1">I thing the information div block (informing about steps to do) has invalid z-index... Look at the picture in the attachment...</st>
        </parg>
    </desc>
</bug>
