<?xml version="1.0" encoding="UTF-8" standalone="yes"?>
<bug no-bug="" comments="">
    <id>4637</id>
    <title ob="x" eb="" sr="" patterns="S_OB_UNABLE_TO">Unable to remove pokes at http://www.facebook.com/pokes.php</title>
    <desc>
        <parg ob="" eb="" sr="" id="1">
            <st ob="" eb="" sr="" id="1.1">Apologies if this has already been filed_ but I couldn t find any existing bug report for it.</st>
        </parg>
        <parg ob="" eb="" sr="x" patterns="P_SR_LABELED_LIST" id="2">
            <st ob="" eb="" sr="" id="2.1">Steps to repro:</st>
            <st ob="" eb="" sr="" id="2.2">- using any browser_ log in to a Facebook account (that has at least a friend)</st>
            <st ob="" eb="" sr="" id="2.3">- ask a friend to poke you</st>
            <st ob="" eb="" sr="" id="2.4">- once the poke arrives_ go to http://www.facebook.com/pokes.php</st>
            <st ob="" eb="" sr="" id="2.5">- remove the poke by clicking on  remove</st>
        </parg>
        <parg ob="x" eb="" sr="" patterns="P_OB_OBSERVED_BEHAVIOR_MULTI" id="3">
            <st ob="" eb="" sr="" id="3.1">Current result:</st>
            <st ob="" eb="" sr="" id="3.2">- The user is redirected to http://www.facebook.com/pokes.php# _ displaying a blank page.</st>
            <st ob="" eb="" sr="" id="3.3">- The poke has actually not been removed.</st>
            <st ob="" eb="" sr="" id="3.4">This can be verified by going back to the Home page or back to http://www.facebook.com/pokes.php</st>
        </parg>
        <parg ob="" eb="x" sr="" id="4">
            <st ob="" eb="x" sr="" patterns="S_EB_EXP_BEHAVIOR" id="4.1">Expected result:
The poke has successfully been removed</st>
        </parg>
    </desc>
</bug>
