<?xml version="1.0" encoding="UTF-8" standalone="yes"?>
<bug no-bug="" comments="">
    <id>4665</id>
    <title ob="x" eb="" sr="" patterns="S_OB_NEG_AUX_VERB,S_OB_WITHOUT">Can t create feed template containing short story without title</title>
    <desc>
        <parg ob="" eb="" sr="" id="1">
            <st ob="" eb="x" sr="" patterns="S_EB_REQUIRES" id="1.1">According to the latest release notes  You are no longer required to provide a title for short story templates.</st>
            <st ob="" eb="" sr="" id="1.2">(http://wiki.developers.facebook.com/index.php/Stream_Release_Notes)</st>
        </parg>
        <parg ob="x" eb="" sr="" id="2">
            <st ob="x" eb="" sr="" patterns="S_OB_COND_POS,S_OB_WITHOUT" id="2.1">However_ when I try to call feed_registerTemplateBundle without a title_ I get:
											All short story templates must include both  template_title  and  template_body  fields.</st>
        </parg>
        <parg ob="x" eb="" sr="" id="3">
            <st ob="x" eb="" sr="" patterns="S_OB_COND_POS,S_SR_COND_OBS" id="3.1">If I pass in an empty title I get:
  
  All template_title fields within short story templates must begin with the  actor  token.</st>
        </parg>
        <parg ob="" eb="" sr="" id="4">
            <st ob="" eb="" sr="" id="4.1">Am I missing anything?</st>
        </parg>
    </desc>
</bug>
