<?xml version="1.0" encoding="UTF-8" standalone="yes"?>
<bug no-bug="" comments="">
    <id>4794</id>
    <title ob="x" eb="" sr="" patterns="S_OB_ERROR_HOW">Error loading fb app</title>
    <desc>
        <parg ob="x" eb="" sr="x" id="1">
            <st ob="x" eb="" sr="x" patterns="S_OB_NEG_AUX_VERB,S_SR_COND_OBS" id="1.1">Error while loading page from pear_test
The URL http://www.himediadigital.com/clients/wunderman/telefonica/tickets_fcb/ did not respond.</st>
        </parg>
        <parg ob="" eb="" sr="" id="2">
            <st ob="x" eb="" sr="x" patterns="S_OB_PROBLEM_IS,S_SR_COND_OBS" id="2.1">The problem is when I go to Canvas Callback URL directly_ don t show any type of error.</st>
            <st ob="" eb="" sr="" id="2.2">I don t understand.</st>
        </parg>
    </desc>
</bug>
