<?xml version="1.0" encoding="UTF-8" standalone="yes"?>
<bug no-bug="" comments="">
    <id>5018</id>
    <title ob="x" eb="" sr="" patterns="S_OB_SEEMS_TO_NEG_VERB">Share.php seems to ignore &amp;t= title</title>
    <desc>
        <parg ob="" eb="" sr="" id="1">
            <st ob="" eb="" sr="" id="1.1">I am using the share.php feature.</st>
            <st ob="x" eb="" sr="" patterns="S_OB_WORKS_BUT" id="1.2">The picture shows_ the URL is fine_ but the t= part seems to not work.</st>
            <st ob="" eb="" sr="" id="1.3">I do not see it getting used.</st>
            <st ob="x" eb="" sr="" patterns="S_OB_SEEMS" id="1.4">The share.php page seems to use the meta name= title  and title tag only.</st>
            <st ob="" eb="x" sr="" patterns="S_EB_WANT" id="1.5">I wanted the t=title to allow me to show a  sharing title .</st>
            <st ob="x" eb="" sr="" patterns="S_OB_BUT_NEG" id="1.6">An example is www.jeudejupe.com with the add-this menu button at the bottom (I had done it directly as well_ but same issue).</st>
        </parg>
    </desc>
</bug>
