<?xml version="1.0" encoding="UTF-8" standalone="yes"?>
<bug no-bug="" comments="">
    <id>5053</id>
    <title ob="" eb="" sr="">showFeedDialog not working at all</title>
    <desc>
        <parg ob="" eb="" sr="" id="1">
            <st ob="" eb="" sr="" id="1.1">App ids:
Bumper Stars: 23344750493
Bananagrams: 13462061515
Lucky Strike Lanes: 26249818888</st>
        </parg>
        <parg ob="" eb="" sr="" id="2">
            <st ob="" eb="" sr="" id="2.1">We haven t made any changes in code.</st>
            <st ob="x" eb="" sr="" patterns="S_OB_SEEMS,S_OB_SUDDENLY_NEGATIVE" id="2.2">It seems none of our bundles are working suddenly.</st>
        </parg>
        <parg ob="" eb="" sr="x" patterns="P_SR_ACTIONS_MULTI_OBS_BEHAVIOR" id="3">
            <st ob="" eb="" sr="" id="3.1">For example_ go to Bumper Stars and go to the friends leaderboard.</st>
            <st ob="" eb="" sr="" id="3.2">Click the dialog bubble (blue button) and then click ok.</st>
            <st ob="x" eb="" sr="" patterns="S_OB_NEG_VERB" id="3.3">The Facebook dialog popups and disappears.</st>
        </parg>
        <parg ob="" eb="" sr="" id="4">
            <st ob="" eb="" sr="" id="4.1">Was anything pushed recently on your end?</st>
        </parg>
    </desc>
</bug>
