<?xml version="1.0" encoding="UTF-8" standalone="yes"?>
<bug no-bug="" comments="">
    <id>5063</id>
    <title ob="X" eb="" sr="" patterns="S_OB_NEG_ADV_ADJ">fb:redirect broken in IE</title>
    <desc>
        <parg ob="x" eb="x" sr="" id="1">
            <st ob="x" eb="x" sr="" patterns="S_OB_NEG_ADV_ADJ,S_EB_INSTEAD_OF_EXP_BEHAVIOR" id="1.1">fb:redirect tags are broken in IE_ instead of forwarding to:
http://apps.facebook.com/yesnomaybe/?age_range_seeking=4
it forwards to:
http://apps.facebook.com/yesnomaybe/[object]?age_range_seeking=4</st>
        </parg>
        <parg ob="x" eb="" sr="" id="2">
            <st ob="x" eb="" sr="" pattern="S_OB_BEING" id="2.1">The word [object] is being appended to the destination url.</st>
        </parg>
        <parg ob="" eb="" sr="" id="3">
            <st ob="" eb="" sr="" id="3.1">This is having a significant adverse affect on my app.</st>
            <st ob="" eb="" sr="" id="3.2">This might be related to http://bugs.developers.facebook.com/show_bug.cgi?id=5056 from last night.</st>
            <st ob="" eb="" sr="" id="3.3">Please let me know when a fix can be expected.</st>
        </parg>
    </desc>
</bug>
