<?xml version="1.0" encoding="UTF-8" standalone="yes"?>
<bug no-bug="" comments="">
    <id>5163</id>
    <title ob="x" eb="" sr="" patterns="S_OB_NEG_AUX_VERB">fb_sig_is_admin is not passed to application tabs on fan pages</title>
    <desc>
        <parg ob="" eb="" sr="" id="1">
            <st ob="x" eb="" sr="" patterns="S_OB_NEG_AUX_VERB" id="1.1">Right now_ when an application tab is render on a fan page_ we don t get the fb_sig_is_admin parameter (and thus cannot render any admin-specific content like moderation links).</st>
            <st ob="" eb="" sr="" patterns="" id="1.2">This would really be useful to enhance the experience of an application tab (rather than relying solely on a separate edit canvas page).</st>
        </parg>
    </desc>
</bug>
