<?xml version="1.0" encoding="UTF-8" standalone="yes"?>
<bug no-bug="" comments="">
    <id>5200</id>
    <title ob="x" eb="" sr="" patterns="S_OB_PROBLEM_IN">bug with fb:js-string containing fb:title</title>
    <desc>
        <parg ob="" eb="" sr="" id="1">
            <st ob="" eb="" sr="" patterns="" id="1.1">+++ This bug was initially created as a clone of Bug #4528 +++
Bug:
The fbml fb:js-string does not work with the fb:title tag.</st>
            <st ob="" eb="x" sr="x" patterns="S_EB_SHOULD,S_SR_CODE_REF" id="1.2">For example_ if you use the below code_ the title on the page should be  Initial Title  as the other fb:title tag is encapsulated within the fb:js-string.</st>
            <st ob="x" eb="" sr="" patterns="S_OB_BUT_NEG" id="1.3">However_ the  New title set within....  is the title on the page as the fbml parser is ignoring the fb:js-string tag and using the title encapsulated within
    &lt;fb:title&gt;Initial Title&lt;/fb:title&gt;
    &lt;fb:js-string var= newtitle &gt;
        &lt;fb:title&gt;New title set within fb js-string variable&lt;/fb:title&gt;
    &lt;/fb:js-string&gt;</st>
        </parg>
    </desc>
</bug>
