<?xml version="1.0" encoding="UTF-8" standalone="yes"?>
<bug no-bug="" comments="">
    <id>5205</id>
    <title ob="x" eb="x" sr="" patterns="S_OB_INSTEAD_OF,S_EB_INSTEAD_OF_EXP_BEHAVIOR">friends_list for friend-less user is array(  ) instead of array()</title>
    <desc>
        <parg ob="x" eb="" sr="" id="1">
            <st ob="x" eb="" sr="" patterns="S_OB_VERB_ERROR" id="1.1">The PHP client takes fb_params[ friends ] of friend-less user and explodes on  _ _ resulting in the silly array(  ) result for friends.get() for a user with no friends.</st>
        </parg>
        <parg ob="" eb="x" sr="" id="2">
            <st ob="" eb="x" sr="" patterns="S_EB_SHOULD" id="2.1">It should just return array()</st>
        </parg>
        <parg ob="" eb="" sr="" id="3">
            <st ob="" eb="" sr="" id="3.1">Ridiculously simple patch:</st>
        </parg>
        <parg ob="" eb="" sr="" id="4">
            <st ob="" eb="" sr="" id="4.1">--- /usr/share/php/facebook-platform/php/facebook.</st>
            <st ob="" eb="" sr="" id="4.2">php   2009-03-11 17:11:02.000000000 -0500</st>
            <st ob="" eb="" sr="" id="4.3">+++ facebook.patched.php        2009-05-05 15:36:07.000000000 -0500</st>
            <st ob="" eb="" sr="" id="4.4">@@ -81_7 +81_7 @@</st>
            <st ob="" eb="" sr="" id="4.5">$this-&gt;api_client-&gt;set_user($defaultUser);</st>
        </parg>
        <parg ob="" eb="" sr="" id="5">
            <st ob="" eb="" sr="" id="5.1">-    if (isset($this-&gt;fb_params[ friends ])) {</st>
            <st ob="" eb="" sr="" id="5.2">+    if (isset($this-&gt;fb_params[ friends ]) &amp;&amp; strlen($this-&gt;fb_params[ friends ])) {</st>
            <st ob="" eb="" sr="" id="5.3">$this-&gt;api_client-&gt;friends_list = explode( _ _ $this-&gt;fb_params[ friends ]);</st>
            <st ob="" eb="" sr="" id="5.4">}</st>
            <st ob="" eb="" sr="" id="5.5">if (isset($this-&gt;fb_params[ added ])) {</st>
        </parg>
    </desc>
</bug>
