<?xml version="1.0" encoding="UTF-8" standalone="yes"?>
<bug no-bug="" comments="">
    <id>5327</id>
    <title ob="x" eb="" sr="" patterns="S_OB_NEG_ADV_ADJ">IE7: Mousemove event binding broken on Boxes</title>
    <desc>
        <parg ob="" eb="" sr="" id="1">
            <st ob="x" eb="" sr="" patterns="S_OB_WORKS_FINE" id="1.1">Firefox3_ Safari4 work fine.</st>
            <st ob="x" eb="" sr="" patterns="S_OB_VERB_ERROR,S_OB_NEG_VERB" id="1.2">IE7 throws the following error as it attempts to bind the mousemove event:</st>
        </parg>
        <parg ob="x" eb="" sr="" id="2">
            <st ob="x" eb="" sr="S_OB_NEG_AUX_VERB,S_OB_PASSIVE_VOICE" id="2.1">All of the logging I ve done has shown that the the mousemove event is never fired which leads me to believe the binding is not working in the first place.</st>
        </parg>
        <parg ob="" eb="" sr="" id="3">
            <st ob="" eb="" sr="" id="3.1">However a work around has been found.</st>
        </parg>
        <parg ob="" eb="" sr="x" patterns="P_SR_ACTIONS_INF" id="4">
            <st ob="" eb="" sr="" id="4.1">1 Click and hold the titlebar of the box as if to drag it</st>
            <st ob="" eb="" sr="" id="4.2">2 Drop the box back in the same place which it rested previously before dragging was initiated</st>
            <st ob="" eb="" sr="" id="4.3">3 Click on the widget to activate the javascript</st>
            <st ob="x" eb="" sr="" patterns="S_OB_OBSERVE,S_OB_NEG_AUX_VERB" id="4.4">4 notice that the ratings stars will now follow your mouse allowing you to vote.</st>
        </parg>
        <parg ob="" eb="" sr="" id="5">
            <st ob="" eb="" sr="" id="5.1">You can add a demo app here:
http://apps.facebook.com/csitop_clips/</st>
        </parg>
    </desc>
</bug>
