<?xml version="1.0" encoding="UTF-8" standalone="yes"?>
<bug no-bug="" comments="">
    <id>5366</id>
    <title ob="X" eb="" sr="" patterns="S_OB_ERROR_COND">OpenID Error when using chi.mp IDs</title>
    <desc>
        <parg ob="X" eb="" sr="" id="1">
            <st ob="X" eb="" sr="" patterns="S_OB_COND_NEG,S_OB_VERB_ERROR" id="1.1">When chi.mp owners try to connect their chi.mp address with their Facebook account_ they receive the following error:</st>
        </parg>
        <parg ob="" eb="" sr="" id="2">
            <st ob="" eb="" sr="" id="2.1">Error while processing response</st>
        </parg>
        <parg ob="X" eb="" sr="" id="3">
            <st ob="X" eb="" sr="" patterns="S_OB_NEG_COND" id="3.1">There was an error while processing the OpenID response.</st>
        </parg>
        <parg ob="" eb="" sr="" id="4">
            <st ob="" eb="" sr="" id="4.1">No matching endpoint found after discovering https://secure.mp/s/anthony.mp/server.</st>
            <st ob="" eb="" sr="" id="4.2">local_id mismatch.</st>
            <st ob="" eb="" sr="" id="4.3">Expected http://specs.openid.net/auth/2.0/identifier_select_ got https://secure.mp/s/anthony.mp/server</st>
        </parg>
        <parg ob="" eb="" sr="" id="5">
            <st ob="" eb="" sr="" id="5.1">Any help would be appreciated.</st>
            <st ob="" eb="" sr="" id="5.2">Thank you.</st>
        </parg>
        <parg ob="" eb="" sr="" id="6">
            <st ob="" eb="" sr="" id="6.1">Sincerely_
Anthony Eden</st>
        </parg>
    </desc>
</bug>
