<?xml version="1.0" encoding="UTF-8" standalone="yes"?>
<bug no-bug="" comments="">
    <id>5545</id>
    <title ob="x" eb="" sr="" patterns="S_OB_NEG_AUX_VERB">XFBML wont render in Safari unless mimetype for the page is set Content-type text/html</title>
    <desc>
        <parg ob="" eb="" sr="" id="1">
            <st ob="x" eb="" sr="" patterns="S_OB_NEG_AUX_VERB,S_OB_UNTIL_NEG" id="1.1">Safari would not render XFBML (e.g.: &lt;fb:login-button&gt;) until I stopped doing any content negotiation with the browser and /forced/ Content-type to  text/html .</st>
            <st ob="x" eb="" sr="" patterns="S_OB_BUT_NEG" id="1.2">Safari was asking for  application/xhtml+xml  which is technically correct_ but Facebook s Java libs can t deal with that.</st>
        </parg>
        <parg ob="x" eb="" sr="" id="2">
            <st ob="x" eb="" sr="" patterns="S_OB_NEG_AUX_VERB" id="2.1">For example_ Facebook s DOM parsing routines cannot find  head  when content type is set properly to XHTML_ because they are looking for upper-case  HEAD  as would be expected in an HTML document.</st>
        </parg>
        <parg ob="" eb="" sr="" id="3">
            <st ob="" eb="" sr="" id="3.1">This affects all versions of Safari_ Chrome_ and FireFox 2.</st>
        </parg>
    </desc>
</bug>
