<?xml version="1.0" encoding="UTF-8" standalone="yes"?>
<bug no-bug="" comments="">
    <id>5640</id>
    <title ob="x" eb="" sr="" patterns="S_OB_NEG_AUX_VERB">showfeeddialog does not show the publish dialog when called from the login callback.</title>
    <desc>
        <parg ob="" eb="" sr="" id="1">
            <st ob="" eb="" sr="" id="1.1">We allow users to post search results from bing.com to facebook.</st>
            <st ob="x" eb="" sr="x" patterns="S_OB_COND_POS,S_SR_CODE_REF" id="1.2">When the user logs in_ in the login callback_ we call showfeeddialog - the snippet is shown below:</st>
        </parg>
        <parg ob="" eb="" sr="" id="2">
            <st ob="" eb="" sr="" id="2.1">This was working fine till a couple of days back.</st>
            <st ob="x" eb="" sr="" patterns="S_OB_NEG_AUX_VERB,S_OB_ADV_TIME_NEG,S_OB_NEG_AFTER" id="2.2">Now_ the showfeedialog is not shown after the login dialog.</st>
            <st ob="x" eb="" sr="" patterns="S_OB_BUT_NEG" id="2.3">If you try again_ it works_ but it consistently fails the first time.</st>
            <st ob="" eb="" sr="" id="2.4">This is a critical bug affecting our live site.</st>
        </parg>
        <parg ob="" eb="" sr="" id="3">
            <st ob="" eb="" sr="" id="3.1">try</st>
            <st ob="" eb="" sr="" id="3.2">{</st>
            <st ob="" eb="" sr="" id="3.3">FB.ensureInit</st>
            <st ob="" eb="" sr="" id="3.4">(</st>
            <st ob="" eb="" sr="" id="3.5">function()</st>
            <st ob="" eb="" sr="" id="3.6">{</st>
            <st ob="" eb="" sr="" id="3.7">--&gt; FAILS THE FIRST TIME</st>
            <st ob="" eb="" sr="" id="3.8">bFeedSucceed = FB.Connect.showFeedDialog(templatBundleID_ template_data_ null_ null_ null_ FB.RequireConnect.require_ facebook_onfeed_ prompt_ userMessage);</st>
            <st ob="" eb="" sr="" id="3.9">}</st>
            <st ob="" eb="" sr="" id="3.10">);</st>
            <st ob="" eb="" sr="" id="3.11">}</st>
            <st ob="" eb="" sr="" id="3.12">catch(err)</st>
            <st ob="" eb="" sr="" id="3.13">{</st>
        </parg>
    </desc>
</bug>
