<?xml version="1.0" encoding="UTF-8" standalone="yes"?>
<bug no-bug="" comments="">
    <id>5761</id>
    <title ob="x" eb="" sr="" patterns="S_OB_VERB_ERROR,S_OB_NEG_AFTER">getting an error after login</title>
    <desc>
        <parg ob="" eb="" sr="" id="1">
            <st ob="" eb="" sr="" id="1.1">Created an attachment (id=1067)
screenshot of the error</st>
        </parg>
        <parg ob="" eb="" sr="" id="2">
            <st ob="x" eb="" sr="" patterns="S_SR_TRIGGERS" id="2.1">Using our desktop application (id:83703757285) when the user is not logged in to Facebook triggers the login to facebook.</st>
            <st ob="x" eb="" sr="x" patterns="S_OB_BUT_NEG,S_SR_AFTER" id="2.2">Usually after logging in the user gets the message  You may now close this window etc..._ but sometimes the message is  An error may have occurred as part of the login process.</st>
            <st ob="x" eb="" sr="" patterns="S_OB_BUT" id="2.3">You can close this window and try returning to the application_ though it may ask you to login again.</st>
            <st ob="" eb="" sr="" id="2.4">This is likely due to a bug in the application.</st>
            <st ob="" eb="" sr="" id="2.5">(see attached screenshot).</st>
            <st ob="" eb="" sr="" id="2.6">The last time it happened was June 23rd 2009_ at 12:43:58 GMT.</st>
            <st ob="" eb="" sr="" id="2.7">Can you please help us track the problem_ let us know what was the error on your side?</st>
            <st ob="" eb="" sr="" id="2.8">Thank you_
Keren Baron-Sela</st>
        </parg>
    </desc>
</bug>
