<?xml version="1.0" encoding="UTF-8" standalone="yes"?>
<bug no-bug="" comments="">
    <id>5892</id>
    <title ob="x" eb="" sr="" patterns="S_OB_PASSIVE_VOICE">Status with an xml tag in the middle gets moved to the beginning.</title>
    <desc>
        <parg ob="" eb="" sr="x" id="1">
            <st ob="" eb="" sr="x" patterns="S_SR_SIMPLE_PAST" id="1.1">I entered the following status message via the Facebook web app:</st>
        </parg>
        <parg ob="" eb="" sr="" id="2">
            <st ob="" eb="" sr="" id="2.1">dislikes Apple s stance in the 
&lt;video/&gt; tag  codec wars .</st>
            <st ob="" eb="" sr="" id="2.2">Help Theora get onto silicon if that s what you require!</st>
        </parg>
        <parg ob="x" eb="" sr="" id="3">
            <st ob="x" eb="" sr="" patterns="S_OB_OUTPUT_VERB" id="3.1">What is displayed on Facebook for iPhone is:</st>
        </parg>
        <parg ob="" eb="" sr="" id="4">
            <st ob="" eb="" sr="" id="4.1">&lt;video/&gt;dislikes Apple s stance in the  tag  codec wars .</st>
            <st ob="" eb="" sr="" id="4.2">Help Theora get onto silicon if that s what you require!</st>
        </parg>
    </desc>
</bug>
