<?xml version="1.0" encoding="UTF-8" standalone="yes"?>
<bug no-bug="" comments="">
    <id>5896</id>
    <title ob="x" eb="" sr="" patterns="S_OB_NEG_AUX_VERB,S_OB_NOUN_NOT">call to login_status.php not using secure connection when we ve initiated connect securely.</title>
    <desc>
        <parg ob="" eb="" sr="" id="1">
            <st ob="x" eb="" sr="" patterns="S_OB_VERB_ERROR,S_OB_NON_TERM" id="1.1">In IE7_ I m getting a security warning  This page contains both secure and nonsecure items.</st>
        </parg>
        <parg ob="" eb="" sr="" id="2">
            <st ob="x" eb="" sr="" patterns="S_OB_POS_AFTER" id="2.1">I m getting this after the page loads_ as its determining whether the user is logged in.</st>
            <st ob="x" eb="" sr="" patterns="S_OB_ACTION_SUBJECT,S_OB_OBSERVE" id="2.2">Using Live HTTP headers on Firefox_ I see a call to: 
http://www.facebook.com/extern/login_status.php?api_key=OUR_API_KEY&amp;extern=2&amp;channel=https%3A%2F%2Fpb.rondavu.com%2Fbe_sociable%2Fconnect%2Fxd_receiver_ssl.html</st>
        </parg>
        <parg ob="" eb="" sr="" id="3">
            <st ob="" eb="" sr="" id="3.1">where OUR_API_KEY is our actual api key.</st>
        </parg>
        <parg ob="" eb="x" sr="" id="4">
            <st ob="" eb="x" sr="" patterns="S_EB_SHOULD" id="4.1">We believe that that url should be https instead of http.</st>
        </parg>
        <parg ob="" eb="" sr="" id="5">
            <st ob="" eb="" sr="" id="5.1">We ve followed the instructions here on the setup: http://wiki.developers.facebook.com/index.php/Facebook_Connect_Via_SSL</st>
        </parg>
        <parg ob="" eb="" sr="" id="6">
            <st ob="" eb="" sr="" patterns="" id="6.1">Our init call looks like:</st>
        </parg>
        <parg ob="" eb="" sr="" id="7">
            <st ob="" eb="" sr="" id="7.1">&lt;script src= https://www.connect.facebook.com/js/api_lib/v0.4/FeatureLoader.js.php  type= text/javascript &gt;&lt;/script&gt;</st>
        </parg>
        <parg ob="" eb="" sr="" id="8">
            <st ob="" eb="" sr="" id="8.1">&lt;script type= text/javascript &gt;</st>
        </parg>
        <parg ob="" eb="" sr="" id="9">
            <st ob="" eb="" sr="" id="9.1">FB_RequireFeatures([ XFBML _ Api ]_ function(){
        FB.Facebook.init( OUR_API_KEY _ 
                          /be_sociable/connect/xd_receiver_ssl.</st>
            <st ob="" eb="" sr="" id="9.2">html _ 
                         { doNotUseCachedConnectState :1_
                           ifUserNotConnected : function(){ $( prompt ).</st>
            <st ob="" eb="" sr="" id="9.3">show(); }_
                           ifUserConnected : function(){ $( passthrough ).</st>
            <st ob="" eb="" sr="" id="9.4">submit(); } });
    });</st>
        </parg>
        <parg ob="" eb="" sr="" id="10">
            <st ob="" eb="" sr="" id="10.1">&lt;/script&gt;</st>
        </parg>
        <parg ob="" eb="" sr="" id="11">
            <st ob="" eb="" sr="" id="11.1">Where the xd_receiver_ssl.</st>
            <st ob="" eb="" sr="" id="11.2">html contains:</st>
        </parg>
        <parg ob="" eb="" sr="" id="12">
            <st ob="" eb="" sr="" id="12.1">&lt;!</st>
            <st ob="" eb="" sr="" id="12.2">DOCTYPE html PUBLIC  -//W3C//DTD XHTML 1.0 Strict//EN 
     http://www.w3.org/TR/xhtml1/DTD/xhtml1-strict.dtd &gt;
&lt;html xmlns= http://www.w3.org/1999/xhtml  &gt;
&lt;body&gt;
&lt;script src= https://www.connect.facebook.com/js/api_lib/v0.4/XdCommReceiver.js  type= text/javascript &gt;&lt;/script&gt;
&lt;/body&gt;
&lt;/html&gt;</st>
        </parg>
        <parg ob="" eb="" sr="" id="13">
            <st ob="" eb="" sr="" id="13.1">This call is happening from a ticket confirmation page on LiveNation_ so I can t direct you to a url where you can test it.</st>
        </parg>
    </desc>
</bug>
