<?xml version="1.0" encoding="UTF-8" standalone="yes"?>
<bug no-bug="" comments="">
    <id>6034</id>
    <title ob="x" eb="" sr="" patterns="S_OB_NO_NOUN,S_OB_ONLY">no photos or album returned if user only has profile pics</title>
    <desc>
        <parg ob="" eb="" sr="" id="1">
            <st ob="" eb="" sr="" id="1.1">I a facebook user has only uploaded profile pics and only has a  Profile Pictures  album.</st>
            <st ob="x" eb="" sr="" patterns="S_OB_VERB_NO" id="1.2">calls to the api to retrieve the users own photos or albums returns no results.</st>
            <st ob="" eb="" sr="" id="1.3">Other Facebook users_ however_ can retrieve all of the users photos and albums just fine.</st>
        </parg>
        <parg ob="x" eb="" sr="" id="2">
            <st ob="x" eb="" sr="" patterns="S_OB_COND_POS,S_OB_VERB_TO_BE_NEGATIVE,S_OB_DESPITE" id="2.1">If the facebook user creates a new album ( even if there are no photo in it ) the api will work again_ returning all of the users photos and albums.</st>
        </parg>
    </desc>
</bug>
