<?xml version="1.0" encoding="UTF-8" standalone="yes"?>
<bug no-bug="" comments="">
    <id>612</id>
    <title ob="x" eb="" sr="" patterns="S_OB_VERB_ERROR,S_OB_ONLY">Notification a user has sent - feedback only leads to spam</title>
    <desc>
        <parg ob="x" eb="" sr="" id="1">
            <st ob="" eb="" sr="" id="1.1">When you send a notif though an app_ the notif you sent is reported to you.</st>
            <st ob="" eb="" sr="x" patterns="S_SR_COND_OBS" id="1.2">If you click the little x to hide the report_ then you are given the following message:</st>
        </parg>
        <parg ob="" eb="" sr="" id="2">
            <st ob="" eb="" sr="" id="2.1">Report a notification sent by Dev App?</st>
            <st ob="" eb="" sr="" id="2.2">What is the reason for reporting this notification?</st>
            <st ob="" eb="" sr="" id="2.3">x I didn t do the action specified in the notification.</st>
            <st ob="" eb="" sr="" id="2.4">x I did this action but did not want to send a notification</st>
        </parg>
        <parg ob="" eb="" sr="" id="3">
            <st ob="" eb="" sr="" id="3.1">What if people just want the notification they sent to not appear?</st>
            <st ob="" eb="" sr="" patterns="" id="3.2">Both their choices mark it as spam_ but what if they just like it being cleared out?</st>
            <st ob="" eb="x" sr="" patterns="S_EB_SHOULD" id="3.3">I think there should be a third spot for  I just don t want to see this anymore  or something.</st>
        </parg>
    </desc>
</bug>
