<?xml version="1.0" encoding="UTF-8" standalone="yes"?>
<bug no-bug="" comments="">
    <id>6351</id>
    <title ob="x" eb="" sr="" patterns="S_OB_IMPOSSIBLE_TO">Application Stats: Impossible to switch between applications</title>
    <desc>
        <parg ob="" eb="" sr="" id="1">
            <st ob="x" eb="" sr="" patterns="S_OB_BUT_NEG,S_OB_WORKS_BUT" id="1.1">It worked but stopped as soon as refactoring began.</st>
            <st ob="" eb="" sr="" id="1.2">There is a drop-down with application list in  Statistics  page.</st>
            <st ob="" eb="x" sr="" patterns="S_EB_SHOULD" id="1.3">When I select another application in that drop down - this application stats should load on the graph.</st>
            <st ob="" eb="" sr="" id="1.4">It stopped working.</st>
            <st ob="" eb="" sr="" id="1.5">Now I need to go back to the application list_ choose another application and come back to the statistics page.</st>
        </parg>
        <parg ob="" eb="" sr="" id="2">
            <st ob="" eb="" sr="" id="2.1">Having more than 1 application makes this process very annoying.</st>
        </parg>
    </desc>
</bug>
