<?xml version="1.0" encoding="UTF-8" standalone="yes"?>
<bug no-bug="" comments="">
    <id>6597</id>
    <title ob="x" eb="" sr="" patterns="S_OB_PROBLEM_IN,S_OB_ERROR_COND">Problems with enabling cookies when browsing Facebook</title>
    <desc>
        <parg ob="" eb="" sr="" id="1">
            <st ob="x" eb="" sr="x" patterns="S_OB_POS_COND,S_SR_COND_OBS" id="1.1">This appeared when I log in Facebook on Mozilla Firefox:  Cookies are not enabled on your browser.</st>
            <st ob="" eb="" sr="" id="1.2">Please adjust this in your security preferences before continuing.</st>
            <st ob="x" eb="" sr="" patterns="S_OB_BUT_NEG" id="1.3">I ve check the Internet Options_ activate all cookies_ clear cache and cookies... but it didn t help.</st>
        </parg>
    </desc>
</bug>
