<?xml version="1.0" encoding="UTF-8" standalone="yes"?>
<bug no-bug="" comments="">
    <id>6776</id>
    <title ob="" eb="" sr="">Fan Box Widget and Security Check</title>
    <desc>
        <parg ob="x" eb="" sr="" id="1">
            <st ob="x" eb="" sr="" patterns="S_OB_NEG_VERB" id="1.1">Created an attachment (id=1384)
Screen clip of how verification breaks fan box widget in an iframe</st>
        </parg>
        <parg ob="" eb="" sr="" id="2">
            <st ob="" eb="" sr="" patterns="" id="2.1">We host the Fan Box widget in an iframe and use the facebook connect method to render it.</st>
            <st ob="" eb="" sr="x" patterns="S_SR_COND_OBS" id="2.2">We recently noticed that users who are not verified are prompted with the security check when they click the button.</st>
            <st ob="x" eb="" sr="" patterns="S_OB_COMP_ADJ,S_OB_VERB_TO_BE_NEGATIVE" id="2.3">The security check is much larger than the iframe and their are no scroll bars so the user can not see the word challenge and act upon it.</st>
            <st ob="" eb="" sr="" id="2.4">See attached.</st>
        </parg>
        <parg ob="" eb="x" sr="" id="3">
            <st ob="" eb="x" sr="" patterns="S_EB_WOULD_BE" id="3.1">It would be ideal to either remove the security challenge all together or develop a better way to render it so it won t break the pages.</st>
        </parg>
    </desc>
</bug>
