<?xml version="1.0" encoding="UTF-8" standalone="yes"?>
<bug no-bug="" comments="">
    <id>6931</id>
    <title ob="x" eb="" sr="" patterns="S_OB_NEG_VERB">Inbox Search ignores messages from Sent messages</title>
    <desc>
        <parg ob="" eb="" sr="" id="1">
            <st ob="" eb="" sr="" id="1.1">Created an attachment (id=1435)
screen shot: 2009.09.29 Inbox Search ignores messages from Sent messages 01.</st>
            <st ob="" eb="" sr="" id="1.2">png</st>
        </parg>
        <parg ob="" eb="" sr="" id="2">
            <st ob="" eb="" sr="" id="2.1">Dear friends_</st>
        </parg>
        <parg ob="" eb="" sr="" id="3">
            <st ob="" eb="" sr="" patterns="" id="3.1">I tried to identify similar reports with the advanved search:
a) all words in subject search:
http://bugs.developers.facebook.com/buglist.cgi?order=Bug+Number&amp;query_format=advanced&amp;short_desc_type=allwordssubstr&amp;long_desc_type=substring&amp;long_desc=Inbox+Search
b) exact match in comment
http://bugs.developers.facebook.com/buglist.cgi?order=Bug+Number&amp;query_format=advanced&amp;short_desc_type=allwordssubstr&amp;long_desc_type=allwordssubstr&amp;short_desc=Inbox+Search</st>
        </parg>
        <parg ob="" eb="" sr="" id="4">
            <st ob="" eb="" sr="" id="4.1">Unfortunately none of the summaries matched this report.</st>
        </parg>
        <parg ob="" eb="" sr="" id="5">
            <st ob="x" eb="" sr="" patterns="S_OB_NEG_VERB" id="5.1">Inbox Search ignores messages from Sent messages:</st>
            <st ob="x" eb="" sr="" patterns="S_OB_NEG_VERB" id="5.2">both
http://www.facebook.com/inbox/?search_terms=Dan+Schanbacher
and
http://www.facebook.com/inbox/?search_terms=skymonkey
ignores the existing message
http://www.facebook.com/inbox/?folder=[fb]sent&amp;page=1&amp;tid=1219206689178
as can be seen from the screen shot.</st>
        </parg>
        <parg ob="" eb="" sr="" id="6">
            <st ob="" eb="" sr="" id="6.1">This might be very confusing **not** only for newbies.</st>
        </parg>
        <parg ob="" eb="" sr="" id="7">
            <st ob="" eb="" sr="" id="7.1">This might be the reason behind the report at bug #6772
« messages from the inbox (both sent and received messages) disapear without user notifications » which might be « INVALID » .</st>
        </parg>
        <parg ob="" eb="" sr="" id="8">
            <st ob="" eb="" sr="" id="8.1">note: bug #1257
« How can I search through my messages/email I have sent via facebook messages? »</st>
            <st ob="" eb="" sr="" id="8.2">is marked as « FIXED ».</st>
            <st ob="" eb="" sr="" id="8.3">If you assume that the actual bug is a duplicate please reopen bug #1257 .</st>
            <st ob="" eb="" sr="" id="8.4">Thanks in advance!</st>
        </parg>
        <parg ob="" eb="" sr="" id="9">
            <st ob="" eb="" sr="" id="9.1">I am new at http://bugs.developers.facebook.com .</st>
            <st ob="" eb="" sr="" id="9.2">Please add the right
 Severity _  Component _ keyword etc.</st>
        </parg>
        <parg ob="" eb="" sr="" id="10">
            <st ob="" eb="" sr="" id="10.1">Best regards
« לערי ריינהארט » «  lɛʁi  ʁɑjnhɑʁt »</st>
        </parg>
    </desc>
</bug>
