<?xml version="1.0" encoding="UTF-8" standalone="yes"?>
<bug no-bug="" comments="">
    <id>7198</id>
    <title ob="" eb="" sr="">Search on the Wiki not working</title>
    <desc>
        <parg ob="X" eb="" sr="" id="1">
            <st ob="X" eb="" sr="" patterns="S_OB_NEG_AUX_VERB" id="1.1">The search function on the wiki (documentation) is not functioning correctly.</st>
        </parg>
        <parg ob="" eb="" sr="" id="2">
            <st ob="X" eb="" sr="" patterns="S_OB_VERB_ERROR" id="2.1">It generates the error:</st>
            <st ob="" eb="" sr="" id="2.2">Sorry_ an error has occurred.</st>
        </parg>
        <parg ob="" eb="" sr="" id="3">
            <st ob="" eb="" sr="" id="3.1">We re working on getting this fixed as soon as we can.</st>
        </parg>
        <parg ob="" eb="" sr="" id="4">
            <st ob="" eb="" sr="" id="4.1">On the page:</st>
        </parg>
        <parg ob="" eb="" sr="" id="5">
            <st ob="" eb="" sr="" id="5.1">http://www.facebook.com/common/error.html</st>
        </parg>
        <parg ob="" eb="" sr="" id="6">
            <st ob="" eb="" sr="" id="6.1">I m unsure if it s being worked on but I believe it has been happening for at least ~2-3 days and it has inhibited my application s development.</st>
        </parg>
    </desc>
</bug>
