<?xml version="1.0" encoding="UTF-8" standalone="yes"?>
<bug no-bug="" comments="">
    <id>7410</id>
    <title ob="x" eb="" sr="">Publishing to facebook redirect problem</title>
    <desc>
        <parg ob="" eb="" sr="" id="1">
            <st ob="" eb="" sr="" id="1.1">Created an attachment (id=1593)
i have attached th redirect problem while publishing review</st>
        </parg>
        <parg ob="" eb="" sr="" id="2">
            <st ob="x" eb="" sr="x" patterns="S_OB_AFTER_NEG,S_SR_WHEN_AFTER" id="2.1">While Publishing review  to facebook using facebook application_after publishing review the page could not  redirect properly.the page opening in same popup window.I have used apache redirect url.</st>
            <st ob="" eb="" sr="" id="2.2">The url is_
http://nosolb.com/music/Radiohead/OK+Computer
site Invitation code : bloson2009
could you please help me in this issue.</st>
            <st ob="" eb="" sr="" id="2.3">Thanks in advance.</st>
        </parg>
    </desc>
</bug>
