<?xml version="1.0" encoding="UTF-8" standalone="yes"?>
<bug no-bug="" comments="">
    <id>7747</id>
    <title ob="x" eb="" sr="" patterns="S_OB_ERROR_NOUN_PHRASE">Untrusted security certificate warning...</title>
    <desc>
        <parg ob="" eb="" sr="" id="1">
            <st ob="" eb="" sr="" id="1.1">Created an attachment (id=1695)
One of the secuirty warnings recieved by our users.</st>
        </parg>
        <parg ob="x" eb="" sr="x" id="2">
            <st ob="x" eb="" sr="x" patterns="S_OB_VERB_ERROR,S_OB_NON_TERM,S_SR_COND_OBS" id="2.1">We have a number of non-US users of our application (primarily Australia) and a large number of them encounter an untrusted security certificate warning when they access https://www.facebook.com/login.</st>
        </parg>
        <parg ob="x" eb="" sr="x" id="3">
            <st ob="x" eb="" sr="x" patterns="S_OB_SEEMS,S_SR_COND_OBS" id="3.1">It appears that it is saying that our application is untrusted_ since they encounter it while attempting to authorize our application or logging in to facebook so they can access our application.</st>
        </parg>
        <parg ob="" eb="" sr="" id="4">
            <st ob="x" eb="" sr="" patterns="S_OB_SEEMS,S_OB_HAPPENS,S_OB_ONLY" id="4.1">It appears to only occur on PCs purchased outside the US_ though we have access to one such Australian PC here in the US_ and it continues to have that problem.</st>
            <st ob="" eb="" sr="" id="4.2">And it appears to be something that just started recently (in the past few days?)</st>
            <st ob="" eb="" sr="" id="4.3">because many of our users have been facebook users for some time.</st>
        </parg>
    </desc>
</bug>
