<?xml version="1.0" encoding="UTF-8" standalone="yes"?>
<bug no-bug="" comments="">
    <id>7780</id>
    <title ob="x" eb="" sr="" patterns="S_OB_ERROR_NOUN_PHRASE">apps.facebook.com infinite redirect for some accounts</title>
    <desc>
        <parg ob="" eb="" sr="" id="1">
            <st ob="" eb="" sr="" id="1.1">+++ This bug was initially created as a clone of Bug #6600 +++</st>
        </parg>
        <parg ob="" eb="" sr="" id="2">
            <st ob="x" eb="" sr="x" patterns="S_OB_NEG_COND,S_OB_VERB_ERROR,S_SR_COND_OBS" id="2.1">Some accounts are seeing infinite redirects when trying to access any applications at apps.facebook.com.</st>
            <st ob="x" eb="" sr="" patterns="S_OB_OUTPUT_VERB" id="2.2">E.g. http://apps.facebook.com/playquiztime/ gives me this:</st>
        </parg>
        <parg ob="" eb="" sr="" id="3">
            <st ob="" eb="" sr="" id="3.1">Firefox has detected that the server is redirecting the request for this address in a way that will never complete.</st>
        </parg>
        <parg ob="" eb="" sr="" id="4">
            <st ob="" eb="" sr="" id="4.1">This is now happening again as of 11/29/2009</st>
        </parg>
    </desc>
</bug>
