<?xml version="1.0" encoding="UTF-8" standalone="yes"?>
<bug no-bug="" comments="">
    <id>7834</id>
    <title ob="X" eb="" sr="" patterns="S_OB_NEG_AUX_VERB">user logged into facebook is not logged into canvas application on IE</title>
    <desc>
        <parg ob="" eb="" sr="" id="1">
            <st ob="" eb="" sr="" id="1.1">Hi_</st>
        </parg>
        <parg ob="" eb="" sr="" id="2">
            <st ob="" eb="" sr="" id="2.1">This is an issue which occurs on IE and Safari_ it does not occur on Firefox.</st>
            <st ob="X" eb="" sr="" patterns="S_OB_COND_NEG" id="2.2">If you login to facebook as normal and then browse to the apps page_ the application which is sitting embedded in the canvas is not passed the logged in status and hence is not authenticated.</st>
        </parg>
        <parg ob="" eb="" sr="X" patterns="P_SR_LABELED_LIST" id="3">
            <st ob="" eb="" sr="" id="3.1">Here are the steps to reproduce.</st>
            <st ob="" eb="" sr="" id="3.2">1 Browse to http://www.facebook.com and login with your username and password.</st>
            <st ob="" eb="" sr="" id="3.3">2 Browse to http://apps.facebook.com/christmas_carol_test/</st>
            <st ob="" eb="" sr="" id="3.4">3 Select a language_ say_ English and click  Continue</st>
            <st ob="" eb="" sr="" id="3.5">4 You will see a message which says  authenticated: False .</st>
        </parg>
        <parg ob="" eb="" sr="" id="4">
            <st ob="x" eb="" sr="" patterns="S_OB_COND_POS" id="4.1">If you repeat the steps above on Firefox_ it appears as authenticated: True.</st>
            <st ob="X" eb="" sr="" patterns="S_OB_SEEMS" id="4.2">It seems like IE and Safari are not allowing the authentication to take place in the iframe.</st>
        </parg>
        <parg ob="" eb="" sr="" id="5">
            <st ob="" eb="" sr="" id="5.1">Is there a solution / work around for this?</st>
        </parg>
        <parg ob="" eb="" sr="" id="6">
            <st ob="" eb="" sr="" id="6.1">Thank You_</st>
        </parg>
        <parg ob="" eb="" sr="" id="7">
            <st ob="" eb="" sr="" id="7.1">Keith.</st>
        </parg>
    </desc>
</bug>
