<?xml version="1.0" encoding="UTF-8" standalone="yes"?>
<bug no-bug="" comments="">
    <id>7892</id>
    <title ob="X" eb="" sr="" patterns="S_OB_NEG_AUX_VERB">users.getInfo does not return current_location info</title>
    <desc>
        <parg ob="X" eb="" sr="" id="1">
            <st ob="X" eb="" sr="" patterns="S_OB_COND_NEG,S_OB_DESPITE" id="1.1">When calling users.getInfo from the API (using the PHP client)_ current_location is always blank_ even when using my own userid.</st>
        </parg>
        <parg ob="" eb="" sr="x" patterns="P_SR_CONTINOUS_PRESENT_PAST" id="2">
            <st ob="" eb="" sr="" id="2.1">I am authenticating using</st>
            <st ob="" eb="" sr="" id="2.2">$appapikey =  XXX ;
$appsecret =  XXX ;
$facebook = new Facebook($appapikey_ $appsecret);
$fb_user\t=$facebook-&gt;get_loggedin_user();</st>
        </parg>
        <parg ob="" eb="" sr="x" patterns="P_SR_CONTINOUS_PRESENT_PAST" id="3">
            <st ob="" eb="" sr="" id="3.1">then calling</st>
            <st ob="" eb="" sr="" id="3.2">$details = $facebook-&gt;api_client-&gt;users_getInfo($fb_user_array( first_name _ last_name _ pic_square _ birthday_date _ sex _ username _ current_location ));</st>
        </parg>
        <parg ob="" eb="" sr="" id="4">
            <st ob="" eb="" sr="" id="4.1">Other fields are returned_ current_location is always blank.</st>
        </parg>
        <parg ob="" eb="" sr="" id="5">
            <st ob="" eb="" sr="" id="5.1">I realise this may be a permissions problem but I have added this application and it shows in my list of apps.</st>
        </parg>
        <parg ob="" eb="" sr="" id="6">
            <st ob="" eb="" sr="" id="6.1">Any advice?</st>
        </parg>
    </desc>
</bug>
