<?xml version="1.0" encoding="UTF-8" standalone="yes"?>
<bug no-bug="" comments="">
    <id>7905</id>
    <title ob="" eb="" sr="">Allow Stream.Publish to include app_id for URL redirection</title>
    <desc>
        <parg ob="" eb="" sr="" id="1">
            <st ob="" eb="" sr="" id="1.1">Hello.</st>
        </parg>
        <parg ob="" eb="" sr="" id="2">
            <st ob="" eb="" sr="" id="2.1">I just developed an app which is FBML with an IFrame which uses Facebook Connect to do it s wall posts.</st>
            <st ob="X" eb="" sr="" patterns="S_OB_NOTICE" id="2.2">I noticed that you can not in any way redirect the Application link to a page other than the Facebook Connect URL.</st>
        </parg>
        <parg ob="X" eb="" sr="" id="3">
            <st ob="X" eb="" sr="" patterns="S_OB_PROBLEM_IS" id="3.1">The problem is that my wall post says  Sabi Snow Globe  and has a link to a FBML page.</st>
        </parg>
        <parg ob="" eb="" sr="" id="4">
            <st ob="" eb="" sr="" id="4.1">sean</st>
        </parg>
    </desc>
</bug>
