<?xml version="1.0" encoding="UTF-8" standalone="yes"?>
<bug no-bug="" comments="">
    <id>7932</id>
    <title ob="" eb="" sr="">Live-Stream Box</title>
    <desc>
        <parg ob="" eb="" sr="" id="1">
            <st ob="X" eb="" sr="" patterns="S_OB_ADV_TIME_NEG" id="1.1">1 Currently_ the live stream box has absolutly no styling features available to devlopers.</st>
            <st ob="X" eb="" sr="" patterns="S_OB_NEG_ADV_ADJ" id="1.2">The live-stream box looks terrible on some websites and styling options need to be added.</st>
        </parg>
        <parg ob="" eb="" sr="" id="2">
            <st ob="x" eb="" sr="" patterns="S_OB_ADV_TIME_POS" id="2.1">2 Currently the live-stream box has an initial message that states  update your status on this event .</st>
            <st ob="" eb="" sr="" id="2.2">Some people wish to use this box for things other then events.</st>
            <st ob="" eb="x" sr="" patterns="S_EB_NEED_TO" id="2.3">This message and/or the word  event  needs to be able to be modifiyed by the developer.</st>
            <st ob="" eb="" sr="" id="2.4">I am running a product review website and wish to have people disucss products in real-time.</st>
            <st ob="" eb="" sr="" id="2.5">By no means is there any  events  on my website.</st>
        </parg>
    </desc>
</bug>
