<?xml version="1.0" encoding="UTF-8" standalone="yes"?>
<bug no-bug="" comments="">
    <id>7952</id>
    <title ob="x" eb="" sr="" patterns="S_OB_NEG_ADV_ADJ,S_OB_ACTION_SUBJECT">Posting from O2 mobile to Facebook using  http://www.facebook.com/connect/prompt_feed.php endpoint is bloken</title>
    <desc>
        <parg ob="" eb="" sr="" id="1">
            <st ob="" eb="" sr="" id="1.1">Created an attachment (id=1742)
Screenshot</st>
        </parg>
        <parg ob="" eb="" sr="" id="2">
            <st ob="" eb="" sr="" id="2.1">Please note: I am in the process of developing mobile web connect with publishing to facebook using  http://www.facebook.com/connect/prompt_feed.php endpoint.</st>
            <st ob="" eb="" sr="" id="2.2">My implementation uses exact same workflow as the Facebook s mobile sample application The Run Around and the symptoms are the same.</st>
        </parg>
        <parg ob="" eb="" sr="" id="3">
            <st ob="x" eb="" sr="" patterns="S_OB_NEG_VERB" id="3.1">Attempts to post to facebook from mobile phones through O2 (http://www.o2.co.uk/) 3G network always fail.</st>
            <st ob="" eb="" sr="" id="3.2">Note that this is specific to O2.</st>
            <st ob="" eb="" sr="" id="3.3">Publishing from phones through other mobile providers networks work as expected.</st>
        </parg>
        <parg ob="" eb="" sr="x" patterns="P_SR_LABELED_LIST" id="4">
            <st ob="" eb="" sr="" id="4.1">Repro steps:</st>
            <st ob="" eb="" sr="" id="4.2">1 Using any O2 phone with web browser over O2 3G connection_ navigate to http://itsti.me;</st>
            <st ob="" eb="" sr="" id="4.3">2 Click  Connect with Facebook  link;</st>
            <st ob="" eb="" sr="" id="4.4">3 Provide facebook credentials if needed;</st>
            <st ob="" eb="" sr="" id="4.5">4 Once logged in to The Run Around_ try to log a new run;</st>
            <st ob="" eb="" sr="" id="4.6">5 Make sure that Post on Facebook checkbox is checked and click Add Run button;</st>
        </parg>
        <parg ob="" eb="x" sr="" patterns="P_EB_EXP_BEHAVIOR_MULTI" id="5">
            <st ob="" eb="" sr="" id="5.1">Expected:</st>
            <st ob="" eb="" sr="" id="5.2">* Connect with Facebook form to appear_ allowing to publish story;</st>
        </parg>
        <parg ob="x" eb="" sr="" patterns="P_OB_OBSERVED_BEHAVIOR_MULTI" id="6">
            <st ob="" eb="" sr="" id="6.1">Actual:</st>
            <st ob="" eb="" sr="" id="6.2">* Facebook Login form appears.</st>
        </parg>
        <parg ob="" eb="" sr="" id="7">
            <st ob="" eb="" sr="" id="7.1">See attached 1-Posting-On-Facebook.</st>
            <st ob="" eb="" sr="" id="7.2">png (It seems that at this point_ facebook does not recognized logged in user / session - this is wrong);</st>
            <st ob="" eb="" sr="" id="7.3">* Logging in with facebook credentials result in one of the following:</st>
            <st ob="" eb="" sr="" id="7.4">* Timeout;</st>
            <st ob="" eb="" sr="" id="7.5">* HTTP 504.</st>
            <st ob="" eb="" sr="" id="7.6">See attached 5-Posting-On-Facebook_HTTP504.</st>
            <st ob="" eb="" sr="" id="7.7">png</st>
            <st ob="" eb="" sr="" id="7.8">* Cookies Required error.</st>
            <st ob="" eb="" sr="" id="7.9">See attached 6-Posting-On-Facebook_Cookies.</st>
            <st ob="" eb="" sr="" id="7.10">png</st>
        </parg>
    </desc>
</bug>
