<?xml version="1.0" encoding="UTF-8" standalone="yes"?>
<bug no-bug="" comments="">
    <id>7968</id>
    <title ob="x" eb="" sr="" patterns="S_OB_NEG_AUX_VERB">View source does not show source FBML</title>
    <desc>
        <parg ob="x" eb="" sr="" id="1">
            <st ob="x" eb="" sr="" patterns="S_OB_NO_LONGER" id="1.1">Viewing source on a canvas page is no longer showing the source FBML to an application developer.</st>
        </parg>
        <parg ob="" eb="" sr="" id="2">
            <st ob="" eb="x" sr="" patterns="S_EB_NORMALLY" id="2.1">Typically when you view source on an application you are working on_ you can see the source FBML.</st>
            <st ob="x" eb="" sr="" patterns="S_OB_NO_LONGER" id="2.2">This is no longer happening.</st>
        </parg>
    </desc>
</bug>
