<?xml version="1.0" encoding="UTF-8" standalone="yes"?>
<bug no-bug="" comments="">
    <id>8000</id>
    <title ob="X" eb="" sr="" patterns="S_OB_NEG_AUX_VERB">On my computer_  Friends  list has no icons for delete friend and no way to move between pages</title>
    <desc>
        <parg ob="" eb="" sr="" id="1">
            <st ob="" eb="" sr="" id="1.1">Created an attachment (id=1753)
Screenshot of error</st>
        </parg>
        <parg ob="" eb="" sr="" id="2">
            <st ob="" eb="" sr="" id="2.1">I discovered a field in one of the multiple css files with the entry  a.uiTooltip .</st>
            <st ob="" eb="" sr="" id="2.2">uiTooltipText{display:block;visibility:hidden}.</st>
            <st ob="" eb="" sr="" id="2.3">Changing to  visible  makes the  x  to the right of the friends listing appear.</st>
            <st ob="X" eb="" sr="" patterns="S_OB_SEEMS_TO_NEG_VERB,S_OB_ONLY" id="2.4">This setting appears to only affect one page so all of the css files have this error on my system.</st>
            <st ob="" eb="" sr="" id="2.5">My wife has the same setup as me on her computer_ right down to the same operating system (Fedora 11) and the listings are normal on her computer.</st>
        </parg>
        <parg ob="" eb="" sr="" id="3">
            <st ob="" eb="" sr="" id="3.1">Did I somehow change a user preference to create this problem?</st>
        </parg>
    </desc>
</bug>
