<?xml version="1.0" encoding="UTF-8" standalone="yes"?>
<bug no-bug="" comments="">
    <id>8160</id>
    <title ob="x" eb="" sr="" patterns="S_OB_FOR_TIME">Apps pending approval for 1+ months</title>
    <desc>
        <parg ob="" eb="" sr="" id="1">
            <st ob="x" eb="" sr="" patterns="S_OB_FOR_TIME" id="1.1">My app has been pending approval for 1+ months (submitted 20 Nov 2009).</st>
            <st ob="" eb="" sr="" id="1.2">I know that most apps are approved within several days.</st>
            <st ob="" eb="" sr="" id="1.3">The directory submission form must be buggy_ or there is a bug somewhere else in your system.</st>
        </parg>
        <parg ob="" eb="" sr="" id="2">
            <st ob="" eb="" sr="" id="2.1">The app is large_ - 1.5 million users_ has been around for months_ - it satisfies all the requirements.</st>
        </parg>
        <parg ob="" eb="" sr="" id="3">
            <st ob="" eb="" sr="" id="3.1">app id: 54375760911</st>
        </parg>
    </desc>
</bug>
