<?xml version="1.0" encoding="UTF-8" standalone="yes"?>
<bug no-bug="" comments="">
    <id>8179</id>
    <title ob="x" eb="" sr="" patterns="S_OB_OUTPUT_VERB" >renderNode_native_image: TypeError: p.attributes.getNamedItem( location ) is null</title>
    <desc>
        <parg ob="" eb="" sr="" id="1">
            <st ob="" eb="" sr="" patterns="" id="1.1">Newly introduced error for certain accounts</st>
        </parg>
        <parg ob="" eb="" sr="" id="2">
            <st ob="" eb="" sr="" id="2.1">Repro:</st>
        </parg>
        <parg ob="" eb="" sr="" id="3">
            <st ob="" eb="" sr="" id="3.1">UID: 1185871914 
APPID: 30054289300</st>
        </parg>
    </desc>
</bug>
