<?xml version="1.0" encoding="UTF-8" standalone="yes"?>
<bug no-bug="" comments="">
    <id>8264</id>
    <title ob="x" eb="" sr="" patterns="S_OB_BUT_NEG">Application listed in directory but not showing up in search result.</title>
    <desc>
        <parg ob="" eb="" sr="" id="1">
            <st ob="" eb="" sr="" id="1.1">Hello_</st>
        </parg>
        <parg ob="" eb="" sr="" id="2">
            <st ob="" eb="" sr="" id="2.1">We have an approved application in the directory: Last Letter.</st>
        </parg>
        <parg ob="" eb="" sr="" id="3">
            <st ob="" eb="" sr="" id="3.1">http://apps.facebook.com/lastletter</st>
        </parg>
        <parg ob="" eb="" sr="" id="4">
            <st ob="x" eb="" sr="" patterns="S_OB_BUT" id="4.1">Although it shows up under browse spplications.</st>
            <st ob="x" eb="" sr="" patterns="S_OB_VERB_NO" id="4.2">Searching for it by name yields no result.</st>
        </parg>
        <parg ob="" eb="" sr="" id="5">
            <st ob="" eb="" sr="" id="5.1">Not sure if this is the right place to post this request - but I would appreciate any help you could provide.</st>
        </parg>
        <parg ob="" eb="" sr="" id="6">
            <st ob="" eb="" sr="" id="6.1">Thanks much!</st>
        </parg>
        <parg ob="" eb="" sr="" id="7">
            <st ob="" eb="" sr="" id="7.1">Karl Lindemann</st>
        </parg>
    </desc>
</bug>
