<?xml version="1.0" encoding="UTF-8" standalone="yes"?>
<bug no-bug="" comments="">
    <id>8347</id>
    <title ob="x" eb="" sr="" patterns="S_OB_BUT_NEG,S_OB_UNABLE_TO">App approved but not able to find by searching</title>
    <desc>
        <parg ob="" eb="" sr="" id="1">
            <st ob="x" eb="" sr="" patterns="S_OB_BUT_NEG,S_OB_VERB_NO" id="1.1">My app was approved a few days ago and is in the directory but search for it returns no results.</st>
            <st ob="" eb="" sr="" id="1.2">Searching by name Pixeloki or be any words in the apps description does not work.</st>
        </parg>
        <parg ob="" eb="" sr="" id="2">
            <st ob="" eb="" sr="" id="2.1">http://www.facebook.com/apps/application.php?id=233462461528
http://apps.facebook.com/pixeloki/</st>
        </parg>
        <parg ob="" eb="" sr="" id="3">
            <st ob="" eb="" sr="" id="3.1">I have read others with the same issue.</st>
        </parg>
        <parg ob="" eb="" sr="" id="4">
            <st ob="" eb="" sr="" id="4.1">Please advise</st>
        </parg>
    </desc>
</bug>
