<?xml version="1.0" encoding="UTF-8" standalone="yes"?>
<bug no-bug="" comments="">
    <id>8414</id>
    <title ob="" eb="" sr="">Problems with form feed rendering (locale and quote chars)</title>
    <desc>
        <parg ob="" eb="" sr="" id="1">
            <st ob="" eb="" sr="" id="1.1">Hi there</st>
        </parg>
        <parg ob="" eb="" sr="" id="2">
            <st ob="" eb="" sr="" id="2.1">I m having problems with the rendering of the feed forms
I m using facebook.streampublish in a canvas app</st>
        </parg>
        <parg ob="x" eb="" sr="" id="3">
            <st ob="x" eb="" sr="" patterns="S_OB_ADV_FREQ" id="3.1">1 If the the text of the field description of the attachemet inclue   or \   or &amp;quot; ALWAYS is rendered as &amp;quot; in the stream of the user</st>
        </parg>
        <parg ob="x" eb="" sr="" id="4">
            <st ob="x" eb="" sr="" patterns="S_OB_NO_MATTER,S_OB_ADV_FREQ" id="4.1">2 No matther the locale of the user the feed form dialog show the title and some time (ramdom) the buttons in english_ if I ask some information about the iframe in the form feed dialog show http://www.facebook.com/connect/prompt_feed.php?locale=en_US as you can see ALWAYS the locale is en_US</st>
        </parg>
        <parg ob="" eb="" sr="" id="5">
            <st ob="" eb="" sr="" id="5.1">Thanks in advanced if some have a solution to this problems</st>
        </parg>
        <parg ob="" eb="" sr="" id="6">
            <st ob="" eb="" sr="" id="6.1">Regards</st>
        </parg>
        <parg ob="" eb="" sr="" id="7">
            <st ob="" eb="" sr="" id="7.1">Carlos</st>
        </parg>
    </desc>
</bug>
