<?xml version="1.0" encoding="UTF-8" standalone="yes"?>
<bug no-bug="" comments="">
    <id>8429</id>
    <title ob="" eb="" sr="" patterns="">Facebook share preview not taking meta tags</title>
    <desc>
        <parg ob="x" eb="" sr="" id="1">
            <st ob="x" eb="" sr="" patterns="S_OB_NEG_AUX_VERB" id="1.1">I continue to have this problem - Facebook share preview does not pick up meta tags for image:</st>
        </parg>
        <parg ob="" eb="" sr="" id="2">
            <st ob="" eb="" sr="" id="2.1">&lt;link rel= image_src  href= thumbnail_image  / &gt;</st>
        </parg>
        <parg ob="" eb="" sr="" id="3">
            <st ob="" eb="" sr="" patterns="" id="3.1">For live example_ please see http://www.storycorps.org/listen/stories/nicholas-petron</st>
        </parg>
        <parg ob="" eb="" sr="" id="4">
            <st ob="" eb="" sr="" id="4.1">+++ This bug was initially created as a clone of Bug #5291 +++</st>
        </parg>
        <parg ob="" eb="" sr="" id="5">
            <st ob="" eb="" sr="" id="5.1">Facebook share preview is not recognizing the meta tags -title_ description and image.</st>
            <st ob="" eb="" sr="" id="5.2">It is taking the url correctly while posting but doesnot have preview properly.</st>
            <st ob="" eb="" sr="" id="5.3">Source is showing the meta tags properly populated.</st>
        </parg>
    </desc>
</bug>
