<?xml version="1.0" encoding="UTF-8" standalone="yes"?>
<bug no-bug="" comments="">
    <id>8455</id>
    <title ob="x" eb="" sr="" patterns="S_OB_NEG_ADV_ADJ">Facebook.streamPublish JS is encoding quotes twice</title>
    <desc>
        <parg ob="x" eb="" sr="x" id="1">
            <st ob="x" eb="" sr="x" patterns="S_OB_COND_POS,S_OB_SEEMS_TO_BE,S_SR_GERUND_ACTION" id="1.1">Trying to publish through Facebook.streamPublish js call_ if the description includes quotes_ Facebook seems to be encoding the   into &amp;quot; and then escaping the &amp; afterwords.</st>
        </parg>
        <parg ob="x" eb="x" sr="" id="2">
            <st ob="x" eb="x" sr="" patterns="S_OB_SEEMS" id="2.1">So_ in the html_ it looks like &amp;amp;quot; and in the news feed it looks like &amp;quot;</st>
        </parg>
        <parg ob="" eb="" sr="x" id="3">
            <st ob="" eb="" sr="x" patterns="S_SR_CODE_REF" id="3.1">Example code:</st>
        </parg>
        <parg ob="" eb="" sr="" id="4">
            <st ob="" eb="" sr="" id="4.1">var attachment = {
          caption  :  caption here _
          description  :  quotes   here 
};</st>
        </parg>
        <parg ob="" eb="" sr="" id="5">
            <st ob="" eb="" sr="" id="5.1">Facebook.streamPublish(  _ attachment_ null_ null_  Publish to your Wall.</st>
            <st ob="" eb="" sr="" id="5.2">_null_false);</st>
        </parg>
    </desc>
</bug>
