<?xml version="1.0" encoding="UTF-8" standalone="yes"?>
<bug no-bug="" comments="">
    <id>864</id>
    <title ob="x" eb="" sr="" patterns="S_OB_VERB_ERROR">AbsoluteTop giving incorrect coordinates in Dialog object</title>
    <desc>
        <parg ob="" eb="" sr="" id="1">
            <st ob="" eb="" sr="" id="1.1">This is tough to explain_ so I m going to try my best.</st>
            <st ob="" eb="" sr="" id="1.2">:)</st>
        </parg>
        <parg ob="" eb="" sr="" patterns="P_SR_HAVE_SEQUENCE" id="2">
            <st ob="" eb="" sr="" id="2.1">I have FBML in a dialog.</st>
            <st ob="" eb="" sr="" id="2.2">I have a div element that is position:absolute.</st>
            <st ob="" eb="x" sr="" patterns="S_EB_EXPECTED" id="2.3">If I were to do a myElement.setStyle( top _ myElement.getAbsoluteTop() +  px )_ you d expect it to not move.</st>
            <st ob="x" eb="" sr="" patterns="S_OB_BUT" id="2.4">But it does move -- it moves 125 pixels down from where it was originally.</st>
            <st ob="" eb="" sr="" id="2.5">Why 125px?</st>
            <st ob="" eb="" sr="" id="2.6">125 is the amount of pixels down from the top of the page that the Dialog object is located by.</st>
            <st ob="" eb="" sr="" id="2.7">Why is this a problem?</st>
            <st ob="" eb="" sr="" id="2.8">It s a problem because the dialog is never guaranteed to be at 125 pixels_ it could be a very different number depending on how much through the page the user is scrolled vertically by before opening this Dialog.</st>
            <st ob="" eb="" sr="" id="2.9">There is no way of finding out how much the value is exactly.</st>
        </parg>
        <parg ob="" eb="" sr="" id="3">
            <st ob="" eb="" sr="" id="3.1">Using FireBug i was able to find out the div that contains this info:</st>
        </parg>
        <parg ob="" eb="" sr="" id="4">
            <st ob="" eb="" sr="" id="4.1">&lt;div class= generic_dialog_popup  style= top: 125px; &gt;</st>
        </parg>
        <parg ob="" eb="" sr="" id="5">
            <st ob="" eb="" sr="" id="5.1">What would be best for solving this is either:</st>
            <st ob="" eb="" sr="" id="5.2">1 getAbsoluteTop returns the proper Y with the Dialog top auto-appended to it.</st>
            <st ob="" eb="" sr="" id="5.3">2 make a document.getTopPosition or set the  top  of the document.getRootElement to the right value so I can use getStyle().</st>
        </parg>
    </desc>
</bug>
