<?xml version="1.0" encoding="UTF-8" standalone="yes"?>
<bug no-bug="" comments="">
    <id>8694</id>
    <title ob="" eb="" sr="">Updates and Postings</title>
    <desc>
        <parg ob="" eb="" sr="" id="1">
            <st ob="" eb="" sr="" id="1.1">I thought this time I would paste my profile URL.</st>
            <st ob="" eb="" sr="" id="1.2">This is really getting old.</st>
            <st ob="x" eb="" sr="" patterns="S_OB_NO_NOUN" id="1.3">No Updates/Postings are showing on my (and many of my friends) home page.</st>
            <st ob="" eb="" sr="" id="1.4">Please give us a reason or FIX the issue !!!!</st>
            <st ob="" eb="" sr="" id="1.5">If updates/posting show up_ they are hours+ old.</st>
        </parg>
    </desc>
</bug>
