<?xml version="1.0" encoding="UTF-8" standalone="yes"?>
<bug no-bug="" comments="">
    <id>8717</id>
    <title ob="x" eb="" sr="" patterns="S_OB_NEG_AUX_VERB">Application logo is not displayed in the dashboard</title>
    <desc>
        <parg ob="" eb="" sr="" id="1">
            <st ob="" eb="" sr="" id="1.1">Hi_</st>
        </parg>
        <parg ob="x" eb="" sr="" id="2">
            <st ob="x" eb="" sr="" patterns="S_OB_NEG_AUX_VERB" id="2.1">For some weird reasons_ my application s logo is not rendered into the application dashboard... When I inspect the HTML the  src  attribute if the  img  tag is empty...</st>
        </parg>
        <parg ob="x" eb="" sr="" id="3">
            <st ob="x" eb="" sr="" patterns="S_OB_BUT_NEG" id="3.1">The logo perfectly shows in the application directory but not in the dashboard...</st>
        </parg>
        <parg ob="" eb="" sr="" id="4">
            <st ob="" eb="" sr="" id="4.1">Application ID: 7221993706</st>
        </parg>
        <parg ob="" eb="" sr="" id="5">
            <st ob="" eb="" sr="" id="5.1">Regards_
Fred.</st>
        </parg>
    </desc>
</bug>
