<?xml version="1.0" encoding="UTF-8" standalone="yes"?>
<bug no-bug="" comments="">
    <id>8818</id>
    <title ob="x" eb="" sr="" patterns="S_OB_NEG_AUX_VERB">FB is not defined</title>
    <desc>
        <parg ob="" eb="" sr="" id="1">
            <st ob="" eb="" sr="" id="1.1">Created an attachment (id=1975)
FB is not defined</st>
        </parg>
        <parg ob="" eb="" sr="" id="2">
            <st ob="" eb="" sr="" id="2.1">I currently have an application that is often linked by a fan page that I also maintain.</st>
            <st ob="x" eb="" sr="x" patterns="S_OB_BUT_NEG,S_SR_COND_OBS" id="2.2">When anyone clicks on this link it takes them to the canvas page like expected_ but once the page is loaded the button on the page will no longer function.</st>
        </parg>
        <parg ob="" eb="" sr="" id="3">
            <st ob="" eb="" sr="" id="3.1">Upon refresh the page returns to normal function.</st>
            <st ob="x" eb="x" sr="" patterns="S_OB_PROBLEM_IS,S_EB_SUPPOSED_TO" id="3.2">The problem is that the object FB is not initialized as it is supposed to before every canvas page.</st>
            <st ob="x" eb="" sr="" patterns="S_OB_NEG_AUX_VERB" id="3.3">I see Javascript Errors  FB is not defined .</st>
        </parg>
        <parg ob="" eb="" sr="" id="4">
            <st ob="" eb="" sr="" id="4.1">I have found that this problem only occurs when the URL is something like this:</st>
        </parg>
        <parg ob="" eb="" sr="" id="5">
            <st ob="" eb="" sr="" id="5.1">http://www.facebook.com/pages/RewardHippo/167421767507?ref=ts#!/rewardhippo/index.php?id=51&amp;requirelogin=1&amp;fb_page_id=167421767507&amp;_fb_q=1&amp;ref=mf&amp;_fb_qsub=apps.facebook.com</st>
        </parg>
        <parg ob="" eb="" sr="" id="6">
            <st ob="" eb="" sr="" id="6.1">Instead of the expected</st>
        </parg>
        <parg ob="" eb="" sr="" id="7">
            <st ob="" eb="" sr="" id="7.1">http://apps.facebook.com/rewardhippo/index.php?id=51&amp;requirelogin=1&amp;fb_page_id=167421767507&amp;_fb_q=1&amp;ref=mf&amp;</st>
        </parg>
        <parg ob="" eb="" sr="" id="8">
            <st ob="" eb="" sr="" id="8.1">which is what it changes to after you refresh.</st>
        </parg>
        <parg ob="" eb="" sr="" id="9">
            <st ob="" eb="" sr="" id="9.1">This entire issue completely confuses the user when they are unable to perform any task on my page.</st>
        </parg>
    </desc>
</bug>
