<?xml version="1.0" encoding="UTF-8" standalone="yes"?>
<bug no-bug="" comments="">
    <id>8856</id>
    <title ob="x" eb="" sr="" patterns="S_OB_TOO">fan page stats are too lazy</title>
    <desc>
        <parg ob="" eb="" sr="" id="1">
            <st ob="" eb="" sr="" id="1.1">I have fan page:</st>
        </parg>
        <parg ob="" eb="" sr="" id="2">
            <st ob="" eb="" sr="" id="2.1">http://www.facebook.com/svetvyzivy.cz?ref=ts</st>
        </parg>
        <parg ob="" eb="" sr="" id="3">
            <st ob="" eb="" sr="" id="3.1">But last stats about my fans are from 8.2.2010</st>
        </parg>
        <parg ob="" eb="x" sr="" id="4">
            <st ob="" eb="x" sr="" patterns="S_EB_WOULD_LIKE" id="4.1">I would like to run big PPC campaign_ but i need better stats feedback then 11 days...</st>
        </parg>
    </desc>
</bug>
