<?xml version="1.0" encoding="UTF-8" standalone="yes"?>
<bug no-bug="" comments="">
    <id>8881</id>
    <title ob="x" eb="" sr="" patterns="S_OB_VERB_ERROR">Pay with facebook button is giving Unknown Exception / Application Error.</title>
    <desc>
        <parg ob="" eb="" sr="" id="1">
            <st ob="" eb="" sr="" id="1.1">Created an attachment (id=1994)
Unknown Exception / Application Error</st>
        </parg>
        <parg ob="x" eb="" sr="" id="2">
            <st ob="x" eb="" sr="" patterns="S_OB_VERB_ERROR" id="2.1">By clicking on Pay with Facebook button _it is giving Unknown Exception pop-up and transaction failed message.Due to this user is unable to complete the transaction.</st>
        </parg>
        <parg ob="" eb="" sr="" id="3">
            <st ob="" eb="" sr="" id="3.1">Please refer attached image.</st>
        </parg>
    </desc>
</bug>
