<?xml version="1.0" encoding="UTF-8" standalone="yes"?>
<bug no-bug="" comments="">
    <id>8978</id>
    <title ob="x" eb="" sr="" patterns="S_OB_VERY_ADJ">Prompt feed very slow  54 sec or longer responsetimes</title>
    <desc>
        <parg ob="x" eb="" sr="" id="1">
            <st ob="x" eb="" sr="" patterns="S_OB_NEG_AUX_VERB,S_OB_IMPOSSIBLE_TO" id="1.1">ocours on a post to newsfeed -  in some cases the content dosent load at all (timed out) and for 25 % it´s impossible to click the post button after waiting a long time for loading.</st>
        </parg>
        <parg ob="" eb="" sr="" id="2">
            <st ob="" eb="" sr="" id="2.1">affected 
http://www.facebook.com/connect/prompt_feed.php?locale=en_GB</st>
        </parg>
        <parg ob="" eb="" sr="" id="3">
            <st ob="" eb="" sr="" id="3.1">httpfox response times</st>
        </parg>
        <parg ob="" eb="" sr="" id="4">
            <st ob="" eb="" sr="" id="4.1">00:52:12.234\t54.315\t4584\t247\tPOST\t200\ttext/html\thttp://www.facebook.com/connect/prompt_feed.php?locale=en_GB</st>
        </parg>
        <parg ob="" eb="" sr="" id="5">
            <st ob="" eb="" sr="" id="5.1">Headers</st>
        </parg>
        <parg ob="" eb="" sr="" id="6">
            <st ob="" eb="" sr="" id="6.1">(Request-Line)\tPOST /connect/prompt_feed.php?locale=en_GB HTTP/1.1</st>
            <st ob="" eb="" sr="" id="6.2">Host\twww.facebook.com</st>
            <st ob="" eb="" sr="" id="6.3">User-Agent\tMozilla/5.0 (Windows; U; Windows NT 6.0; en; rv:1.9.1.8) Gecko/20100202 Firefox/3.5.8 (.NET CLR 3.5.30729)</st>
            <st ob="" eb="" sr="" id="6.4">Accept\ttext/html_application/xhtml+xml_application/xml;q=0.9_*/*;q=0.8</st>
            <st ob="" eb="" sr="" id="6.5">Accept-Language\tde-de_de;q=0.8_en-us;q=0.5_en;q=0.3</st>
            <st ob="" eb="" sr="" id="6.6">Accept-Encoding\tgzip_deflate</st>
            <st ob="" eb="" sr="" id="6.7">Accept-Charset\tISO-8859-1_utf-8;q=0.7_*;q=0.7</st>
            <st ob="" eb="" sr="" id="6.8">Keep-Alive\t300</st>
            <st ob="" eb="" sr="" id="6.9">Connection\tkeep-alive</st>
            <st ob="" eb="" sr="" id="6.10">Referer\thttp://proxy1bb.wooga.net/fb/landingpage/flash.php?isNew=&amp;language=english&amp;src_language=http%3A%2F%2Fcdn.wooga.net%2Ftext%2Flanguages183.xml&amp;flashsize=4806633&amp;version=v1&amp;api_key=e8b353b23965930dc8a82068a11f6ee7&amp;flash_path=http%3A%2F%2Fcdn.wooga.net%2Fswf%2F1.9.0%2Fbrainsports.swf&amp;minigames_path=http%3A%2F%2Fcdn.wooga.net%2Fswf%2F1.9.0_mg%2F&amp;baseURI=proxy1bb.wooga.net%2Ffb%2Fv1%2Fflash%2F&amp;rest=http%3A%2F%2Fproxy1bb.wooga.net%2Ffb%2Fv1%2F&amp;swf_variant=1&amp;token=D1R4653563&amp;userid=100000345670622&amp;compoverall=&amp;userlevel=1&amp;firstname=Jules&amp;lastname=Ecker&amp;contextOpening=0&amp;loading_text=Loading&amp;welcome_text=Welcome_%20USERNAME!&amp;prepare_text=Prepare%20to%20have%20your%20brain%20tested&amp;button_text=Click%20here%20-%20Play%20Brain%20Buddies%20now!&amp;button2_text=No%20thanks!&amp;action_text=Invite%20more%20friends%20to%20compete%20with%20them!&amp;link_text=Play%20Brain%20Buddies&amp;message_text=@playername@%20@playerlastname@%20wants%20you%20to%20start%20playing%20Brain%20Buddies%20a%20game%20where%20you%20train%20your%20brain%20and%20compare%20scores%20with%20friends!&amp;profile_id=144030170500&amp;crosslink=&amp;fb_sig_in_iframe=1&amp;fb_sig_iframe_key=4e732ced3463d06de0ca9a15b6153677&amp;fb_sig_locale=en_GB&amp;fb_sig_in_new_facebook=1&amp;fb_sig_time=1267177336.0898&amp;fb_sig_added=1&amp;fb_sig_profile_update_time=1260978923&amp;fb_sig_expires=1267182000&amp;fb_sig_user=100000345670622&amp;fb_sig_session_key=2.FQa_WH3JNftR2PsFyc6Pqg__.3600.1267182000-100000345670622&amp;fb_sig_ss=NHd7IANRV_e3jKcPNWsrxw__&amp;fb_sig_cookie_sig=6770f9520fc857171b37cb642f76decb&amp;fb_sig_ext_perms=auto_publish_recent_activity&amp;fb_sig_api_key=e8b353b23965930dc8a82068a11f6ee7&amp;fb_sig_app_id=144030170500&amp;fb_sig=0452425d0e239372b4e87fb2240fc32d</st>
            <st ob="" eb="" sr="" id="6.11">Cookie\tdatr=1267172369-4dd947f7ad0edda768c80df83932eab8b50364a78029fadd76290; lsd=recIK; lo=psI-gZKSvyp1Wb7YQcVLgw; cur_max_lag=2; locale=en_US; x-referer=http%3A%2F%2Fwww.facebook.com%2Fhome.php%23%2Fhome.php; test_cookie=1; c_user=100000345670622; lxe=jules.ecker%40mail.com; lxs=1; xs=a3360425c37efd63fad613209183dfea; presence=DJ267177336G23H1_2c1_2c0L1O0345670622MF267177333037WMblcMsndPBbloMbvtMctMsbPBtA_7bQBfAnullBuctMsA0QBblADacPV267176936Z900BlcPBcvrA_7bQQQ</st>
            <st ob="" eb="" sr="" id="6.12">Content-Type\tapplication/x-www-form-urlencoded</st>
            <st ob="" eb="" sr="" id="6.13">Content-Length\t1920</st>
        </parg>
        <parg ob="" eb="" sr="" id="7">
            <st ob="" eb="" sr="" id="7.1">post data</st>
            <st ob="" eb="" sr="" id="7.2">attachment\t%7B%22name%22%3A%22Professor%20Brainstein%20has%20awarded%20Jules%20the%20Memory%20Master%20trophy%20in%20Brain%20Buddies!%22%2C%22description%22%3A%22Jules%20is%20playing%20Brain%20Buddies%20to%20compete%20with%20friends%20and%20find%20out%20who%20is%20the%20smartest.%22%2C%22media%22%3A%5B%7B%22type%22%3A%22image%22%2C%22src%22%3A%22http%3A%2F%2Fcdn.wooga.net%2Fpubwall4%2Ftrophies3%2F1.jpg%22%2C%22href%22%3A%22http%3A%2F%2Fapps.facebook.com%2Fbrainbuddies%2F%3Ffrom%3Dfeed%26tu%3Dstream%26st1%3D3%26st2%3D38g%26u%3Dc96f86ba9863c681%26language%3Denglish%26s%3D100000345670622%26st4%3D1%22%7D%5D%7D</st>
            <st ob="" eb="" sr="" id="7.3">action_links\t%5B%7B%22text%22%3A%22Play%20Brain%20Buddies%22%2C%22href%22%3A%22http%3A%2F%2Fapps.facebook.com%2Fbrainbuddies%2F%3Ffrom%3Dfeed%26tu%3Dstream%26st1%3D3%26st2%3D38g%26st3%3Dactionlink%26u%3Dc96f86ba9863c681%26language%3Denglish%26s%3D100000345670622%26st4%3D1%22%7D%5D</st>
            <st ob="" eb="" sr="" id="7.4">preview\ttrue</st>
            <st ob="" eb="" sr="" id="7.5">api_key\te8b353b23965930dc8a82068a11f6ee7</st>
            <st ob="" eb="" sr="" id="7.6">channel_url\thttp://proxy1bb.wooga.net/fb/landingpage/xd_receiver.htm</st>
            <st ob="" eb="" sr="" id="7.7">extern\t1</st>
            <st ob="" eb="" sr="" id="7.8">session_key\t2.FQa_WH3JNftR2PsFyc6Pqg__.3600.1267182000-100000345670622</st>
            <st ob="" eb="" sr="" id="7.9">switch_user_url\thttp://proxy1bb.wooga.net/fb/landingpage/xd_receiver.htm#fname=_parent&amp;%7B%22t%22%3A3%2C%22h%22%3A%22switchUser%22%2C%22sid%22%3A%220.476%22%7D</st>
            <st ob="" eb="" sr="" id="7.10">callback\thttp://proxy1bb.wooga.net/fb/landingpage/xd_receiver.htm#fname=_parent&amp;%7B%22t%22%3A3%2C%22h%22%3A%22fbClosingDialog%22%2C%22sid%22%3A%220.476%22%7D%7B%22token%22%3A%220_0.12313824180125399%22%2C%22result%22%3A%22xxRESULTTOKENxx%22%7D</st>
            <st ob="" eb="" sr="" id="7.11">in_iframe\t1</st>
        </parg>
        <parg ob="" eb="" sr="" id="8">
            <st ob="" eb="" sr="" id="8.1">seen on 
http://apps.facebook.com/brainbuddies/
http://apps.facebook.com/bubbleisland/</st>
        </parg>
    </desc>
</bug>
