<?xml version="1.0" encoding="UTF-8" standalone="yes"?>
<bug no-bug="" comments="">
    <id>8988</id>
    <title ob="x" eb="" sr="" patterns="S_OB_PROBLEM_IN">Problems with images in tabbed windows</title>
    <desc>
        <parg ob="" eb="" sr="x" id="1">
            <st ob="" eb="" sr="x" patterns="S_SR_SIMPLE_PRESENT_SUBORDINATES" id="1.1">i create an application and i set it in a tab fan page.</st>
        </parg>
        <parg ob="" eb="" sr="" id="2">
            <st ob="" eb="" sr="" id="2.1">The image with source is:
http://facebook.area07.com.ar/vodafone/image/header.png</st>
        </parg>
        <parg ob="" eb="" sr="" id="3">
            <st ob="" eb="" sr="" id="3.1">is being replace by:
 http://platform.ak.fbcdn.net/www/app_full_proxy.php?app=350537952089&amp;v=1&amp;size=o&amp;cksum=d4a304a262dac0677dce9cbea08ecd33&amp;src=http%3A%2F%2Ffacebook.area07.com.ar%2Fvodafone%2Fimage%2Fheader.png</st>
        </parg>
        <parg ob="x" eb="" sr="" id="4">
            <st ob="x" eb="" sr="" patterns="S_OB_BUT_NEG" id="4.1">but the pic never show up :(</st>
        </parg>
    </desc>
</bug>
