<?xml version="1.0" encoding="UTF-8" standalone="yes"?>
<bug no-bug="" comments="">
    <id>9084</id>
    <title ob="x" eb="" sr="" patterns="S_OB_NEG_AUX_VERB">cannot get first_name out of the user database</title>
    <desc>
        <parg ob="" eb="" sr="" id="1">
            <st ob="" eb="" sr="" id="1.1">Created an attachment (id=2082)
the test file with the code</st>
        </parg>
        <parg ob="" eb="" sr="" id="2">
            <st ob="" eb="" sr="" id="2.1">Hi</st>
        </parg>
        <parg ob="x" eb="" sr="" id="3">
            <st ob="x" eb="" sr="" patterns="S_OB_NEG_AUX_VERB" id="3.1">I can t get the first_name out of the database if I got more than 200 friends on my friendlist.</st>
        </parg>
        <parg ob="" eb="" sr="" id="4">
            <st ob="" eb="" sr="" id="4.1">This problem only occurs in internet explorer while it works perfectly in firefox.</st>
        </parg>
    </desc>
</bug>
