<?xml version="1.0" encoding="UTF-8" standalone="yes"?>
<bug no-bug="" comments="">
    <id>9088</id>
    <title ob="x" eb="" sr="" patterns="S_OB_NEG_ADV_ADJ">Fb:js-string variables undefined</title>
    <desc>
        <parg ob="x" eb="" sr="" id="1">
            <st ob="x" eb="" sr="" patterns="S_OB_NO_LONGER" id="1.1">Any fbjs functions utilizing fb:js-string tags as variables no longer work and I get an js undefined error for the fb:js-string variable name.</st>
        </parg>
        <parg ob="" eb="" sr="" id="2">
            <st ob="" eb="" sr="" id="2.1">For example:</st>
        </parg>
        <parg ob="" eb="" sr="" id="3">
            <st ob="" eb="" sr="" id="3.1">&lt;script type= text/javascript  charset= utf-8 &gt;
\tfunction openPopup(title_ url_ data)
\t{
\t\tvar ajax = new Ajax();
\t\tajax.responseType = Ajax.FBML;
\t\tajax.ondone = function(data)
\t\t{  
\t\t\tdocument.getElementById( dialog_content ).</st>
            <st ob="" eb="" sr="" id="3.2">setInnerFBML(data);
\t\t};
\t\tnew Dialog(Dialog.DIALOG_POP).</st>
            <st ob="" eb="" sr="" id="3.3">showMessage(title_ dialogText _  Close );
\t    ajax.post(url_ data);
\t\treturn false;
\t}
&lt;/script&gt;
&lt;a href= #  onclick= return openPopup( Test _  http://www.test.com _ {}); &gt;Test&lt;/a&gt;
&lt;fb:js-string var= dialogText &gt;
\t&lt;div id= dialog_content &gt;
\t\t&lt;div class= dialog_loading &gt;Loading...&lt;/div&gt;
\t&lt;/div&gt;
&lt;/fb:js-string&gt;</st>
        </parg>
        <parg ob="" eb="" sr="" id="4">
            <st ob="" eb="" sr="" id="4.1">no longer works...</st>
        </parg>
    </desc>
</bug>
