<?xml version="1.0" encoding="UTF-8" standalone="yes"?>
<bug no-bug="" comments="">
    <id>9104</id>
    <title ob="x" eb="" sr="" patterns="S_OB_UNABLE_TO">Unable to Change profile picture or save thumbnail</title>
    <desc>
        <parg ob="x" eb="" sr="x" id="1">
            <st ob="x" eb="" sr="x" patterns="S_OB_BUT_NEG,S_SR_COND_OBS" id="1.1">When uploading a new profile picture_ the picture seems to upload and redirect to the proper url (http://www.facebook.com/pages/edit/picture.php?success=1&amp;id=164061411923) however_ the profile image does not get replaced and does not appear in the  Profile Photos  Album.</st>
        </parg>
        <parg ob="" eb="" sr="" id="2">
            <st ob="x" eb="" sr="" patterns="S_OB_NEG_AUX_VERB" id="2.1">The profile thumb cannot be saved.</st>
            <st ob="" eb="" sr="" id="2.2">When making a post to my page (http://www.facebook.com/apps/application.php?id=164061411923)_ the thumbnail shows a  ?</st>
            <st ob="" eb="" sr="" id="2.3">as the image.</st>
        </parg>
    </desc>
</bug>
