<?xml version="1.0" encoding="UTF-8" standalone="yes"?>
<bug no-bug="" comments="">
    <id>9120</id>
    <title ob="" eb="" sr="">FB.CanvasClient.getCanvasInfo not working on FF</title>
    <desc>
        <parg ob="x" eb="" sr="" id="1">
            <st ob="x" eb="" sr="" patterns="S_OB_COND_NEG,S_OB_VERB_ERROR" id="1.1">When I call FB.CanvasClient.getCanvasInfo I get the following error in firebug:</st>
        </parg>
        <parg ob="" eb="" sr="" id="2">
            <st ob="" eb="" sr="" id="2.1">Vector2.getViewportDimensions is not a function
[Break on this error] FB.subclass( FB.IFrameUtil.</st>
            <st ob="" eb="" sr="" id="2.2">_canvasUtil...}___windowSizeChangedCallback:null});
XFBML (line 50)</st>
        </parg>
        <parg ob="" eb="" sr="" id="3">
            <st ob="" eb="" sr="" id="3.1">The same method work fine on chrome and IE.</st>
        </parg>
    </desc>
</bug>
