<?xml version="1.0" encoding="UTF-8" standalone="yes"?>
<bug no-bug="" comments="">
    <id>9217</id>
    <title ob="x" eb="" sr="" patterns="S_OB_NEG_ADV_ADJ">HTML namespace check in Internet Explorer is invalid</title>
    <desc>
        <parg ob="" eb="" sr="" id="1">
            <st ob="" eb="" sr="" id="1.1">In FBBootstrap._detectDocumentNamespaces a check is made against the .item property of the namespace collection as if it were an object.</st>
            <st ob="x" eb="" sr="" patterns="S_OB_NEG_VERB" id="1.2">The current check always fails:</st>
            <st ob="" eb="" sr="" id="1.3">if(document.namespaces &amp;&amp; !</st>
            <st ob="" eb="" sr="" id="1.4">document.namespaces.item[ fb ])</st>
        </parg>
        <parg ob="" eb="" sr="" id="2">
            <st ob="" eb="x" sr="" patterns="S_EB_CORRECT_IS" id="2.1">The correct syntax is probably to call .item( fb ) instead:</st>
            <st ob="" eb="" sr="" id="2.2">if(document.namespaces &amp;&amp; !</st>
            <st ob="" eb="" sr="" id="2.3">document.namespaces.item( fb ) )</st>
        </parg>
    </desc>
</bug>
