<?xml version="1.0" encoding="UTF-8" standalone="yes"?>
<bug no-bug="" comments="">
    <id>9283</id>
    <title ob="x" eb="" sr="" patterns="S_OB_NEG_AUX_VERB">DataStoreAdmin cannot create Objects or Associations</title>
    <desc>
        <parg ob="" eb="" sr="" id="1">
            <st ob="" eb="" sr="" id="1.1">This is globally broken_ I am in the UK.</st>
            <st ob="x" eb="" sr="" patterns="S_OB_NEG_AUX_VERB" id="1.2">In the DataStoreAdmin page - I cannot create any Object Types or Associations.</st>
        </parg>
        <parg ob="x" eb="" sr="" id="2">
            <st ob="x" eb="" sr="" patterns="S_OB_SEEMS" id="2.1">It appears that the buttons are not submitting anything.</st>
        </parg>
        <parg ob="" eb="" sr="" id="3">
            <st ob="" eb="" sr="" id="3.1">I have asked another developer in the US to test this and he says it s broken too.</st>
        </parg>
        <parg ob="" eb="" sr="" id="4">
            <st ob="" eb="" sr="" id="4.1">Do not delete your objects to try and recreate them - this does not work as I have found out - now I m screwed.</st>
        </parg>
    </desc>
</bug>
