<?xml version="1.0" encoding="UTF-8" standalone="yes"?>
<bug no-bug="" comments="">
    <id>9460</id>
    <title ob="x" eb="" sr="" patterns="S_OB_NEG_AUX_VERB">Breaking change: stream.publish with action link doesn t update status</title>
    <desc>
        <parg ob="" eb="x" sr="" id="1">
            <st ob="" eb="x" sr="" patterns="S_EB_SHOULD" id="1.1">According to the docs_ calling Stream.publish without  attachments  should update a user s status.</st>
        </parg>
        <parg ob="x" eb="" sr="" id="2">
            <st ob="x" eb="" sr="" patterns="S_OB_NEG_AUX_VERB,S_OB_DESPITE,S_OB_VERB_TO_BE_NEGATIVE" id="2.1">As of approximately April 2nd_ statuses aren t updated if Stream.publish is called with action links_ even if there are no attachments.</st>
        </parg>
        <parg ob="" eb="" sr="" id="3">
            <st ob="" eb="" sr="" id="3.1">This is a breaking change and is causing users of our application (Status Shuffle_ app ID 8109791468) to complain non-stop.</st>
            <st ob="" eb="" sr="" id="3.2">We re one of the largest apps on the platform which means we ve been getting hundreds of complaints about this every day :(</st>
        </parg>
        <parg ob="" eb="" sr="" id="4">
            <st ob="" eb="" sr="" id="4.1">I can only hope someone can look into this before our application suffers irreparable damage.</st>
        </parg>
        <parg ob="" eb="" sr="x" patterns="P_SR_LABELED_PARAGRAPH" id="5">
            <st ob="" eb="" sr="" id="5.1">To reproduce:</st>
            <st ob="" eb="" sr="" id="5.2">$actionLinks = array( array( text  =&gt;  test _   href  =&gt;  http://www.example.com )); 
$res = $facebook-&gt;api_client-&gt;stream_publish( hello _ null /* attachment */_ $actionLinks_ null /* to */_ $uid);</st>
        </parg>
        <parg ob="" eb="x" sr="" id="6">
            <st ob="" eb="x" sr="" patterns="S_EB_EXP_BEHAVIOR" id="6.1">Expected:
User s status should be set to  hello  (i.e.  hello  should appear near the user s name on the profile page)</st>
        </parg>
        <parg ob="x" eb="" sr="" patterns="P_OB_OBSERVED_BEHAVIOR_MULTI" id="7">
            <st ob="" eb="" sr="" id="7.1">Actual:
Only a feed entry is created.</st>
            <st ob="" eb="" sr="" id="7.2">The status remains unchanged.</st>
        </parg>
    </desc>
</bug>
