<?xml version="1.0" encoding="UTF-8" standalone="yes"?>
<bug no-bug="" comments="">
    <id>959</id>
    <title ob="x" eb="" sr="" patterns="S_OB_OUTPUT_VERB" >Keypress Event.keyCode is zero for Firefox 2.0.0.10</title>
    <desc>
        <parg ob="" eb="" sr="" id="1">
            <st ob="x" eb="" sr="" patterns="S_OB_OUTPUT_VERB" id="1.1">On Firefox 2.0.0.10_ all Keypress events for standard characters (a-z_ 0-9_ normal keyboard characters) return zero in Event.keyCode.</st>
            <st ob="x" eb="" sr="" patterns="S_OB_WORKS_FINE" id="1.2">Enter_ tab_ and other command keys work OK.</st>
            <st ob="x" eb="" sr="" patterns="S_OB_OUTPUT_VERB" id="1.3">Same code returns correct values for both key types in IE 7.0.5730.</st>
            <st ob="" eb="" sr="x" patterns="S_SR_CODE_REF" id="1.4">Sample code to attach to a canvas page input field is below_ output display goes to elements with IDs keydown_ keyup_ and keypress.</st>
        </parg>
        <parg ob="" eb="" sr="" id="2">
            <st ob="" eb="" sr="" id="2.1">function PhoneEdit(editId) {</st>
            <st ob="" eb="" sr="" id="2.2">    this.element = document.getElementById(editId);</st>
            <st ob="" eb="" sr="" id="2.3">    this.initializeBehavior();</st>
            <st ob="" eb="" sr="" id="2.4">};</st>
            <st ob="" eb="" sr="" id="2.5">PhoneEdit.prototype = {  </st>
            <st ob="" eb="" sr="" id="2.6">    setParent : function(parent) {</st>
            <st ob="" eb="" sr="" id="2.7">    \tthis.parent = parent;</st>
            <st ob="" eb="" sr="" id="2.8">    }_</st>
            <st ob="" eb="" sr="" id="2.9">  \tinitializeBehavior : function() {</st>
            <st ob="" eb="" sr="" id="2.10">\t    this.element.addEventListener( keydown _ this.onKeydown.bind(this));</st>
            <st ob="" eb="" sr="" id="2.11">\t    this.element.addEventListener( keyup _ this.onKeyup.bind(this));</st>
            <st ob="" eb="" sr="" id="2.12">\t    this.element.addEventListener( keypress _ this.onKeypress.bind(this));</st>
            <st ob="" eb="" sr="" id="2.13">    }_</st>
            <st ob="" eb="" sr="" id="2.14">\t</st>
            <st ob="" eb="" sr="" id="2.15">    onKeypress : function(event) {</st>
            <st ob="" eb="" sr="" id="2.16">    \tvar strKey = String.fromCharCode(event.keyCode);</st>
            <st ob="" eb="" sr="" id="2.17">    \tvar keyOutput =  Char:   + strKey +   Code:   + event.keyCode +   Cntl:   + event.ctrlKey + </st>
            <st ob="" eb="" sr="" id="2.18">    \t\t  Meta:   + event.metaKey +   Shift:   + event.shiftKey;</st>
            <st ob="" eb="" sr="" id="2.19">    \tdocument.getElementById( keypress ).setTextValue(keyOutput);</st>
            <st ob="" eb="" sr="" id="2.20">    }_    </st>
            <st ob="" eb="" sr="" id="2.21">    onKeydown : function(event) {</st>
            <st ob="" eb="" sr="" id="2.22">    \tvar strKey = String.fromCharCode(event.keyCode);</st>
            <st ob="" eb="" sr="" id="2.23">    \tvar keyOutput =  Char:   + strKey +   Code:   + event.keyCode +   Cntl:   + event.ctrlKey + </st>
            <st ob="" eb="" sr="" id="2.24">    \t\t  Meta:   + event.metaKey +   Shift:   + event.shiftKey;</st>
            <st ob="" eb="" sr="" id="2.25">    \tdocument.getElementById( keydown ).setTextValue(keyOutput);</st>
            <st ob="" eb="" sr="" id="2.26">    }_    </st>
        </parg>
        <parg ob="" eb="" sr="" id="3">
            <st ob="" eb="" sr="" id="3.1">onKeyup : function(event) {
    \tvar strKey = String.fromCharCode(event.keyCode);
    \tvar keyOutput =  Char:   + strKey +   Code:   + event.keyCode +   Cntl:   + event.ctrlKey + 
    \t\t  Meta:   + event.metaKey +   Shift:   + event.shiftKey;
    \tdocument.getElementById( keyup ).</st>
            <st ob="" eb="" sr="" id="3.2">setTextValue(keyOutput);
    }_</st>
        </parg>
        <parg ob="" eb="" sr="" id="4">
            <st ob="" eb="" sr="" id="4.1">};</st>
        </parg>
    </desc>
</bug>
