<?xml version="1.0" encoding="UTF-8" standalone="yes"?>
<bug no-bug="" comments="">
    <id>9708</id>
    <title ob="" eb="x" sr="" patterns="S_EB_NEED_TO">Need a safe way to display items to only friends of the user on application tab</title>
    <desc>
        <parg ob="" eb="" sr="" id="1">
            <st ob="" eb="" sr="" id="1.1">I do not understand the thought process behind having the visible-to-connection tag display the contents at all times_ just in a visibility:hidden source.</st>
            <st ob="" eb="x" sr="" patterns="S_EB_CAN_QUESTION" id="1.2">Can we get a safe way to display information only to friends of a user within an application tab?</st>
            <st ob="" eb="x" sr="" patterns="S_EB_MAKE_SENSE" id="1.3">It would make the most sense if this tag and its contents simply disappeared when a non-friend/non-fan views an application tab.</st>
            <st ob="" eb="" sr="" id="1.4">This may be similar to bug 2814_ but I wasn t sure whether it is strictly a duplicate or not.</st>
        </parg>
    </desc>
</bug>
