<?xml version="1.0" encoding="UTF-8" standalone="yes"?>
<bug no-bug="" comments="">
    <id>10738</id>
    <title ob="x" eb="" sr="" patterns="S_OB_ERROR_NOUN_PHRASE,S_OB_NEG_AUX_VERB">Exec format error : Cannot start container &lt;id&gt; : exec format error </title>
    <desc>
        <parg ob="" eb="" sr="" id="1">
            <st ob="" eb="" sr="" id="1.1">I tried to create a docker image using a precise ubuntu base.</st>
            <st ob="x" eb="" sr="x" patterns="S_OB_COND_NEG,S_SR_COND_OBS" id="1.2">I have a my startup script that looks like this but when I run this using docker run command I get the Exec format errors.</st>
            <st ob="" eb="" sr="" id="1.3">Tried debugging this several time but no use.</st>
            <st ob="" eb="" sr="" id="1.4">Anyway to look into docker event logs or turn on verbose to see what might be going wrong?</st>
        </parg>
        <parg ob="x" eb="" sr="" id="2">
            <st ob="x" eb="" sr="" patterns="S_OB_COND_POS,S_OB_WORKS_FINE" id="2.1">If I comment out the CMD line in my DockerFile everything works fine.</st>
        </parg>
        <parg ob="" eb="" sr="x" id="3">
            <st ob="" eb="" sr="x" patterns="S_SR_CODE_REF" id="3.1">Here's the startup script called startup-stanbol.sh which has execute permission.</st>
        </parg>
        <parg ob="" eb="" sr="" id="4">
            <st ob="" eb="" sr="" id="4.1">!</st>
            <st ob="" eb="" sr="" id="4.2">/usr/bin/env bash
if [[ $1 = "-d" ]]; then
 while true; do sleep 1000; done
fi
if [[ $1 = "-bash" ]]; then
 echo "Using Bash"
 /bin/bash
fi
java -Xmx1g -jar org.apache.stanbol.launchers.stable-1.0.0-SNAPSHOT.jar -p 9080</st>
        </parg>
    </desc>
</bug>
