<?xml version="1.0" encoding="UTF-8" standalone="yes"?>
<bug no-bug="" comments="">
    <id>11087</id>
    <title ob="x" eb="" sr="" patterns="S_OB_PROBLEM_IN">Orphaned and unstoppable (superhuman strength?) containers with --pid=host</title>
    <desc>
        <parg ob="x" eb="" sr="" id="1">
            <st ob="x" eb="" sr="" patterns="S_OB_COND_NEG,S_OB_NEG_AUX_VERB" id="1.1">I've ran into an issue that is easily reproducible that puts a container into a state that can not be stopped and if you restart the Docker daemon it will also loose track of the existing container and spawn a new one.</st>
        </parg>
        <parg ob="x" eb="" sr="" id="2">
            <st ob="x" eb="" sr="x" patterns="S_OB_NEG_COND,S_OB_NEG_AUX_VERB,S_OB_HAPPENS,S_SR_COND_OBS" id="2.1">The issue happens when you are running with `--pid=host` and you do a SIGKILL but that process has children that don't terminate when its parent dies.</st>
            <st ob="x" eb="" sr="" patterns="S_OB_NEG_VERB" id="2.2">Docker never seems to see that the SIGKILL worked and will hang forever.</st>
            <st ob="x" eb="" sr="" patterns="S_OB_BUT_NEG,S_OB_WORKS_BUT" id="2.3">The SIGKILL worked, but the container PID is gone.</st>
            <st ob="x" eb="" sr="x" patterns="S_OB_NEG_AUX_VERB,S_SR_SIMPLE_PRESENT_SUBORDINATES" id="2.4">Now you do a `docker stop` or any action and Docker will complain that it can't find the process.</st>
        </parg>
        <parg ob="x" eb="" sr="x" id="3">
            <st ob="x" eb="" sr="x" patterns="S_OB_COND_NEG,S_OB_STILL,S_SR_COND_OBS" id="3.1">Now if you restart the Docker daemon, Docker thinks the container is gone (I assume because the PID is gone) and then it will start a new one but the old container cgroup still exists.</st>
        </parg>
        <parg ob="" eb="" sr="x" patterns="P_SR_TO_REPRO"  id="4">
            <st ob="" eb="" sr="" id="4.1">I haven't dug yet into the Docker code to see what is happening (I assume Docker thinks the SIGKILL isn't done because processes in the cgroup still exist), but here is a simple way to reproduce this issue.</st>
        </parg>
        <parg ob="" eb="" sr="" id="5">
            <st ob="" eb="" sr="" id="5.1">```bash
#!</st>
            <st ob="" eb="" sr="" id="5.2">/bin/bash</st>
        </parg>
        <parg ob="" eb="" sr="" id="6">
            <st ob="" eb="" sr="" id="6.1">ID=$(docker run -d --pid=host ubuntu bash -c "sleep 300; echo hi")</st>
        </parg>
        <parg ob="" eb="" sr="" id="7">
            <st ob="" eb="" sr="" id="7.1">docker kill $ID &amp;
sleep 1
docker stop $ID
```</st>
        </parg>
        <parg ob="x" eb="" sr="" id="8">
            <st ob="x" eb="" sr="" patterns="S_OB_LEADS_TO" id="8.1">Running the above will result in</st>
        </parg>
        <parg ob="" eb="" sr="" id="9">
            <st ob="" eb="" sr="" id="9.1">```
Error response from daemon: Cannot stop container 8af7796dff4df03686342f3a7b618fe5f1830ab89c0c158817acb332cac3e9f8: no such process
FATA[0000] Error: failed to stop one or more containers 
```</st>
        </parg>
        <parg ob="" eb="" sr="" patterns="" id="10">
            <st ob="" eb="" sr="" id="10.1">Seems like there are two things that should be addressed.</st>
            <st ob="x" eb="" sr="" patterns="S_OB_WORKS_FINE" id="10.2">1 Make SIGKILL work properly in this situation</st>
            <st ob="" eb="" sr="" id="10.3">2 On restart check the cgroup for processes and freeze/kill those</st>
        </parg>
        <parg ob="" eb="" sr="" id="11">
            <st ob="" eb="" sr="" id="11.1">Obligatory docker info/version</st>
        </parg>
        <parg ob="" eb="" sr="" id="12">
            <st ob="" eb="" sr="" id="12.1">```
$ docker version; docker info
Client version: 1.5.0
Client API version: 1.17
Go version (client): go1.4.1
Git commit (client): a8a31ef
OS/Arch (client): linux/amd64
Server version: 1.5.0
Server API version: 1.17
Go version (server): go1.4.1
Git commit (server): a8a31ef
Containers: 51
Images: 366
Storage Driver: overlay
 Backing Filesystem: extfs
Execution Driver: native-0.2
Kernel Version: 3.18.1-031801-generic
Operating System: Ubuntu 14.10
CPUs: 4
Total Memory: 7.496 GiB
Name: inotmac
ID: FPSO:Z7SO:BZJ3:IXH4:DNKV:UPZQ:KLP2:IRXW:5CBY:PBDM:HAKO:UOC7
Username: ibuildthecloud
Registry: [https://index.docker.io/v1/]
```</st>
        </parg>
    </desc>
</bug>
