<?xml version="1.0" encoding="UTF-8" standalone="yes"?>
<bug no-bug="" comments="">
    <id>11180</id>
    <title ob="" eb="" sr="">Warning: Mounting volumes containing files downloaded with Safari in OS X</title>
    <desc>
        <parg ob="" eb="" sr="" id="1">
            <st ob="" eb="" sr="" id="1.1">I encountered an obscure error a few days ago and I felt compelled to publish it where it might help some people.</st>
        </parg>
        <parg ob="" eb="" sr="" id="2">
            <st ob="" eb="" sr="" id="2.1">Here is the story.</st>
        </parg>
        <parg ob="" eb="" sr="" id="3">
            <st ob="x" eb="" sr="" patterns="S_OB_VERB_ERROR,S_OB_NEG_AUX_VERB,S_OB_WHY" id="3.1">For a while I've been facing permissions errors from within containers trying to access certain files and I couldn't work out why this was happening.</st>
            <st ob="" eb="" sr="" id="3.2">It only affected files when mounting them to the container, not when added to the container.</st>
            <st ob="" eb="" sr="" id="3.3">Further more, when executing a shell inside the container, the files existed and the user could write to the mounted directory.</st>
        </parg>
        <parg ob="" eb="" sr="" id="4">
            <st ob="" eb="" sr="" id="4.1">This bugged me for weeks and I'd reverted to rebuilding the containers whenever I made a change.</st>
            <st ob="" eb="" sr="" id="4.2">Strangely, when a friend of mine pulled the code from git and mounted the volume... it worked.</st>
            <st ob="" eb="" sr="" id="4.3">I concluded this was an error on my personal machine.</st>
            <st ob="" eb="" sr="" id="4.4">.</st>
            <st ob="" eb="" sr="" id="4.5">However when he pushed new code it miraculously worked on my machine...</st>
        </parg>
        <parg ob="" eb="" sr="" id="5">
            <st ob="" eb="" sr="" id="5.1">After some inspection I noticed that the file downloaded with safari contained an extended attribute 'com.apple.quarentine'.</st>
            <st ob="" eb="" sr="" id="5.2">Removing this made everything work again.</st>
            <st ob="" eb="" sr="" id="5.3">And because git strips extended attributes before committing this is why 'git files' worked.</st>
        </parg>
        <parg ob="" eb="" sr="" id="6">
            <st ob="" eb="" sr="" patterns="" id="6.1">It turns out, when downloading files with Safari on OS X, OS X adds an attribute to refuse access to the file until it has been opened.</st>
            <st ob="" eb="" sr="" id="6.2">Now this was causing OS X to refuse access when boot2docker wanted to access the files.</st>
            <st ob="" eb="" sr="" id="6.3">SILENTLY.</st>
            <st ob="" eb="" sr="" id="6.4">Yay.</st>
        </parg>
        <parg ob="" eb="x" sr="" id="7">
            <st ob="" eb="x" sr="" patterns="S_EB_WOULD_BE" id="7.1">So if a warning could be given when mounting 'quarentined' files, it would be fantastic... And perhaps save others the wasted time figuring this out.</st>
        </parg>
        <parg ob="" eb="" sr="" id="8">
            <st ob="" eb="" sr="" id="8.1">Cool.</st>
        </parg>
    </desc>
</bug>
