<?xml version="1.0" encoding="UTF-8" standalone="yes"?>
<bug no-bug="" comments="">
    <id>12158</id>
    <title ob="x" eb="" sr="" patterns="S_OB_NEG_VERB">Windows CLI: Ctrl+C terminates attached session</title>
    <desc>
        <parg ob="" eb="" sr="" id="1">
            <st ob="" eb="" sr="" id="1.1">This is a regression.</st>
            <st ob="x" eb="" sr="x" patterns="S_OB_NEG_VERB,S_SR_GERUND_ACTION" id="1.2">Sending kill signal to the Linux process (like `top`) while attached to a container (either with `attach`/`exec` or `run -i -t`) from Windows CLI terminates the docker.exe.</st>
        </parg>
        <parg ob="" eb="x" sr="" id="2">
            <st ob="" eb="x" sr="" patterns="S_EB_USED_TO" id="2.1">It used to terminate only the process being executed and was going back to the shell prompt.</st>
        </parg>
        <parg ob="" eb="" sr="x" patterns="P_SR_LABELED_LIST" id="3">
            <st ob="" eb="" sr="" id="3.1">Repro:</st>
            <st ob="" eb="" sr="" id="3.2">1 Use windows CLI to run `docker run -it ubuntu bash`, you get bash prompt.</st>
            <st ob="" eb="" sr="" id="3.3">2 Hit Ctrl+C</st>
            <st ob="" eb="" sr="" id="3.4">3 docker.exe exited.</st>
            <st ob="" eb="" sr="" id="3.5">You're now in cmd.exe prompt.</st>
        </parg>
        <parg ob="" eb="" sr="" id="4">
            <st ob="" eb="" sr="" id="4.1">cc: @brendandixon @icecrime</st>
        </parg>
    </desc>
</bug>
