<?xml version="1.0" encoding="UTF-8" standalone="yes"?>
<bug no-bug="" comments="">
    <id>12174</id>
    <title ob="x" eb="" sr="" patterns="S_OB_COND_POS">Docker selects wrong container based on name after extended container thrashing</title>
    <desc>
        <parg ob="" eb="" sr="" id="1">
            <st ob="" eb="" sr="" id="1.1">I wish I had something more concrete and concise to report, however I have seen this phenomenon twice but have not nailed down what is happening.</st>
            <st ob="" eb="" sr="" id="1.2">I have a system where I am creating and destroying hundreds of containers every day (5 at a time, probably 10 times an hour or so).</st>
            <st ob="" eb="" sr="" id="1.3">I have a container called 'db' that is long lived (has been up 11 days now).</st>
        </parg>
        <parg ob="" eb="" sr="x" patterns="P_SR_COND_CODE" id="2">
            <st ob="" eb="" sr="x" patterns="S_SR_AFTER" id="2.1">After some time (it just occurred to me, so about 11 days of this) when I do:</st>
        </parg>
        <parg ob="" eb="" sr="" id="3">
            <st ob="" eb="" sr="" id="3.1">docker logs -f db</st>
        </parg>
        <parg ob="" eb="" sr="" id="4">
            <st ob="x" eb="" sr="" patterns="S_OB_INSTEAD_OF" id="4.1">instead of getting the db logs, I am getting the logs for a different container.</st>
            <st ob="x" eb="" sr="" patterns="S_OB_COND_POS" id="4.2">If I use the long or short id instead of the name, I get the correct logs.</st>
        </parg>
    </desc>
</bug>
