<?xml version="1.0" encoding="UTF-8" standalone="yes"?>
<bug no-bug="" comments="">
    <id>125</id>
    <title ob="x" eb="" sr="" patterns="S_OB_UNABLE_TO">Unable to attach to a container that needs stdin</title>
    <desc>
        <parg ob="" eb="" sr="x" patterns="P_SR_LABELED_LIST" id="1">
            <st ob="" eb="" sr="" id="1.1">Steps to create:</st>
            <st ob="" eb="" sr="" id="1.2">- Run `docker run -a -i -t base /bin/bash`</st>
            <st ob="" eb="" sr="" id="1.3">- It will prompt bash shell in newly created container</st>
            <st ob="" eb="" sr="" id="1.4">- Exit out (type exit or ctrl+c), which will stop the container</st>
            <st ob="" eb="" sr="" id="1.5">- Start the container again by issuing `docker start &lt;CONTAINER ID&gt;`</st>
            <st ob="" eb="" sr="" id="1.6">- Try to attach to it by issuing `docker attach &lt;CONTAINER ID&gt;`</st>
        </parg>
        <parg ob="x" eb="" sr="" id="2">
            <st ob="x" eb="" sr="" patterns="S_OB_BUT_NEG" id="2.1">Shell drops to next line after this but it does not allow any interaction with the attached container.</st>
        </parg>
    </desc>
</bug>
