<?xml version="1.0" encoding="UTF-8" standalone="yes"?>
<bug no-bug="" comments="">
    <id>12546</id>
    <title ob="x" eb="" sr="" patterns="S_OB_NEG_AFTER">docker exec -i hangs after command has exited</title>
    <desc>
        <parg ob="" eb="" sr="" id="1">
            <st ob="x" eb="" sr="" patterns="S_OB_POS_COND" id="1.1">There is an apparent regression in the behaviour of Docker 1.6 when using `-i` with `exec`:?</st>
            <st ob="" eb="" sr="" id="1.2">
````
vagrant@ubuntu-14:~/weave$ docker run -di busybox
1b91aa935eac5471b4030594fb30b86471107a60c705385b3ef7310ec4e3bcf4
vagrant@ubuntu-14:~/weave$ docker ps
CONTAINER ID IMAGE COMMAND CREATED STATUS PORTS NAMES
1b91aa935eac busybox:latest "/bin/sh" 2 seconds ago Up 2 seconds condescending_fermat
vagrant@ubuntu-14:~/weave$ docker exec 1b91aa935eac true # this works fine
vagrant@ubuntu-14:~/weave$ echo $?</st>
            <st ob="" eb="" sr="" id="1.3">0?</st>
            <st ob="x" eb="" sr="" patterns="S_OB_NEG_VERB" id="1.4">vagrant@ubuntu-14:~/weave$ docker exec -i 1b91aa935eac true # this hangs until you hit ENTER</st>
        </parg>
        <parg ob="" eb="" sr="" id="2">
            <st ob="" eb="" sr="" id="2.1">vagrant@ubuntu-14:~/weave$ echo $?</st>
            <st ob="" eb="" sr="" id="2.2">255
````</st>
        </parg>
    </desc>
</bug>
