<?xml version="1.0" encoding="UTF-8" standalone="yes"?>
<bug no-bug="" comments="">
    <id>13455</id>
    <title ob="x" eb="" sr="" patterns="S_OB_AFTER_TIME">No response to Application from zookeeper cluster after few hours</title>
    <desc>
        <parg ob="" eb="" sr="" id="1">
            <st ob="" eb="" sr="" id="1.1">Hi,</st>
        </parg>
        <parg ob="" eb="" sr="" id="2">
            <st ob="" eb="" sr="" id="2.1">Zookeeper horizontal cluster is created with 3 nodes.</st>
            <st ob="" eb="" sr="" id="2.2">Application is running on docker container.</st>
            <st ob="" eb="" sr="" id="2.3">Application is getting properties from zookeeper znode.</st>
        </parg>
        <parg ob="" eb="" sr="" id="3">
            <st ob="x" eb="" sr="" patterns="S_OB_AFTER_TIME,S_OB_NEG_ADV_ADJ,S_OB_VERB_ERROR" id="3.1">After few hours application is going to unresponsive mode.</st>
            <st ob="" eb="" sr="" id="3.2">Everything is getting fine when we restart application's docker container.</st>
        </parg>
        <parg ob="" eb="" sr="" id="4">
            <st ob="" eb="" sr="" id="4.1">Environment: Linux Centos 6.5/Ubuntu 14.04
ULIMIT : 10000 on host machine</st>
        </parg>
        <parg ob="" eb="" sr="x" id="5">
            <st ob="" eb="" sr="x" patterns="S_SR_CODE_REF" id="5.1">Command to start container:</st>
        </parg>
        <parg ob="" eb="" sr="" id="6">
            <st ob="" eb="" sr="" id="6.1">docker run -it -e HOST_PORT=IP1:2181,IP2.2:2181,IP3:2181 -e CONNECTION_FAILED=IGNORE -e REGRESON=TRUE -e RELOAD_CONTEXT=AUTO -e RESOURCE_ENABLE=TRUE -e GENERATE_PING=get -e SHARED=0 -e SHARED_ZNODE=/abcznode -e SESSION_TIMEOUT=30000 -p hostIP:8020:8080 --privileged=true myproject1</st>
        </parg>
        <parg ob="" eb="" sr="" id="7">
            <st ob="" eb="" sr="" id="7.1">Please help us!</st>
        </parg>
        <parg ob="" eb="" sr="" id="8">
            <st ob="" eb="" sr="" id="8.1">Thanks!</st>
        </parg>
    </desc>
</bug>
