<?xml version="1.0" encoding="UTF-8" standalone="yes"?>
<bug no-bug="" comments="">
    <id>14038</id>
    <title ob="x" eb="" sr="" patterns="S_OB_NEG_AUX_VERB"> Cannot initiate the connection</title>
    <desc>
        <parg ob="" eb="" sr="" id="1">
            <st ob="" eb="" sr="" id="1.1">Sorry for the first post.</st>
        </parg>
        <parg ob="" eb="" sr="" id="2">
            <st ob="x" eb="" sr="" patterns="S_OB_PROBLEM_IS" id="2.1">My issues is, when I run a docker build, my network failed.</st>
            <st ob="" eb="" sr="x" patterns="S_SR_CODE_REF" id="2.2">(command is: apt-get install golang -y)</st>
            <st ob="x" eb="" sr="" patterns="S_OB_VERB_ERROR" id="2.3">And I get this error:
```
Cannot initiate the connection to archive.ubuntu.com:80 (2001:67c:1360:8c01::19).- connect (101: Network is unreachable)
````</st>
        </parg>
        <parg ob="" eb="" sr="" id="3">
            <st ob="x" eb="" sr="" patterns="S_OB_NEG_VERB,S_OB_ERROR_AS_SUBJECT" id="3.1">The strange thing is, I can download and install some packages and for others it failed.</st>
            <st ob="" eb="" sr="" id="3.2">I have check on ubuntu repository and there exist.</st>
        </parg>
        <parg ob="" eb="" sr="" id="4">
            <st ob="" eb="" sr="" id="4.1">Have you an idea to fixe up ?</st>
        </parg>
    </desc>
</bug>
