<?xml version="1.0" encoding="UTF-8" standalone="yes"?>
<bug no-bug="" comments="">
    <id>14175</id>
    <title ob="x" eb="" sr="" patterns="S_OB_NEG_VERB">Permission denied on accessing host directory in docker in Centos</title>
    <desc>
        <parg ob="x" eb="" sr="x" id="1">
            <st ob="x" eb="" sr="x" patterns="S_OB_VERB_ERROR,S_SR_COND_OBS" id="1.1">Hi,
I have faced this problem, when I mount a host directory to a container:
`docker run -it -v /home/share:/home/share centos /bin/bash`</st>
        </parg>
        <parg ob="" eb="" sr="" id="2">
            <st ob="x" eb="" sr="" patterns="S_OB_NEG_VERB" id="2.1">and then in container:
` cd /home/share `
 ` ls `
`ls: cannot open directory .</st>
            <st ob="" eb="" sr="" id="2.2">: Permission denied`</st>
        </parg>
        <parg ob="x" eb="" sr="" id="3">
            <st ob="x" eb="" sr="" patterns="S_OB_WORKS_FINE" id="3.1">But I tried it on ubuntu system, it works well.</st>
        </parg>
        <parg ob="" eb="" sr="" id="4">
            <st ob="x" eb="" sr="" patterns="S_OB_PASSIVE_VOICE" id="4.1">Docker option SELinux are both enabled.</st>
            <st ob="" eb="" sr="" id="4.2">What is the difference between the two system?</st>
            <st ob="" eb="" sr="" id="4.3">Can someone give comments?</st>
        </parg>
        <parg ob="" eb="" sr="" id="5">
            <st ob="" eb="" sr="" id="5.1">Thanks
Brs,</st>
        </parg>
    </desc>
</bug>
