<?xml version="1.0" encoding="UTF-8" standalone="yes"?>
<bug no-bug="" comments="">
    <id>14496</id>
    <title ob="x" eb="" sr="" patterns="S_OB_UNABLE_TO">Unable to load Docker image</title>
    <desc>
        <parg ob="x" eb="" sr="x" id="1">
            <st ob="x" eb="" sr="x" patterns="S_OB_VERB_ERROR,S_OB_BUT_NEG,S_SR_TRY" id="1.1">I know nothing about Docker....
Trying to load docker image by "sudo docker load -i symdrive.tar.gz" but getting following error</st>
        </parg>
        <parg ob="" eb="" sr="" id="2">
            <st ob="" eb="" sr="" id="2.1">FATA[0938] Error response from daemon: open /var/lib/docker/tmp/docker-import-403767651/repo/bin/json: no such file or directory</st>
        </parg>
        <parg ob="" eb="" sr="" id="3">
            <st ob="" eb="" sr="" id="3.1">Any idea what this mean</st>
        </parg>
        <parg ob="" eb="" sr="" id="4">
            <st ob="" eb="" sr="" id="4.1">sudo docker version</st>
        </parg>
        <parg ob="" eb="" sr="" id="5">
            <st ob="" eb="" sr="" id="5.1">Client version: 1.6.2
Client API version: 1.18
Go version (client): go1.4.2
Git commit (client): 7c8fca2
OS/Arch (client): linux/amd64
Server version: 1.6.2
Server API version: 1.18
Go version (server): go1.4.2
Git commit (server): 7c8fca2
OS/Arch (server): linux/amd64</st>
        </parg>
        <parg ob="" eb="" sr="" id="6">
            <st ob="" eb="" sr="" id="6.1">sudo docker info</st>
        </parg>
        <parg ob="" eb="" sr="" id="7">
            <st ob="" eb="" sr="" id="7.1">Containers: 23
Images: 2
Storage Driver: aufs
 Root Dir: /var/lib/docker/aufs
 Backing Filesystem: extfs
 Dirs: 48
 Dirperm1 Supported: false
Execution Driver: native-0.2
Kernel Version: 3.13.0-24-generic
Operating System: Ubuntu 14.04 LTS
CPUs: 4
Total Memory: 3.763 GiB
Name: acs-desktop
ID: ZAXI:6OBQ:DNMK:KJOW:SDZG:ZS3F:5NCU:3WJA:CSJD:FARC:AJTG:O4SP
WARNING: No swap limit support</st>
        </parg>
        <parg ob="" eb="" sr="" id="8">
            <st ob="" eb="" sr="" id="8.1">uname -a</st>
        </parg>
        <parg ob="" eb="" sr="" id="9">
            <st ob="" eb="" sr="" id="9.1">Linux acs-desktop 3.13.0-24-generic #46-Ubuntu SMP Thu Apr 10 19:11:08 UTC 2014 x86_64 x86_64 x86_64 GNU/Linux</st>
        </parg>
    </desc>
</bug>
