<?xml version="1.0" encoding="UTF-8" standalone="yes"?>
<bug no-bug="" comments="">
    <id>14955</id>
    <title ob="x" eb="" sr="" patterns="S_OB_ERROR_NOUN_PHRASE">[attach] invalid memory address or nil pointer</title>
    <desc>
        <parg ob="" eb="" sr="" id="1">
            <st ob="" eb="" sr="" id="1.1">Hi,</st>
            <st ob="x" eb="" sr="" patterns="S_OB_VERB_ERROR" id="1.2">I met an error in my production server. </st>
        </parg>
        <parg ob="x" eb="" sr="" patterns="P_OB_LOG_CONTAINS" id="2">
            <st ob="" eb="" sr="" id="2.1">That's what I see in logs:</st>
            <st ob="" eb="" sr="" id="2.2">```</st>
            <st ob="" eb="" sr="" id="2.3">INFO[0043] POST /v1.14/images/create?fromImage=registry.ape.yandex.net/v012-karma</st>
            <st ob="" eb="" sr="" id="2.4">INFO[0044] POST /v1.14/containers/create</st>
            <st ob="" eb="" sr="" id="2.5">INFO[0045] POST /v1.14/containers/aab41d6607f035dc3a1aa4991625643ed0f32f3bf669b5104b4f4c04f6f11379/start</st>
            <st ob="" eb="" sr="" id="2.6">INFO[0046] POST /v1.14/containers/aab41d6607f035dc3a1aa4991625643ed0f32f3bf669b5104b4f4c04f6f11379/attach?logs=1&amp;stream=1&amp;stdout=1&amp;stderr=1</st>
            <st ob="" eb="" sr="" id="2.7">2015/07/24 15:51:04 http: panic serving @: runtime error: invalid memory address or nil pointer dereference</st>
            <st ob="" eb="" sr="" id="2.8">goroutine 702 [running]:</st>
            <st ob="" eb="" sr="" id="2.9">net/http.func·011()</st>
            <st ob="" eb="" sr="" id="2.10">	/usr/local/go/src/net/http/server.go:1130 +0xbb</st>
            <st ob="" eb="" sr="" id="2.11">github.com/docker/docker/daemon.(*Container).AttachWithLogs(0xc2081cf0e0, 0x0, 0x0, 0x7f41ccd2fa60, 0xc208211110, 0x7f41ccd2fa60, 0xc2082110e0, 0x101, 0x0, 0x0)</st>
            <st ob="" eb="" sr="" id="2.12">	/go/src/github.com/docker/docker/daemon/container.go:844 +0xc2</st>
            <st ob="" eb="" sr="" id="2.13">github.com/docker/docker/daemon.(*Daemon).ContainerAttachWithLogs(0xc208058d20, 0xc2081cf0e0, 0xc2082110b0, 0x0, 0x0)</st>
            <st ob="" eb="" sr="" id="2.14">	/go/src/github.com/docker/docker/daemon/attach.go:40 +0x42f</st>
            <st ob="" eb="" sr="" id="2.15">github.com/docker/docker/api/server.(*Server).postContainersAttach(0xc208036540, 0xc2082a2877, 0x4, 0x7f41ccd24370, 0xc20839a780, 0xc20856bba0, 0xc208210ea0, 0x0, 0x0)</st>
            <st ob="" eb="" sr="" id="2.16">	/go/src/github.com/docker/docker/api/server/server.go:1132 +0x614</st>
            <st ob="" eb="" sr="" id="2.17">github.com/docker/docker/api/server.*Server.(github.com/docker/docker/api/server.postContainersAttach)·fm(0xc2082a2877, 0x4, 0x7f41ccd24370, 0xc20839a780, 0xc20856bba0, 0xc208210ea0, 0x0, 0x0)</st>
            <st ob="" eb="" sr="" id="2.18">	/go/src/github.com/docker/docker/api/server/server.go:1554 +0x7b</st>
            <st ob="" eb="" sr="" id="2.19">github.com/docker/docker/api/server.func·008(0x7f41ccd24370, 0xc20839a780, 0xc20856bba0)</st>
            <st ob="" eb="" sr="" id="2.20">	/go/src/github.com/docker/docker/api/server/server.go:1501 +0xacd</st>
            <st ob="" eb="" sr="" id="2.21">net/http.HandlerFunc.ServeHTTP(0xc208093700, 0x7f41ccd24370, 0xc20839a780, 0xc20856bba0)</st>
            <st ob="" eb="" sr="" id="2.22">	/usr/local/go/src/net/http/server.go:1265 +0x41</st>
            <st ob="" eb="" sr="" id="2.23">github.com/gorilla/mux.(*Router).ServeHTTP(0xc2080fb1d0, 0x7f41ccd24370, 0xc20839a780, 0xc20856bba0)</st>
            <st ob="" eb="" sr="" id="2.24">	/go/src/github.com/docker/docker/vendor/src/github.com/gorilla/mux/mux.go:98 +0x297</st>
            <st ob="" eb="" sr="" id="2.25">net/http.serverHandler.ServeHTTP(0xc2081ddce0, 0x7f41ccd24370, 0xc20839a780, 0xc20856bba0)</st>
            <st ob="" eb="" sr="" id="2.26">	/usr/local/go/src/net/http/server.go:1703 +0x19a</st>
            <st ob="" eb="" sr="" id="2.27">net/http.(*conn).serve(0xc20839a6e0)</st>
            <st ob="" eb="" sr="" id="2.28">	/usr/local/go/src/net/http/server.go:1204 +0xb57</st>
            <st ob="" eb="" sr="" id="2.29">created by net/http.(*Server).Serve</st>
            <st ob="" eb="" sr="" id="2.30">	/usr/local/go/src/net/http/server.go:1751 +0x35e</st>
            <st ob="" eb="" sr="" id="2.31">INFO[0047] POST /v1.14/containers/create</st>
            <st ob="" eb="" sr="" id="2.32">```</st>
            <st ob="" eb="" sr="" id="2.33">```</st>
            <st ob="" eb="" sr="" id="2.34">sudo docker version</st>
            <st ob="" eb="" sr="" id="2.35">Client version: 1.7.1</st>
            <st ob="" eb="" sr="" id="2.36">Client API version: 1.19</st>
            <st ob="" eb="" sr="" id="2.37">Go version (client): go1.4.2</st>
            <st ob="" eb="" sr="" id="2.38">Git commit (client): 786b29d</st>
            <st ob="" eb="" sr="" id="2.39">OS/Arch (client): linux/amd64</st>
            <st ob="" eb="" sr="" id="2.40">Server version: 1.7.1</st>
            <st ob="" eb="" sr="" id="2.41">Server API version: 1.19</st>
            <st ob="" eb="" sr="" id="2.42">Go version (server): go1.4.2</st>
            <st ob="" eb="" sr="" id="2.43">Git commit (server): 786b29d</st>
            <st ob="" eb="" sr="" id="2.44">OS/Arch (server): linux/amd64</st>
            <st ob="" eb="" sr="" id="2.45">```</st>
        </parg>
    </desc>
</bug>
