<?xml version="1.0" encoding="UTF-8" standalone="yes"?>
<bug no-bug="" comments="">
    <id>1583</id>
    <title ob="x" eb="" sr="" patterns="S_OB_ERROR_COND">Error while trying to boot Docker VM on OSX</title>
    <desc>
        <parg ob="x" eb="" sr="" id="1">
            <st ob="x" eb="" sr="" patterns="S_OB_COND_POS" id="1.1">When trying "vagrant up" I get:</st>
        </parg>
        <parg ob="" eb="" sr="" id="2">
            <st ob="" eb="" sr="" id="2.1">Bringing machine 'default' up with 'virtualbox' provider...</st>
            <st ob="" eb="" sr="" id="2.2">[default] Importing base box 'ubuntu'...</st>
            <st ob="" eb="" sr="" id="2.3">[default] Matching MAC address for NAT networking...</st>
            <st ob="" eb="" sr="" id="2.4">[default] Setting the name of the VM...</st>
            <st ob="" eb="" sr="" id="2.5">[default] Clearing any previously set forwarded ports...</st>
            <st ob="" eb="" sr="" id="2.6">[default] Creating shared folders metadata...</st>
            <st ob="" eb="" sr="" id="2.7">[default] Clearing any previously set network interfaces...</st>
            <st ob="" eb="" sr="" id="2.8">[default] Preparing network interfaces based on configuration...</st>
            <st ob="" eb="" sr="" id="2.9">[default] Forwarding ports...</st>
            <st ob="" eb="" sr="" id="2.10">[default] -- 22 =&gt; 2222 (adapter 1)</st>
            <st ob="" eb="" sr="" id="2.11">[default] -- 4243 =&gt; 4243 (adapter 1)</st>
            <st ob="" eb="" sr="" id="2.12">[default] Booting VM...</st>
            <st ob="" eb="" sr="" id="2.13">[default] Waiting for VM to boot. This can take a few minutes.</st>
            <st ob="" eb="" sr="" id="2.14">The VM failed to remain in the "running" state while attempting to boot.</st>
            <st ob="" eb="" sr="" id="2.15">This is normally caused by a misconfiguration or host system incompatibilities.</st>
            <st ob="" eb="" sr="" id="2.16">Please open the VirtualBox GUI and attempt to boot the virtual machine</st>
            <st ob="" eb="" sr="" id="2.17">manually to get a more informative error message.</st>
        </parg>
        <parg ob="x" eb="" sr="" id="3">
            <st ob="x" eb="" sr="" patterns="S_OB_VERB_ERROR" id="3.1">VirtualBOx GUI gives this error:</st>
        </parg>
        <parg ob="" eb="" sr="" id="4">
            <st ob="" eb="" sr="" id="4.1">Kernel driver not installed (rc=-1908)</st>
        </parg>
        <parg ob="" eb="" sr="" id="5">
            <st ob="" eb="" sr="" id="5.1">Make sure the kernel module has been loaded successfully.</st>
        </parg>
    </desc>
</bug>
