<?xml version="1.0" encoding="UTF-8" standalone="yes"?>
<bug no-bug="" comments="">
    <id>16218</id>
    <title ob="x" eb="" sr="" patterns="S_OB_ERROR_COND">Invalid repository name error when full image ID is used in FROM</title>
    <desc>
        <parg ob="" eb="" sr="" id="1">
            <st ob="" eb="" sr="" id="1.1">BUG REPORT INFORMATION
=</st>
        </parg>
        <parg ob="x" eb="" sr="" id="2">
            <st ob="x" eb="" sr="" patterns="S_OB_NEG_VERB" id="2.1">Since 1.8.0, using a full image identifier in the FROM command of a Dockerfile, makes docker build fail.</st>
        </parg>
        <parg ob="" eb="" sr="" id="3">
            <st ob="" eb="" sr="" id="3.1">docker version:
```
Client:
 Version: 1.8.1
 API version: 1.20
 Go version: go1.4.2
 Git commit: d12ea79
 Built: Thu Aug 13 02:35:49 UTC 2015
 OS/Arch: linux/amd64</st>
        </parg>
        <parg ob="" eb="" sr="" id="4">
            <st ob="" eb="" sr="" id="4.1">Server:</st>
            <st ob="" eb="" sr="" id="4.2"> Version: 1.8.1</st>
            <st ob="" eb="" sr="" id="4.3"> API version: 1.20</st>
            <st ob="" eb="" sr="" id="4.4"> Go version: go1.4.2</st>
            <st ob="" eb="" sr="" id="4.5"> Git commit: d12ea79</st>
            <st ob="" eb="" sr="" id="4.6"> Built: Thu Aug 13 02:35:49 UTC 2015</st>
            <st ob="" eb="" sr="" id="4.7"> OS/Arch: linux/amd64</st>
            <st ob="" eb="" sr="" id="4.8">```</st>
            <st ob="" eb="" sr="" id="4.9">docker info:</st>
            <st ob="" eb="" sr="" id="4.10">```</st>
            <st ob="" eb="" sr="" id="4.11">Containers: 0</st>
            <st ob="" eb="" sr="" id="4.12">Images: 21</st>
            <st ob="" eb="" sr="" id="4.13">Storage Driver: aufs</st>
            <st ob="" eb="" sr="" id="4.14"> Root Dir: /var/lib/docker/aufs</st>
            <st ob="" eb="" sr="" id="4.15"> Backing Filesystem: extfs</st>
            <st ob="" eb="" sr="" id="4.16"> Dirs: 21</st>
            <st ob="" eb="" sr="" id="4.17"> Dirperm1 Supported: false</st>
            <st ob="" eb="" sr="" id="4.18">Execution Driver: native-0.2</st>
            <st ob="" eb="" sr="" id="4.19">Logging Driver: json-file</st>
            <st ob="" eb="" sr="" id="4.20">Kernel Version: 3.13.0-55-generic</st>
            <st ob="" eb="" sr="" id="4.21">Operating System: Ubuntu 14.04.2 LTS</st>
            <st ob="" eb="" sr="" id="4.22">CPUs: 4</st>
            <st ob="" eb="" sr="" id="4.23">Total Memory: 7.681 GiB</st>
            <st ob="" eb="" sr="" id="4.24">Name: ubuntu-jsoriano</st>
            <st ob="" eb="" sr="" id="4.25">ID: W5PM:DW5X:RZ74:F2R3:563N:P76V:VSUL:KEP7:7LC4:GEVA:PPPA:PX3C</st>
            <st ob="" eb="" sr="" id="4.26">Username: jsoriano</st>
            <st ob="" eb="" sr="" id="4.27">Registry: https://index.docker.io/v1/</st>
            <st ob="" eb="" sr="" id="4.28">WARNING: No swap limit support</st>
            <st ob="" eb="" sr="" id="4.29">```</st>
            <st ob="" eb="" sr="" id="4.30">uname -a:</st>
            <st ob="" eb="" sr="" id="4.31">```</st>
            <st ob="" eb="" sr="" id="4.32">Linux jsoriano 3.13.0-55-generic #94-Ubuntu SMP Thu Jun 18 00:27:10 UTC 2015 x86_64 x86_64 x86_64 GNU/Linux</st>
            <st ob="" eb="" sr="" id="4.33">```</st>
            <st ob="" eb="" sr="" id="4.34">Provide additional environment details (AWS, VirtualBox, physical, etc.):</st>
            <st ob="" eb="" sr="" id="4.35">It happens on any environment, tested on physical and virtual host.</st>
        </parg>
        <parg ob="" eb="" sr="x" patterns="P_SR_LABELED_LIST" id="5">
            <st ob="" eb="" sr="" id="5.1">List the steps to reproduce the issue:</st>
            <st ob="" eb="" sr="" id="5.2">1 Create a Dockerfile with a FROM command with a 64-byte length image identifier</st>
            <st ob="" eb="" sr="" id="5.3">2 Run docker build .</st>
        </parg>
        <parg ob="" eb="" sr="" id="6">
            <st ob="" eb="" sr="" id="6.1">Describe the results you received:
```
unable to process Dockerfile: unable to parse repository info: Invalid repository name (a47f6f7784e2654c7100de492e044f5fa2469d03b35253e64326fa35539f5fb6), cannot specify 64-byte hexadecimal strings
```</st>
        </parg>
        <parg ob="" eb="x" sr="" id="7">
            <st ob="" eb="x" sr="" patterns="S_EB_EXP_BEHAVIOR" id="7.1">Describe the results you expected:
docker build working</st>
        </parg>
        <parg ob="x" eb="" sr="" id="8">
            <st ob="x" eb="" sr="" patterns="S_OB_NEG_VERB" id="8.1">Provide additional info you think is important:
It started to fail on 1.8.0, it works if image identifier is truncated to less than 64-bytes length.</st>
        </parg>
        <parg ob="" eb="" sr="" id="9">
            <st ob="" eb="" sr="" id="9.1">Image ids are used by [packer dockerfile post-processor](https://github.com/jgkim/packer-post-processor-docker-dockerfile) to add metadata to custom images.</st>
        </parg>
    </desc>
</bug>
