<?xml version="1.0" encoding="UTF-8" standalone="yes"?>
<bug no-bug="" comments="">
    <id>16340</id>
    <title ob="x" eb="" sr="" patterns="S_OB_NEG_VERB">Ubuntu 14.04 - docker installation hangs at user input</title>
    <desc>
        <parg ob="" eb="" sr="" id="1">
            <st ob="" eb="" sr="" id="1.1">Hi,</st>
        </parg>
        <parg ob="" eb="" sr="" id="2">
            <st ob="" eb="" sr="" patterns="" id="2.1">i am using the docker installation script to install docker in ubuntu 14.04.</st>
            <st ob="x" eb="" sr="" patterns="S_OB_NEG_VERB" id="2.2">The installation gets to the point where it is stopping for a user input</st>
        </parg>
        <parg ob="" eb="" sr="" id="3">
            <st ob="" eb="" sr="" id="3.1">Setting up docker-engine (1.8.2-0~trusty) ...</st>
        </parg>
        <parg ob="" eb="" sr="" id="4">
            <st ob="" eb="" sr="" id="4.1">Configuration file '/etc/init/docker.</st>
            <st ob="" eb="" sr="" id="4.2">conf'</st>
            <st ob="" eb="" sr="" id="4.3">==&gt; Deleted (by you or by a script) since installation.</st>
            <st ob="" eb="" sr="" id="4.4">==&gt; Package distributor has shipped an updated version.</st>
            <st ob="" eb="" sr="" id="4.5">What would you like to do about it ?</st>
            <st ob="" eb="" sr="" id="4.6">Your options are:</st>
            <st ob="" eb="" sr="" id="4.7">Y or I : install the package maintainer's version</st>
            <st ob="" eb="" sr="" id="4.8">N or O : keep your currently-installed version</st>
            <st ob="" eb="" sr="" id="4.9">D : show the differences between the versions</st>
            <st ob="" eb="" sr="" id="4.10">Z : start a shell to examine the situation</st>
            <st ob="" eb="" sr="" id="4.11">The default action is to keep your current version.</st>
            <st ob="" eb="" sr="" id="4.12">*** docker.conf (Y/I/N/O/D/Z) [default=N] ?</st>
        </parg>
        <parg ob="x" eb="" sr="" id="5">
            <st ob="x" eb="" sr="" patterns="S_OB_DESPITE" id="5.1">I Even after providing the input as I , it is stuck and not proceeding.</st>
        </parg>
        <parg ob="" eb="" sr="" id="6">
            <st ob="" eb="" sr="" id="6.1">I have two issues,</st>
        </parg>
        <parg ob="" eb="x" sr="" id="7">
            <st ob="" eb="x" sr="" patterns="S_EB_SHOULD" id="7.1">1 This is running as a cloud init so the installation should be non interactive, so how to avoid this prompt and force it to install with new configuration</st>
        </parg>
        <parg ob="x" eb="" sr="" id="8">
            <st ob="x" eb="" sr="" patterns="S_OB_WHY" id="8.1">2 why it is getting stuck even after the input is provided</st>
        </parg>
        <parg ob="" eb="" sr="" id="9">
            <st ob="" eb="" sr="" id="9.1">Note:
I think the prompt appears because of some residue files related to docker in the OS image.</st>
            <st ob="" eb="" sr="" id="9.2">I even tried to delete them (as below) before starting the installation but still it ended up in the prompt</st>
        </parg>
        <parg ob="" eb="" sr="" id="10">
            <st ob="" eb="" sr="" id="10.1">sudo rm -rf /etc/init/docker.</st>
            <st ob="" eb="" sr="" id="10.2">conf
sudo rm -rf /etc/init.d/docker
sudo rm -rf /etc/default/docker
sudo rm -rf /etc/docker</st>
        </parg>
    </desc>
</bug>
