<?xml version="1.0" encoding="UTF-8" standalone="yes"?>
<bug no-bug="" comments="">
    <id>16763</id>
    <title ob="x" eb="" sr="" patterns="S_OB_NEG_VERB">Docker fails to start with firewalld enabled on CentOS 7.1</title>
    <desc>
        <parg ob="x" eb="" sr="" patterns="P_OB_DESCRIPTION" id="1">
            <st ob="" eb="" sr="" id="1.1">###Description of problem:</st>
            <st ob="x" eb="" sr="" patterns="S_OB_AFTER_NEG" id="1.2">After installed docker with [Install with the script](https://docs.docker.com/installation/centos/#install-with-the-script) method on centos7 , I can't start docker daemon with command &lt;code&gt; systemctl start docker &lt;/code&gt;.</st>
        </parg>
        <parg ob="" eb="" sr="" id="2">
            <st ob="" eb="" sr="" id="2.1">###Information
 docker version, docker info:
 no result after execute these command.</st>
        </parg>
        <parg ob="" eb="" sr="" id="3">
            <st ob="" eb="" sr="" id="3.1">cat /etc/redhat-release
 CentOS Linux release 7.1.1503 (Core)</st>
        </parg>
        <parg ob="" eb="" sr="" id="4">
            <st ob="" eb="" sr="" id="4.1">uname -a: 
 Linux localhost.localdomain 3.10.0-229.14.1.</st>
            <st ob="" eb="" sr="" id="4.2">el7.x86_64 #1 SMP Tue Sep 15 15:05:51 UTC 2015 x86_64 x86_64 x86_64 GNU/Linux</st>
        </parg>
        <parg ob="" eb="" sr="" id="5">
            <st ob="" eb="" sr="" id="5.1">Environment details:
 VMWare workstation</st>
        </parg>
        <parg ob="" eb="" sr="x" patterns="P_SR_LABELED_LIST" id="6">
            <st ob="" eb="" sr="" id="6.1">###Steps to Reproduce:</st>
            <st ob="" eb="" sr="" id="6.2">1 install docker</st>
            <st ob="" eb="" sr="" id="6.3">curl -sSL https://get.docker.com/ | sh</st>
            <st ob="" eb="" sr="" id="6.4">2 Start the Docker daemon.</st>
            <st ob="" eb="" sr="" id="6.5">systemctl start docker 
 Job for docker.service failed.</st>
            <st ob="" eb="" sr="" id="6.6">See 'systemctl status docker.service' and 'journalctl -xn' for details.</st>
            <st ob="" eb="" sr="" id="6.7">3 systemctl status docker:</st>
            <st ob="" eb="" sr="" id="6.8">		docker.service - Docker Application Container Engine</st>
            <st ob="" eb="" sr="" id="6.9">		 Loaded: loaded (/usr/lib/systemd/system/docker.service; disabled)</st>
            <st ob="" eb="" sr="" id="6.10">		 Active: activating (start) since Mon 2015-10-05 04:43:17 EDT; 11s ago</st>
            <st ob="" eb="" sr="" id="6.11">		 Docs: https://docs.docker.com</st>
            <st ob="" eb="" sr="" id="6.12">		 Main PID: 30073 (docker)</st>
            <st ob="" eb="" sr="" id="6.13">		 CGroup: /system.slice/docker.servic3</st>
            <st ob="" eb="" sr="" id="6.14">		 └─30073 /usr/bin/docker daemon -H fd://</st>
            <st ob="" eb="" sr="" id="6.15">		Oct 05 04:43:17 localhost.localdomain systemd[1]: Failed to start Docker Application Container Engine.</st>
            <st ob="" eb="" sr="" id="6.16">		Oct 05 04:43:17 localhost.localdomain systemd[1]: Unit docker.service entered failed state.</st>
            <st ob="" eb="" sr="" id="6.17">		Oct 05 04:43:17 localhost.localdomain systemd[1]: Starting Docker Application Container Engine...</st>
            <st ob="" eb="" sr="" id="6.18">		Oct 05 04:43:17 localhost.localdomain docker[30073]: time="2015-10-05T04:43:17.857494433-04:00" level=info msg="[graphdriver] using prior storage driver \"devicemapper\""</st>
            <st ob="" eb="" sr="" id="6.19">		Oct 05 04:43:17 localhost.localdomain docker[30073]: time="2015-10-05T04:43:17.858169372-04:00" level=info msg="Option DefaultDriver: bridge"</st>
            <st ob="" eb="" sr="" id="6.20">		Oct 05 04:43:17 localhost.localdomain docker[30073]: time="2015-10-05T04:43:17.858192797-04:00" level=info msg="Option DefaultNetwork: bridge"</st>
            <st ob="" eb="" sr="" id="6.21">		Oct 05 04:43:17 localhost.localdomain docker[30073]: time="2015-10-05T04:43:17.867660517-04:00" level=warning msg="Running modprobe bridge nf_nat br_netfilter failed with message: modprobe: WARNING: Module br_netfilter not found.</st>
            <st ob="" eb="" sr="" id="6.22">, error: exit status 1"</st>
        </parg>
        <parg ob="x" eb="" sr="" id="7">
            <st ob="x" eb="" sr="" patterns="S_OB_AFTER_POS" id="7.1">###**After I stop firewalld, Then docker daemon start sucessfully**</st>
        </parg>
        <parg ob="" eb="" sr="" id="8">
            <st ob="" eb="" sr="" id="8.1">systemctl stop firewalld
	systemctl start docker</st>
        </parg>
        <parg ob="" eb="" sr="" id="9">
            <st ob="" eb="" sr="" id="9.1">docker version:
	Client:
	 Version: 1.8.2
	 API version: 1.20
	 Go version: go1.4.2
	 Git commit: 0a8c2e3
	 Built: Thu Sep 10 19:08:45 UTC 2015
	 OS/Arch: linux/amd64
	
	Server:
	 Version: 1.8.2
	 API version: 1.20
	 Go version: go1.4.2
	 Git commit: 0a8c2e3
	 Built: Thu Sep 10 19:08:45 UTC 2015
	 OS/Arch: linux/amd64</st>
        </parg>
        <parg ob="" eb="" sr="" id="10">
            <st ob="" eb="" sr="" id="10.1">	docker info:</st>
            <st ob="" eb="" sr="" id="10.2">	ontainers: 0</st>
            <st ob="" eb="" sr="" id="10.3">	Images: 0</st>
            <st ob="" eb="" sr="" id="10.4">	Storage Driver: devicemapper</st>
            <st ob="" eb="" sr="" id="10.5">	 Pool Name: docker-253:1-134960995-pool</st>
            <st ob="" eb="" sr="" id="10.6">	 Pool Blocksize: 65.54 kB</st>
            <st ob="" eb="" sr="" id="10.7">	 Backing Filesystem: xfs</st>
            <st ob="" eb="" sr="" id="10.8">	 Data file: /dev/loop0</st>
            <st ob="" eb="" sr="" id="10.9">	 Metadata file: /dev/loop1</st>
            <st ob="" eb="" sr="" id="10.10">	 Data Space Used: 1.821 GB</st>
            <st ob="" eb="" sr="" id="10.11">	 Data Space Total: 107.4 GB</st>
            <st ob="" eb="" sr="" id="10.12">	 Data Space Available: 34.22 GB</st>
            <st ob="" eb="" sr="" id="10.13">	 Metadata Space Used: 1.479 MB</st>
            <st ob="" eb="" sr="" id="10.14">	 Metadata Space Total: 2.147 GB</st>
            <st ob="" eb="" sr="" id="10.15">	 Metadata Space Available: 2.146 GB</st>
            <st ob="" eb="" sr="" id="10.16">	 Udev Sync Supported: true</st>
            <st ob="" eb="" sr="" id="10.17">	 Deferred Removal Enabled: false</st>
            <st ob="" eb="" sr="" id="10.18">	 Data loop file: /var/lib/docker/devicemapper/devicemapper/data</st>
            <st ob="" eb="" sr="" id="10.19">	 Metadata loop file: /var/lib/docker/devicemapper/devicemapper/metadata</st>
            <st ob="" eb="" sr="" id="10.20">	 Library Version: 1.02.93-RHEL7 (2015-01-28)</st>
            <st ob="" eb="" sr="" id="10.21">	Execution Driver: native-0.2</st>
            <st ob="" eb="" sr="" id="10.22">	Logging Driver: json-file</st>
            <st ob="" eb="" sr="" id="10.23">	Kernel Version: 3.10.0-229.14.1.el7.x86_64</st>
            <st ob="" eb="" sr="" id="10.24">	Operating System: CentOS Linux 7 (Core)</st>
            <st ob="" eb="" sr="" id="10.25">	CPUs: 1</st>
            <st ob="" eb="" sr="" id="10.26">	Total Memory: 979.7 MiB</st>
            <st ob="" eb="" sr="" id="10.27">	Name: localhost.localdomain</st>
            <st ob="" eb="" sr="" id="10.28">	ID: APCF:P2ON:RANA:H3P3:TGHF:OBPC:2E3Y:JEDA:6PA4:GCJN:A74B:DRIN</st>
            <st ob="" eb="" sr="" id="10.29">	WARNING: bridge-nf-call-iptables is disabled</st>
            <st ob="" eb="" sr="" id="10.30">	WARNING: bridge-nf-call-ip6tables is disabled</st>
        </parg>
    </desc>
</bug>
