<?xml version="1.0" encoding="UTF-8" standalone="yes"?>
<bug no-bug="" comments="">
    <id>17126</id>
    <title ob="" eb="" sr="">cgroup-parent does not work with systemd cgroup driver1.10.0</title>
    <desc>
        <parg ob="" eb="" sr="" id="1">
            <st ob="" eb="" sr="" id="1.1">$ cat /etc/lsb-release 
DISTRIB_ID=CoreOS
DISTRIB_RELEASE=835.1.0
DISTRIB_CODENAME="Red Dog"
DISTRIB_DESCRIPTION="CoreOS 835.1.0"
$ docker -v
Docker version 1.8.3, build cedd534-dirty</st>
        </parg>
        <parg ob="" eb="" sr="x" patterns="P_SR_LABELED_LIST" id="2">
            <st ob="" eb="" sr="" id="2.1">Steps to repro:</st>
            <st ob="" eb="" sr="" id="2.2">1 docker run --cgroup-parent=/ hello-world</st>
        </parg>
        <parg ob="" eb="x" sr="" id="3">
            <st ob="" eb="x" sr="" patterns="S_EB_EXP_BEHAVIOR,S_EB_SHOULD" id="3.1">Expected results:
hello-world should execute</st>
        </parg>
        <parg ob="x" eb="" sr="" id="4">
            <st ob="x" eb="" sr="" patterns="S_OB_OBSERVE,S_OB_PROBLEM_IN" id="4.1">Observed:
Error response from daemon: Cannot start container ab59989666093c50b0f0b137096ff562c2cdd94f162b351b57a5fcd0217c7682: [8] System error: Invalid unit type.</st>
        </parg>
        <parg ob="" eb="" sr="" id="5">
            <st ob="" eb="" sr="" id="5.1">Docker tries to create a systemd unit named "/-&lt;name&gt;.</st>
            <st ob="" eb="" sr="" id="5.2">scope" which is not a valid unit name.</st>
        </parg>
    </desc>
</bug>
