<?xml version="1.0" encoding="UTF-8" standalone="yes"?>
<bug no-bug="" comments="">
    <id>17252</id>
    <title ob="x" eb="" sr="" patterns="S_OB_NEG_VERB">docker 1.8.2 pull/push to IPv6-enabled registry fails</title>
    <desc>
        <parg ob="x" eb="" sr="" id="1">
            <st ob="x" eb="" sr="" patterns="S_OB_NEG_VERB" id="1.1">A 'docker push' (or pull) fails on ping attempt to registry.</st>
        </parg>
        <parg ob="" eb="" sr="" id="2">
            <st ob="" eb="" sr="" id="2.1">root@docker-v6-2:~# docker push docker-v6-1.</st>
            <st ob="" eb="" sr="" id="2.2">example.com:5000/ubuntu
The push refers to a repository [docker-v6-1.</st>
            <st ob="" eb="" sr="" id="2.3">example.com:5000/ubuntu] (len: 1)
unable to ping registry endpoint https://docker-v6-1.example.com:5000/v0/
v2 ping attempt failed with error: Get https://docker-v6-1.example.com:5000/v2/: dial tcp: no suitable address found
 v1 ping attempt failed with error: Get https://docker-v6-1.example.com:5000/v1/_ping: dial tcp: no suitable address found</st>
        </parg>
        <parg ob="" eb="" sr="" id="3">
            <st ob="x" eb="" sr="" patterns="S_OB_WORKS_FINE" id="3.1">IPv6 works to Docker Registry:
root@docker-v6-2:~# ping6 -n docker-v6-1.example.com</st>
            <st ob="" eb="" sr="" id="3.2">PING docker-v6-1.</st>
            <st ob="" eb="" sr="" id="3.3">example.com(fd15:4ba5:5a2b:1009:20c:29ff:fef3:f848) 56 data bytes
64 bytes from fd15:4ba5:5a2b:1009:20c:29ff:fef3:f848: icmp_seq=1 ttl=64 time=0.257 ms
64 bytes from fd15:4ba5:5a2b:1009:20c:29ff:fef3:f848: icmp_seq=2 ttl=64 time=0.421 ms</st>
        </parg>
        <parg ob="" eb="" sr="" id="4">
            <st ob="" eb="" sr="" id="4.1">root@docker-v6-2:~# wget --no-check-certificate https://docker-v6-1.example.com:5000/v2/</st>
            <st ob="" eb="" sr="" id="4.2">--2015-10-21 14:15:30-- https://docker-v6-1.example.com:5000/v2/</st>
            <st ob="" eb="" sr="" id="4.3">Resolving docker-v6-1.</st>
            <st ob="" eb="" sr="" id="4.4">example.com (docker-v6-1.</st>
            <st ob="" eb="" sr="" id="4.5">example.com)... fd15:4ba5:5a2b:1009:20c:29ff:fef3:f848</st>
            <st ob="" eb="" sr="" id="4.6">Connecting to docker-v6-1.</st>
            <st ob="" eb="" sr="" id="4.7">example.com (docker-v6-1.</st>
            <st ob="" eb="" sr="" id="4.8">example.com)|fd15:4ba5:5a2b:1009:20c:29ff:fef3:f848|:5000... connected.</st>
            <st ob="" eb="" sr="" id="4.9">WARNING: cannot verify docker-v6-1.</st>
            <st ob="" eb="" sr="" id="4.10">example.com's certificate, issued by ‘/C=US/ST=CO/L=Boulder/O=example/CN=docker-v6-1.example.com/emailAddress=eyepv6@example.com’:</st>
            <st ob="" eb="" sr="" id="4.11">Self-signed certificate encountered.</st>
            <st ob="" eb="" sr="" id="4.12">HTTP request sent, awaiting response... 200 OK</st>
            <st ob="" eb="" sr="" id="4.13">Length: 2 [application/json]</st>
            <st ob="" eb="" sr="" id="4.14">Saving to: ‘index.html’</st>
        </parg>
        <parg ob="" eb="" sr="" id="5">
            <st ob="" eb="" sr="" id="5.1">100%[=========================================================================================&gt;] 2 --.</st>
            <st ob="" eb="" sr="" id="5.2">-K/s in 0s</st>
        </parg>
        <parg ob="" eb="" sr="" id="6">
            <st ob="" eb="" sr="" id="6.1">2015-10-21 14:15:30 (501 KB/s) - ‘index.html’ saved [2/2]</st>
        </parg>
        <parg ob="x" eb="" sr="" id="7">
            <st ob="x" eb="" sr="" patterns="S_OB_SEEMS_TO_BE,S_OB_NEG_VERB,S_OB_TRY_PRESENT" id="7.1">So the issue seems to be in the 'docker push' logic where it tries to first ping the registry and since its ping syntax or protocol dependency is broken then the ping test fails.</st>
        </parg>
        <parg ob="" eb="" sr="" id="8">
            <st ob="" eb="" sr="" id="8.1">Environment:
Tested on both physical HW and VMs (Fusion).</st>
        </parg>
        <parg ob="" eb="" sr="" id="9">
            <st ob="" eb="" sr="" id="9.1">root@docker-v6-2:~# docker version
Client:
 Version: 1.8.2
 API version: 1.20
 Go version: go1.4.2
 Git commit: 0a8c2e3
 Built: Thu Sep 10 19:19:00 UTC 2015
 OS/Arch: linux/amd64</st>
        </parg>
        <parg ob="" eb="" sr="" id="10">
            <st ob="" eb="" sr="" id="10.1">Server:</st>
            <st ob="" eb="" sr="" id="10.2"> Version: 1.8.2</st>
            <st ob="" eb="" sr="" id="10.3"> API version: 1.20</st>
            <st ob="" eb="" sr="" id="10.4"> Go version: go1.4.2</st>
            <st ob="" eb="" sr="" id="10.5"> Git commit: 0a8c2e3</st>
            <st ob="" eb="" sr="" id="10.6"> Built: Thu Sep 10 19:19:00 UTC 2015</st>
            <st ob="" eb="" sr="" id="10.7"> OS/Arch: linux/amd64</st>
            <st ob="" eb="" sr="" id="10.8">root@docker-v6-2:~# docker info</st>
            <st ob="" eb="" sr="" id="10.9">Containers: 1</st>
            <st ob="" eb="" sr="" id="10.10">Images: 8</st>
            <st ob="" eb="" sr="" id="10.11">Storage Driver: aufs</st>
            <st ob="" eb="" sr="" id="10.12"> Root Dir: /var/lib/docker/aufs</st>
            <st ob="" eb="" sr="" id="10.13"> Backing Filesystem: extfs</st>
            <st ob="" eb="" sr="" id="10.14"> Dirs: 10</st>
            <st ob="" eb="" sr="" id="10.15"> Dirperm1 Supported: false</st>
            <st ob="" eb="" sr="" id="10.16">Execution Driver: native-0.2</st>
            <st ob="" eb="" sr="" id="10.17">Logging Driver: json-file</st>
            <st ob="" eb="" sr="" id="10.18">Kernel Version: 3.13.0-63-generic</st>
            <st ob="" eb="" sr="" id="10.19">Operating System: Ubuntu 14.04.3 LTS</st>
            <st ob="" eb="" sr="" id="10.20">CPUs: 2</st>
            <st ob="" eb="" sr="" id="10.21">Total Memory: 3.854 GiB</st>
            <st ob="" eb="" sr="" id="10.22">Name: docker-v6-2</st>
            <st ob="" eb="" sr="" id="10.23">ID: JYQW:CGZU:Q6P7:J46F:XIAG:VO6Y:TPLU:JBMF:QIMW:7ANO:P5LI:LAEU</st>
            <st ob="" eb="" sr="" id="10.24">WARNING: No swap limit support</st>
            <st ob="" eb="" sr="" id="10.25">root@docker-v6-2:~# uname -a</st>
            <st ob="" eb="" sr="" id="10.26">Linux docker-v6-2 3.13.0-63-generic #103-Ubuntu SMP Fri Aug 14 21:42:59 UTC 2015 x86_64 x86_64 x86_64 GNU/Linux</st>
        </parg>
    </desc>
</bug>
