<?xml version="1.0" encoding="UTF-8" standalone="yes"?>
<bug no-bug="" comments="">
    <id>17342</id>
    <title ob="x" eb="" sr="" patterns="S_OB_NOUN_NOT">/etc/hosts not updated on disconnect</title>
    <desc>
        <parg ob="x" eb="" sr="" id="1">
            <st ob="x" eb="" sr="" patterns="S_OB_BUT_NEG" id="1.1">the network stack is updated but not `/etc/hosts` --- is this expected behavior?</st>
        </parg>
        <parg ob="" eb="" sr="" id="2">
            <st ob="" eb="" sr="" id="2.1">```
 ubuntu@ip-172-31-36-118:~$ docker network disconnect isolated_nw container2
ubuntu@ip-172-31-36-118:~$ docker network disconnect bridge container2
ubuntu@ip-172-31-36-118:~$ docker attach container2</st>
        </parg>
        <parg ob="" eb="" sr="" id="3">
            <st ob="" eb="" sr="" id="3.1">/ # cat /etc/hosts
172.17.0.3	8845961414ca
127.0.0.1	localhost
::1	localhost ip6-localhost ip6-loopback
fe00::0	ip6-localnet
ff00::0	ip6-mcastprefix
ff02::1	ip6-allnodes
ff02::2	ip6-allrouters
172.17.0.2	container1
172.17.0.2	container1.bridge
172.19.0.3	container3
172.19.0.3	container3.isolated_nw
/ # ubuntu@ip-172-31-36-118:~$ docker attach container2</st>
        </parg>
        <parg ob="" eb="" sr="" id="4">
            <st ob="" eb="" sr="" id="4.1">/ # ifconfig
lo Link encap:Local Loopback 
 inet addr:127.0.0.1 Mask:255.0.0.0
 inet6 addr: ::1/128 Scope:Host
 UP LOOPBACK RUNNING MTU:65536 Metric:1
 RX packets:0 errors:0 dropped:0 overruns:0 frame:0
 TX packets:0 errors:0 dropped:0 overruns:0 carrier:0
 collisions:0 txqueuelen:0 
 RX bytes:0 (0.0 B) TX bytes:0 (0.0 B)</st>
        </parg>
        <parg ob="" eb="" sr="" id="5">
            <st ob="" eb="" sr="" id="5.1">/ # cat /etc/hosts
172.17.0.3	8845961414ca
127.0.0.1	localhost
::1	localhost ip6-localhost ip6-loopback
fe00::0	ip6-localnet
ff00::0	ip6-mcastprefix
ff02::1	ip6-allnodes
ff02::2	ip6-allrouters
172.17.0.2	container1
172.17.0.2	container1.bridge
172.19.0.3	container3
172.19.0.3	container3.isolated_nw
/ # ping container1
PING container1 (172.17.0.2): 56 data bytes
ping: sendto: Network is unreachable
/ # 
```</st>
        </parg>
    </desc>
</bug>
