<?xml version="1.0" encoding="UTF-8" standalone="yes"?>
<bug no-bug="" comments="">
    <id>17470</id>
    <title ob="x" eb="" sr="" patterns="S_OB_NEG_COND">docker do not copy data to volume when use -v command to mount a volume</title>
    <desc>
        <parg ob="" eb="" sr="" id="1">
            <st ob="" eb="" sr="" id="1.1">hi ~~</st>
        </parg>
        <parg ob="x" eb="" sr="" id="2">
            <st ob="x" eb="" sr="" patterns="S_OB_NEG_COND,S_OB_FOUND" id="2.1">I found docker do not copy the mount point data to volume when use `-v` command to mount a volume.</st>
        </parg>
        <parg ob="x" eb="" sr="" id="3">
            <st ob="x" eb="" sr="" patterns="S_OB_BUT" id="3.1">however, it copy the data to the volume when use `VOLUME` instrument in the Dockerfile.</st>
        </parg>
        <parg ob="" eb="" sr="x" patterns="P_SR_LABELED_CODE_FRAGS" id="4">
            <st ob="" eb="" sr="x" patterns="S_SR_CODE_REF" id="4.1">here is my Docker file:</st>
            <st ob="" eb="" sr="" id="4.2">``` shell
# Pull base image.</st>
            <st ob="" eb="" sr="" id="4.3">FROM ubuntu</st>
            <st ob="" eb="" sr="" id="4.4">EXPOSE 9000
RUN mkdir -p /usr/apps
ADD ./package.tgz /usr/apps/</st>
            <st ob="" eb="" sr="" id="4.5"># Define default command.</st>
            <st ob="" eb="" sr="" id="4.6">CMD ["bash"]
```</st>
        </parg>
        <parg ob="" eb="" sr="" id="5">
            <st ob="x" eb="" sr="" patterns="S_OB_COND_NEG,S_OB_NEG_ADV_ADJ" id="5.1">when i start the image use -v command, `ls` show the directory is empty;</st>
            <st ob="" eb="" sr="" id="5.2">``` shell
docker run --name sandbox -v /home/apps:/usr/apps sandbox ls /usr/apps
```</st>
            <st ob="x" eb="" sr="" patterns="S_OB_BUT" id="5.3">
how ever when i use `VOLUME` instrument，it works; `ls` show the directory has files.</st>
        </parg>
        <parg ob="" eb="" sr="" id="6">
            <st ob="" eb="" sr="" id="6.1">why?</st>
            <st ob="" eb="" sr="" id="6.2">is the two way some different?</st>
            <st ob="" eb="" sr="" id="6.3">i need your help.</st>
        </parg>
        <parg ob="" eb="" sr="" id="7">
            <st ob="" eb="" sr="" id="7.1">thanks.</st>
        </parg>
    </desc>
</bug>
