<?xml version="1.0" encoding="UTF-8" standalone="yes"?>
<bug no-bug="" comments="">
    <id>17832</id>
    <title ob="x" eb="" sr="" patterns="S_OB_NEG_ADV_ADJ,S_OB_TOO">docker ps -s is way too slow</title>
    <desc>
        <parg ob="" eb="" sr="" id="1">
            <st ob="x" eb="" sr="" patterns="S_OB_VERB_ERROR,S_OB_FOR_TIME" id="1.1">I'm just sitting here on a server with a full disk, and I have trouble doing anything about it since ``docker ps -s`` is already running since ~20 minutes.</st>
            <st ob="" eb="" sr="" id="1.2">(50GB HDD, so not that much it could reasonably take forever) I have 6 actively running containers, so not THAT many.</st>
        </parg>
        <parg ob="x" eb="" sr="" id="2">
            <st ob="x" eb="" sr="" patterns="S_OB_NEG_ADV_ADJ,S_OB_TOO,S_OB_NON_TERM" id="2.1">This is way too slow to make it useful in any sort of non-trivial environment.</st>
        </parg>
        <parg ob="" eb="" sr="" id="3">
            <st ob="x" eb="" sr="" patterns="S_OB_NEG_AUX_VERB" id="3.1">Edit: it doesn't even give a progress indication or output the info for the containers it has already crawled.</st>
            <st ob="" eb="" sr="" id="3.2">.</st>
        </parg>
    </desc>
</bug>
