<?xml version="1.0" encoding="UTF-8" standalone="yes"?>
<bug no-bug="" comments="">
    <id>18145</id>
    <title ob="x" eb="" sr="" patterns="S_OB_NEG_VERB">Docker 1.9.1 breaks for custom bridges1.10.0</title>
    <desc>
        <parg ob="" eb="" sr="" id="1">
            <st ob="x" eb="" sr="" patterns="S_OB_NEG_AUX_VERB" id="1.1">Docker 1.9.1 doesn't assigns ip addresses correctly, including double assignment.</st>
            <st ob="x" eb="" sr="" patterns="S_OB_NEG_AUX_VERB" id="1.2">Docker 1.9.0 doesn't have the problem.</st>
        </parg>
        <parg ob="" eb="" sr="" id="2">
            <st ob="" eb="" sr="" id="2.1">```
 /usr/bin/docker daemon --fixed-cidr=10.10.0.128/25 --bridge=cbr0 --iptables=false --ip-masq=false -H fd://
```</st>
        </parg>
        <parg ob="" eb="" sr="" id="3">
            <st ob="" eb="" sr="" id="3.1">```
4: cbr0: &lt;BROADCAST,MULTICAST,UP,LOWER_UP&gt; mtu 1500 qdisc noqueue state UP group default 
 link/ether 08:00:27:62:93:d7 brd ff:ff:ff:ff:ff:ff
 inet 10.10.0.3/24 brd 10.10.0.255 scope global cbr0
 valid_lft forever preferred_lft forever
 inet6 fe80::a00:27ff:fe62:93d7/64 scope link 
 valid_lft forever preferred_lft forever
```</st>
        </parg>
    </desc>
</bug>
