<?xml version="1.0" encoding="UTF-8" standalone="yes"?>
<bug no-bug="" comments="">
    <id>18160</id>
    <title ob="x" eb="" sr="" patterns="S_OB_NEG_VERB">Failed to remove multiple networks with one docker network rm command</title>
    <desc>
        <parg ob="" eb="" sr="" id="1">
            <st ob="" eb="" sr="" id="1.1">Hy,</st>
        </parg>
        <parg ob="" eb="" sr="" id="2">
            <st ob="x" eb="" sr="" patterns="S_OB_BUT_NEG" id="2.1">I create multiple bridge network and wanted to remove them with one command but it failed with
"docker: "network rm" requires 1 argument."</st>
            <st ob="" eb="" sr="" id="2.2">.</st>
            <st ob="" eb="x" sr="" patterns="S_EB_SHOULD" id="2.3">Okay I can workaround it with for example "docker network ls | grep "almafa\|kortefa" | xargs docker network rm", but I think it should work the same way how it works in case of images or containers.</st>
        </parg>
        <parg ob="" eb="" sr="" id="3">
            <st ob="" eb="" sr="" id="3.1">How reproducible:</st>
        </parg>
        <parg ob="" eb="" sr="x" patterns="P_SR_LABELED_LIST" id="4">
            <st ob="" eb="" sr="" id="4.1">Steps to reproduce:</st>
            <st ob="" eb="" sr="" id="4.2">1 Run docker daemon</st>
            <st ob="" eb="" sr="" id="4.3">2 Create two default networks: docker network create csillamponi &amp;&amp; docker network create unicorn</st>
            <st ob="" eb="" sr="" id="4.4">2 Try to remove them: docker network rm csilamponi unicorn</st>
        </parg>
        <parg ob="x" eb="" sr="" patterns="P_OB_OBSERVED_BEHAVIOR_MULTI" id="5">
            <st ob="" eb="" sr="" id="5.1">Actual result:</st>
            <st ob="" eb="" sr="" id="5.2">"docker: "network rm" requires 1 argument"</st>
        </parg>
        <parg ob="" eb="x" sr="" patterns="P_EB_EXP_BEHAVIOR_MULTI" id="6">
            <st ob="" eb="" sr="" id="6.1">Expected result:</st>
            <st ob="" eb="" sr="" id="6.2">The daemon removes both of the networks.</st>
        </parg>
        <parg ob="" eb="" sr="" id="7">
            <st ob="" eb="" sr="" id="7.1">`docker version`:</st>
        </parg>
        <parg ob="" eb="" sr="" id="8">
            <st ob="" eb="" sr="" id="8.1">Client:
 Version: 1.9.0
 API version: 1.21
 Go version: go1.4.2
 Git commit: 76d6bc9
 Built: Tue Nov 3 17:43:42 UTC 2015
 OS/Arch: linux/amd64</st>
        </parg>
        <parg ob="" eb="" sr="" id="9">
            <st ob="" eb="" sr="" id="9.1">Server:
 Version: 1.9.0
 API version: 1.21
 Go version: go1.4.2
 Git commit: 76d6bc9
 Built: Tue Nov 3 17:43:42 UTC 2015
 OS/Arch: linux/amd64</st>
        </parg>
        <parg ob="" eb="" sr="" id="10">
            <st ob="" eb="" sr="" id="10.1">`docker info`:</st>
        </parg>
        <parg ob="" eb="" sr="" id="11">
            <st ob="" eb="" sr="" id="11.1">Containers: 0</st>
            <st ob="" eb="" sr="" id="11.2">Images: 25</st>
            <st ob="" eb="" sr="" id="11.3">Server Version: 1.9.0</st>
            <st ob="" eb="" sr="" id="11.4">Storage Driver: aufs</st>
            <st ob="" eb="" sr="" id="11.5"> Root Dir: /var/lib/docker/aufs</st>
            <st ob="" eb="" sr="" id="11.6"> Backing Filesystem: extfs</st>
            <st ob="" eb="" sr="" id="11.7"> Dirs: 25</st>
            <st ob="" eb="" sr="" id="11.8"> Dirperm1 Supported: true</st>
            <st ob="" eb="" sr="" id="11.9">Execution Driver: native-0.2</st>
            <st ob="" eb="" sr="" id="11.10">Logging Driver: json-file</st>
            <st ob="" eb="" sr="" id="11.11">Kernel Version: 3.16.0-30-generic</st>
            <st ob="" eb="" sr="" id="11.12">Operating System: Ubuntu 14.04.2 LTS</st>
            <st ob="" eb="" sr="" id="11.13">CPUs: 1</st>
            <st ob="" eb="" sr="" id="11.14">Total Memory: 993.7 MiB</st>
            <st ob="" eb="" sr="" id="11.15">Name: lmesz-node1</st>
            <st ob="" eb="" sr="" id="11.16">ID: XNAE:LJE6:MS6U:BPSA:I4LG:5AK6:HNBH:G4A7:2TTI:OSFH:JOOS:QHVY</st>
            <st ob="" eb="" sr="" id="11.17">Debug mode (server): true</st>
            <st ob="" eb="" sr="" id="11.18"> File Descriptors: 18</st>
            <st ob="" eb="" sr="" id="11.19"> Goroutines: 47</st>
            <st ob="" eb="" sr="" id="11.20"> System Time: 2015-11-12T12:26:07.781316158-05:00</st>
            <st ob="" eb="" sr="" id="11.21"> EventsListeners: 0</st>
            <st ob="" eb="" sr="" id="11.22"> Init SHA1: 787da34bb103f11fd6114d8782217bc4f7032e3e</st>
            <st ob="" eb="" sr="" id="11.23"> Init Path: /usr/lib/docker/dockerinit</st>
            <st ob="" eb="" sr="" id="11.24"> Docker Root Dir: /var/lib/docker</st>
            <st ob="" eb="" sr="" id="11.25">WARNING: No swap limit support</st>
            <st ob="" eb="" sr="" id="11.26">Cluster store: etcd://10.121.1.66:2379/dockerNetwork</st>
            <st ob="" eb="" sr="" id="11.27">Cluster advertise: 10.121.1.66:22222</st>
        </parg>
        <parg ob="" eb="" sr="" id="12">
            <st ob="" eb="" sr="" id="12.1">`uname -a`:</st>
        </parg>
        <parg ob="" eb="" sr="" id="13">
            <st ob="" eb="" sr="" id="13.1">Linux lmesz-node1 3.16.0-30-generic #40~14.04.1-Ubuntu SMP Thu Jan 15 17:43:14 UTC 2015 x86_64 x86_64 x86_64 GNU/Linux</st>
        </parg>
        <parg ob="" eb="" sr="" id="14">
            <st ob="" eb="" sr="" id="14.1">Environment details (AWS, VirtualBox, physical, etc.):</st>
        </parg>
        <parg ob="" eb="" sr="" id="15">
            <st ob="" eb="" sr="" id="15.1">I guess doesn't matter.</st>
            <st ob="" eb="" sr="" id="15.2">But it is a virtualbox virtual machine.</st>
        </parg>
    </desc>
</bug>
