<?xml version="1.0" encoding="UTF-8" standalone="yes"?>
<bug no-bug="" comments="">
    <id>18297</id>
    <title ob="x" eb="" sr="" patterns="S_OB_NEG_VERB">docker network create with IPv6 subnets using iptables fails</title>
    <desc>
        <parg ob="x" eb="" sr="" patterns="P_OB_DESCRIPTION" id="1">
            <st ob="" eb="" sr="" id="1.1">Description of problem:
The docker network create command does not work with IPv6 subnets using iptables.</st>
        </parg>
        <parg ob="" eb="" sr="" id="2">
            <st ob="" eb="" sr="" id="2.1">`docker version`:
```
Client:
 Version: 1.9.1-fc23
 API version: 1.21
 Package version: docker-1.9.1-2.</st>
            <st ob="" eb="" sr="" id="2.2">git78bc3ea.fc23.x86_64
 Go version: go1.5.1
 Git commit: f7c1d52-dirty
 Built: Fri Nov 20 21:07:14 UTC 2015
 OS/Arch: linux/amd64</st>
        </parg>
        <parg ob="" eb="" sr="" id="3">
            <st ob="" eb="" sr="" id="3.1">Server:
 Version: 1.9.1-fc23
 API version: 1.21
 Package version: docker-1.9.1-2.</st>
            <st ob="" eb="" sr="" id="3.2">git78bc3ea.fc23.x86_64
 Go version: go1.5.1
 Git commit: f7c1d52-dirty
 Built: Fri Nov 20 21:07:14 UTC 2015
 OS/Arch: linux/amd64</st>
        </parg>
        <parg ob="" eb="" sr="" id="4">
            <st ob="" eb="" sr="" id="4.1">```</st>
        </parg>
        <parg ob="" eb="" sr="" id="5">
            <st ob="" eb="" sr="" id="5.1">`docker info`:
```
Server Version: 1.9.1-fc23
Storage Driver: overlay
 Backing Filesystem: extfs
Execution Driver: native-0.2
Logging Driver: journald
Kernel Version: 4.2.6-301.</st>
            <st ob="" eb="" sr="" id="5.2">fc23.x86_64
Operating System: Fedora 23 (Cloud Edition)
```</st>
        </parg>
        <parg ob="" eb="" sr="" id="6">
            <st ob="" eb="" sr="" id="6.1">`uname -a`:
`Linux 4.2.6-301.</st>
            <st ob="" eb="" sr="" id="6.2">fc23.x86_64 #1 SMP Fri Nov 20 22:22:41 UTC 2015 x86_64 GNU/Linux`</st>
        </parg>
        <parg ob="" eb="" sr="" id="7">
            <st ob="" eb="" sr="" id="7.1">Environment details (AWS, VirtualBox, physical, etc.):
Fedora 23, DigitalOcean</st>
        </parg>
        <parg ob="" eb="" sr="" id="8">
            <st ob="" eb="" sr="" id="8.1">How reproducible:
100%</st>
        </parg>
        <parg ob="" eb="" sr="x" patterns="P_SR_LABELED_LIST" id="9">
            <st ob="" eb="" sr="" id="9.1">Steps to Reproduce:</st>
            <st ob="" eb="" sr="" id="9.2">1 `dnf --enablerepo=updates-testing install docker`</st>
            <st ob="" eb="" sr="" id="9.3">2 `docker network create --subnet=2001:470::/64 test`</st>
        </parg>
        <parg ob="x" eb="" sr="" patterns="P_OB_OBSERVED_BEHAVIOR_MULTI" id="10">
            <st ob="" eb="" sr="" id="10.1">Actual Results:</st>
            <st ob="" eb="" sr="" id="10.2">```</st>
            <st ob="" eb="" sr="" patterns="" id="10.3">Error response from daemon: unable to add inter-network communication rule: \</st>
            <st ob="" eb="" sr="" id="10.4">iptables failed: iptables --wait -I FORWARD -s 2001:470::1/64 -d 2001:1337::1/64 \</st>
            <st ob="" eb="" sr="" id="10.5">-j DROP: iptables v1.4.21: invalid mask `64' specified</st>
            <st ob="" eb="" sr="" id="10.6">```</st>
        </parg>
        <parg ob="" eb="x" sr="" id="11">
            <st ob="" eb="x" sr="" patterns="S_EB_EXP_BEHAVIOR" id="11.1">Expected Results:
Docker currently does not deal with IPv6 rules so it could just not do anything in this case either.</st>
        </parg>
        <parg ob="" eb="" sr="" id="12">
            <st ob="" eb="" sr="" id="12.1">Additional info:
On the other hand, IPv6 subnets do work on my workstation that's running with firewalld.</st>
        </parg>
    </desc>
</bug>
