<?xml version="1.0" encoding="UTF-8" standalone="yes"?>
<bug no-bug="" comments="">
    <id>18841</id>
    <title ob="" eb="" sr="">docker overlay network lost when reboot ?</title>
    <desc>
        <parg ob="" eb="" sr="" id="1">
            <st ob="x" eb="" sr="x" patterns="S_OB_NEG_COND,S_SR_COND_OBS" id="1.1">docker overlay network lost when reboot,recreate error:</st>
            <st ob="" eb="" sr="" id="1.2">```
docker network create --driver overlay swarm-net
Error response from daemon: error getting pools config from store during init: could not get pools config from store: Unexpected response code: 500
```
must rm consul and recreate it</st>
        </parg>
        <parg ob="" eb="" sr="" id="2">
            <st ob="" eb="" sr="" id="2.1">```
docker run -d -p 8500:8500 -h consul --name consul progrium/consul -server -bootstrap
```
and I must recreate all container in this swarm master</st>
        </parg>
        <parg ob="" eb="" sr="" id="3">
            <st ob="" eb="" sr="" id="3.1">```
docker version &amp;&amp; docker info &amp;&amp; uname -a
Client:
 Version: 1.9.1
 API version: 1.21
 Go version: go1.4.2
 Git commit: a34a1d5
 Built: Fri Nov 20 13:25:01 UTC 2015
 OS/Arch: linux/amd64</st>
        </parg>
        <parg ob="" eb="" sr="" id="4">
            <st ob="" eb="" sr="" id="4.1">Server:</st>
            <st ob="" eb="" sr="" id="4.2"> Version: 1.9.1</st>
            <st ob="" eb="" sr="" id="4.3"> API version: 1.21</st>
            <st ob="" eb="" sr="" id="4.4"> Go version: go1.4.2</st>
            <st ob="" eb="" sr="" id="4.5"> Git commit: a34a1d5</st>
            <st ob="" eb="" sr="" id="4.6"> Built: Fri Nov 20 13:25:01 UTC 2015</st>
            <st ob="" eb="" sr="" id="4.7"> OS/Arch: linux/amd64</st>
            <st ob="" eb="" sr="" id="4.8">Containers: 10</st>
            <st ob="" eb="" sr="" id="4.9">Images: 118</st>
            <st ob="" eb="" sr="" id="4.10">Server Version: 1.9.1</st>
            <st ob="" eb="" sr="" id="4.11">Storage Driver: devicemapper</st>
            <st ob="" eb="" sr="" id="4.12"> Pool Name: docker-253:0-33993639-pool</st>
            <st ob="" eb="" sr="" id="4.13"> Pool Blocksize: 65.54 kB</st>
            <st ob="" eb="" sr="" id="4.14"> Base Device Size: 107.4 GB</st>
            <st ob="" eb="" sr="" id="4.15"> Backing Filesystem:</st>
            <st ob="" eb="" sr="" id="4.16"> Data file: /dev/loop0</st>
            <st ob="" eb="" sr="" id="4.17"> Metadata file: /dev/loop1</st>
            <st ob="" eb="" sr="" id="4.18"> Data Space Used: 2.941 GB</st>
            <st ob="" eb="" sr="" id="4.19"> Data Space Total: 107.4 GB</st>
            <st ob="" eb="" sr="" id="4.20"> Data Space Available: 9.86 GB</st>
            <st ob="" eb="" sr="" id="4.21"> Metadata Space Used: 5.575 MB</st>
            <st ob="" eb="" sr="" id="4.22"> Metadata Space Total: 2.147 GB</st>
            <st ob="" eb="" sr="" id="4.23"> Metadata Space Available: 2.142 GB</st>
            <st ob="" eb="" sr="" id="4.24"> Udev Sync Supported: true</st>
            <st ob="" eb="" sr="" id="4.25"> Deferred Removal Enabled: false</st>
            <st ob="" eb="" sr="" id="4.26"> Deferred Deletion Enabled: false</st>
            <st ob="" eb="" sr="" id="4.27"> Deferred Deleted Device Count: 0</st>
            <st ob="" eb="" sr="" id="4.28"> Data loop file: /var/lib/docker/devicemapper/devicemapper/data</st>
            <st ob="" eb="" sr="" id="4.29"> Metadata loop file: /var/lib/docker/devicemapper/devicemapper/metadata</st>
            <st ob="" eb="" sr="" id="4.30"> Library Version: 1.02.107-RHEL7 (2015-10-14)</st>
            <st ob="" eb="" sr="" id="4.31">Execution Driver: native-0.2</st>
            <st ob="" eb="" sr="" id="4.32">Logging Driver: json-file</st>
            <st ob="" eb="" sr="" id="4.33">Kernel Version: 3.10.0-327.3.1.el7.x86_64</st>
            <st ob="" eb="" sr="" id="4.34">Operating System: CentOS Linux 7 (Core)</st>
            <st ob="" eb="" sr="" id="4.35">CPUs: 1</st>
            <st ob="" eb="" sr="" id="4.36">Total Memory: 993 MiB</st>
            <st ob="" eb="" sr="" id="4.37">Name: localhost.localdomain</st>
            <st ob="" eb="" sr="" id="4.38">ID: R2NX:ZX6S:PQIE:R65Y:X62A:ACXU:MALH:RXHK:BRF5:6RMU:NJLG:TMPL</st>
            <st ob="" eb="" sr="" id="4.39">WARNING: bridge-nf-call-ip6tables is disabled</st>
            <st ob="" eb="" sr="" id="4.40">Cluster store: consul://192.168.60.41:8500</st>
            <st ob="" eb="" sr="" id="4.41">Cluster advertise: 192.168.60.41:2376</st>
            <st ob="" eb="" sr="" id="4.42">Linux localhost.localdomain 3.10.0-327.3.1.el7.x86_64 #1 SMP Wed Dec 9 14:09:15 UTC 2015 x86_64 x86_64 x86_64 GNU/Linux</st>
            <st ob="" eb="" sr="" id="4.43">```</st>
        </parg>
    </desc>
</bug>
