<?xml version="1.0" encoding="UTF-8" standalone="yes"?>
<bug no-bug="" comments="">
    <id>19214</id>
    <title ob="x" eb="" sr="" patterns="S_OB_NEG_AUX_VERB">API Documentation doesn't cover X-Registry-Auth format</title>
    <desc>
        <parg ob="x" eb="" sr="" id="1">
            <st ob="x" eb="" sr="" patterns="S_OB_BUT_NEG" id="1.1">In the documentation we mention that AuthConfig objects are passed in the X-Registry-Auth header, but we never document the format of AuthConfig objects, or when/why they get passed.</st>
        </parg>
        <parg ob="x" eb="" sr="x" id="2">
            <st ob="x" eb="" sr="x" patterns="S_OB_COND_POS,S_SR_COND_OBS" id="2.1">If you've done a docker login, you'll get a base64 encoded json file which looks like:</st>
        </parg>
        <parg ob="" eb="" sr="" id="3">
            <st ob="" eb="" sr="" id="3.1">{"username":"pdevine","password":"mysecretpassword","auth":"","email":"pdevine@foo.com","serveraddress":"192.168.1.101"}</st>
        </parg>
        <parg ob="x" eb="" sr="x" id="4">
            <st ob="x" eb="" sr="x" patterns="S_OB_COND_POS,S_SR_COND_OBS" id="4.1">If you then do a docker logout, you'll get:</st>
        </parg>
        <parg ob="" eb="" sr="" id="5">
            <st ob="" eb="" sr="" id="5.1">{"auth":"","email":""}</st>
        </parg>
        <parg ob="x" eb="" sr="" id="6">
            <st ob="x" eb="" sr="" patterns="S_OB_COND_POS" id="6.1">If you're using passed tokens, you'll get something like:</st>
        </parg>
        <parg ob="" eb="" sr="" id="7">
            <st ob="" eb="" sr="" id="7.1">{"registrytoken": "foo"}</st>
        </parg>
        <parg ob="" eb="x" sr="" patterns="S_EB_SHOULD" id="8">
            <st ob="" eb="" sr="" id="8.1">We should document:</st>
            <st ob="" eb="" sr="" id="8.2">- each of the fields (I think the auth field is new and related to the recent authZ changes?)</st>
            <st ob="" eb="" sr="" id="8.3">- when fields get omitted (not sure why we even pass anything back after a docker logout?)</st>
        </parg>
    </desc>
</bug>
