<?xml version="1.0" encoding="UTF-8" standalone="yes"?>
<bug no-bug="" comments="">
    <id>19438</id>
    <title ob="" eb="" sr="" patterns="">Support async connections to fluent servers</title>
    <desc>
        <parg ob="x" eb="" sr="" id="1">
            <st ob="x" eb="" sr="" patterns="S_OB_NEG_VERB,S_OB_NEG_COND,S_OB_ADV_TIME_NEG" id="1.1">`github.com/docker/docker/daemon/logger/fluentd` currently blocks on connecting to `fluend`, and fails to start new containers if it cannot be reached.</st>
        </parg>
        <parg ob="" eb="" sr="" id="2">
            <st ob="" eb="" sr="" id="2.1">There are plenty of scenarios where this is not the desired behaviour; the most obvious one is that `fluend` might be started in a local container.</st>
        </parg>
        <parg ob="" eb="" sr="" id="3">
            <st ob="" eb="" sr="" id="3.1">`fluent-logger-golang` got support for async connections through fluent/fluent-logger-golang#25;</st>
            <st ob="" eb="" sr="" patterns="" id="3.2">we simply need to update the dependency and add an option to our logger.</st>
        </parg>
        <parg ob="" eb="" sr="" id="4">
            <st ob="" eb="" sr="" id="4.1">The PR will use a git commit on this dependency unless we get a new release in the meantime; it was requested in fluent/fluent-logger-golang#26.</st>
        </parg>
    </desc>
</bug>
