<?xml version="1.0" encoding="UTF-8" standalone="yes"?>
<bug no-bug="" comments="">
    <id>19650</id>
    <title ob="x" eb="" sr="" patterns="S_OB_VERB_ERROR,S_OB_OUTPUT_VERB">Docker inspect returns empty 'Parent' field for image that should have parent</title>
    <desc>
        <parg ob="" eb="" sr="" id="1">
            <st ob="x" eb="" sr="" patterns="S_OB_NOTICE" id="1.1">I noticed during integration test errors in #16609 that 'docker inspect busybox' may report an empty Parent field.</st>
            <st ob="x" eb="" sr="" patterns="S_OB_SEEMS_TO_BE" id="1.2">This seems to be incorrect behavior (and causes integration tests to fail):</st>
        </parg>
        <parg ob="" eb="" sr="x" patterns="P_SR_LABELED_PARAGRAPH" id="2">
            <st ob="" eb="" sr="" id="2.1">Repro:</st>
            <st ob="" eb="" sr="" id="2.2">```
DOCKER_HOST=tcp://0.0.0.0:2375 bundles/1.10.0-dev/binary/docker pull busybox
Using default tag: latest
latest: Pulling from library/busybox
eeee0535bf3c: Pull complete 
a3ed95caeb02: Pull complete 
Digest: sha256:c1bc9b4bffe665bf014a305cc6cf3bca0e6effeb69d681d7a208ce741dad58e0
Status: Downloaded newer image for busybox:latest</st>
            <st ob="" eb="" sr="" id="2.3">DOCKER_HOST=tcp://0.0.0.0:2375 bundles/1.10.0-dev/binary/docker inspect -f '{{.</st>
            <st ob="" eb="" sr="" id="2.4">Parent}}' busybox
(empty reponse)
```</st>
        </parg>
        <parg ob="x" eb="" sr="" patterns="P_OB_LOG_CONTAINS" id="3">
            <st ob="" eb="" sr="" id="3.1">Daemon log during pull:</st>
            <st ob="" eb="" sr="" id="3.2">```</st>
            <st ob="" eb="" sr="" id="3.3">DEBU[0201] Calling POST /v1.23/images/create</st>
            <st ob="" eb="" sr="" id="3.4">DEBU[0201] POST /v1.23/images/create?fromImage=busybox%3Alatest</st>
            <st ob="" eb="" sr="" id="3.5">DEBU[0201] Trying to pull busybox from https://registry-1.docker.io v2</st>
            <st ob="" eb="" sr="" id="3.6">DEBU[0202] Increasing token expiration to: 0 seconds </st>
            <st ob="" eb="" sr="" id="3.7">DEBU[0203] Pulling ref from V2 registry: busybox:latest </st>
            <st ob="" eb="" sr="" id="3.8">DEBU[0203] pulling blob "sha256:eeee0535bf3cec7a24bff2c6e97481afa3d37e2cdeff277c57cb5cbdb2fa9e92" </st>
            <st ob="" eb="" sr="" id="3.9">DEBU[0203] pulling blob "sha256:a3ed95caeb02ffe68cdd9fd84406680ae93d633cb16422d00e8a7c22955b46d4" </st>
            <st ob="" eb="" sr="" id="3.10">DEBU[0203] Downloaded a3ed95caeb02 to tempfile /tmp/dockerlib/tmp/GetImageBlob481827976 </st>
            <st ob="" eb="" sr="" id="3.11">DEBU[0203] Downloaded eeee0535bf3c to tempfile /tmp/dockerlib/tmp/GetImageBlob511138887 </st>
            <st ob="" eb="" sr="" id="3.12">DEBU[0203] Applied tar sha256:2c84284818d186d88a16ac7fa731d4b71ba69ecfe11b4ce00413366833cb2403 to a19fcf37210d6e4e6f460897bf3f03c4cf2e467b356d218949117502d4ee36b2, size: 1113554 </st>
            <st ob="" eb="" sr="" id="3.13">DEBU[0203] Applied tar sha256:5f70bf18a086007016e948b04aed3b82103a36bea41755b6cddfaf10ace3c6ef to 1268fb74d315934dcb9a31ff1dd1549638ba79b5c1e3b21a34b8f7c341d1a44d, size: 0 </st>
            <st ob="" eb="" sr="" id="3.14">```</st>
        </parg>
        <parg ob="x" eb="" sr="" patterns="P_OB_LOG_CONTAINS" id="4">
            <st ob="" eb="" sr="" id="4.1">Daemon log during inspect:
```
DEBU[0249] Calling GET /v1.23/containers/busybox/json
DEBU[0249] GET /v1.23/containers/busybox/json
ERRO[0249] Handler for GET /v1.23/containers/busybox/json returned error: No such container: busybox
DEBU[0249] Calling GET /v1.23/images/busybox/json
DEBU[0249] GET /v1.23/images/busybox/json
```</st>
        </parg>
        <parg ob="" eb="" sr="" id="5">
            <st ob="x" eb="" sr="" patterns="S_OB_NEG_VERB,S_OB_ADV_TIME_NEG" id="5.1">Recommended additional integration test (this currently fails, in master):</st>
            <st ob="" eb="" sr="" id="5.2">```</st>
            <st ob="" eb="" sr="" id="5.3">diff --git a/integration-cli/docker_cli_inspect_test.</st>
            <st ob="" eb="" sr="" id="5.4">go b/integration-cli/docker_cli_inspect_test.</st>
            <st ob="" eb="" sr="" id="5.5">go</st>
            <st ob="" eb="" sr="" id="5.6">index c39b2a0.</st>
            <st ob="" eb="" sr="" id="5.7">.7c7e07d 100644</st>
            <st ob="" eb="" sr="" id="5.8">--- a/integration-cli/docker_cli_inspect_test.</st>
            <st ob="" eb="" sr="" id="5.9">go</st>
            <st ob="" eb="" sr="" id="5.10">+++ b/integration-cli/docker_cli_inspect_test.</st>
            <st ob="" eb="" sr="" id="5.11">go</st>
            <st ob="" eb="" sr="" id="5.12">@@ -415,3 +415,14 @@ func (s *DockerSuite) TestInspectContainerNetworkCustom(c *check.C) {</st>
            <st ob="" eb="" sr="" id="5.13">c.Assert(err, checker.IsNil)</st>
            <st ob="" eb="" sr="" id="5.14">c.Assert(strings.TrimSpace(out), checker.Equals, strings.TrimSpace(netOut))</st>
            <st ob="" eb="" sr="" id="5.15">}</st>
            <st ob="" eb="" sr="" id="5.16">+</st>
            <st ob="" eb="" sr="" id="5.17">+func (*DockerSuite) TestInspectParentImage(c *check.C) {</st>
            <st ob="" eb="" sr="" id="5.18">+ testRequires(c, DaemonIsLinux)</st>
            <st ob="" eb="" sr="" id="5.19">+</st>
            <st ob="" eb="" sr="" id="5.20">+ _, _, err := dockerCmdWithError("pull", "busybox")</st>
            <st ob="" eb="" sr="" id="5.21">+ c.Assert(err, check.IsNil)</st>
            <st ob="" eb="" sr="" id="5.22">+</st>
            <st ob="" eb="" sr="" id="5.23">+ parent, err := inspectField("busybox", "Parent")</st>
            <st ob="" eb="" sr="" id="5.24">+ c.Assert(err, check.IsNil)</st>
            <st ob="" eb="" sr="" id="5.25">+ c.Assert(parent, checker.Not(checker.Equals), "")</st>
            <st ob="" eb="" sr="" id="5.26">+}</st>
            <st ob="" eb="" sr="" id="5.27">```</st>
        </parg>
        <parg ob="" eb="" sr="" id="6">
            <st ob="" eb="" sr="" id="6.1">Version:
```
DOCKER_HOST=tcp://0.0.0.0:2375 bundles/1.10.0-dev/binary/docker version
Client:
 Version: 1.10.0-dev
 API version: 1.23
 Go version: go1.5.3
 Git commit: 9600991-unsupported
 Built: Mon Jan 25 03:00:52 2016
 OS/Arch: linux/amd64</st>
        </parg>
        <parg ob="" eb="" sr="" id="7">
            <st ob="" eb="" sr="" id="7.1">Server:
 Version: 1.10.0-dev
 API version: 1.23
 Go version: go1.5.3
 Git commit: 9600991-unsupported
 Built: Mon Jan 25 03:00:52 2016
 OS/Arch: linux/amd64
```</st>
        </parg>
        <parg ob="" eb="" sr="" id="8">
            <st ob="" eb="" sr="" id="8.1">Info:</st>
            <st ob="" eb="" sr="" id="8.2">```</st>
            <st ob="" eb="" sr="" id="8.3">DOCKER_HOST=tcp://0.0.0.0:2375 bundles/1.10.0-dev/binary/docker info</st>
            <st ob="" eb="" sr="" id="8.4">Containers: 0</st>
            <st ob="" eb="" sr="" id="8.5"> Running: 0</st>
            <st ob="" eb="" sr="" id="8.6"> Paused: 0</st>
            <st ob="" eb="" sr="" id="8.7"> Stopped: 0</st>
            <st ob="" eb="" sr="" id="8.8">Images: 1</st>
            <st ob="" eb="" sr="" id="8.9">Server Version: 1.10.0-dev</st>
            <st ob="" eb="" sr="" id="8.10">Storage Driver: aufs</st>
            <st ob="" eb="" sr="" id="8.11"> Root Dir: /tmp/dockerlib/aufs</st>
            <st ob="" eb="" sr="" id="8.12"> Backing Filesystem: extfs</st>
            <st ob="" eb="" sr="" id="8.13"> Dirs: 2</st>
            <st ob="" eb="" sr="" id="8.14"> Dirperm1 Supported: true</st>
            <st ob="" eb="" sr="" id="8.15">Execution Driver: native-0.2</st>
            <st ob="" eb="" sr="" id="8.16">Logging Driver: json-file</st>
            <st ob="" eb="" sr="" id="8.17">Plugins: </st>
            <st ob="" eb="" sr="" id="8.18"> Volume: local</st>
            <st ob="" eb="" sr="" id="8.19"> Network: bridge null host</st>
            <st ob="" eb="" sr="" id="8.20">Kernel Version: 3.16.0-4-amd64</st>
            <st ob="" eb="" sr="" id="8.21">Operating System: Debian GNU/Linux 8 (jessie)</st>
            <st ob="" eb="" sr="" id="8.22">OSType: linux</st>
            <st ob="" eb="" sr="" id="8.23">Architecture: x86_64</st>
            <st ob="" eb="" sr="" id="8.24">CPUs: 16</st>
            <st ob="" eb="" sr="" id="8.25">Total Memory: 22.64 GiB</st>
            <st ob="" eb="" sr="" id="8.26">Name: don</st>
            <st ob="" eb="" sr="" id="8.27">ID: BTA7:EUOC:F2TE:IKBJ:A4DN:V2KV:L4ON:ZQF5:FSTL:QUVX:2GTS:TE57</st>
            <st ob="" eb="" sr="" id="8.28">Debug mode (server): true</st>
            <st ob="" eb="" sr="" id="8.29"> File Descriptors: 12</st>
            <st ob="" eb="" sr="" id="8.30"> Goroutines: 38</st>
            <st ob="" eb="" sr="" id="8.31"> System Time: 2016-01-25T03:07:47.981436541Z</st>
            <st ob="" eb="" sr="" id="8.32"> EventsListeners: 0</st>
            <st ob="" eb="" sr="" id="8.33"> Init SHA1: </st>
            <st ob="" eb="" sr="" id="8.34"> Init Path: /ngi-persist/don/docker/bundles/1.10.0-dev/binary/docker</st>
            <st ob="" eb="" sr="" id="8.35"> Docker Root Dir: /tmp/dockerlib</st>
            <st ob="" eb="" sr="" id="8.36">Username: dkjer</st>
            <st ob="" eb="" sr="" id="8.37">Registry: https://index.docker.io/v1/</st>
            <st ob="" eb="" sr="" id="8.38">WARNING: No memory limit support</st>
            <st ob="" eb="" sr="" id="8.39">WARNING: No swap limit support</st>
            <st ob="" eb="" sr="" id="8.40">WARNING: No oom kill disable support</st>
            <st ob="" eb="" sr="" id="8.41">WARNING: No cpu cfs quota support</st>
            <st ob="" eb="" sr="" id="8.42">WARNING: No cpu cfs period support</st>
            <st ob="" eb="" sr="" id="8.43">```</st>
        </parg>
    </desc>
</bug>
