<?xml version="1.0" encoding="UTF-8" standalone="yes"?>
<bug no-bug="" comments="">
    <id>19758</id>
    <title ob="x" eb="" sr="" patterns="S_OB_NEG_AFTER">Docker hang after intensive run/remove operations</title>
    <desc>
        <parg ob="" eb="" sr="" patterns="" id="1">
            <st ob="" eb="" sr="" id="1.1">Problem description:</st>
            <st ob="" eb="" sr="x" patterns="S_SR_IMPERATIVE_SEQUENCE" id="1.2">Create a container (https://github.com/prasmussen/glot-containers) to compile/execution a source file, read out the output and remove this container.</st>
            <st ob="" eb="x" sr="" patterns="S_EB_NORMALLY" id="1.3">Normally each container will exit in seconds, and we will kill this container if it cannot finish in 30 seconds.</st>
            <st ob="" eb="" sr="" id="1.4">We use three threads to repeat the whole process in parallel.</st>
            <st ob="x" eb="" sr="" patterns="S_OB_NEG_AFTER" id="1.5">Docker hang after thousands of normal operations.</st>
            <st ob="x" eb="" sr="" patterns="S_OB_NEG_VERB" id="1.6">One process called 'exe' consumes 100% CPU of one core.</st>
            <st ob="" eb="" sr="" id="1.7">I have to reboot the machine to make docker daemon back to work.</st>
            <st ob="" eb="" sr="" id="1.8">```</st>
            <st ob="" eb="" sr="" id="1.9">uname -a</st>
            <st ob="" eb="" sr="" id="1.10">Linux xuyun-workpc 4..-25-generic #30-Ubuntu SMP Mon Jan 18 12:31:50 UTC 2016 x86_64 x86_64 x86_64 GNU/Linux</st>
            <st ob="" eb="" sr="" id="1.11">```</st>
            <st ob="" eb="" sr="" id="1.12">```</st>
            <st ob="" eb="" sr="" id="1.13">docker version</st>
            <st ob="" eb="" sr="" id="1.14">Client:</st>
            <st ob="" eb="" sr="" id="1.15"> Version: 1..</st>
            <st ob="" eb="" sr="" id="1.16"> API version: 1.</st>
            <st ob="" eb="" sr="" id="1.17"> Go version: go1..</st>
            <st ob="" eb="" sr="" id="1.18"> Git commit: a34a1d5</st>
            <st ob="" eb="" sr="" id="1.19"> Built: Fri Nov 20 13:20:08 UTC 2015</st>
            <st ob="" eb="" sr="" id="1.20"> OS/Arch: linux/amd64</st>
        </parg>
        <parg ob="" eb="" sr="" id="2">
            <st ob="" eb="" sr="" id="2.1">Server:</st>
            <st ob="" eb="" sr="" id="2.2"> Version: 1.9.1</st>
            <st ob="" eb="" sr="" id="2.3"> API version: 1.21</st>
            <st ob="" eb="" sr="" id="2.4"> Go version: go1.4.2</st>
            <st ob="" eb="" sr="" id="2.5"> Git commit: a34a1d5</st>
            <st ob="" eb="" sr="" id="2.6"> Built: Fri Nov 20 13:20:08 UTC 2015</st>
            <st ob="" eb="" sr="" id="2.7"> OS/Arch: linux/amd64</st>
            <st ob="" eb="" sr="" id="2.8">```</st>
            <st ob="" eb="" sr="" id="2.9">```</st>
            <st ob="" eb="" sr="" id="2.10">docker info</st>
            <st ob="" eb="" sr="" id="2.11">Containers: 4</st>
            <st ob="" eb="" sr="" id="2.12">Images: 131</st>
            <st ob="" eb="" sr="" id="2.13">Server Version: 1.9.1</st>
            <st ob="" eb="" sr="" id="2.14">Storage Driver: overlay</st>
            <st ob="" eb="" sr="" id="2.15"> Backing Filesystem: extfs</st>
            <st ob="" eb="" sr="" id="2.16">Execution Driver: native-0.2</st>
            <st ob="" eb="" sr="" id="2.17">Logging Driver: json-file</st>
            <st ob="" eb="" sr="" id="2.18">Kernel Version: 4.2.0-25-generic</st>
            <st ob="" eb="" sr="" id="2.19">Operating System: Ubuntu 15.10</st>
            <st ob="" eb="" sr="" id="2.20">CPUs: 4</st>
            <st ob="" eb="" sr="" id="2.21">Total Memory: 7.672 GiB</st>
            <st ob="" eb="" sr="" id="2.22">Name: xuyun-workpc</st>
            <st ob="" eb="" sr="" id="2.23">ID: OI5K:OD3L:U44C:4ZWM:N3LZ:BARZ:KDEQ:5DIY:LLBE:UKHP:VBEN:AY6L</st>
            <st ob="" eb="" sr="" id="2.24">WARNING: No swap limit support</st>
            <st ob="" eb="" sr="" id="2.25">```</st>
            <st ob="x" eb="" sr="" patterns="S_OB_AFTER_POS,S_OB_FOUND" id="2.26">After I reboot the machine, I found there are some containers left,</st>
            <st ob="" eb="" sr="" id="2.27">```</st>
            <st ob="" eb="" sr="" id="2.28">docker ps -a</st>
            <st ob="" eb="" sr="" id="2.29">CONTAINER ID IMAGE COMMAND CREATED STATUS PORTS NAMES</st>
            <st ob="" eb="" sr="" id="2.30">f72001c02ff1 glot/clang:latest "/home/glot/runner" 15 hours ago Created amazing_engelbart</st>
            <st ob="" eb="" sr="" id="2.31">7806233fbb4f glot/java:latest "/home/glot/runner" 15 hours ago Exited (137) 14 hours ago amazing_tesla</st>
            <st ob="" eb="" sr="" id="2.32">59694504b3e8 glot/java:latest "/home/glot/runner" 15 hours ago Dead elated_galileo</st>
            <st ob="" eb="" sr="" id="2.33">64e63df44436 glot/php:latest "/home/glot/runner" 15 hours ago Exited (137) 14 hours ago thirsty_knuth</st>
            <st ob="" eb="" sr="" id="2.34">```</st>
            <st ob="" eb="" sr="" id="2.35">And from container 596 I found some clue related to overlay driver. </st>
            <st ob="" eb="" sr="" id="2.36">```</st>
            <st ob="" eb="" sr="" id="2.37">docker logs 596</st>
            <st ob="" eb="" sr="" id="2.38">Error response from daemon: open /var/lib/docker/overlay/59694504b3e88365c9323237c4418c51350941e7498de05584cc37d69f139d09/lower-id: no such file or directory</st>
        </parg>
        <parg ob="" eb="" sr="" id="3">
            <st ob="" eb="" sr="" id="3.1">```</st>
        </parg>
    </desc>
</bug>
