<?xml version="1.0" encoding="UTF-8" standalone="yes"?>
<bug no-bug="" comments="">
    <id>1985</id>
    <title ob="x" eb="" sr="" patterns="S_OB_NEG_VERB">Container can kill docker daemon</title>
    <desc>
        <parg ob="" eb="" sr="x" patterns="P_SR_COND_CODE" id="1">
            <st ob="" eb="" sr="" id="1.1">If i run:
sudo docker run alexl/test /usr/sbin/httpd -D FOREGROUND</st>
            <st ob="x" eb="" sr="" patterns="S_OB_NEG_VERB" id="1.2">and then press ctrl-c, then the docker daemon dies with:
2013/09/24 14:28:38 Received signal 'terminated', exiting</st>
        </parg>
        <parg ob="" eb="" sr="" id="2">
            <st ob="" eb="" sr="" id="2.1">This is because the httpd does kill(0, SIGTERM) to clean up all processes, but it seem like the docker daemon is in the same process group as the container, so it also gets the SIGTERM and exits.</st>
        </parg>
    </desc>
</bug>
