<?xml version="1.0" encoding="UTF-8" standalone="yes"?>
<bug no-bug="" comments="">
    <id>20240</id>
    <title ob="" eb="" sr="">AUFS broken permissions?</title>
    <desc>
        <parg ob="" eb="" sr="" id="1">
            <st ob="" eb="" sr="" id="1.1">docker info</st>
        </parg>
        <parg ob="" eb="" sr="" id="2">
            <st ob="" eb="" sr="" id="2.1">```</st>
            <st ob="" eb="" sr="" id="2.2">Containers: 7</st>
            <st ob="" eb="" sr="" id="2.3"> Running: 0</st>
            <st ob="" eb="" sr="" id="2.4"> Paused: 0</st>
            <st ob="" eb="" sr="" id="2.5"> Stopped: 7</st>
            <st ob="" eb="" sr="" id="2.6">Images: 59</st>
            <st ob="" eb="" sr="" id="2.7">Server Version: 1.10.0</st>
            <st ob="" eb="" sr="" id="2.8">Storage Driver: aufs</st>
            <st ob="" eb="" sr="" id="2.9"> Root Dir: /mnt/sda1/var/lib/docker/aufs</st>
            <st ob="" eb="" sr="" id="2.10"> Backing Filesystem: extfs</st>
            <st ob="" eb="" sr="" id="2.11"> Dirs: 51</st>
            <st ob="" eb="" sr="" id="2.12"> Dirperm1 Supported: true</st>
            <st ob="" eb="" sr="" id="2.13">Execution Driver: native-0.2</st>
            <st ob="" eb="" sr="" id="2.14">Logging Driver: json-file</st>
            <st ob="" eb="" sr="" id="2.15">Plugins:</st>
            <st ob="" eb="" sr="" id="2.16"> Volume: local</st>
            <st ob="" eb="" sr="" id="2.17"> Network: bridge null host</st>
            <st ob="" eb="" sr="" id="2.18">Kernel Version: 4.1.17-boot2docker</st>
            <st ob="" eb="" sr="" id="2.19">Operating System: Boot2Docker 1.10.0 (TCL 6.4.1); master : b09ed60 - Thu Feb 4 20:16:08 UTC 2016</st>
            <st ob="" eb="" sr="" id="2.20">OSType: linux</st>
            <st ob="" eb="" sr="" id="2.21">Architecture: x86_64</st>
            <st ob="" eb="" sr="" id="2.22">CPUs: 1</st>
            <st ob="" eb="" sr="" id="2.23">Total Memory: 996.2 MiB</st>
            <st ob="" eb="" sr="" id="2.24">Name: pouet2</st>
            <st ob="" eb="" sr="" id="2.25">ID: 6J3W:3S7J:QA6U:2JLY:PEPW:6WNL:4P6N:PWFB:U2XT:KP3S:HDFT:E6QU</st>
            <st ob="" eb="" sr="" id="2.26">Debug mode (server): true</st>
            <st ob="" eb="" sr="" id="2.27"> File Descriptors: 10</st>
            <st ob="" eb="" sr="" id="2.28"> Goroutines: 22</st>
            <st ob="" eb="" sr="" id="2.29"> System Time: 2016-02-11T18:32:54.290248331Z</st>
            <st ob="" eb="" sr="" id="2.30"> EventsListeners: 0</st>
            <st ob="" eb="" sr="" id="2.31"> Init SHA1:</st>
            <st ob="" eb="" sr="" id="2.32"> Init Path: /usr/local/bin/docker</st>
            <st ob="" eb="" sr="" id="2.33"> Docker Root Dir: /mnt/sda1/var/lib/docker</st>
            <st ob="" eb="" sr="" id="2.34">Username: dmp42</st>
            <st ob="" eb="" sr="" id="2.35">Registry: https://index.docker.io/v1/</st>
            <st ob="" eb="" sr="" id="2.36">Labels:</st>
            <st ob="" eb="" sr="" id="2.37"> provider=virtualbox</st>
            <st ob="" eb="" sr="" id="2.38">```</st>
        </parg>
        <parg ob="" eb="" sr="x" patterns="P_SR_LABELED_CODE_FRAGS" id="3">
            <st ob="" eb="" sr="" id="3.1">Dockerfile:</st>
        </parg>
        <parg ob="" eb="" sr="" id="4">
            <st ob="" eb="" sr="" id="4.1">```
FROM debian:jessie</st>
        </parg>
        <parg ob="" eb="" sr="" id="5">
            <st ob="" eb="" sr="" id="5.1"># Creating test account
RUN adduser --quiet testing</st>
        </parg>
        <parg ob="" eb="" sr="" id="6">
            <st ob="" eb="" sr="" id="6.1"># Copy contrib folder
COPY .</st>
            <st ob="" eb="" sr="" id="6.2">/ /home/testing/
RUN chown -R testing:testing /home/testing/</st>
        </parg>
        <parg ob="" eb="" sr="" id="7">
            <st ob="" eb="" sr="" id="7.1">RUN ls -lA /home/testing/contrib</st>
        </parg>
        <parg ob="" eb="" sr="" id="8">
            <st ob="" eb="" sr="" id="8.1">USER testing</st>
        </parg>
        <parg ob="" eb="" sr="" id="9">
            <st ob="" eb="" sr="" id="9.1">RUN ls -lA /home/testing/contrib
```</st>
        </parg>
        <parg ob="" eb="" sr="x" patterns="P_SR_TO_REPRO" id="10">
            <st ob="" eb="" sr="" id="10.1">To reproduce, be sure to have a `contrib` folder in the current directory, with at least one subfolder.</st>
        </parg>
        <parg ob="x" eb="" sr="" patterns="P_OB_OBSERVED_BEHAVIOR_MULTI" id="11">
            <st ob="" eb="" sr="" id="11.1">Result:</st>
        </parg>
        <parg ob="" eb="" sr="" id="12">
            <st ob="" eb="" sr="" id="12.1">`docker build .</st>
            <st ob="" eb="" sr="" id="12.2">`</st>
        </parg>
        <parg ob="" eb="" sr="" id="13">
            <st ob="" eb="" sr="" id="13.1">```</st>
            <st ob="" eb="" sr="" id="13.2">Step 5 : RUN ls -lA /home/testing/contrib</st>
            <st ob="" eb="" sr="" id="13.3">---&gt; Running in 14b2711f2a50</st>
            <st ob="" eb="" sr="" id="13.4">total 20</st>
            <st ob="" eb="" sr="" id="13.5">drwx------ 2 testing testing 4096 Feb 11 18:31 apache</st>
            <st ob="" eb="" sr="" id="13.6">drwxr-xr-x 2 testing testing 4096 Feb 11 18:31 ceph</st>
            <st ob="" eb="" sr="" id="13.7">drwx------ 4 testing testing 4096 Feb 11 18:31 compose</st>
            <st ob="" eb="" sr="" id="13.8">drwxr-xr-x 4 testing testing 4096 Feb 11 18:31 docker-integration</st>
            <st ob="" eb="" sr="" id="13.9">drwx------ 6 testing testing 4096 Feb 11 18:31 testing</st>
            <st ob="" eb="" sr="" id="13.10">---&gt; 4b3a7bdb66d0</st>
            <st ob="" eb="" sr="" id="13.11">Removing intermediate container 14b2711f2a50</st>
            <st ob="" eb="" sr="" id="13.12">Step 6 : USER testing</st>
            <st ob="" eb="" sr="" id="13.13">---&gt; Running in c3b0cb5a323e</st>
            <st ob="" eb="" sr="" id="13.14">---&gt; c2742d90a5fb</st>
            <st ob="" eb="" sr="" id="13.15">Removing intermediate container c3b0cb5a323e</st>
            <st ob="" eb="" sr="" id="13.16">Step 7 : RUN ls -lA /home/testing/contrib</st>
            <st ob="" eb="" sr="" id="13.17">---&gt; Running in 789914bc918e</st>
            <st ob="" eb="" sr="" id="13.18">ls: cannot access /home/testing/contrib/testing: Permission denied</st>
            <st ob="" eb="" sr="" id="13.19">ls: cannot access /home/testing/contrib/compose: Permission denied</st>
            <st ob="" eb="" sr="" id="13.20">ls: cannot access /home/testing/contrib/docker-integration: Permission denied</st>
            <st ob="" eb="" sr="" id="13.21">ls: cannot access /home/testing/contrib/apache: Permission denied</st>
            <st ob="" eb="" sr="" id="13.22">ls: cannot access /home/testing/contrib/ceph: Permission denied</st>
            <st ob="" eb="" sr="" id="13.23">total 0</st>
            <st ob="" eb="" sr="" id="13.24">d?????????</st>
            <st ob="" eb="" sr="" id="13.25">?</st>
            <st ob="" eb="" sr="" id="13.26">?</st>
            <st ob="" eb="" sr="" id="13.27">?</st>
            <st ob="" eb="" sr="" id="13.28">?</st>
            <st ob="" eb="" sr="" id="13.29">?</st>
            <st ob="" eb="" sr="" id="13.30">apache</st>
            <st ob="" eb="" sr="" id="13.31">d?????????</st>
            <st ob="" eb="" sr="" id="13.32">?</st>
            <st ob="" eb="" sr="" id="13.33">?</st>
            <st ob="" eb="" sr="" id="13.34">?</st>
            <st ob="" eb="" sr="" id="13.35">?</st>
            <st ob="" eb="" sr="" id="13.36">?</st>
            <st ob="" eb="" sr="" id="13.37">ceph</st>
            <st ob="" eb="" sr="" id="13.38">d?????????</st>
            <st ob="" eb="" sr="" id="13.39">?</st>
            <st ob="" eb="" sr="" id="13.40">?</st>
            <st ob="" eb="" sr="" id="13.41">?</st>
            <st ob="" eb="" sr="" id="13.42">?</st>
            <st ob="" eb="" sr="" id="13.43">?</st>
            <st ob="" eb="" sr="" id="13.44">compose</st>
            <st ob="" eb="" sr="" id="13.45">d?????????</st>
            <st ob="" eb="" sr="" id="13.46">?</st>
            <st ob="" eb="" sr="" id="13.47">?</st>
            <st ob="" eb="" sr="" id="13.48">?</st>
            <st ob="" eb="" sr="" id="13.49">?</st>
            <st ob="" eb="" sr="" id="13.50">?</st>
            <st ob="" eb="" sr="" id="13.51">docker-integration</st>
            <st ob="" eb="" sr="" id="13.52">d?????????</st>
            <st ob="" eb="" sr="" id="13.53">?</st>
            <st ob="" eb="" sr="" id="13.54">?</st>
            <st ob="" eb="" sr="" id="13.55">?</st>
            <st ob="" eb="" sr="" id="13.56">?</st>
            <st ob="" eb="" sr="" id="13.57">?</st>
            <st ob="" eb="" sr="" id="13.58">testing</st>
            <st ob="" eb="" sr="" id="13.59">The command '/bin/sh -c ls -lA /home/testing/contrib' returned a non-zero code: 1</st>
            <st ob="" eb="" sr="" id="13.60">```</st>
        </parg>
    </desc>
</bug>
