<?xml version="1.0" encoding="UTF-8" standalone="yes"?>
<bug no-bug="" comments="">
    <id>2036</id>
    <title ob="" eb="" sr="">"docker add" last modified date check</title>
    <desc>
        <parg ob="" eb="" sr="" id="1">
            <st ob="x" eb="" sr="" patterns="S_OB_COND_NEG" id="1.1">Currently when we are building an image using a `Dockerfile`, `ADD` command does not check last modified date of the file.</st>
            <st ob="" eb="" sr="" id="1.2">So `docker build` always started to build the image after it saw an ADD command.</st>
            <st ob="x" eb="" sr="" patterns="S_OB_NEG_AUX_VERB,S_OB_NEG_AFTER" id="1.3">So caching won't be used after that.</st>
        </parg>
        <parg ob="" eb="" sr="" id="2">
            <st ob="" eb="" sr="" id="2.1">#### Always put `ADD` commands at the end of the `Dockerfile`</st>
        </parg>
        <parg ob="" eb="" sr="" id="3">
            <st ob="" eb="" sr="" id="3.1">This solution works for most cases.</st>
        </parg>
        <parg ob="" eb="" sr="" id="4">
            <st ob="" eb="" sr="" patterns="" id="4.1">But sometime we need some shell scripts to install and configure our images when building.</st>
            <st ob="" eb="" sr="" id="4.2">Since, once we do something like this, after this line caching is disabled.</st>
        </parg>
        <parg ob="" eb="" sr="" id="5">
            <st ob="" eb="" sr="" id="5.1">This is not a huge issue, but checking `lastModifiedData` in `Docker ADD` will make build process faster</st>
        </parg>
    </desc>
</bug>
