<?xml version="1.0" encoding="UTF-8" standalone="yes"?>
<bug no-bug="" comments="">
    <id>20469</id>
    <title ob="x" eb="" sr="" patterns="S_OB_LEADS_TO,S_OB_NEG_VERB">An RMI Against An Image ID That Fails Causes Image To Be Untagged</title>
    <desc>
        <parg ob="" eb="" sr="" id="1">
            <st ob="" eb="" sr="" id="1.1">`docker version`: Docker version 1.9.1, build a34a1d5
`docker info`:</st>
        </parg>
        <parg ob="" eb="" sr="" id="2">
            <st ob="" eb="" sr="" id="2.1">```
Containers: 4
Images: 53
Server Version: 1.9.1
Storage Driver: aufs
 Root Dir: /var/lib/docker/aufs
 Backing Filesystem: extfs
 Dirs: 61
 Dirperm1 Supported: false
Execution Driver: native-0.2
Logging Driver: json-file
Kernel Version: 3.13.0-24-generic
Operating System: Ubuntu 14.04 LTS
CPUs: 2
Total Memory: 5.83 GiB
Name: REDACTED
ID: REDACTED
WARNING: No swap limit support
```</st>
        </parg>
        <parg ob="" eb="" sr="" id="3">
            <st ob="" eb="" sr="" id="3.1">`uname -a`:```
Linux REDACTED #47-Ubuntu SMP Fri May 2 23:30:00 UTC 2014 x86_64 x86_64 x86_64 GNU/Linux`
```</st>
        </parg>
        <parg ob="" eb="" sr="" id="4">
            <st ob="" eb="" sr="" id="4.1">Environment details: VM.</st>
        </parg>
        <parg ob="" eb="" sr="" id="5">
            <st ob="" eb="" sr="" id="5.1">How reproducible: 100% of the time.</st>
        </parg>
        <parg ob="" eb="" sr="x" patterns="P_SR_LABELED_LIST" id="6">
            <st ob="" eb="" sr="" id="6.1">Steps to Reproduce:</st>
            <st ob="" eb="" sr="" id="6.2">1 Run a container with an image using `-d`</st>
            <st ob="" eb="" sr="" id="6.3">2 `docker rmi image_name:tag`</st>
            <st ob="x" eb="" sr="" patterns="S_OB_NEG_VERB" id="6.4">The above will complain that there's an active container running.</st>
            <st ob="x" eb="" sr="" patterns="S_OB_WORKS_FINE" id="6.5">Run `docker ps` and `docker images` and note how the image you used in Step 1 is still labeled correctly.</st>
            <st ob="" eb="" sr="" patterns="" id="6.6">3 `docker rmi &lt;id&gt;`, where `&lt;id&gt;` is the id of the image you used in the prior step.</st>
            <st ob="x" eb="" sr="" patterns="S_OB_NEG_VERB" id="6.7">The above will complain that there's an active container running.</st>
            <st ob="x" eb="" sr="" patterns="S_OB_BUT,S_OB_PASSIVE_VOICE" id="6.8">However, now when you run `docker ps` and `docker images`, the image is now untagged.</st>
        </parg>
        <parg ob="" eb="" sr="" id="7">
            <st ob="" eb="" sr="" id="7.1">Example:</st>
        </parg>
        <parg ob="" eb="" sr="" id="8">
            <st ob="" eb="" sr="" id="8.1">```
stack@myvm:~$ docker ps
CONTAINER ID IMAGE COMMAND CREATED STATUS PORTS NAMES
2a45e073cc07 myorg/myproj/logstash:2.1.0-1 "/docker-entrypoint.</st>
            <st ob="" eb="" sr="" id="8.2">s" 10 days ago Up 5 days logstash</st>
        </parg>
        <parg ob="" eb="" sr="" id="9">
            <st ob="" eb="" sr="" id="9.1">stack@myvm:~$ docker rmi myorg/myproj/logstash:2.1.0-1
Error response from daemon: conflict: unable to remove repository reference "myorg/myproj/logstash:2.1.0-1" (must force) - container 2a45e073cc07 is using its referenced image 805530fa1bc0
Error: failed to remove images: [myorg/myproj/logstash:2.1.0-1]</st>
        </parg>
        <parg ob="" eb="" sr="" id="10">
            <st ob="" eb="" sr="" id="10.1">stack@myvm:~$ docker images
REPOSITORY TAG IMAGE ID CREATED VIRTUAL SIZE
myorg/myproj/logstash 2.1.0-1 805530fa1bc0 12 weeks ago 444.7 MB</st>
        </parg>
        <parg ob="" eb="" sr="" id="11">
            <st ob="" eb="" sr="" id="11.1">stack@myvm:~$ docker rmi 805530fa1bc0
Error response from daemon: conflict: unable to delete 805530fa1bc0 (cannot be forced) - image is being used by running container 2a45e073cc07
Error: failed to remove images: [805530fa1bc0]</st>
        </parg>
        <parg ob="" eb="" sr="" id="12">
            <st ob="" eb="" sr="" id="12.1">stack@myvm:~$ docker ps
CONTAINER ID IMAGE COMMAND CREATED STATUS PORTS NAMES
2a45e073cc07 805530fa1bc0 "/docker-entrypoint.</st>
            <st ob="" eb="" sr="" id="12.2">s" 10 days ago Up 5 days logstash</st>
        </parg>
        <parg ob="" eb="" sr="" id="13">
            <st ob="" eb="" sr="" id="13.1">stack@myvm:~$ docker images
REPOSITORY TAG IMAGE ID CREATED VIRTUAL SIZE
&lt;none&gt; &lt;none&gt; 805530fa1bc0 12 weeks ago 444.7 MB
```</st>
        </parg>
        <parg ob="" eb="x" sr="" id="14">
            <st ob="" eb="x" sr="" patterns="S_EB_EXP_BEHAVIOR,S_EB_SHOULD" id="14.1">Expected Result: A failed `rmi` against an image id should behave the same as an `rmi` against a name+tag in the sense that it should not mutate anything.</st>
        </parg>
    </desc>
</bug>
