<?xml version="1.0" encoding="UTF-8" standalone="yes"?>
<bug no-bug="" comments="">
    <id>20586</id>
    <title ob="x" eb="" sr="" patterns="S_OB_ERROR_NOUN_PHRASE">Huge memory usage, unresponsive daemon (docker 1.10.1, ubuntu 14.04)</title>
    <desc>
        <parg ob="" eb="" sr="" patterns="" id="1">
            <st ob="" eb="" sr="" id="1.1">Description of problem:</st>
            <st ob="x" eb="" sr="" patterns="S_OB_VERB_ERROR" id="1.2">We're running docker 1.10.1 (recently upgraded from 1.7, using the ubuntu package) on Ubuntu trusty (14.04) and noticing on some of our hosts that the docker daemon is using an incredible amount of memory.</st>
            <st ob="x" eb="" sr="" patterns="S_OB_NO_LONGER" id="1.3">As well, the daemon no longer appears to be responsive.</st>
        </parg>
        <parg ob="" eb="" sr="" id="2">
            <st ob="" eb="" sr="" id="2.1">From top:</st>
            <st ob="" eb="" sr="" id="2.2">```</st>
            <st ob="" eb="" sr="" id="2.3">%MEM PID USER PR NI VIRT RES SHR S %CPU TIME+ COMMAND</st>
            <st ob="" eb="" sr="" id="2.4">54.6 2828 root 20 0 13.579g 8.018g 3892 S 0.0 918:23.14 docker</st>
            <st ob="" eb="" sr="" id="2.5">2 3 11131 root 20 0 608444 355684 5504 S 37.6 1:33.79 ruby</st>
            <st ob="" eb="" sr="" id="2.6">2 0 12696 root 20 0 542108 308196 5076 S 0.0 0:45.94 ruby</st>
            <st ob="" eb="" sr="" id="2.7">2 0 10601 root 20 0 596584 303764 5448 S 42.6 1:39.57 ruby</st>
            <st ob="" eb="" sr="" id="2.8">```</st>
        </parg>
        <parg ob="" eb="" sr="" id="3">
            <st ob="" eb="" sr="" id="3.1">From `/var/log/upstart/docker.log`:</st>
        </parg>
        <parg ob="" eb="" sr="" id="4">
            <st ob="" eb="" sr="" id="4.1">```
ERRO[411070] Handler for GET /v1.22/containers/json returned error: write unix /var/run/docker.sock-&gt;@: write: broken pipe
2016/02/22 22:10:03 http: multiple response.WriteHeader calls
```</st>
        </parg>
        <parg ob="x" eb="" sr="x" id="5">
            <st ob="x" eb="" sr="x" patterns="S_OB_COND_NEG,S_SR_COND_OBS" id="5.1">Whenever I try any docker commands (`ps`, `info`, `version`) the command hangs.</st>
        </parg>
        <parg ob="" eb="" sr="" id="6">
            <st ob="" eb="" sr="" id="6.1">`docker version`: Unable to run.</st>
        </parg>
        <parg ob="" eb="" sr="" id="7">
            <st ob="" eb="" sr="" id="7.1">`docker info`: Unable to run.</st>
        </parg>
        <parg ob="" eb="" sr="" id="8">
            <st ob="" eb="" sr="" id="8.1">`uname -a`:</st>
        </parg>
        <parg ob="" eb="" sr="" id="9">
            <st ob="" eb="" sr="" id="9.1">```
# uname -a
Linux ip-10-128-9-227 3.13.0-77-generic #121-Ubuntu SMP Wed Jan 20 10:50:42 UTC 2016 x86_64 x86_64 x86_64 GNU/Linux
```</st>
        </parg>
        <parg ob="" eb="" sr="" id="10">
            <st ob="" eb="" sr="" id="10.1">Environment details (AWS, VirtualBox, physical, etc.):</st>
        </parg>
        <parg ob="" eb="" sr="" id="11">
            <st ob="" eb="" sr="" id="11.1">AWS, c4.2xlarge</st>
        </parg>
        <parg ob="" eb="" sr="" id="12">
            <st ob="" eb="" sr="" id="12.1">How reproducible:</st>
        </parg>
        <parg ob="" eb="" sr="" id="13">
            <st ob="" eb="" sr="" id="13.1">Not sure how to reproduce it yet, the host has been up for about 4 days, and we're not seeing anything this massive on most of our other hosts - though the memory is quite high (using around 2 gigs of memory) on others as well, compared to what we are used to seeing in 1.7 (what we were running before the update).</st>
        </parg>
        <parg ob="" eb="" sr="" id="14">
            <st ob="" eb="" sr="" id="14.1">On another host:</st>
        </parg>
        <parg ob="" eb="" sr="" id="15">
            <st ob="" eb="" sr="" id="15.1">```
%MEM PID USER PR NI VIRT RES SHR S %CPU TIME+ COMMAND
17.8 2866 root 20 0 10.495g 2.611g 12312 S 26.3 666:48.92 docker
```</st>
        </parg>
        <parg ob="" eb="" sr="" id="16">
            <st ob="" eb="" sr="" id="16.1">And another:</st>
        </parg>
        <parg ob="" eb="" sr="" id="17">
            <st ob="" eb="" sr="" id="17.1">```
%MEM PID USER PR NI VIRT RES SHR S %CPU TIME+ COMMAND
19.1 2948 root 20 0 13.683g 2.806g 8528 S 28.9 968:10.26 docker
```</st>
        </parg>
        <parg ob="" eb="" sr="" id="18">
            <st ob="" eb="" sr="" id="18.1">Note: We make fairly heavy use of logging through the API via logspout.</st>
            <st ob="" eb="" sr="" id="18.2">Logging, back in 1.5 (I believe) was the root cause of this type of issue, but we haven't seen it since getting past that.</st>
        </parg>
    </desc>
</bug>
