<?xml version="1.0" encoding="UTF-8" standalone="yes"?>
<bug no-bug="" comments="">
    <id>20876</id>
    <title ob="x" eb="" sr="" patterns="S_OB_NEG_AUX_VERB">Question : my host and container don't see the folder linked by the volume. Is it because of Propagation: rprivate ?</title>
    <desc>
        <parg ob="" eb="" sr="" id="1">
            <st ob="" eb="" sr="" id="1.1">Hello,</st>
        </parg>
        <parg ob="x" eb="" sr="" id="2">
            <st ob="x" eb="" sr="" patterns="S_OB_ERROR_AS_SUBJECT" id="2.1">the root of the problem is that I am trying to use a ssh key in a docker container (gocd-server) to be able to pull source code from a private git repository.</st>
        </parg>
        <parg ob="" eb="" sr="" id="3">
            <st ob="x" eb="" sr="" patterns="S_OB_BUT_NEG" id="3.1">Now, if I understand correctly, I need to create a volume where I put my ssh keys and config file but the folder created is not shared between my container and my host.</st>
            <st ob="x" eb="" sr="" patterns="S_OB_COND_NEG,S_OB_ONLY" id="3.2">It only works if I copy the key inside my container and pull but if I restart the container, the setup is gone and I need to do it again.</st>
        </parg>
        <parg ob="" eb="" sr="" id="4">
            <st ob="x" eb="" sr="" patterns="S_OB_BUT_NEG" id="4.1">I can see that my container is writing on my host for a few volumes but not for others.</st>
            <st ob="" eb="" sr="x" patterns="S_SR_CODE_REF" id="4.2">For example, ./gocd/config (host) and /etc/go (container)</st>
        </parg>
        <parg ob="" eb="" sr="" id="5">
            <st ob="" eb="" sr="" id="5.1">**host : **</st>
            <st ob="" eb="" sr="" id="5.2">[20:23:07 - gillouche@arch:~/data/docker/gocd/config]$ ll</st>
            <st ob="" eb="" sr="" id="5.3">total 92K</st>
            <st ob="" eb="" sr="" id="5.4">-rw-r--r-- 1 go go 2.5K Mar 2 06:22 agentkeystore</st>
            <st ob="" eb="" sr="" id="5.5">-rw-r--r-- 1 go go 16 Mar 2 06:22 cipher</st>
            <st ob="" eb="" sr="" id="5.6">-rw-r--r-- 1 go go 992 Mar 2 06:22 config.properties</st>
            <st ob="" eb="" sr="" id="5.7">-rw-r--r-- 1 go go 304 Mar 2 20:08 cruise-config.</st>
            <st ob="" eb="" sr="" id="5.8">xml</st>
            <st ob="" eb="" sr="" id="5.9">-rw-r--r-- 1 go go 967 Mar 2 06:22 cruise-config.</st>
            <st ob="" eb="" sr="" id="5.10">xml.2016-03-02-05-23-01</st>
            <st ob="" eb="" sr="" id="5.11">-rw-r--r-- 1 go go 45K Mar 2 20:08 cruise-config.</st>
            <st ob="" eb="" sr="" id="5.12">xsd</st>
            <st ob="" eb="" sr="" id="5.13">-rw-r--r-- 1 go go 607 Mar 2 06:23 gadget_truststore.</st>
            <st ob="" eb="" sr="" id="5.14">jks</st>
            <st ob="" eb="" sr="" id="5.15">-rw-r--r-- 1 go go 799 Mar 2 06:22 go_update_server.</st>
            <st ob="" eb="" sr="" id="5.16">pub</st>
            <st ob="" eb="" sr="" id="5.17">-rw-r--r-- 1 go go 3.8K Mar 2 06:22 jetty.xml</st>
            <st ob="" eb="" sr="" id="5.18">-rw-r--r-- 1 go go 1.5K Mar 2 06:22 keystore</st>
            <st ob="" eb="" sr="" id="5.19">-rw-r--r-- 1 go go 1.9K Mar 2 20:08 log4j.properties</st>
            <st ob="" eb="" sr="" id="5.20">-rw-r--r-- 1 go go 2.4K Mar 2 06:22 truststore</st>
        </parg>
        <parg ob="" eb="" sr="" id="6">
            <st ob="" eb="" sr="" id="6.1">(I never wrote any of those files, they were written by the container)</st>
            <st ob="" eb="" sr="" id="6.2">**container**</st>
            <st ob="" eb="" sr="" id="6.3">root@746df548519b:/etc/go# ls -l</st>
            <st ob="" eb="" sr="" id="6.4">total 4</st>
            <st ob="" eb="" sr="" id="6.5">-rw------- 1 go go 1890 Feb 16 16:27 log4j.properties</st>
        </parg>
        <parg ob="" eb="" sr="" id="7">
            <st ob="" eb="" sr="" id="7.1">I am using a docker-compose file and all my docker containers config/folders etc are in the same folder called docker.</st>
        </parg>
        <parg ob="" eb="" sr="x" id="8">
            <st ob="" eb="" sr="x" patterns="S_SR_CODE_REF" id="8.1">Here is my configurations :</st>
        </parg>
        <parg ob="" eb="" sr="" id="9">
            <st ob="" eb="" sr="" id="9.1">**Docker compose file**</st>
            <st ob="" eb="" sr="" id="9.2">gocd-server:</st>
            <st ob="" eb="" sr="" id="9.3">container_name: gocd-server</st>
            <st ob="" eb="" sr="" id="9.4">image: gocd-server-test</st>
            <st ob="" eb="" sr="" id="9.5">ports:</st>
            <st ob="" eb="" sr="" id="9.6">- "18153:8153"</st>
            <st ob="" eb="" sr="" id="9.7">- "18154:8154"</st>
            <st ob="" eb="" sr="" id="9.8">volumes:</st>
            <st ob="" eb="" sr="" id="9.9">- .</st>
            <st ob="" eb="" sr="" id="9.10">/gocd/db:/var/lib/go-server/db/h2db</st>
            <st ob="" eb="" sr="" id="9.11">- .</st>
            <st ob="" eb="" sr="" id="9.12">/gocd/plugins:/var/lib/go-server/plugins/external</st>
            <st ob="" eb="" sr="" id="9.13">- .</st>
            <st ob="" eb="" sr="" id="9.14">/gocd/flyweight:/var/lib/go-server/pipelines/flyweight</st>
            <st ob="" eb="" sr="" id="9.15">- .</st>
            <st ob="" eb="" sr="" id="9.16">/gocd/config:/etc/go</st>
            <st ob="" eb="" sr="" id="9.17">- .</st>
            <st ob="" eb="" sr="" id="9.18">/gocd/ssh:/var/go/.</st>
            <st ob="" eb="" sr="" id="9.19">ssh</st>
            <st ob="" eb="" sr="" id="9.20">- .</st>
            <st ob="" eb="" sr="" id="9.21">/gocd/artifacts:/var/lib/go-server/artifacts</st>
        </parg>
        <parg ob="" eb="" sr="x" id="10">
            <st ob="" eb="" sr="x" patterns="S_SR_CODE_REF" id="10.1">Here is the **docker inspect **of the running container</st>
        </parg>
        <parg ob="" eb="" sr="" id="11">
            <st ob="" eb="" sr="" id="11.1">http://pastebin.com/CkXRjfu1</st>
        </parg>
        <parg ob="" eb="" sr="x" id="12">
            <st ob="" eb="" sr="x" patterns="S_SR_CODE_REF" id="12.1">Here is the **dockerfile** I used to create my gocd image</st>
        </parg>
        <parg ob="" eb="" sr="" id="13">
            <st ob="" eb="" sr="" id="13.1">http://pastebin.com/yLq2CpfN</st>
        </parg>
        <parg ob="" eb="" sr="" id="14">
            <st ob="" eb="" sr="" id="14.1">**Output of `docker version**`:</st>
        </parg>
        <parg ob="" eb="" sr="" id="15">
            <st ob="" eb="" sr="" id="15.1">Client:
 Version: 1.10.2
 API version: 1.22
 Go version: go1.5.3
 Git commit: c3959b1
 Built: Thu Feb 25 09:29:05 2016
 OS/Arch: linux/amd64</st>
        </parg>
        <parg ob="" eb="" sr="" id="16">
            <st ob="" eb="" sr="" id="16.1">Server:
 Version: 1.10.2
 API version: 1.22
 Go version: go1.5.3
 Git commit: c3959b1
 Built: Thu Feb 25 09:29:05 2016
 OS/Arch: linux/amd64</st>
        </parg>
        <parg ob="" eb="" sr="" id="17">
            <st ob="" eb="" sr="" id="17.1">Output of `**docker info**`:</st>
        </parg>
        <parg ob="" eb="" sr="" id="18">
            <st ob="" eb="" sr="" id="18.1">Containers: 13</st>
            <st ob="" eb="" sr="" id="18.2"> Running: 4</st>
            <st ob="" eb="" sr="" id="18.3"> Paused: 0</st>
            <st ob="" eb="" sr="" id="18.4"> Stopped: 9</st>
            <st ob="" eb="" sr="" id="18.5">Images: 28</st>
            <st ob="" eb="" sr="" id="18.6">Server Version: 1.10.2</st>
            <st ob="" eb="" sr="" id="18.7">Storage Driver: devicemapper</st>
            <st ob="" eb="" sr="" id="18.8"> Pool Name: docker-8:3-6684765-pool</st>
            <st ob="" eb="" sr="" id="18.9"> Pool Blocksize: 65.54 kB</st>
            <st ob="" eb="" sr="" id="18.10"> Base Device Size: 10.74 GB</st>
            <st ob="" eb="" sr="" id="18.11"> Backing Filesystem: xfs</st>
            <st ob="" eb="" sr="" id="18.12"> Data file: /dev/loop0</st>
            <st ob="" eb="" sr="" id="18.13"> Metadata file: /dev/loop1</st>
            <st ob="" eb="" sr="" id="18.14"> Data Space Used: 3.148 GB</st>
            <st ob="" eb="" sr="" id="18.15"> Data Space Total: 107.4 GB</st>
            <st ob="" eb="" sr="" id="18.16"> Data Space Available: 104.2 GB</st>
            <st ob="" eb="" sr="" id="18.17"> Metadata Space Used: 5.943 MB</st>
            <st ob="" eb="" sr="" id="18.18"> Metadata Space Total: 2.147 GB</st>
            <st ob="" eb="" sr="" id="18.19"> Metadata Space Available: 2.142 GB</st>
            <st ob="" eb="" sr="" id="18.20"> Udev Sync Supported: true</st>
            <st ob="" eb="" sr="" id="18.21"> Deferred Removal Enabled: false</st>
            <st ob="" eb="" sr="" id="18.22"> Deferred Deletion Enabled: false</st>
            <st ob="" eb="" sr="" id="18.23"> Deferred Deleted Device Count: 0</st>
            <st ob="" eb="" sr="" id="18.24"> Data loop file: /var/lib/docker/devicemapper/devicemapper/data</st>
            <st ob="" eb="" sr="" id="18.25"> WARNING: Usage of loopback devices is strongly discouraged for production use. Either use `--storage-opt dm.thinpooldev` or use `--storage-opt dm.no_warn_on_loop_devices=true` to suppress this warning.</st>
            <st ob="" eb="" sr="" id="18.26"> Metadata loop file: /var/lib/docker/devicemapper/devicemapper/metadata</st>
            <st ob="" eb="" sr="" id="18.27"> Library Version: 1.02.115 (2016-01-25)</st>
            <st ob="" eb="" sr="" id="18.28">Execution Driver: native-0.2</st>
            <st ob="" eb="" sr="" id="18.29">Logging Driver: json-file</st>
            <st ob="" eb="" sr="" id="18.30">Plugins: </st>
            <st ob="" eb="" sr="" id="18.31"> Volume: local</st>
            <st ob="" eb="" sr="" id="18.32"> Network: bridge null host</st>
            <st ob="" eb="" sr="" id="18.33">Kernel Version: 4.4.1-2-ARCH</st>
            <st ob="" eb="" sr="" id="18.34">Operating System: Arch Linux</st>
            <st ob="" eb="" sr="" id="18.35">OSType: linux</st>
            <st ob="" eb="" sr="" id="18.36">Architecture: x86_64</st>
            <st ob="" eb="" sr="" id="18.37">CPUs: 8</st>
            <st ob="" eb="" sr="" id="18.38">Total Memory: 15.61 GiB</st>
            <st ob="" eb="" sr="" id="18.39">Name: arch</st>
            <st ob="" eb="" sr="" id="18.40">ID: BNDD:6TTK:C7YZ:HG7K:FQQT:MQLA:MVQL:2Q57:F6BU:F4BB:ZQVT:PCQS</st>
        </parg>
        <parg ob="" eb="" sr="x" id="19">
            <st ob="" eb="" sr="x" patterns="S_SR_TRY" id="19.1">Provide additional environment details (AWS, VirtualBox, physical, etc.):
No virtualbox, I am trying on my host first before moving everything to a synology NAS.</st>
        </parg>
        <parg ob="x" eb="" sr="" patterns="P_OB_DESCRIPTION" id="20">
            <st ob="" eb="" sr="" id="20.1">Describe the results you received:
My container and my hosts don't see the changes on the volume.</st>
        </parg>
        <parg ob="" eb="x" sr="" patterns="P_EB_EXP_BEHAVIOR_MULTI" id="21">
            <st ob="" eb="" sr="" id="21.1">Describe the results you expected:
Be able to create file on the host folder and the container can see them.</st>
        </parg>
        <parg ob="" eb="" sr="" id="22">
            <st ob="" eb="" sr="" id="22.1">Provide additional info you think is important:</st>
        </parg>
        <parg ob="" eb="" sr="" id="23">
            <st ob="" eb="" sr="" id="23.1">Thanks.</st>
        </parg>
    </desc>
</bug>
