<?xml version="1.0" encoding="UTF-8" standalone="yes"?>
<bug no-bug="" comments="">
    <id>20921</id>
    <title ob="" eb="" sr="">Local volumes driver behaviour with a network mount and multiple docker engines</title>
    <desc>
        <parg ob="" eb="" sr="" id="1">
            <st ob="" eb="" sr="" id="1.1">&lt;!</st>
            <st ob="" eb="" sr="" id="1.2">--
If you are reporting a new issue, make sure that we do not have any duplicates
already open.</st>
            <st ob="" eb="" sr="" id="1.3">You can ensure this by searching the issue list for this
repository.</st>
            <st ob="" eb="" sr="" id="1.4">If there is a duplicate, please close your issue and add a comment
to the existing issue instead.</st>
        </parg>
        <parg ob="" eb="" sr="" id="2">
            <st ob="" eb="" sr="" id="2.1">If you suspect your issue is a bug, please edit your issue description to
include the BUG REPORT INFORMATION shown below.</st>
            <st ob="" eb="" sr="" id="2.2">If you fail to provide this
information within 7 days, we cannot debug your issue and will close it.</st>
            <st ob="" eb="" sr="" id="2.3">We
will, however, reopen it if you later provide the information.</st>
        </parg>
        <parg ob="" eb="" sr="" id="3">
            <st ob="" eb="" sr="" id="3.1">For more information about reporting issues, see
https://github.com/docker/docker/blob/master/CONTRIBUTING.md#reporting-other-issues</st>
        </parg>
        <parg ob="" eb="" sr="" id="4">
            <st ob="" eb="" sr="" id="4.1">---------------------------------------------------</st>
            <st ob="" eb="" sr="" id="4.2">BUG REPORT INFORMATION</st>
            <st ob="" eb="" sr="" id="4.3">---------------------------------------------------</st>
            <st ob="" eb="" sr="" id="4.4">Use the commands below to provide key information from your environment:</st>
            <st ob="" eb="" sr="" id="4.5">You do NOT have to include this information if this is a FEATURE REQUEST</st>
            <st ob="" eb="" sr="" id="4.6">--&gt;</st>
        </parg>
        <parg ob="" eb="" sr="" id="5">
            <st ob="" eb="" sr="" id="5.1">Output of `docker version`:</st>
        </parg>
        <parg ob="" eb="" sr="" id="6">
            <st ob="" eb="" sr="" id="6.1">```
Client:
 Version: 1.10.2
 API version: 1.22
 Go version: go1.5.3
 Git commit: c3959b1
 Built: Mon Feb 22 21:37:01 2016
 OS/Arch: linux/amd64
 
Server:
 Version: 1.10.2
 API version: 1.22
 Go version: go1.5.3
 Git commit: c3959b1
 Built: Mon Feb 22 21:37:01 2016
 OS/Arch: linux/amd64
```</st>
        </parg>
        <parg ob="" eb="" sr="" id="7">
            <st ob="" eb="" sr="" id="7.1">Output of `docker info`:</st>
        </parg>
        <parg ob="" eb="" sr="" id="8">
            <st ob="" eb="" sr="" id="8.1">```
Containers: 4
 Running: 4
 Paused: 0
 Stopped: 0
Images: 189
Server Version: 1.10.2
Storage Driver: aufs
 Root Dir: /var/lib/docker/aufs
 Backing Filesystem: extfs
 Dirs: 230
 Dirperm1 Supported: true
Execution Driver: native-0.2
Logging Driver: json-file
Plugins: 
 Volume: local
 Network: bridge null host
Kernel Version: 3.16.0-46-generic
Operating System: Ubuntu 14.04.3 LTS
OSType: linux
Architecture: x86_64
CPUs: 4
Total Memory: 3.768 GiB
Name: minionA
ID: EBGI:3EZW:52OM:3OLW:3KRU:CLZF:NYMX:5HI4:PSJP:PHHE:KUGU:T4OE
WARNING: No swap limit support
Labels:
 dept=april
 geo=us
 provider=generic
```</st>
        </parg>
        <parg ob="" eb="" sr="" id="9">
            <st ob="" eb="" sr="" id="9.1">Provide additional environment details (AWS, VirtualBox, physical, etc.):
Physical machines</st>
        </parg>
        <parg ob="" eb="" sr="x" patterns="P_SR_LABELED_LIST" id="10">
            <st ob="" eb="" sr="" id="10.1">**List the steps to reproduce the issue:**</st>
            <st ob="" eb="" sr="" id="10.2">1 Mount an NFS location as /var/lib/docker/volumes on 2 docker engines</st>
            <st ob="" eb="" sr="" id="10.3">2 Create a volume, named `example` when running a container on 1st docker engine</st>
            <st ob="" eb="" sr="" id="10.4">3 Perform `docker volume ls` on the other docker engine - the volume will not be listed.</st>
            <st ob="" eb="" sr="" id="10.5">`volume rm` or `volume inspect` will not work either.</st>
            <st ob="" eb="" sr="" id="10.6">4 Create a new container on the 2nd docker engine with the `-v example:/path` - this container on the second host is able to read the volume.</st>
            <st ob="" eb="" sr="" id="10.7">5 Restart 2nd docker engine, `docker volume ls` will list this volume.</st>
        </parg>
        <parg ob="x" eb="" sr="" patterns="P_OB_DESCRIPTION" id="11">
            <st ob="" eb="" sr="" id="11.1">**Describe the results you received:**</st>
            <st ob="" eb="" sr="" id="11.2">A docker engine only scans the volumes directory upon startup, as seen [here](https://github.com/docker/docker/blob/master/volume/local/local.go#L79).</st>
            <st ob="" eb="" sr="" id="11.3">After that, the data structure used by the local driver knows only about volumes that were created, deleted by the docker engine running on that particular host.</st>
            <st ob="x" eb="" sr="" patterns="S_OB_COND_NEG,S_OB_NEG_AUX_VERB" id="11.4">If changes happened from another docker-engine to this shared network location, the docker engine doesn't seem to pick it up.</st>
        </parg>
        <parg ob="" eb="x" sr="" patterns="P_EB_EXP_BEHAVIOR_MULTI" id="12">
            <st ob="" eb="" sr="" id="12.1">**Describe the results you expected:**</st>
            <st ob="" eb="" sr="" id="12.2">If behaviour were changed to listing all volumes under that folder, and not only the ones created by the docker-engine running on that particular host, multi-host volume management will probably become much easier and not need much more than the local volume plugin.</st>
        </parg>
        <parg ob="" eb="" sr="" id="13">
            <st ob="" eb="" sr="" id="13.1">There is probably additional complexity here which I'm not appreciating, but just wanted to raise this anyway.</st>
        </parg>
    </desc>
</bug>
