<?xml version="1.0" encoding="UTF-8" standalone="yes"?>
<bug no-bug="" comments="">
    <id>21403</id>
    <title ob="x" eb="" sr="" patterns="S_OB_PROBLEM_IN">race condition in volume delete and list</title>
    <desc>
        <parg ob="" eb="" sr="" id="1">
            <st ob="" eb="" sr="" id="1.1">I don't have an easy way to reproduce this race condition, but I was able to track it down by re-installing DTR, removing the containers, deleting volumes and trying to create theme again.</st>
        </parg>
        <parg ob="" eb="" sr="" id="2">
            <st ob="x" eb="" sr="" patterns="S_OB_COND_NEG" id="2.1">Basically, in VolumeStore when there's a Delete operation holding the named lock for a volume and a List operation has just finished listing volumes, but hasn't attempted to add them to the cache yet the list operation will try to acquire the named lock and block.</st>
            <st ob="x" eb="" sr="" patterns="S_OB_COND_NEG" id="2.2">When the Delete operation has finished it will release the named lock and the List operation will be unblocked and it will put the volume in the cache without checking if it still exists after acquiring the lock on the name.</st>
        </parg>
        <parg ob="" eb="" sr="" id="3">
            <st ob="" eb="" sr="" id="3.1">This happens in docker 1.10 and 1.11/06e98f0a5cf59c040e9f753d60f33ba22256d55c.</st>
            <st ob="" eb="" sr="" id="3.2">I haven't tested it in older versions.</st>
        </parg>
    </desc>
</bug>
