<?xml version="1.0" encoding="UTF-8" standalone="yes"?>
<bug no-bug="" comments="">
    <id>22358</id>
    <title ob="x" eb="" sr="" patterns="S_EB_IMPERATIVE">Remove `docker/` prefix from log messages tag</title>
    <desc>
        <parg ob="" eb="" sr="" id="1">
            <st ob="x" eb="x" sr="" patterns="S_OB_BUT,S_EB_EXPECTED" id="1.1">When I specify [logger tag](https://docs.docker.com/engine/admin/logging/log_tags/) for application running in docker container, I expect all messages of application will have exact same tag, but actually every message tag prefixed with `docker/`.</st>
            <st ob="x" eb="" sr="" patterns="S_OB_VERB_TO_BE_NEGATIVE" id="1.2">And there is no way to remove this prefix from tag.</st>
        </parg>
        <parg ob="" eb="" sr="x" id="2">
            <st ob="" eb="" sr="x" patterns="S_SR_IMPERATIVE_SEQUENCE" id="2.1">Launch application
```
docker run -d --log-driver=syslog --log-opt syslog-address=udp://172.16.155.205:514 --log-opt tag="hello-world" hello-world
```</st>
        </parg>
        <parg ob="" eb="x" sr="" patterns="P_EB_EXP_BEHAVIOR_MULTI" id="3">
            <st ob="" eb="" sr="" id="3.1">Expected log messages
```
...
Apr 27 09:10:55 example.com hello-world[755]: Hello from Docker.</st>
            <st ob="" eb="" sr="" id="3.2">Apr 27 09:10:55 example.com hello-world[755]: This message shows that your installation appears to be working correctly.</st>
            <st ob="" eb="" sr="" id="3.3">Apr 27 09:10:55 example.com hello-world[755]: 
Apr 27 09:10:55 example.com hello-world[755]: To generate this message, Docker took the following steps:
...
```</st>
        </parg>
        <parg ob="x" eb="" sr="" patterns="P_OB_LOG_CONTAINS,P_OB_OBSERVED_BEHAVIOR_MULTI" id="4">
            <st ob="" eb="" sr="" id="4.1">Actual log messages
```
...
Apr 27 09:10:55 example.com docker/hello-world[755]: Hello from Docker.</st>
            <st ob="" eb="" sr="" id="4.2">Apr 27 09:10:55 example.com docker/hello-world[755]: This message shows that your installation appears to be working correctly.</st>
            <st ob="" eb="" sr="" id="4.3">Apr 27 09:10:55 example.com docker/hello-world[755]: 
Apr 27 09:10:55 example.com docker/hello-world[755]: To generate this message, Docker took the following steps:
...
```</st>
        </parg>
    </desc>
</bug>
