<?xml version="1.0" encoding="UTF-8" standalone="yes"?>
<bug no-bug="" comments="">
    <id>23105</id>
    <title ob="x" eb="" sr="" patterns="S_OB_NEG_VERB">OSX docker client fails to use keychain registered certificates</title>
    <desc>
        <parg ob="" eb="" sr="" id="1">
            <st ob="" eb="" sr="" id="1.1">Until https://github.com/golang/go/issues/14514 lands in go1.8, would it be possible to use https://github.com/hashicorp/go-rootcerts to make the docker client in OSX trust *all* the CAs registered in the system?</st>
        </parg>
        <parg ob="" eb="" sr="" id="2">
            <st ob="" eb="" sr="" id="2.1">I'm running a private registry with an internal CA infrastructure and it's a pain to have to treat it as a special case in docker when all machines are set to trust that CA.</st>
        </parg>
    </desc>
</bug>
