<?xml version="1.0" encoding="UTF-8" standalone="yes"?>
<bug no-bug="" comments="">
    <id>23207</id>
    <title ob="x" eb="" sr="" patterns="S_OB_ERROR_COND">DNS Resolve Issues when creating overlay network in same subnet as eth0</title>
    <desc>
        <parg ob="" eb="" sr="" id="1">
            <st ob="" eb="" sr="" id="1.1">**Output of `docker version`:**</st>
        </parg>
        <parg ob="" eb="" sr="" id="2">
            <st ob="" eb="" sr="" id="2.1">```
Client:
 Version: 1.11.1
 API version: 1.23
 Go version: go1.5.4
 Git commit: 5604cbe
 Built: Tue Apr 26 23:11:07 2016
 OS/Arch: linux/amd64</st>
        </parg>
        <parg ob="" eb="" sr="" id="3">
            <st ob="" eb="" sr="" id="3.1">Server:
 Version: 1.11.1
 API version: 1.23
 Go version: go1.5.4
 Git commit: 5604cbe
 Built: Tue Apr 26 23:11:07 2016
 OS/Arch: linux/amd64</st>
        </parg>
        <parg ob="" eb="" sr="" id="4">
            <st ob="" eb="" sr="" id="4.1">```</st>
        </parg>
        <parg ob="" eb="" sr="" id="5">
            <st ob="" eb="" sr="" id="5.1">**Output of `docker info`:**</st>
        </parg>
        <parg ob="" eb="" sr="" id="6">
            <st ob="" eb="" sr="" id="6.1">```</st>
            <st ob="" eb="" sr="" id="6.2">Containers: 34</st>
            <st ob="" eb="" sr="" id="6.3"> Running: 3</st>
            <st ob="" eb="" sr="" id="6.4"> Paused: 0</st>
            <st ob="" eb="" sr="" id="6.5"> Stopped: 31</st>
            <st ob="" eb="" sr="" id="6.6">Images: 9</st>
            <st ob="" eb="" sr="" id="6.7">Server Version: 1.11.1</st>
            <st ob="" eb="" sr="" id="6.8">Storage Driver: aufs</st>
            <st ob="" eb="" sr="" id="6.9"> Root Dir: /var/lib/docker/aufs</st>
            <st ob="" eb="" sr="" id="6.10"> Backing Filesystem: extfs</st>
            <st ob="" eb="" sr="" id="6.11"> Dirs: 176</st>
            <st ob="" eb="" sr="" id="6.12"> Dirperm1 Supported: true</st>
            <st ob="" eb="" sr="" id="6.13">Logging Driver: json-file</st>
            <st ob="" eb="" sr="" id="6.14">Cgroup Driver: cgroupfs</st>
            <st ob="" eb="" sr="" id="6.15">Plugins: </st>
            <st ob="" eb="" sr="" id="6.16"> Volume: local</st>
            <st ob="" eb="" sr="" id="6.17"> Network: null host bridge</st>
            <st ob="" eb="" sr="" id="6.18">Kernel Version: 3.16.0-4-amd64</st>
            <st ob="" eb="" sr="" id="6.19">Operating System: Debian GNU/Linux 8 (jessie)</st>
            <st ob="" eb="" sr="" id="6.20">OSType: linux</st>
            <st ob="" eb="" sr="" id="6.21">Architecture: x86_64</st>
            <st ob="" eb="" sr="" id="6.22">CPUs: 4</st>
            <st ob="" eb="" sr="" id="6.23">Total Memory: 19.61 GiB</st>
            <st ob="" eb="" sr="" id="6.24">Name: WS23</st>
            <st ob="" eb="" sr="" id="6.25">ID: 3GNK:7E76:MOGV:QU5Y:XE53:NLP6:ZHIV:S5FF:J2KR:VZGN:RGZV:QGSR</st>
            <st ob="" eb="" sr="" id="6.26">Docker Root Dir: /var/lib/docker</st>
            <st ob="" eb="" sr="" id="6.27">Debug mode (client): false</st>
            <st ob="" eb="" sr="" id="6.28">Debug mode (server): false</st>
            <st ob="" eb="" sr="" id="6.29">Registry: https://index.docker.io/v1/</st>
            <st ob="" eb="" sr="" id="6.30">WARNING: No memory limit support</st>
            <st ob="" eb="" sr="" id="6.31">WARNING: No swap limit support</st>
            <st ob="" eb="" sr="" id="6.32">WARNING: No kernel memory limit support</st>
            <st ob="" eb="" sr="" id="6.33">WARNING: No oom kill disable support</st>
            <st ob="" eb="" sr="" id="6.34">WARNING: No cpu cfs quota support</st>
            <st ob="" eb="" sr="" id="6.35">WARNING: No cpu cfs period support</st>
            <st ob="" eb="" sr="" id="6.36">Cluster store: consul://ws23:8500</st>
            <st ob="" eb="" sr="" id="6.37">Cluster advertise: 10.0.102.23:2375</st>
            <st ob="" eb="" sr="" id="6.38">```</st>
        </parg>
        <parg ob="" eb="" sr="x" patterns="P_SR_LABELED_LIST" id="7">
            <st ob="" eb="" sr="" id="7.1">**Steps to reproduce the issue:**</st>
            <st ob="" eb="" sr="" id="7.2">1 setup docker swarm</st>
            <st ob="" eb="" sr="" id="7.3">2 create network on docker swarm using `docker -H :4000 network create test`</st>
            <st ob="" eb="" sr="" id="7.4">3 run container in this network `docker -H :4000 run -it --net=test busybox bash`</st>
            <st ob="" eb="" sr="" id="7.5">4 in container run `ping google.com` -&gt; will fail!</st>
        </parg>
        <parg ob="" eb="" sr="" id="8">
            <st ob="" eb="" sr="" id="8.1">**Describe the results you received:**</st>
            <st ob="x" eb="" sr="" patterns="S_OB_NEG_AUX_VERB" id="8.2">Ping did not resolve to company internal DNS (10.0.0.1)</st>
        </parg>
        <parg ob="" eb="" sr="" id="9">
            <st ob="" eb="" sr="" id="9.1">**Describe the results you expected:**</st>
            <st ob="" eb="x" sr="" patterns="S_EB_SHOULD" id="9.2">Should resolve name using the company iternal DNS</st>
        </parg>
        <parg ob="" eb="" sr="" id="10">
            <st ob="" eb="" sr="" id="10.1">**Solution**</st>
            <st ob="" eb="" sr="" id="10.2">Do not create a network with the same subnet as eth0 of host (10.0.0.0/24).</st>
        </parg>
        <parg ob="" eb="" sr="" id="11">
            <st ob="" eb="" sr="" id="11.1">Workaround: Specify subnet in create network, which is different than eth0
e.g. `docker -H :4000 network create --subnet=172.31.0.0/24 --gateway=172.31.0.1 hadoop`</st>
        </parg>
        <parg ob="" eb="" sr="" id="12">
            <st ob="" eb="" sr="" id="12.1">Also checkout this gist: https://gist.github.com/plieningerweb/dc83d5133e8bf113f2010e1bc79a9d16</st>
        </parg>
        <parg ob="" eb="" sr="" id="13">
            <st ob="" eb="" sr="" id="13.1">**Expected Fix**</st>
            <st ob="" eb="" sr="" id="13.2">docker network create should not create a network in the same subnet as the hosts' eth0, if this leads to routing issues and (in this case) failure of DNS lookups.</st>
        </parg>
    </desc>
</bug>
