<?xml version="1.0" encoding="UTF-8" standalone="yes"?>
<bug no-bug="" comments="">
    <id>23383</id>
    <title ob="" eb="x" sr="" patterns="S_EB_SHOULD">docker push should try to push a new tag, and only upload the required layers</title>
    <desc>
        <parg ob="" eb="" sr="" id="1">
            <st ob="" eb="" sr="" id="1.1">Docker 1.11.2</st>
        </parg>
        <parg ob="x" eb="" sr="" patterns="P_OB_OBSERVED_BEHAVIOR_MULTI" id="2">
            <st ob="" eb="" sr="" id="2.1">currently the behaviour of "docker push" is to:</st>
            <st ob="" eb="" sr="" id="2.2">* generate a list of layers</st>
            <st ob="" eb="" sr="" id="2.3">* push each layer</st>
            <st ob="" eb="" sr="" id="2.4">* create a manifest file</st>
            <st ob="" eb="" sr="" id="2.5">* push the manifest file</st>
        </parg>
        <parg ob="" eb="" sr="" id="3">
            <st ob="x" eb="" sr="" patterns="S_OB_BUT_NEG,S_OB_VERB_ERROR" id="3.1">However, the push API, returns an error containing a list of missing layers.</st>
            <st ob="" eb="x" sr="" patterns="S_EB_SHOULD" id="3.2">Docker push should:</st>
            <st ob="" eb="" sr="" id="3.3">* generate a list of layers: L</st>
            <st ob="" eb="" sr="" id="3.4">* create a manifest file</st>
            <st ob="" eb="" sr="" id="3.5">* push the manifest file</st>
            <st ob="" eb="" sr="" id="3.6">* push the intersection of the error list and L</st>
            <st ob="" eb="" sr="" id="3.7">* if there's an intersection of the error list and L, push the manifest file</st>
        </parg>
        <parg ob="" eb="" sr="" id="4">
            <st ob="" eb="" sr="" id="4.1">This way when you push a tag, for an existing repo you only make 1 http request.</st>
        </parg>
    </desc>
</bug>
