<?xml version="1.0" encoding="UTF-8" standalone="yes"?>
<bug no-bug="" comments="">
    <id>23616</id>
    <title ob="x" eb="" sr="" patterns="S_OB_NEG_AFTER">Can not reduce size of the docker image after deleting the build tools from child image that were installed in base image</title>
    <desc>
        <parg ob="" eb="" sr="" id="1">
            <st ob="" eb="" sr="" id="1.1">Hi,</st>
        </parg>
        <parg ob="" eb="" sr="x" patterns="P_SR_CONTINOUS_PRESENT_PAST" id="2">
            <st ob="" eb="" sr="" id="2.1">I am using docker-alpine 3.3 as the base image and building another image from it.</st>
            <st ob="" eb="" sr="" patterns="" id="2.2">Following is the dockerfile for this</st>
        </parg>
        <parg ob="" eb="" sr="" id="3">
            <st ob="" eb="" sr="" id="3.1">FROM xxx/alpine3.3:latest
MAINTAINER xxx@xxx.com 
RUN apk update
RUN apk add --update bash 
RUN apk add --update nodejs
RUN apk add --update curl 
RUN npm install -g gulp-cli
RUN apk add --update python 
RUN apk add --update make 
RUN apk add --update g++</st>
        </parg>
        <parg ob="" eb="" sr="" id="4">
            <st ob="" eb="" sr="x" patterns="S_SR_SIMPLE_PRESENT_SUBORDINATES" id="4.1">Then this created docker images is used as the base image for another docker file where I do npm install and then remove the build tools like python, make and g++ after npm install.</st>
            <st ob="" eb="" sr="" patterns="" id="4.2">Following is the docker file
FROM dockerbase:latest
MAINTAINER xxx@xxx.com 
COPY common /opt/project1324/common
RUN /usr/bin/npm install
RUN apk del python
RUN apk del make
RUN apk del g++</st>
        </parg>
        <parg ob="" eb="" sr="" id="5">
            <st ob="x" eb="" sr="" patterns="S_OB_BUT_NEG" id="5.1">But the size of the docker image has no difference for the cases when I delete those packages and do not delete those packages.</st>
            <st ob="x" eb="" sr="" patterns="S_OB_POS_COND" id="5.2">Infact, the size is a little bit more when I delete those packages.</st>
        </parg>
        <parg ob="" eb="" sr="" id="6">
            <st ob="" eb="" sr="" id="6.1">Is there a way to delete those build tools from all the layers of docker image so that the size of the docker image decreases.</st>
        </parg>
        <parg ob="" eb="" sr="" id="7">
            <st ob="" eb="" sr="" id="7.1">How can I remove these build tools?</st>
        </parg>
    </desc>
</bug>
