<?xml version="1.0" encoding="UTF-8" standalone="yes"?>
<bug no-bug="" comments="">
    <id>2393</id>
    <title ob="x" eb="" sr="" patterns="S_OB_NEG_AUX_VERB">Can't install JDK on Ubuntu Quantal (mknod: `fuse-': Operation not permitted)</title>
    <desc>
        <parg ob="" eb="" sr="" id="1">
            <st ob="" eb="" sr="" id="1.1">I tried installing the `default-jdk` (1.7) package on `ubuntu:quantal`, and this is what happened:</st>
        </parg>
        <parg ob="" eb="" sr="" id="2">
            <st ob="" eb="" sr="" id="2.1"> $ sudo docker run -i ubuntu:quantal apt-get install -y default-jdk</st>
            <st ob="" eb="" sr="" id="2.2"> [ ... ]</st>
            <st ob="" eb="" sr="" id="2.3"> Selecting previously unselected package fuse.</st>
            <st ob="" eb="" sr="" id="2.4"> Unpacking fuse (from .../fuse_2.9.0-1ubuntu2_amd64.deb) ...</st>
            <st ob="" eb="" sr="" id="2.5"> Processing triggers for initramfs-tools ...</st>
            <st ob="" eb="" sr="" id="2.6"> Setting up libfuse2:amd64 (2.9.0-1ubuntu2) ...</st>
            <st ob="" eb="" sr="" id="2.7"> Setting up fuse (2.9.0-1ubuntu2) ...</st>
            <st ob="" eb="" sr="" id="2.8"> Creating fuse group...</st>
            <st ob="" eb="" sr="" id="2.9"> Adding group `fuse' (GID 104) ...</st>
            <st ob="" eb="" sr="" id="2.10"> Done.</st>
            <st ob="" eb="" sr="" id="2.11"> Creating fuse device...</st>
            <st ob="" eb="" sr="" id="2.12"> mknod: `fuse-': Operation not permitted</st>
            <st ob="" eb="" sr="" id="2.13"> makedev fuse c 10 229 root root 0660: failed</st>
            <st ob="" eb="" sr="" id="2.14"> chown: cannot access `/dev/fuse': No such file or directory</st>
            <st ob="" eb="" sr="" id="2.15"> dpkg: error processing fuse (--configure):</st>
            <st ob="" eb="" sr="" id="2.16"> subprocess installed post-installation script returned error exit status 1</st>
            <st ob="" eb="" sr="" id="2.17"> Processing triggers for libc-bin ...</st>
            <st ob="" eb="" sr="" id="2.18"> ldconfig deferred processing now taking place</st>
            <st ob="" eb="" sr="" id="2.19"> Processing triggers for initramfs-tools ...</st>
            <st ob="" eb="" sr="" id="2.20"> Errors were encountered while processing:</st>
            <st ob="" eb="" sr="" id="2.21"> fuse</st>
            <st ob="" eb="" sr="" id="2.22"> E: Sub-process /usr/bin/dpkg returned an error code (1)</st>
        </parg>
        <parg ob="x" eb="" sr="" id="3">
            <st ob="x" eb="" sr="" patterns="S_OB_WORKS_FINE" id="3.1">Note: Installing `default-jdk` (1.6) on `ubuntu:precise` works fine, because it doesn't seem to use `fuse`.</st>
        </parg>
    </desc>
</bug>
