<?xml version="1.0" encoding="UTF-8" standalone="yes"?>
<bug no-bug="" comments="">
    <id>2619</id>
    <title ob="" eb="x" sr="" patterns="S_EB_SHOULD">Docker push should require a force flag to clobber</title>
    <desc>
        <parg ob="x" eb="" sr="x" id="1">
            <st ob="x" eb="" sr="x" patterns="S_OB_COND_POS,S_OB_ALLOW,S_SR_COND_OBS" id="1.1">If I push an image called bmorearty/xyz and then I make a brand new image (not based on the first one) and run `docker push bmorearty/xyz` again, the registry allows it.</st>
        </parg>
        <parg ob="" eb="x" sr="" id="2">
            <st ob="" eb="x" sr="" patterns="S_EB_SHOULD" id="2.1">To avoid unfortunate clobbering of images, this should not be allowed unless I pass in a "-force" option to the CLI.</st>
        </parg>
    </desc>
</bug>
