<?xml version="1.0" encoding="UTF-8" standalone="yes"?>
<bug no-bug="" comments="">
    <id>2778</id>
    <title ob="x" eb="" sr="" patterns="S_OB_PROBLEM_IN">Corruption of shell</title>
    <desc>
        <parg ob="" eb="" sr="" id="1">
            <st ob="x" eb="" sr="x" patterns="S_OB_COND_NEG,S_OB_NO_NOUN,S_OB_NEG_AUX_VERB,S_SR_COND_OBS" id="1.1">When running an improper command the shell breaks (no characters appear when typing, hitting enter does not post newline).</st>
            <st ob="" eb="" sr="" id="1.2">The shell is fixed by typing 'reset' and hitting enter.</st>
            <st ob="" eb="" sr="" id="1.3">My guess is that docker is printing some binary data to stdout.</st>
            <st ob="x" eb="" sr="" patterns="S_OB_NEG_VERB" id="1.4">This command consistently breaks the shell on an Amazon EC2-hosted Ubuntu 12.04 64bit box.</st>
            <st ob="" eb="" sr="" id="1.5">I'm using mosh for remote login, that may be important to reproduce.</st>
        </parg>
        <parg ob="" eb="" sr="" id="2">
            <st ob="" eb="" sr="" id="2.1">```docker run -link test -p 8081 -i -t hamiltont/redis-commander /bin/bash```</st>
        </parg>
    </desc>
</bug>
