<?xml version="1.0" encoding="UTF-8" standalone="yes"?>
<bug no-bug="" comments="">
    <id>3206</id>
    <title ob="" eb="" sr="">Files created into a host mounted directory are owned by root user</title>
    <desc>
        <parg ob="x" eb="" sr="" id="1">
            <st ob="x" eb="" sr="" patterns="S_OB_COND_POS" id="1.1">When saving a file by running an application in a Docker container to an host mounted directory, that file results to be owned by the root user in the host file system.</st>
        </parg>
        <parg ob="" eb="" sr="" id="2">
            <st ob="" eb="" sr="x" patterns="S_SR_CODE_REF" id="2.1">For example:</st>
            <st ob="" eb="" sr="" id="2.2">docker run -v $PWD:/data ubuntu touch /data/hello</st>
            <st ob="" eb="" sr="" id="2.3">ls -la</st>
            <st ob="" eb="" sr="" id="2.4">drwxr-xr-x 2 pditommaso foo 4096 Dec 13 11:44 .</st>
            <st ob="" eb="" sr="" id="2.5">drwxr-xr-x 3 pditommaso foo 4096 Dec 9 14:43 .</st>
            <st ob="" eb="" sr="" id="2.6">.</st>
            <st ob="" eb="" sr="" id="2.7">-rw-r--r-- 1 root root 0 Dec 13 12:30 hello</st>
        </parg>
        <parg ob="" eb="" sr="" id="3">
            <st ob="" eb="" sr="" id="3.1">The host OS is: CentOS release 6.5 (Final)
Linux kernel: 2.6.32-431.</st>
            <st ob="" eb="" sr="" id="3.2">el6.x86_64</st>
        </parg>
        <parg ob="" eb="" sr="" id="4">
            <st ob="" eb="" sr="" id="4.1">docker version</st>
        </parg>
        <parg ob="" eb="" sr="" id="5">
            <st ob="" eb="" sr="" id="5.1">Client version: 0.7.0
	Go version (client): go1.1.2
	Git commit (client): 0ff9bc1/0.7.0
	Server version: 0.7.0
	Git commit (server): 0ff9bc1/0.7.0
	Go version (server): go1.1.2
	Last stable version: 0.7.1, please update docker</st>
        </parg>
        <parg ob="" eb="" sr="" id="6">
            <st ob="" eb="" sr="" id="6.1">docker info</st>
        </parg>
        <parg ob="" eb="" sr="" id="7">
            <st ob="" eb="" sr="" id="7.1">Containers: 304
	Images: 43
	Driver: devicemapper
	Pool Name: docker-253:0-1705509-pool
	Data file: /var/lib/docker/devicemapper/devicemapper/data
	Metadata file: /var/lib/docker/devicemapper/devicemapper/metadata
	Data Space Used: 15837.8 Mb
	Data Space Total: 102400.0 Mb
	Metadata Space Used: 27.9 Mb
	Metadata Space Total: 2048.0 Mb
	Username: pditommaso
	Registry: https://index.docker.io/v1/</st>
        </parg>
    </desc>
</bug>
