<?xml version="1.0" encoding="UTF-8" standalone="yes"?>
<bug no-bug="" comments="">
    <id>3451</id>
    <title ob="x" eb="" sr="" patterns="S_OB_NEG_AFTER">`no such file or directory` error after upgrading to 0.7.3</title>
    <desc>
        <parg ob="x" eb="" sr="" id="1">
            <st ob="x" eb="" sr="" patterns="S_OB_VERB_ERROR,S_OB_AFTER_NEG" id="1.1">Hi, sorry if this isn't the right place to report this or if it's already been reported, but after I upgraded from Docker 0.7.2 to 0.7.3, a [Dockerfile I'm working with](https://github.com/bamos/docker-llvm-polly-pocl/blob/master/llvm-3.4/Dockerfile) fails to run `apt-get update` with the following error message.</st>
        </parg>
        <parg ob="" eb="" sr="" id="2">
            <st ob="" eb="" sr="" id="2.1">```</st>
            <st ob="" eb="" sr="" id="2.2">docker-llvm-polly-pocl/llvm-3.4 [master] » docker build .</st>
            <st ob="" eb="" sr="" id="2.3">Uploading context 10.24 kB</st>
            <st ob="" eb="" sr="" id="2.4">Uploading context</st>
            <st ob="" eb="" sr="" id="2.5">Step 1 : FROM ubuntu:12.04</st>
            <st ob="" eb="" sr="" id="2.6">Pulling repository ubuntu</st>
            <st ob="" eb="" sr="" id="2.7">8dbd9e392a96: Download complete ---&gt; 8dbd9e392a96</st>
            <st ob="" eb="" sr="" id="2.8">Step 2 : RUN echo "deb http://archive.ubuntu.com/ubuntu precise main universe" &gt; /etc/apt/sources.</st>
            <st ob="" eb="" sr="" id="2.9">list; apt-get update</st>
            <st ob="" eb="" sr="" id="2.10">---&gt; Running in 44442b1b1e93</st>
            <st ob="" eb="" sr="" id="2.11">Ign http://archive.ubuntu.com precise InRelease</st>
            <st ob="" eb="" sr="" id="2.12">Hit http://archive.ubuntu.com precise Release.gpg</st>
            <st ob="" eb="" sr="" id="2.13">Hit http://archive.ubuntu.com precise Release</st>
            <st ob="" eb="" sr="" id="2.14">Hit http://archive.ubuntu.com precise/main amd64 Packages</st>
            <st ob="" eb="" sr="" id="2.15">Get:1 http://archive.ubuntu.com precise/universe amd64 Packages [6167 kB]</st>
            <st ob="" eb="" sr="" id="2.16">Get:2 http://archive.ubuntu.com precise/main i386 Packages [1641 kB]</st>
            <st ob="" eb="" sr="" id="2.17">Get:3 http://archive.ubuntu.com precise/universe i386 Packages [6180 kB]</st>
            <st ob="" eb="" sr="" id="2.18">Get:4 http://archive.ubuntu.com precise/main TranslationIndex [3706 B]</st>
            <st ob="" eb="" sr="" id="2.19">Get:5 http://archive.ubuntu.com precise/universe TranslationIndex [2922 B]</st>
            <st ob="" eb="" sr="" id="2.20">Get:6 http://archive.ubuntu.com precise/main Translation-en [893 kB]</st>
            <st ob="" eb="" sr="" id="2.21">Get:7 http://archive.ubuntu.com precise/universe Translation-en [4133 kB]</st>
            <st ob="" eb="" sr="" id="2.22">Fetched 19.0 MB in 51s (369 kB/s)</st>
        </parg>
        <parg ob="" eb="" sr="" id="3">
            <st ob="" eb="" sr="" id="3.1">2014/01/04 14:55:36 no such file or directory
```</st>
        </parg>
        <parg ob="" eb="" sr="" id="4">
            <st ob="" eb="" sr="" patterns="" id="4.1">I'm running this in Arch Linux, and the Docker version for this was:</st>
        </parg>
        <parg ob="" eb="" sr="" id="5">
            <st ob="" eb="" sr="" id="5.1">```
Docker version 0.7.3, build 8502ad4
```</st>
        </parg>
        <parg ob="" eb="" sr="" id="6">
            <st ob="" eb="" sr="" id="6.1">After downgrading back to:</st>
        </parg>
        <parg ob="" eb="" sr="" id="7">
            <st ob="" eb="" sr="" id="7.1">```
Docker version 0.7.2, build 28b162e
```</st>
        </parg>
        <parg ob="x" eb="" sr="" id="8">
            <st ob="x" eb="" sr="" patterns="S_OB_NEG_AUX_VERB" id="8.1">this error doesn't occur.</st>
        </parg>
        <parg ob="" eb="" sr="" id="9">
            <st ob="" eb="" sr="" id="9.1">Let me know if I can provide more info.</st>
            <st ob="" eb="" sr="" id="9.2">Thanks!</st>
        </parg>
    </desc>
</bug>
