<?xml version="1.0" encoding="UTF-8" standalone="yes"?>
<bug no-bug="" comments="">
    <id>3677</id>
    <title ob="x" eb="" sr="" patterns="P_OB_ERROR_TERMS_PARAGRAPH">Error: Conflict between containers and images</title>
    <desc>
        <parg ob="x" eb="" sr="" id="1">
            <st ob="x" eb="" sr="" patterns="S_OB_VERB_ERROR" id="1.1">Each time I run a container, (restart an existing one or start a new one) I get this error: `2014/01/20 17:26:59 Error: Conflict between containers and images`</st>
        </parg>
        <parg ob="" eb="" sr="x" id="2">
            <st ob="" eb="" sr="x" patterns="S_SR_CODE_REF" id="2.1">The run command is the following: `docker run -p 1337:1337 -d -v /host-folder:/media/hub -name containerA containerA-image`</st>
        </parg>
        <parg ob="" eb="" sr="" id="3">
            <st ob="x" eb="" sr="" patterns="S_OB_SUDDENLY_NEGATIVE,S_OB_VERB_ERROR,S_OB_NEG_VERB" id="3.1">The container sometimes works, and suddenly crash with this error when reloading the VM or the host system (like our integration server directly running Linux).</st>
            <st ob="" eb="" sr="" id="3.2">My dev machine is running OSX 10.9 Mavericks which run a Vagrant VM on Ubuntu Precise 12.04.</st>
        </parg>
        <parg ob="" eb="" sr="" id="4">
            <st ob="" eb="" sr="" id="4.1">Any idea of the origin of this error?</st>
            <st ob="" eb="" sr="" id="4.2">Thanks for your help.</st>
        </parg>
    </desc>
</bug>
