<?xml version="1.0" encoding="UTF-8" standalone="yes"?>
<bug no-bug="" comments="">
    <id>3855</id>
    <title ob="x" eb="" sr="" patterns="S_OB_NEG_ADV_ADJ">Trusted Build Queue count is incorrect</title>
    <desc>
        <parg ob="" eb="" sr="" id="1">
            <st ob="" eb="" sr="" id="1.1">The page https://index.docker.io/builds/status/ shows the number of items in a queue.</st>
            <st ob="x" eb="" sr="" patterns="S_OB_SEEMS,S_OB_NO_MATTER" id="1.2">The Build queue seems always to report 2, regardless of the actual number of files.</st>
            <st ob="" eb="" sr="" id="1.3">The transfer queue shows the actual number of items.</st>
        </parg>
    </desc>
</bug>
