<?xml version="1.0" encoding="UTF-8" standalone="yes"?>
<bug no-bug="" comments="">
    <id>4614</id>
    <title ob="x" eb="" sr="" patterns="S_OB_NEG_AFTER,S_OB_BUT">npm won't run install after USER switch but works with RUN su instead</title>
    <desc>
        <parg ob="x" eb="" sr="x" id="1">
            <st ob="x" eb="" sr="x" patterns="S_OB_VERB_ERROR,S_OB_NEG_AFTER,S_SR_CODE_REF" id="1.1">getting errors running npm install after switching users within the Dockerfile:</st>
        </parg>
        <parg ob="" eb="" sr="" id="2">
            <st ob="" eb="" sr="" id="2.1"># Install dependencies and nodejs
 RUN apt-get update
 RUN apt-get install -y python-software-properties python g++ make
 RUN add-apt-repository ppa:chris-lea/node.</st>
            <st ob="" eb="" sr="" id="2.2">js
 RUN apt-get update
 RUN apt-get install -y nodejs</st>
        </parg>
        <parg ob="" eb="" sr="" id="3">
            <st ob="" eb="" sr="" id="3.1"># Install git
 RUN apt-get install -y git</st>
        </parg>
        <parg ob="" eb="" sr="" id="4">
            <st ob="" eb="" sr="" id="4.1"># Bundle app source
 ADD .</st>
            <st ob="" eb="" sr="" id="4.2">/src</st>
        </parg>
        <parg ob="" eb="" sr="" id="5">
            <st ob="" eb="" sr="" id="5.1"># Create a nonroot user, and switch to it
 RUN /usr/sbin/useradd --create-home --home-dir /usr/local/nonroot --shell /bin/bash nonroot
 RUN /usr/sbin/adduser nonroot sudo
 RUN chown -R nonroot /usr/local/
 RUN chown -R nonroot /usr/lib/
 RUN chown -R nonroot /usr/bin/
 RUN chown -R nonroot /src</st>
        </parg>
        <parg ob="" eb="" sr="" id="6">
            <st ob="" eb="" sr="" id="6.1">USER nonroot</st>
        </parg>
        <parg ob="x" eb="" sr="" id="7">
            <st ob="x" eb="" sr="" patterns="S_OB_VERB_ERROR" id="7.1"># Install app source
 RUN cd /src; npm install
===
gives me the following error for every node module:</st>
        </parg>
        <parg ob="" eb="" sr="" id="8">
            <st ob="" eb="" sr="" id="8.1"> Error: Attempt to unlock javascript-brunch@1.7.1, which hasn't been locked</st>
            <st ob="" eb="" sr="" id="8.2"> at unlock (/usr/lib/node_modules/npm/lib/cache.js:1304:11)</st>
            <st ob="" eb="" sr="" id="8.3"> at cb (/usr/lib/node_modules/npm/lib/cache.js:646:5)</st>
            <st ob="" eb="" sr="" id="8.4"> at /usr/lib/node_modules/npm/lib/cache.js:655:20</st>
            <st ob="" eb="" sr="" id="8.5"> at /usr/lib/node_modules/npm/lib/cache.js:1282:20</st>
            <st ob="" eb="" sr="" id="8.6"> at afterMkdir (/usr/lib/node_modules/npm/lib/cache.js:1013:14)</st>
            <st ob="" eb="" sr="" id="8.7"> at /usr/lib/node_modules/npm/node_modules/mkdirp/index.js:37:53</st>
            <st ob="" eb="" sr="" id="8.8"> at Object.oncomplete (fs.js:107:15)</st>
            <st ob="" eb="" sr="" id="8.9"> If you need help, you may report this *entire* log,</st>
            <st ob="" eb="" sr="" id="8.10"> including the npm and node versions, at:</st>
            <st ob="" eb="" sr="" id="8.11"> &lt;http://github.com/npm/npm/issues&gt;</st>
            <st ob="" eb="" sr="" id="8.12"> ...</st>
        </parg>
        <parg ob="x" eb="" sr="" id="9">
            <st ob="x" eb="" sr="" patterns="S_OB_COND_POS,S_OB_NON_TERM" id="9.1">However, if I replace the 'USER nonroot' line with 'RUN /bin/su nonroot' everything is copacetic.</st>
        </parg>
    </desc>
</bug>
