<?xml version="1.0" encoding="UTF-8" standalone="yes"?>
<bug no-bug="" comments="">
    <id>4642</id>
    <title ob="x" eb="" sr="" patterns="S_OB_NEG_VERB">`docker run` fails (exit code 255) without explanation</title>
    <desc>
        <parg ob="x" eb="" sr="" id="1">
            <st ob="x" eb="" sr="" patterns="S_OB_ACTION_SUBJECT,S_OB_NEG_VERB" id="1.1">Attempting to run a container from a locally-stored repository fails with no apparent reason:</st>
        </parg>
        <parg ob="" eb="" sr="" id="2">
            <st ob="" eb="" sr="" id="2.1">```
root@host:~# docker run -v /root/.</st>
            <st ob="" eb="" sr="" id="2.2">conf:/.</st>
            <st ob="" eb="" sr="" id="2.3">conf docker-repo/docker-container
root@host:~# echo $?</st>
            <st ob="" eb="" sr="" id="2.4">255
```</st>
        </parg>
        <parg ob="" eb="" sr="" id="3">
            <st ob="x" eb="" sr="" patterns="S_OB_WORKS_BUT" id="3.1">The above container runs fine on some hosts, but not on others.</st>
            <st ob="" eb="" sr="" id="3.2">All run docker 0.9.0 (latest).</st>
        </parg>
        <parg ob="x" eb="" sr="" id="4">
            <st ob="x" eb="" sr="" patterns="S_OB_NEG_AUX_VERB" id="4.1">Attempting to run with `-D` doesn't help much:</st>
        </parg>
        <parg ob="" eb="" sr="" id="5">
            <st ob="" eb="" sr="" id="5.1">```
root@host:~# docker -D run -v /root/.</st>
            <st ob="" eb="" sr="" id="5.2">conf:/.</st>
            <st ob="" eb="" sr="" id="5.3">conf docker-repo/docker-container
[debug] client.go:2252 [hijack] End of stdout
[debug] client.go:1844 End of CmdRun(), Waiting for hijack to finish.</st>
            <st ob="" eb="" sr="" id="5.4">```</st>
        </parg>
        <parg ob="" eb="" sr="" id="6">
            <st ob="" eb="" sr="" id="6.1">What gives?</st>
        </parg>
    </desc>
</bug>
