<?xml version="1.0" encoding="UTF-8" standalone="yes"?>
<bug no-bug="" comments="">
    <id>4797</id>
    <title ob="x" eb="" sr="" patterns="S_OB_NEG_ADV_ADJ">"Image" is negative int for container in /containers/json?all=1 output</title>
    <desc>
        <parg ob="x" eb="" sr="" id="1">
            <st ob="x" eb="" sr="" patterns="S_OB_VERB_ERROR" id="1.1">I have a docker host running 0.8.1 with devicemapper backend on 3.8 ubuntu precise and get this on the containers/json endpoint:</st>
        </parg>
        <parg ob="" eb="" sr="" id="2">
            <st ob="" eb="" sr="" id="2.1">{
 "Status": "Exit 0",
 "Ports": [],
 "Names": [
 "/sharp_brattain"
 ],
 "Image": -9223372036854776000,
 "Id": "09906a9649d279dc7991dd1e58dbdcc372f9f9e14304549628fbcef21c398785",
 "Created": 1392262739,
 "Command": "/bin/sh -c #(nop) CMD [sh -c /docker-registry/test/dockertest.</st>
            <st ob="" eb="" sr="" id="2.2">sh]"
 },</st>
        </parg>
        <parg ob="x" eb="x" sr="" id="3">
            <st ob="x" eb="x" sr="" patterns="S_OB_BUT,S_EB_BUT_CORRECT" id="3.1">Image is "-9223372036854776000" (hex: -0x80000000000000c0L), but `docker inspect` (or`curl /containers/09906a9649d279dc7991dd1e58dbdcc372f9f9e14304549628fbcef21c398785/json`) shows the correct image hash:</st>
        </parg>
        <parg ob="" eb="" sr="" id="4">
            <st ob="" eb="" sr="" id="4.1">...
 "Image": "228745108e70710d07397eb1ba7fded83e144bf2190edfad3296efe955b56f10",
 ...</st>
        </parg>
    </desc>
</bug>
