<?xml version="1.0" encoding="UTF-8" standalone="yes"?>
<bug no-bug="" comments="">
    <id>5491</id>
    <title ob="x" eb="" sr="" patterns="S_OB_NEG_VERB">`dmesg -c` in container clears host's printk ring buffer.</title>
    <desc>
        <parg ob="x" eb="" sr="" patterns="P_OB_ERROR_TERMS_PARAGRAPH" id="1">
            <st ob="x" eb="" sr="" patterns="S_OB_NEG_VERB" id="1.1">### Problem</st>
            <st ob="" eb="" sr="" id="1.2">`dmesg -c` in container clears hosts's printk ring buffer because container has CAP_SYSLOG as default.</st>
        </parg>
        <parg ob="" eb="" sr="x" patterns="P_SR_LABELED_PARAGRAPH" id="2">
            <st ob="" eb="" sr="" id="2.1">### Steps to reproduce</st>
            <st ob="" eb="" sr="" id="2.2">`dmesg -c` in container, then `dmesg` in host.</st>
        </parg>
        <parg ob="x" eb="" sr="" patterns="P_OB_OBSERVED_BEHAVIOR_MULTI" id="3">
            <st ob="" eb="" sr="" id="3.1">### Actual results</st>
            <st ob="x" eb="" sr="" patterns="S_OB_VERB_NO" id="3.2">`dmesg` in host shows no message.</st>
        </parg>
        <parg ob="" eb="x" sr="" patterns="P_EB_EXP_BEHAVIOR_MULTI" id="4">
            <st ob="" eb="" sr="" id="4.1">### Expected results</st>
            <st ob="" eb="" sr="" id="4.2">`dmesg -c` in containers returns `Operation not permitted` and
`dmesg` in host prints kernel ring buffer.</st>
        </parg>
    </desc>
</bug>
