<?xml version="1.0" encoding="UTF-8" standalone="yes"?>
<bug no-bug="" comments="">
    <id>5672</id>
    <title ob="x" eb="" sr="" patterns="S_OB_NEG_COND">make test-integration-cli doesn't exit if tests fails</title>
    <desc>
        <parg ob="x" eb="" sr="" id="1">
            <st ob="x" eb="" sr="" patterns="S_OB_NEG_VERB" id="1.1">Just hanging on
```
FAIL
exit status 1
FAIL github.com/dotcloud/docker/integration-cli 125.440s
```
until I press C-c two times.</st>
        </parg>
    </desc>
</bug>
