<?xml version="1.0" encoding="UTF-8" standalone="yes"?>
<bug no-bug="" comments="">
    <id>5873</id>
    <title ob="" eb="x" sr="" patterns="S_EB_SHOULD">Code should be documented better</title>
    <desc>
        <parg ob="" eb="" sr="" id="1">
            <st ob="" eb="x" sr="" patterns="S_EB_SHOULD" id="1.1">- Top level directories in Docker source repository should all have README.md files.</st>
            <st ob="" eb="x" sr="" patterns="S_EB_SHOULD" id="1.2">- Each source file should have a sentence or two at the top saying what it does.</st>
        </parg>
        <parg ob="" eb="" sr="" id="2">
            <st ob="" eb="" sr="" id="2.1">I'll follow with a few pull requests.</st>
        </parg>
    </desc>
</bug>
