<?xml version="1.0" encoding="UTF-8" standalone="yes"?>
<bug no-bug="" comments="">
    <id>589</id>
    <title ob="x" eb="" sr="" patterns="S_OB_ERROR_COND">volumes - nil pointer deref when attempting to use volume with docker</title>
    <desc>
        <parg ob="" eb="" sr="" id="1">
            <st ob="x" eb="" sr="" patterns="S_OB_NEG_COND" id="1.1">Docker throws an error when trying to use a volume:</st>
            <st ob="" eb="" sr="" id="1.2">client:</st>
            <st ob="" eb="" sr="" id="1.3">```</st>
            <st ob="" eb="" sr="" id="1.4">docker run -i -v /tmp/test -t ubuntu bash</st>
            <st ob="" eb="" sr="" id="1.5">2013/05/12 20:46:58 unexpected EOF</st>
            <st ob="" eb="" sr="" id="1.6">```</st>
            <st ob="" eb="" sr="" id="1.7">server:</st>
            <st ob="" eb="" sr="" id="1.8">```</st>
            <st ob="" eb="" sr="" id="1.9">2013/05/12 20:46:58 http: panic serving 127.0.0.1:52464: runtime error: invalid memory address or nil pointer dereference</st>
            <st ob="" eb="" sr="" id="1.10">/usr/local/go/src/pkg/net/http/server.</st>
            <st ob="" eb="" sr="" id="1.11">go:589 (0x4e3df3)</st>
            <st ob="" eb="" sr="" id="1.12">_func_004: buf.Write(debug.Stack())</st>
            <st ob="" eb="" sr="" id="1.13">/usr/local/go/src/pkg/runtime/proc.c:1443 (0x4113a8)</st>
            <st ob="" eb="" sr="" id="1.14">panic: reflect·call(d-&gt;fn, d-&gt;args, d-&gt;siz);</st>
            <st ob="" eb="" sr="" id="1.15">/usr/local/go/src/pkg/runtime/runtime.c:128 (0x411f84)</st>
            <st ob="" eb="" sr="" id="1.16">panicstring: runtime·panic(err);</st>
            <st ob="" eb="" sr="" id="1.17">/usr/local/go/src/pkg/runtime/thread_linux.</st>
            <st ob="" eb="" sr="" id="1.18">c:199 (0x414e60)</st>
            <st ob="" eb="" sr="" id="1.19">sigpanic: runtime·panicstring("invalid memory address or nil pointer dereference");</st>
            <st ob="" eb="" sr="" id="1.20">/usr/local/go/src/pkg/io/io.go:360 (0x492847)</st>
            <st ob="" eb="" sr="" id="1.21">Copy: nr, er := src.Read(buf)</st>
            <st ob="" eb="" sr="" id="1.22">/home/bk/go/src/github.</st>
            <st ob="" eb="" sr="" id="1.23">com/dotcloud/docker/image.go:79 (0x450eba)</st>
            <st ob="" eb="" sr="" id="1.24">com/dotcloud/docker.</st>
            <st ob="" eb="" sr="" id="1.25">StoreImage: if _, err := io.Copy(file, layerData); err !</st>
            <st ob="" eb="" sr="" id="1.26">= nil {</st>
            <st ob="" eb="" sr="" id="1.27">/home/bk/go/src/github.</st>
            <st ob="" eb="" sr="" id="1.28">com/dotcloud/docker/graph.go:138 (0x44f2ae)</st>
            <st ob="" eb="" sr="" id="1.29">com/dotcloud/docker.</st>
            <st ob="" eb="" sr="" id="1.30">(*Graph).</st>
            <st ob="" eb="" sr="" id="1.31">Register: if err := StoreImage(img, layerData, tmp, store); err !</st>
            <st ob="" eb="" sr="" id="1.32">= nil {</st>
            <st ob="" eb="" sr="" id="1.33">/home/bk/go/src/github.</st>
            <st ob="" eb="" sr="" id="1.34">com/dotcloud/docker/graph.go:116 (0x44ef19)</st>
            <st ob="" eb="" sr="" id="1.35">com/dotcloud/docker.</st>
            <st ob="" eb="" sr="" id="1.36">(*Graph).</st>
            <st ob="" eb="" sr="" id="1.37">Create: if err := graph.Register(layerData, true, img); err !</st>
            <st ob="" eb="" sr="" id="1.38">= nil {</st>
            <st ob="" eb="" sr="" id="1.39">/home/bk/go/src/github.</st>
            <st ob="" eb="" sr="" id="1.40">com/dotcloud/docker/container.go:428 (0x449af9)</st>
            <st ob="" eb="" sr="" id="1.41">com/dotcloud/docker.</st>
            <st ob="" eb="" sr="" id="1.42">(*Container).</st>
            <st ob="" eb="" sr="" id="1.43">Start: if c, err := container.runtime.volumes.Create(nil, container, "", "", nil); err !</st>
            <st ob="" eb="" sr="" id="1.44">= nil {</st>
            <st ob="" eb="" sr="" id="1.45">/home/bk/go/src/github.</st>
            <st ob="" eb="" sr="" id="1.46">com/dotcloud/docker/server.go:473 (0x468c93)</st>
            <st ob="" eb="" sr="" id="1.47">com/dotcloud/docker.</st>
            <st ob="" eb="" sr="" id="1.48">(*Server).</st>
            <st ob="" eb="" sr="" id="1.49">ContainerStart: if err := container.Start(); err !</st>
            <st ob="" eb="" sr="" id="1.50">= nil {</st>
            <st ob="" eb="" sr="" id="1.51">/home/bk/go/src/github.</st>
            <st ob="" eb="" sr="" id="1.52">com/dotcloud/docker/api.go:457 (0x4311e3)</st>
            <st ob="" eb="" sr="" id="1.53">com/dotcloud/docker.</st>
            <st ob="" eb="" sr="" id="1.54">postContainersStart: if err := srv.ContainerStart(name); err !</st>
            <st ob="" eb="" sr="" id="1.55">= nil {</st>
            <st ob="" eb="" sr="" id="1.56">/home/bk/go/src/github.</st>
            <st ob="" eb="" sr="" id="1.57">com/dotcloud/docker/api.go:624 (0x46fe07)</st>
            <st ob="" eb="" sr="" id="1.58">com/dotcloud/docker.</st>
            <st ob="" eb="" sr="" id="1.59">_func_001: if err := localFct(srv, w, r, mux.Vars(r)); err !</st>
            <st ob="" eb="" sr="" id="1.60">= nil {</st>
            <st ob="" eb="" sr="" id="1.61">/usr/local/go/src/pkg/net/http/server.</st>
            <st ob="" eb="" sr="" id="1.62">go:703 (0x4d7c87)</st>
            <st ob="" eb="" sr="" id="1.63">HandlerFunc.ServeHTTP: f(w, r)</st>
            <st ob="" eb="" sr="" id="1.64">/home/bk/go/src/github.</st>
            <st ob="" eb="" sr="" id="1.65">com/gorilla/mux/mux.go:86 (0x4c5c96)</st>
            <st ob="" eb="" sr="" id="1.66">com/gorilla/mux.</st>
            <st ob="" eb="" sr="" id="1.67">(*Router).</st>
            <st ob="" eb="" sr="" id="1.68">ServeHTTP: handler.ServeHTTP(w, req)</st>
            <st ob="" eb="" sr="" id="1.69">/usr/local/go/src/pkg/net/http/server.</st>
            <st ob="" eb="" sr="" id="1.70">go:669 (0x4d7a9a)</st>
            <st ob="" eb="" sr="" id="1.71">(*conn).</st>
            <st ob="" eb="" sr="" id="1.72">serve: handler.ServeHTTP(w, w.req)</st>
            <st ob="" eb="" sr="" id="1.73">/usr/local/go/src/pkg/runtime/proc.c:271 (0x40f4ae)</st>
            <st ob="" eb="" sr="" id="1.74">goexit: runtime·goexit(void)</st>
            <st ob="" eb="" sr="" id="1.75">```</st>
            <st ob="" eb="" sr="" id="1.76">```</st>
            <st ob="" eb="" sr="" id="1.77">docker info</st>
            <st ob="" eb="" sr="" id="1.78">containers: 5</st>
            <st ob="" eb="" sr="" id="1.79">version: 0.3.2</st>
            <st ob="" eb="" sr="" id="1.80">images: 54</st>
            <st ob="" eb="" sr="" id="1.81">Go version: go1.0.3</st>
            <st ob="" eb="" sr="" id="1.82">```</st>
            <st ob="" eb="" sr="" id="1.83">```</st>
            <st ob="" eb="" sr="" id="1.84">docker version</st>
            <st ob="" eb="" sr="" id="1.85">Version: 0.3.2</st>
            <st ob="" eb="" sr="" id="1.86">Git Commit: 908e479</st>
            <st ob="" eb="" sr="" id="1.87">```</st>
        </parg>
    </desc>
</bug>
