<?xml version="1.0" encoding="UTF-8" standalone="yes"?>
<bug no-bug="" comments="">
    <id>642</id>
    <title ob="x" eb="" sr="" patterns="S_OB_NEG_VERB">Make fails if GOPATH has more than one workspace</title>
    <desc>
        <parg ob="x" eb="" sr="" id="1">
            <st ob="x" eb="" sr="" patterns="S_OB_COND_NEG,S_OB_VERB_ERROR,S_OB_NEG_VERB" id="1.1">If GOPATH environment variable contains more than one "workspace" separated by ':' character(s) then docker will fail to build with the following error from Make:</st>
        </parg>
        <parg ob="" eb="" sr="" id="2">
            <st ob="" eb="" sr="" id="2.1">Makefile:30: *** multiple target patterns. Stop.</st>
        </parg>
        <parg ob="" eb="" sr="" id="3">
            <st ob="" eb="" sr="" id="3.1">AFAIK it is still legal to have multiple workspaces and on the linux vm where I build docker I have two.</st>
            <st ob="" eb="" sr="" id="3.2">One for the local linux box and the other for the Mac OS X host machine.</st>
        </parg>
    </desc>
</bug>
