<?xml version="1.0" encoding="UTF-8" standalone="yes"?>
<bug no-bug="" comments="">
    <id>660</id>
    <title ob="" eb="x" sr="" patterns="S_EB_IMPERATIVE">Move auth from the server to the client</title>
    <desc>
        <parg ob="x" eb="" sr="" id="1">
            <st ob="x" eb="" sr="" patterns="S_OB_ADV_TIME_POS" id="1.1">Currently, the login information is kept in the server, so each time you do a docker login,
the client requests the default username/email from the server, send send the new configuration to the docker server which communicates with the index.</st>
        </parg>
        <parg ob="" eb="" sr="" id="2">
            <st ob="" eb="" sr="" id="2.1">Too many back and forth.</st>
        </parg>
        <parg ob="" eb="x" sr="" id="3">
            <st ob="" eb="x" sr="" patterns="S_EB_SHOULD" id="3.1">The login should be handled by the client, and the authConfig send to the docker server when needed.</st>
        </parg>
    </desc>
</bug>
