<?xml version="1.0" encoding="UTF-8" standalone="yes"?>
<bug no-bug="" comments="">
    <id>6612</id>
    <title ob="x" eb="" sr="" patterns="S_OB_NEG_AUX_VERB">Docker containers don't run when `WORKDIR` path contains symlink</title>
    <desc>
        <parg ob="" eb="" sr="" id="1">
            <st ob="" eb="" sr="" id="1.1">### Meta
Docker v1.0.0, boot2docker v1.0.0, OSX 10.9.3</st>
        </parg>
        <parg ob="" eb="" sr="" id="2">
            <st ob="" eb="" sr="" id="2.1">Related to #4873</st>
        </parg>
        <parg ob="x" eb="" sr="" patterns="P_OB_ERROR_TERMS_PARAGRAPH" id="3">
            <st ob="" eb="" sr="" id="3.1">### Issue</st>
            <st ob="" eb="" sr="x" patterns="S_SR_CODE_REF" id="3.2">An image built with this `Dockerfile`:</st>
            <st ob="" eb="" sr="" id="3.3">```docker
FROM ubuntu:14.04</st>
            <st ob="" eb="" sr="" id="3.4">RUN mkdir /tmp/destination
RUN ln -s /tmp/destination /tmp/link</st>
            <st ob="" eb="" sr="" id="3.5">WORKDIR /tmp/link</st>
            <st ob="" eb="" sr="" id="3.6">CMD ["echo", "hello"]</st>
            <st ob="" eb="" sr="" id="3.7">```</st>
            <st ob="" eb="" sr="" id="3.8">won't run:</st>
            <st ob="" eb="" sr="" id="3.9">```bash</st>
            <st ob="" eb="" sr="" id="3.10">$ docker build --tag=symlink_test .</st>
            <st ob="" eb="" sr="" id="3.11">Sending build context to Docker daemon 2.56 kB</st>
            <st ob="" eb="" sr="" id="3.12">Sending build context to Docker daemon</st>
            <st ob="" eb="" sr="" id="3.13">Step 0 : FROM ubuntu:14.04</st>
            <st ob="" eb="" sr="" id="3.14">---&gt; ad892dd21d60</st>
            <st ob="" eb="" sr="" id="3.15">Step 1 : RUN mkdir /tmp/destination</st>
            <st ob="" eb="" sr="" id="3.16">---&gt; Using cache</st>
            <st ob="" eb="" sr="" id="3.17">---&gt; eeeacda26ad8</st>
            <st ob="" eb="" sr="" id="3.18">Step 2 : RUN ln -s /tmp/destination /tmp/link</st>
            <st ob="" eb="" sr="" id="3.19">---&gt; Using cache</st>
            <st ob="" eb="" sr="" id="3.20">---&gt; acc8fe6ef6cb</st>
            <st ob="" eb="" sr="" id="3.21">Step 3 : WORKDIR /tmp/link</st>
            <st ob="" eb="" sr="" id="3.22">---&gt; Using cache</st>
            <st ob="" eb="" sr="" id="3.23">---&gt; fc839c4a4ede</st>
            <st ob="" eb="" sr="" id="3.24">Step 4 : CMD ["echo", "hello"]</st>
            <st ob="" eb="" sr="" id="3.25">---&gt; Using cache</st>
            <st ob="" eb="" sr="" id="3.26">---&gt; 3a109a5a716c</st>
            <st ob="" eb="" sr="" id="3.27">Successfully built 3a109a5a716c</st>
            <st ob="" eb="" sr="" id="3.28">$ docker run symlink_test</st>
            <st ob="" eb="" sr="" id="3.29">2014/06/23 10:16:21 Error: Cannot start container 12f72168bd29cfcc3b8fe39a945b4660bddd23a0d5579022e0703198f338fa8a: mkdir /mnt/sda1/var/lib/docker/aufs/mnt/12f72168bd29cfcc3b8fe39a945b4660bddd23a0d5579022e0703198f338fa8a/tmp/link: file exists</st>
            <st ob="" eb="" sr="" id="3.30">```</st>
        </parg>
        <parg ob="" eb="" sr="" id="4">
            <st ob="" eb="" sr="" id="4.1">Changing the ``WORKDIR`` path to the symlink destination fixes this issue.</st>
        </parg>
    </desc>
</bug>
