<?xml version="1.0" encoding="UTF-8" standalone="yes"?>
<bug no-bug="" comments="">
    <id>6706</id>
    <title ob="x" eb="" sr="" patterns="P_OB_ERROR_TERMS_PARAGRAPH">Bad link: "you belong to and add new organizations" --&gt; Sam Alba?</title>
    <desc>
        <parg ob="" eb="" sr="" id="1">
            <st ob="" eb="" sr="" id="1.1">On this page: http://docs.docker.com/docker-hub/accounts/#organizations-groups</st>
        </parg>
        <parg ob="" eb="" sr="" id="2">
            <st ob="" eb="" sr="" id="2.1">there is the text "You can see what organizations [you belong to and add new organizations](http://docs.docker.com/docker-hub/accounts/Sam%20Alba%3Csam@docker.com%3E) from the Account tab."</st>
        </parg>
        <parg ob="x" eb="" sr="" id="3">
            <st ob="x" eb="" sr="" patterns="S_OB_NEG_AUX_VERB" id="3.1">that link, http://docs.docker.com/docker-hub/accounts/Sam%20Alba%3Csam@docker.com%3E, does not work and even if it did, it would not make sense.</st>
        </parg>
    </desc>
</bug>
