<?xml version="1.0" encoding="UTF-8" standalone="yes"?>
<bug no-bug="" comments="">
    <id>6902</id>
    <title ob="x" eb="" sr="" patterns="S_OB_NEG_AUX_VERB">Don't require user to type email address on `docker login`</title>
    <desc>
        <parg ob="x" eb="" sr="" id="1">
            <st ob="x" eb="" sr="" patterns="S_OB_ADV_FREQ,S_OB_NEG_ADV_ADJ" id="1.1">It makes sense to ask for an e-mail address when registering a new user, but every time after that, having to retype your email address (which will ultimately be ignored) when you just want to log in is quite painful.</st>
        </parg>
    </desc>
</bug>
