<?xml version="1.0" encoding="UTF-8" standalone="yes"?>
<bug no-bug="" comments="">
    <id>7052</id>
    <title ob="x" eb="" sr="" patterns="S_OB_UNABLE_TO">Unable to mount a Volume - Windows</title>
    <desc>
        <parg ob="" eb="" sr="" id="1">
            <st ob="" eb="" sr="" id="1.1">Hello everyone,</st>
        </parg>
        <parg ob="" eb="" sr="" id="2">
            <st ob="" eb="" sr="" id="2.1">I try to mount a volume into my container.</st>
            <st ob="" eb="" sr="" id="2.2">I use boot2docker in my Windows (Seven).</st>
        </parg>
        <parg ob="" eb="" sr="x" id="3">
            <st ob="" eb="" sr="x" patterns="S_SR_CODE_REF" id="3.1">Here is my command line :</st>
        </parg>
        <parg ob="" eb="" sr="" id="4">
            <st ob="" eb="" sr="" id="4.1">```
docker run -v C:\wamp\ww\project:/var/www/ -i -t ubuntu:14.04 /bin/bash
```
Is it my ":" on the C:\ do fail ?</st>
        </parg>
        <parg ob="" eb="" sr="" id="5">
            <st ob="" eb="" sr="" id="5.1">Any ideas ?</st>
        </parg>
        <parg ob="" eb="" sr="" id="6">
            <st ob="" eb="" sr="" id="6.1">Thanks</st>
        </parg>
    </desc>
</bug>
