<?xml version="1.0" encoding="UTF-8" standalone="yes"?>
<bug no-bug="" comments="">
    <id>7511</id>
    <title ob="x" eb="" sr="" patterns="S_OB_NEG_AUX_VERB">ADD and COPY does not work correctly with nested directory</title>
    <desc>
        <parg ob="x" eb="" sr="" id="1">
            <st ob="x" eb="" sr="" patterns="S_OB_NEG_AUX_VERB" id="1.1">ADD nested directory does not work well.</st>
        </parg>
        <parg ob="" eb="" sr="" id="2">
            <st ob="" eb="" sr="" id="2.1">This is reproduce step:</st>
        </parg>
        <parg ob="" eb="" sr="" id="3">
            <st ob="" eb="" sr="" id="3.1">Directory:
```
.</st>
            <st ob="" eb="" sr="" id="3.2">├── Dockerfile
├── parent-dir
│   ├── child-dir
│   │   └── child.txt
│   └── parent.txt
└── reproduce.txt
```</st>
        </parg>
        <parg ob="" eb="" sr="" id="4">
            <st ob="" eb="" sr="" id="4.1">This is Dockerfile:
https://github.com/sanemat/copy-example/blob/e4d6e6ea67ed9e9274830e0d23539ee6b3467f7d/Dockerfile</st>
        </parg>
        <parg ob="" eb="" sr="" id="5">
            <st ob="" eb="" sr="" id="5.1">This is example repo https://github.com/sanemat/copy-example</st>
        </parg>
        <parg ob="" eb="" sr="x" patterns="P_SR_LABELED_PARAGRAPH" id="6">
            <st ob="" eb="" sr="" id="6.1">How to reproduce:
$ git clone https://github.com/sanemat/copy-example.git
$ cd copy-example
$ chmod -R go-rwx .</st>
        </parg>
        <parg ob="" eb="" sr="" id="7">
            <st ob="" eb="" sr="" id="7.1">$ ls -alR</st>
        </parg>
        <parg ob="" eb="" sr="" id="8">
            <st ob="" eb="" sr="" id="8.1">```text</st>
            <st ob="" eb="" sr="" id="8.2">total 16</st>
            <st ob="" eb="" sr="" id="8.3">drwx------ 7 sane staff 238 8 10 21:27 .</st>
            <st ob="" eb="" sr="" id="8.4">drwxr-xr-x 5 sane staff 170 8 10 21:16 .</st>
            <st ob="" eb="" sr="" id="8.5">.</st>
            <st ob="" eb="" sr="" id="8.6">drwx------ 12 sane staff 408 8 10 21:27 .</st>
            <st ob="" eb="" sr="" id="8.7">git</st>
            <st ob="" eb="" sr="" id="8.8">drwx------ 10 sane staff 340 8 10 21:27 .</st>
            <st ob="" eb="" sr="" id="8.9">idea</st>
            <st ob="" eb="" sr="" id="8.10">-rw------- 1 sane staff 265 8 10 21:24 Dockerfile</st>
            <st ob="" eb="" sr="" id="8.11">drwx------ 4 sane staff 136 8 10 21:17 parent-dir</st>
            <st ob="" eb="" sr="" id="8.12">-rw------- 1 sane staff 29 8 10 21:27 reproduce.txt</st>
        </parg>
        <parg ob="" eb="" sr="" id="9">
            <st ob="" eb="" sr="" id="9.1">(snip)</st>
        </parg>
        <parg ob="" eb="" sr="" id="10">
            <st ob="" eb="" sr="" id="10.1">.</st>
            <st ob="" eb="" sr="" id="10.2">/parent-dir:</st>
            <st ob="" eb="" sr="" id="10.3">total 8</st>
            <st ob="" eb="" sr="" id="10.4">drwx------ 4 sane staff 136 8 10 21:17 .</st>
            <st ob="" eb="" sr="" id="10.5">drwx------ 7 sane staff 238 8 10 21:27 .</st>
            <st ob="" eb="" sr="" id="10.6">.</st>
            <st ob="" eb="" sr="" id="10.7">drwx------ 3 sane staff 102 8 10 21:18 child-dir</st>
            <st ob="" eb="" sr="" id="10.8">-rw------- 1 sane staff 7 8 10 21:17 parent.txt</st>
        </parg>
        <parg ob="" eb="" sr="" id="11">
            <st ob="" eb="" sr="" id="11.1">.</st>
            <st ob="" eb="" sr="" id="11.2">/parent-dir/child-dir:</st>
            <st ob="" eb="" sr="" id="11.3">total 8</st>
            <st ob="" eb="" sr="" id="11.4">drwx------ 3 sane staff 102 8 10 21:18 .</st>
            <st ob="" eb="" sr="" id="11.5">drwx------ 4 sane staff 136 8 10 21:17 .</st>
            <st ob="" eb="" sr="" id="11.6">.</st>
            <st ob="" eb="" sr="" id="11.7">-rw------- 1 sane staff 6 8 10 21:18 child.txt</st>
            <st ob="" eb="" sr="" id="11.8">```</st>
        </parg>
        <parg ob="" eb="" sr="" id="12">
            <st ob="" eb="" sr="" id="12.1">$ docker build -t sanemat/copy-example .</st>
            <st ob="" eb="" sr="" id="12.2">$ docker run -t -i sanemat/copy-example:latest /bin/bash</st>
        </parg>
        <parg ob="" eb="" sr="" id="13">
            <st ob="" eb="" sr="" id="13.1">% ls -alR /code/parent/</st>
        </parg>
        <parg ob="" eb="" sr="" id="14">
            <st ob="" eb="" sr="" id="14.1">```text</st>
            <st ob="" eb="" sr="" id="14.2">/code/parent/:</st>
            <st ob="" eb="" sr="" id="14.3">total 16</st>
            <st ob="" eb="" sr="" id="14.4">drwxrwxrwx 4 root root 4096 Aug 10 12:49 .</st>
            <st ob="" eb="" sr="" id="14.5">drwxrwxrwx 4 root root 4096 Aug 10 12:49 .</st>
            <st ob="" eb="" sr="" id="14.6">.</st>
            <st ob="" eb="" sr="" id="14.7">drwxrwxrwx 2 root root 4096 Aug 10 12:49 child-dir</st>
            <st ob="" eb="" sr="" id="14.8">-rwxrwxrwx 1 root root 7 Aug 10 12:48 parent.txt</st>
            <st ob="" eb="" sr="" id="14.9">ls: cannot open directory /code/parent/child-dir: Permission denied</st>
            <st ob="" eb="" sr="" id="14.10">```</st>
        </parg>
        <parg ob="" eb="" sr="" id="15">
            <st ob="" eb="" sr="" id="15.1">% cd /code/parent/child-dir</st>
        </parg>
        <parg ob="" eb="" sr="" id="16">
            <st ob="" eb="" sr="" id="16.1">```text
bash: cd: /code/parent/child-dir: Permission denied
```</st>
        </parg>
        <parg ob="" eb="" sr="" id="17">
            <st ob="" eb="" sr="" id="17.1">My env:
```text
$ docker version
Client version: 1.1.2
Client API version: 1.13
Go version (client): go1.2.1
Git commit (client): d84a070
Server version: 1.1.2
Server API version: 1.13
Go version (server): go1.2.1
Git commit (server): d84a070</st>
        </parg>
        <parg ob="" eb="" sr="" id="18">
            <st ob="" eb="" sr="" id="18.1">$ docker -D info
Containers: 44
Images: 157
Storage Driver: aufs
 Root Dir: /var/lib/docker/aufs
 Dirs: 247
Execution Driver: native-0.2
Kernel Version: 3.13.0-24-generic
Debug mode (server): false
Debug mode (client): true
Fds: 29
Goroutines: 67
EventsListeners: 2
Init Path: /usr/bin/docker
Sockets: [unix:///var/run/docker.</st>
            <st ob="" eb="" sr="" id="18.2">sock]
WARNING: No swap limit support</st>
        </parg>
        <parg ob="" eb="" sr="" id="19">
            <st ob="" eb="" sr="" id="19.1">$ uname -a
Linux mouse.tachikoma.io 3.13.0-24-generic #46-Ubuntu SMP Thu Apr 10 19:11:08 UTC 2014 x86_64 x86_64 x86_64 GNU/Linux
```</st>
        </parg>
    </desc>
</bug>
