<?xml version="1.0" encoding="UTF-8" standalone="yes"?>
<bug no-bug="" comments="">
    <id>7727</id>
    <title ob="" eb="" sr="">Running `docker build` from a script</title>
    <desc>
        <parg ob="" eb="" sr="" id="1">
            <st ob="" eb="" sr="" id="1.1">Hi,</st>
        </parg>
        <parg ob="" eb="" sr="" id="2">
            <st ob="" eb="" sr="" id="2.1">I'm building a Docker container from a script.</st>
            <st ob="" eb="" sr="" id="2.2">However:</st>
            <st ob="x" eb="" sr="" patterns="S_OB_VERB_NO" id="2.3">* `docker build` has no option that will give you the image id in a readable format; best you can do is parse the whole output on stdout with a regex.</st>
            <st ob="" eb="x" sr="" patterns="S_EB_SHOULD" id="2.4">* `docker build`'s output really should be on stderr</st>
            <st ob="x" eb="x" sr="" patterns="S_OB_BUT,S_OB_ONLY,S_EB_EXPECTED" id="2.5">* I was expecting `--quiet` to suppress that output, but it only removes the output from commands run in containers, not the rest of the client's output.</st>
        </parg>
        <parg ob="" eb="x" sr="" id="3">
            <st ob="" eb="x" sr="" patterns="S_EB_EXPECTED" id="3.1">What I was expecting is all the current output to happen on stderr, unless an option silences it (`--quiet` is already taken, but that's really what it should do), and the new image id to be printed on stdout for script consumption (`my_shiny_image=$(docker build .2&gt;/dev/stderr)`).</st>
        </parg>
        <parg ob="x" eb="" sr="" id="4">
            <st ob="x" eb="" sr="" patterns="S_OB_NEG_AUX_VERB" id="4.1">The best I can do right now is redirect stderr and stdout to /dev/null to suppress them, and generate a unique tag name myself to pass in with `-t` (parsing stdout just doesn't make sense).</st>
        </parg>
        <parg ob="" eb="" sr="" id="5">
            <st ob="" eb="" sr="" id="5.1">(version: 1.0.0, 63fe64c)</st>
        </parg>
    </desc>
</bug>
