<?xml version="1.0" encoding="UTF-8" standalone="yes"?>
<bug no-bug="" comments="">
    <id>7912</id>
    <title ob="x" eb="" sr="" patterns="S_OB_NOUN_NOT">Publish parameter (-p) not completely documented</title>
    <desc>
        <parg ob="" eb="" sr="" id="1">
            <st ob="" eb="" sr="" id="1.1">This request might be a little petty, but it gives rise to confusion.</st>
            <st ob="x" eb="" sr="" patterns="S_OB_SEEMS,S_OB_BUT_NEG" id="1.2">It looks like "-p" accepts an integer, but the console help doesn't recognize anything but a colon-separated, multiple-part arguments:</st>
        </parg>
        <parg ob="" eb="" sr="" id="2">
            <st ob="" eb="" sr="" id="2.1">```</st>
            <st ob="" eb="" sr="" id="2.2">-p, --publish=[] Publish a container's port to the host</st>
            <st ob="" eb="" sr="" id="2.3">format: ip:hostPort:containerPort | ip::containerPort | hostPort:containerPort</st>
            <st ob="" eb="" sr="" id="2.4">(use 'docker port' to see the actual mapping)</st>
            <st ob="" eb="" sr="" id="2.5">```</st>
        </parg>
        <parg ob="" eb="" sr="" id="3">
            <st ob="" eb="" sr="" id="3.1">Should I assume that a "-p PORT" argument is synonymous with "-p PORT:PORT"?</st>
        </parg>
    </desc>
</bug>
