<?xml version="1.0" encoding="UTF-8" standalone="yes"?>
<bug no-bug="" comments="">
    <id>834</id>
    <title ob="x" eb="" sr="" patterns="S_OB_ERROR_HOW">Error using the command ADD with docker builder</title>
    <desc>
        <parg ob="" eb="" sr="" id="1">
            <st ob="x" eb="" sr="" patterns="S_OB_BUT_NEG,S_OB_VERB_ERROR,S_OB_NON_TERM" id="1.1">I'm trying to create an image with docker builder, but the command "ADD index.js in /src" gives me the error message: Error build: The command [/bin/sh -c #(nop) ADD index.js in /src] returned a non-zero code: 255.</st>
            <st ob="" eb="" sr="" id="1.2">The Dockerfile and the index.js file are in the same directory (context).</st>
        </parg>
    </desc>
</bug>
