<?xml version="1.0" encoding="UTF-8" standalone="yes"?>
<bug no-bug="" comments="">
    <id>8642</id>
    <title ob="x" eb="" sr="" patterns="S_OB_NEG_AUX_VERB">On OS X, cannot pipe stdin to docker with `docker -i` as in 1.2.0</title>
    <desc>
        <parg ob="" eb="x" sr="" id="1">
            <st ob="" eb="x" sr="" patterns="S_EB_BEFORE" id="1.1">Previously, the following would send the command `echo hi` to a new docker container (and hence print `hi`), and then exit:</st>
        </parg>
        <parg ob="" eb="" sr="" id="2">
            <st ob="" eb="" sr="" id="2.1">echo "echo hi" | docker run -i ubuntu</st>
        </parg>
        <parg ob="x" eb="" sr="x" id="3">
            <st ob="x" eb="" sr="x" patterns="S_OB_BUT_NEG,S_SR_COND_OBS" id="3.1">However, with Docker 1.3.0, the `stdin` connection is kept alive and never closed when running this same command -- ie, `hi` is printed and then the stdin connection is locked.</st>
        </parg>
        <parg ob="" eb="" sr="" id="4">
            <st ob="" eb="" sr="" id="4.1">Is there an alternative way to send information through `stdin` and have it immediately close after, through the console?</st>
        </parg>
        <parg ob="" eb="" sr="" id="5">
            <st ob="" eb="" sr="" id="5.1">Motivation: I have some `go` code that attempts to pipe commands through `stdin` to newly started containers.</st>
            <st ob="" eb="" sr="" id="5.2">```
kevin:~$ uname -a
Darwin Kevins-MacBook-Pro.</st>
            <st ob="" eb="" sr="" id="5.3">local 13.4.0 Darwin Kernel Version 13.4.0: Sun Aug 17 19:50:11 PDT 2014; root:xnu-2422.115.4~1/RELEASE_X86_64 x86_64</st>
        </parg>
        <parg ob="" eb="" sr="" id="6">
            <st ob="" eb="" sr="" id="6.1">kevin:~$ docker version
Client version: 1.3.0
Client API version: 1.15
Go version (client): go1.3.3
Git commit (client): c78088f
OS/Arch (client): darwin/amd64
Server version: 1.3.0
Server API version: 1.15
Go version (server): go1.3.3
Git commit (server): c78088f</st>
        </parg>
        <parg ob="" eb="" sr="" id="7">
            <st ob="" eb="" sr="" id="7.1">kevin:~$ docker -D info
Containers: 31
Images: 57
Storage Driver: aufs
 Root Dir: /mnt/sda1/var/lib/docker/aufs
 Dirs: 119
Execution Driver: native-0.2
Kernel Version: 3.16.4-tinycore64
Operating System: Boot2Docker 1.3.0 (TCL 5.4); master : a083df4 - Thu Oct 16 17:05:03 UTC 2014
Debug mode (server): true
Debug mode (client): true
Fds: 34
Goroutines: 47
EventsListeners: 0
Init Path: /usr/local/bin/docker</st>
        </parg>
        <parg ob="" eb="" sr="" id="8">
            <st ob="" eb="" sr="" id="8.1">kevin:~$ boot2docker version
Boot2Docker-cli version: v1.3.0
Git commit: deafc19
```</st>
        </parg>
    </desc>
</bug>
