<?xml version="1.0" encoding="UTF-8" standalone="yes"?>
<bug no-bug="" comments="">
    <id>8686</id>
    <title ob="x" eb="" sr="" patterns="S_OB_NO_NOUN">Docker in Docker no clean remove</title>
    <desc>
        <parg ob="" eb="" sr="" id="1">
            <st ob="" eb="" sr="" id="1.1">Hello ppl,</st>
        </parg>
        <parg ob="x" eb="" sr="x" id="2">
            <st ob="x" eb="" sr="x" patterns="S_OB_LEADS_TO_NEG,S_SR_GERUND_ACTION" id="2.1">running a docker in docker will result in a not clean enviroment</st>
        </parg>
        <parg ob="" eb="" sr="" id="3">
            <st ob="" eb="" sr="" id="3.1">```</st>
            <st ob="" eb="" sr="" id="3.2">vagrant@vagrant:~$ docker run -ti --privileged=true --rm ubuntu /bin/bash</st>
            <st ob="" eb="" sr="" id="3.3">root@9fd5f2312bfc:/# docker run -i -t --rm ubuntu /bin/bash</st>
            <st ob="" eb="" sr="" id="3.4">Unable to find image 'ubuntu' locally</st>
            <st ob="" eb="" sr="" id="3.5">ubuntu:latest: The image you are pulling has been verified</st>
            <st ob="" eb="" sr="" id="3.6">511136ea3c5a: Pull complete</st>
            <st ob="" eb="" sr="" id="3.7">97fd97495e49: Pull complete</st>
            <st ob="" eb="" sr="" id="3.8">2dcbbf65536c: Pull complete</st>
            <st ob="" eb="" sr="" id="3.9">6a459d727ebb: Pull complete</st>
            <st ob="" eb="" sr="" id="3.10">8f321fc43180: Pull complete</st>
            <st ob="" eb="" sr="" id="3.11">03db2b23cf03: Pull complete</st>
            <st ob="" eb="" sr="" id="3.12">9cbaf023786c: Pull complete</st>
            <st ob="" eb="" sr="" id="3.13">Status: Downloaded newer image for ubuntu:latest</st>
            <st ob="" eb="" sr="" id="3.14">root@d7b8bb517640:/# ps aux</st>
            <st ob="" eb="" sr="" id="3.15">USER PID %CPU %MEM VSZ RSS TTY STAT START TIME COMMAND</st>
            <st ob="" eb="" sr="" id="3.16">root 1 0.0 0.0 18168 2000 ? Ss 21:27 0:00 /bin/bash</st>
            <st ob="" eb="" sr="" id="3.17">root 18 0.0 0.0 15568 1128 ? R+ 21:27 0:00 ps aux</st>
            <st ob="" eb="" sr="" id="3.18">root@d7b8bb517640:/# exit</st>
            <st ob="" eb="" sr="" id="3.19">exit</st>
            <st ob="" eb="" sr="" id="3.20">root@9fd5f2312bfc:/# docker version</st>
            <st ob="" eb="" sr="" id="3.21">Client version: 1.3.0</st>
            <st ob="" eb="" sr="" id="3.22">Client API version: 1.15</st>
            <st ob="" eb="" sr="" id="3.23">Go version (client): go1.3.3</st>
            <st ob="" eb="" sr="" id="3.24">Git commit (client): c78088f</st>
            <st ob="" eb="" sr="" id="3.25">OS/Arch (client): linux/amd64</st>
            <st ob="" eb="" sr="" id="3.26">Server version: 1.3.0</st>
            <st ob="" eb="" sr="" id="3.27">Server API version: 1.15</st>
            <st ob="" eb="" sr="" id="3.28">Go version (server): go1.3.3</st>
            <st ob="" eb="" sr="" id="3.29">Git commit (server): c78088f</st>
            <st ob="" eb="" sr="" id="3.30">root@9fd5f2312bfc:/# exit</st>
            <st ob="" eb="" sr="" id="3.31">exit</st>
            <st ob="" eb="" sr="" id="3.32">2014/10/21 23:28:08 Error response from daemon: Cannot destroy container 9fd5f2312bfc5642fc20fab2feb63b1b7a3d600ab45882872a09d2ddf55ff8e3: Driver aufs failed to remove root filesystem 9fd5f2312bfc5642fc20fab2feb63b1b7a3d600ab45882872a09d2ddf55ff8e3: rename /var/lib/docker/aufs/diff/9fd5f2312bfc5642fc20fab2feb63b1b7a3d600ab45882872a09d2ddf55ff8e3 /var/lib/docker/aufs/diff/9fd5f2312bfc5642fc20fab2feb63b1b7a3d600ab45882872a09d2ddf55ff8e3-removing: device or resource busy</st>
            <st ob="" eb="" sr="" id="3.33">vagrant@vagrant:~$ docker version</st>
            <st ob="" eb="" sr="" id="3.34">Client version: 1.3.0</st>
            <st ob="" eb="" sr="" id="3.35">Client API version: 1.15</st>
            <st ob="" eb="" sr="" id="3.36">Go version (client): go1.3.3</st>
            <st ob="" eb="" sr="" id="3.37">Git commit (client): c78088f</st>
            <st ob="" eb="" sr="" id="3.38">OS/Arch (client): linux/amd64</st>
            <st ob="" eb="" sr="" id="3.39">Server version: 1.3.0</st>
            <st ob="" eb="" sr="" id="3.40">Server API version: 1.15</st>
            <st ob="" eb="" sr="" id="3.41">Go version (server): go1.3.3</st>
            <st ob="" eb="" sr="" id="3.42">Git commit (server): c78088f</st>
            <st ob="" eb="" sr="" id="3.43">vagrant@vagrant:~$</st>
            <st ob="" eb="" sr="" id="3.44">```</st>
        </parg>
    </desc>
</bug>
