<?xml version="1.0" encoding="UTF-8" standalone="yes"?>
<bug no-bug="" comments="">
    <id>8942</id>
    <title ob="x" eb="" sr="" patterns="S_OB_UNABLE_TO">Unable to use --volumes-from with an unstarted container made with `docker create`</title>
    <desc>
        <parg ob="" eb="" sr="" id="1">
            <st ob="" eb="" sr="" id="1.1">Use case</st>
            <st ob="" eb="" sr="" id="1.2">--</st>
        </parg>
        <parg ob="" eb="x" sr="" id="2">
            <st ob="" eb="x" sr="" patterns="S_EB_WOULD_LIKE" id="2.1">I would like to be able to easily script containers which have long-lived items such as history files or databases in it.</st>
        </parg>
        <parg ob="" eb="" sr="" id="3">
            <st ob="" eb="" sr="" id="3.1">Method</st>
            <st ob="" eb="" sr="" id="3.2">--</st>
        </parg>
        <parg ob="" eb="" sr="" id="4">
            <st ob="" eb="" sr="" id="4.1">```
# Once
docker create --name=data-container --volume "/data" scratch -</st>
        </parg>
        <parg ob="" eb="" sr="" id="5">
            <st ob="" eb="" sr="" id="5.1"># Repeatedly
docker run --rm --volumes-from=data-container base &lt;command which messes with /data&gt;
```</st>
        </parg>
        <parg ob="x" eb="" sr="" patterns="P_OB_ERROR_TERMS_PARAGRAPH" id="6">
            <st ob="" eb="" sr="" id="6.1">Problem</st>
            <st ob="" eb="" sr="" id="6.2">--</st>
            <st ob="x" eb="" sr="" patterns="S_OB_EXCEPT" id="6.3">This almost works, except that `data-container` must be started once in order for the volume directory to come into existence.</st>
            <st ob="x" eb="" sr="" patterns="S_OB_NEG_AUX_VERB" id="6.4">Since `scratch` doesn't have anything in it, it's not possible to start it without error.</st>
        </parg>
        <parg ob="" eb="" sr="" id="7">
            <st ob="" eb="" sr="" id="7.1">Possible solutions</st>
            <st ob="" eb="" sr="" id="7.2">--</st>
        </parg>
        <parg ob="" eb="" sr="" id="8">
            <st ob="" eb="" sr="" id="8.1">1 Provide a way to make a container whose purpose is just to have data volumes</st>
            <st ob="" eb="" sr="" id="8.2">2 OR `docker create` causes the volume to come into existence immediately</st>
            <st ob="" eb="" sr="" id="8.3">3 OR `docker run` ensures that volumes which are defined in containers specified by `--volumes-from` come into existence before starting.</st>
        </parg>
        <parg ob="" eb="" sr="" id="9">
            <st ob="" eb="" sr="" id="9.1">/cc @drj11</st>
        </parg>
    </desc>
</bug>
