<?xml version="1.0" encoding="UTF-8" standalone="yes"?>
<bug no-bug="" comments="">
    <id>9043</id>
    <title ob="x" eb="" sr="" patterns="S_OB_COMP_ADJ">Volumes in v1.3+: mounted volumes in OSX 10.10 is 27x times slower than usage of VM filesystem</title>
    <desc>
        <parg ob="" eb="" sr="x" patterns="P_SR_LABELED_CODE_FRAGS" id="1">
            <st ob="" eb="" sr="" id="1.1">So I run docker with two volumes, like this:</st>
        </parg>
        <parg ob="" eb="" sr="" id="2">
            <st ob="" eb="" sr="" id="2.1">docker run -ti --name nodejs2 -p 3000:3000 -v /data -v ~/test/game-backend/:/data2 dockerfile/nodejs</st>
        </parg>
        <parg ob="" eb="" sr="" id="3">
            <st ob="" eb="" sr="" id="3.1">The first volume `/data` is placed in VM and the second `/data2` is mounted from OS X 10.10 .</st>
        </parg>
        <parg ob="" eb="" sr="x" id="4">
            <st ob="" eb="" sr="x" patterns="S_SR_CODE_REF" id="4.1">Here is usage of `dd` tool and the impressive results.</st>
        </parg>
        <parg ob="" eb="" sr="" id="5">
            <st ob="" eb="" sr="" id="5.1">Write speed **483 MB/s** to VM's `/data` dir:</st>
        </parg>
        <parg ob="" eb="" sr="" id="6">
            <st ob="" eb="" sr="" id="6.1">$ time sh -c "dd if=/dev/zero of=/data/1 bs=4k count=2000000 &amp;&amp; sync"
 2000000+0 records in
 2000000+0 records out
 8192000000 bytes (8.2 GB) copied, 16.9534 s, 483 MB/s</st>
        </parg>
        <parg ob="" eb="" sr="" id="7">
            <st ob="" eb="" sr="" id="7.1">real 0m17.130s
 user 0m0.460s
 sys 0m15.860s</st>
        </parg>
        <parg ob="" eb="" sr="" id="8">
            <st ob="" eb="" sr="" id="8.1">Write speed **20.7 MB/s** to OS X mounted dir `/data2`:</st>
        </parg>
        <parg ob="" eb="" sr="" id="9">
            <st ob="" eb="" sr="" id="9.1">$ time sh -c "dd if=/dev/zero of=/data2/1 bs=4k count=2000000 &amp;&amp; sync"
 2000000+0 records in
 2000000+0 records out
 8192000000 bytes (8.2 GB) copied, 396.236 s, 20.7 MB/s</st>
        </parg>
        <parg ob="" eb="" sr="" id="10">
            <st ob="" eb="" sr="" id="10.1">real 6m36.254s
 user 0m0.730s
 sys 3m6.400s</st>
        </parg>
        <parg ob="" eb="" sr="" id="11">
            <st ob="" eb="" sr="" id="11.1">Read speed **568 MB/s** from VM's `/data` dir:</st>
        </parg>
        <parg ob="" eb="" sr="" id="12">
            <st ob="" eb="" sr="" id="12.1">$ time sh -c "dd if=/data/1 of=/dev/null bs=4k"
 2000000+0 records in
 2000000+0 records out
 8192000000 bytes (8.2 GB) copied, 14.4115 s, 568 MB/s</st>
        </parg>
        <parg ob="" eb="" sr="" id="13">
            <st ob="" eb="" sr="" id="13.1">real 0m14.418s
 user 0m0.020s
 sys 0m11.900s</st>
        </parg>
        <parg ob="" eb="" sr="" id="14">
            <st ob="" eb="" sr="" id="14.1">Write speed **20.4 MB/s** from OS X mounted dir `/data2` (I break it earlier to not to wait 6 mins):</st>
        </parg>
        <parg ob="" eb="" sr="" id="15">
            <st ob="" eb="" sr="" id="15.1">$ time sh -c "dd if=/data2/1 of=/dev/null bs=4k"
 ^C245397+0 records in
 245396+0 records out
 1005142016 bytes (1.0 GB) copied, 49.3521 s, 20.4 MB/s</st>
        </parg>
        <parg ob="" eb="" sr="" id="16">
            <st ob="" eb="" sr="" id="16.1">real 0m49.358s
 user 0m0.170s
 sys 0m27.710s</st>
        </parg>
        <parg ob="x" eb="" sr="" id="17">
            <st ob="x" eb="" sr="" patterns="S_OB_BUT_NEG" id="17.1">Both VM's virtual hard drive and mounted dir are located in physical SSD drive, but the speed difference is frustrating.</st>
        </parg>
        <parg ob="" eb="" sr="" id="18">
            <st ob="" eb="" sr="" id="18.1">Is this a bug?</st>
        </parg>
    </desc>
</bug>
