<?xml version="1.0" encoding="UTF-8" standalone="yes"?>
<bug no-bug="" comments="">
    <id>9058</id>
    <title ob="x" eb="" sr="" patterns="S_OB_NEG_AUX_VERB">docker run --device does not preserve group</title>
    <desc>
        <parg ob="x" eb="" sr="x" id="1">
            <st ob="x" eb="" sr="x" patterns="S_OB_NEG_AUX_VERB,S_SR_COND_OBS" id="1.1">The "docker run" command flag "device" does not preserve the localhost device group when copied into the docker container.</st>
        </parg>
        <parg ob="" eb="" sr="" id="2">
            <st ob="" eb="" sr="" id="2.1">```
docker run --device=/dev/snd/timer:/dev/snd/timer -p 2222:22 -dt sound/example</st>
        </parg>
        <parg ob="" eb="" sr="" id="3">
            <st ob="" eb="" sr="" id="3.1"># On my local system
[localhost]$ ls -l /dev/snd/timer
crw-rw----+ 1 root audio 116, 33 Oct 25 23:16 /dev/snd/timer</st>
        </parg>
        <parg ob="" eb="" sr="" id="4">
            <st ob="" eb="" sr="" id="4.1"># Inside the docker instance
[user@2ecae939d223 ~]$ ls -l /dev/snd/timer
crw-rw----.</st>
            <st ob="" eb="" sr="" id="4.2">1 root root 116, 33 Nov 10 00:52 /dev/snd/timer
```</st>
        </parg>
    </desc>
</bug>
