<?xml version="1.0" encoding="UTF-8" standalone="yes"?>
<bug no-bug="" comments="">
    <id>9327</id>
    <title ob="x" eb="" sr="" patterns="S_OB_NEG_VERB">Docker load fails to load xz-compressed image</title>
    <desc>
        <parg ob="" eb="" sr="" id="1">
            <st ob="x" eb="" sr="" patterns="S_OB_NEG_VERB" id="1.1">The ability to `docker load` xz-compressed images has been broken with docker 1.3.2 (it was working until docker 1.3.1 included).</st>
            <st ob="x" eb="" sr="" patterns="S_OB_STILL,S_OB_ERROR_AS_SUBJECT" id="1.2">Loading a gzip-compressed version of the same image still works, so the breakage is xz-specific.</st>
        </parg>
        <parg ob="x" eb="" sr="" id="2">
            <st ob="x" eb="" sr="" patterns="S_OB_ERROR_AS_SUBJECT,S_OB_DESPITE" id="2.1">Error message is `Error: Untar exit status 1 exec: "xz": executable file not found in $PATH`, even if the xz command is installed as `/usr/bin/xz`.</st>
        </parg>
        <parg ob="" eb="" sr="" id="3">
            <st ob="" eb="" sr="" id="3.1">With docker 1.3.2:
```sh
vagrant@docker-ubuntu-1404:~$ file /docker-images/busybox-trusty.</st>
            <st ob="" eb="" sr="" id="3.2">tar.xz 
/docker-images/busybox-trusty.</st>
            <st ob="" eb="" sr="" id="3.3">tar.xz: XZ compressed data
vagrant@docker-ubuntu-1404:~$ docker --version
Docker version 1.3.2, build 39fa2fa
vagrant@docker-ubuntu-1404:~$ sudo docker load --input=/docker-images/busybox-trusty.</st>
            <st ob="" eb="" sr="" id="3.4">tar.xz
2014/11/25 02:13:39 Error: Untar exit status 1 exec: "xz": executable file not found in $PATH
vagrant@docker-ubuntu-1404:~$ which xz
/usr/bin/xz
```</st>
        </parg>
        <parg ob="" eb="" sr="" id="4">
            <st ob="" eb="" sr="" id="4.1">With docker 1.3.1:</st>
        </parg>
        <parg ob="" eb="" sr="" id="5">
            <st ob="" eb="" sr="" id="5.1">```sh
vagrant@client-ingest-ubuntu-1404:~$ file /docker-images/busybox-trusty.</st>
            <st ob="" eb="" sr="" id="5.2">tar.xz 
/docker-images/busybox-trusty.</st>
            <st ob="" eb="" sr="" id="5.3">tar.xz: XZ compressed data
vagrant@client-ingest-ubuntu-1404:~$ docker --version
Docker version 1.3.1, build 4e9bbfa
vagrant@client-ingest-ubuntu-1404:~$ sudo docker load --input=/docker-images/busybox-trusty.</st>
            <st ob="" eb="" sr="" id="5.4">tar.xz
vagrant@client-ingest-ubuntu-1404:~$ which xz
/usr/bin/xz
```</st>
        </parg>
    </desc>
</bug>
