<?xml version="1.0" encoding="UTF-8" standalone="yes"?>
<bug no-bug="" comments="">
    <id>943</id>
    <title ob="x" eb="" sr="" patterns="S_OB_NEG_VERB">ADD instruction fails (Dockerfile build fails on hipache Dockfile)</title>
    <desc>
        <parg ob="" eb="" sr="x" patterns="P_SR_CONTINOUS_PRESENT_PAST" id="1">
            <st ob="" eb="" sr="" id="1.1">i was trying to docker build https://github.com/dotcloud/hipache
running docker build .</st>
            <st ob="x" eb="" sr="" patterns="S_OB_LEADS_TO" id="1.2">in the repository root produces the following output:
https://gist.github.com/hansent/5815177</st>
        </parg>
        <parg ob="" eb="" sr="" id="2">
            <st ob="x" eb="" sr="x" patterns="S_OB_VERB_ERROR,S_SR_TRY" id="2.1">I tried changing the ADD to INSERT and giving it the raw.github url for the supervisord config, but that got me:
 Error build: INSERT has been deprecated.</st>
            <st ob="" eb="" sr="" id="2.2">Please use ADD instead</st>
        </parg>
        <parg ob="" eb="" sr="" id="3">
            <st ob="" eb="" sr="" id="3.1">very funny dear program!</st>
        </parg>
        <parg ob="" eb="" sr="" id="4">
            <st ob="" eb="" sr="" id="4.1">so yeah...wget it is for now, dockerfile with workaround is here:
https://gist.github.com/hansent/5815302</st>
        </parg>
    </desc>
</bug>
