<?xml version="1.0" encoding="UTF-8" standalone="yes"?>
<bug no-bug="" comments="">
    <id>9472</id>
    <title ob="x" eb="" sr="" patterns="S_OB_SIMPLE_PRESENT"> engine is shutdown</title>
    <desc>
        <parg ob="x" eb="" sr="x" patterns="P_OB_LOG_CONTAINS" id="1">
            <st ob="" eb="" sr="x" patterns="S_SR_COND_OBS" id="1.1">when i restart docker， log is like that：</st>
        </parg>
        <parg ob="" eb="" sr="" id="2">
            <st ob="" eb="" sr="" id="2.1">[info] GET /v1.15/containers/json
[7e540f61] +job containers()
[7e540f61] -job containers() = OK (0)
2014/12/03 18:00:50 Received signal 'terminated', starting shutdown of docker...
[error] container.go:186 Error logging event die for e673bc0fff66e1c4ddac2ac94d0ac219b35d17eea65035c4ae9f0a4bad424c70: engine is shutdown
\nWed Dec 3 18:00:51 CST 2014\n
2014/12/03 18:00:51 docker daemon: 1.3.1 c78088f/1.3.1; execdriver: native; graphdriver:</st>
        </parg>
        <parg ob="" eb="" sr="" id="3">
            <st ob="" eb="" sr="" id="3.1">why？</st>
        </parg>
    </desc>
</bug>
