<?xml version="1.0" encoding="UTF-8" standalone="yes"?>
<bug no-bug="" comments="">
    <id>9473</id>
    <title ob="x" eb="" sr="" patterns="S_OB_NEG_AUX_VERB">Cannot start container ... fork/exec /var/lib/docker/init/dockerinit-1.3.2: invalid argument</title>
    <desc>
        <parg ob="" eb="" sr="" id="1">
            <st ob="" eb="" sr="" id="1.1">I'm trying to install docker on a Joyent VPS.</st>
            <st ob="" eb="" sr="" id="1.2">We have a ubuntu 12.04 (2.4.2) image from joyent that come with a custom 3.8.6 kernel (3.8.6-joyent-ubuntu-12-opt).</st>
            <st ob="x" eb="" sr="" patterns="S_OB_BUT" id="1.3">No problem installing but, when i try to run:</st>
        </parg>
        <parg ob="" eb="" sr="" id="2">
            <st ob="" eb="" sr="" id="2.1">```
sudo docker run -i -t ubuntu /bin/bash
```</st>
        </parg>
        <parg ob="x" eb="" sr="" id="3">
            <st ob="x" eb="" sr="" patterns="S_OB_VERB_ERROR" id="3.1">i get this error:
```
2014/12/03 10:13:16 Error response from daemon: Cannot start container f640794402711820dcbb52a046714aff0e630dd6d709c2403faa687a61588644: fork/exec /var/lib/docker/init/dockerinit-1.3.2: invalid argument
```</st>
        </parg>
        <parg ob="" eb="" sr="" id="4">
            <st ob="" eb="" sr="" id="4.1">but i don't know how to debug the problem.</st>
        </parg>
        <parg ob="" eb="" sr="" id="5">
            <st ob="" eb="" sr="" id="5.1">Thanks in advance</st>
        </parg>
    </desc>
</bug>
