<?xml version="1.0" encoding="UTF-8" standalone="yes"?>
<bug no-bug="" comments="">
    <id>9736</id>
    <title ob="x" eb="" sr="" patterns="S_OB_COND_NEG">If start is failed then attach will hang forever.</title>
    <desc>
        <parg ob="" eb="" sr="" id="1">
            <st ob="" eb="" sr="x" patterns="S_SR_IMPERATIVE_SEQUENCE" id="1.1">Example: run container on some already bind port.</st>
            <st ob="" eb="" sr="x" patterns="S_SR_TRY" id="1.2">And then try to stop daemon.</st>
            <st ob="x" eb="" sr="" patterns="S_OB_VERB_TO_BE_NEGATIVE" id="1.3">This is goroutine leakage also.</st>
            <st ob="" eb="" sr="" id="1.4">I haven't found solution for now.</st>
        </parg>
    </desc>
</bug>
