<?xml version="1.0" encoding="UTF-8" standalone="yes"?>
<bug no-bug="" comments="">
    <id>9894</id>
    <title ob="x" eb="" sr="" patterns="S_OB_ERROR_COND">no "tag" field for the image when using docker inspect cmd</title>
    <desc>
        <parg ob="" eb="" sr="" id="1">
            <st ob="" eb="" sr="x" patterns="S_SR_COND_OBS" id="1.1">When i do "docker inspect" on a contianer , lets say MySql container, with tag of "mysql:5.6.22".</st>
            <st ob="" eb="" sr="" id="1.2">i get in the result , under "Config"/"Image" the image name (mysql).</st>
        </parg>
        <parg ob="x" eb="" sr="" id="2">
            <st ob="x" eb="" sr="" patterns="S_OB_NEG_AUX_VERB,S_OB_WHY" id="2.1">But i can not find the tag of it's image (5.6.22), any reason why this info is not part of "docker inspect" cmd result ?</st>
        </parg>
    </desc>
</bug>
