<?xml version="1.0" encoding="UTF-8" standalone="yes"?>
<bug no-bug="" comments="">
    <id>CONTINUUM-1102</id>
    <title ob="" eb="" sr="x">Navigation from "Build" and "Working Copy" page to "Project Group Summary" page does not work</title>
    <desc>
        <parg ob="" eb="" sr="" id="1">
            <st ob="" eb="" sr="x" id="1.1">Steps to Reproduce:</st>
            <st ob="" eb="" sr="x" id="1.2">1. Log-in as admin</st>
            <st ob="" eb="" sr="x" id="1.3">2. Go to a project view page</st>
            <st ob="" eb="" sr="x" id="1.4">3. Go to the "Builds" page or "Working Copy" page ( by clicking on the "Builds" or the "Working Copy" link )</st>
            <st ob="" eb="" sr="x" id="1.5">4. Go to the "Project Group Summary" page ( by clicking on the "Project Group Summary" link )</st>
        </parg>
        <parg ob="" eb="" sr="" id="2">
            <st ob="" eb="" sr="" id="2.1">Expected Result:</st>
            <st ob="" eb="x" sr="" id="2.2">* User would be brought to the "Project Group Summary" page</st>
        </parg>
        <parg ob="" eb="" sr="" id="3">
            <st ob="" eb="" sr="" id="3.1">Actual Result:</st>
            <st ob="x" eb="" sr="" id="3.2">* An error page with the following error message - "org.apache.maven.continuum.ContinuumException: invalid group id"</st>
        </parg>
    </desc>
</bug>
