<?xml version="1.0" encoding="UTF-8" standalone="yes"?>
<bug no-bug="" comments="">
    <id>CONTINUUM-1893</id>
    <title ob="x" eb="" sr="">run-perform-goals fails with maven exitcode 1</title>
    <desc>
        <parg ob="" eb="" sr="" id="1">
            <st ob="x" eb="" sr="x" id="1.1">second set Release phaze fails in last step "run-perform-goals"</st>
        </parg>
        <parg ob="" eb="" sr="" id="2">
            <st ob="x" eb="" sr="" id="2.1">output error log :</st>
            <st ob="" eb="" sr="" id="2.2">ERROR] org.apache.maven.shared.release.ReleaseExecutionException: Maven execution failed, exit code: '1'</st>
            <st ob="" eb="" sr="" id="2.3">	at org.apache.maven.shared.release.phase.AbstractRunGoalsPhase.execute(AbstractRunGoalsPhase.java:66)</st>
            <st ob="" eb="" sr="" id="2.4">	at org.apache.maven.shared.release.phase.RunPerformGoalsPhase.execute(RunPerformGoalsPhase.java:57)</st>
            <st ob="" eb="" sr="" id="2.5">	at org.apache.maven.shared.release.DefaultReleaseManager.perform(DefaultReleaseManager.java:319)</st>
            <st ob="" eb="" sr="" id="2.6">	at org.apache.maven.shared.release.DefaultReleaseManager.performWithResult(DefaultReleaseManager.java:279)</st>
            <st ob="" eb="" sr="" id="2.7">	at org.apache.maven.continuum.release.executors.PerformReleaseTaskExecutor.execute(PerformReleaseTaskExecutor.java:88)</st>
            <st ob="" eb="" sr="" id="2.8">	at org.apache.maven.continuum.release.executors.AbstractReleaseTaskExecutor.executeTask(AbstractReleaseTaskExecutor.java:67)</st>
            <st ob="" eb="" sr="" id="2.9">	at org.codehaus.plexus.taskqueue.execution.ThreadedTaskQueueExecutor$ExecutorRunnable$1.run(ThreadedTaskQueueExecutor.java:116)</st>
            <st ob="" eb="" sr="" id="2.10">	at edu.emory.mathcs.backport.java.util.concurrent.Executors$RunnableAdapter.call(Executors.java:442)</st>
            <st ob="" eb="" sr="" id="2.11">	at edu.emory.mathcs.backport.java.util.concurrent.FutureTask.run(FutureTask.java:178)</st>
            <st ob="" eb="" sr="" id="2.12">	at edu.emory.mathcs.backport.java.util.concurrent.ThreadPoolExecutor.runWorker(ThreadPoolExecutor.java:1061)</st>
            <st ob="" eb="" sr="" id="2.13">	at edu.emory.mathcs.backport.java.util.concurrent.ThreadPoolExecutor$Worker.run(ThreadPoolExecutor.java:575)</st>
            <st ob="" eb="" sr="" id="2.14">	at java.lang.Thread.run(Thread.java:595)</st>
            <st ob="" eb="" sr="" id="2.15">Caused by: org.apache.maven.shared.release.exec.MavenExecutorException: Maven execution failed, exit code: '1'</st>
            <st ob="" eb="" sr="" id="2.16">	at org.apache.maven.shared.release.exec.ForkedMavenExecutor.executeGoals(ForkedMavenExecutor.java:103)</st>
            <st ob="" eb="" sr="" id="2.17">	at org.apache.maven.shared.release.exec.ForkedMavenExecutor.executeGoals(ForkedMavenExecutor.java:121)</st>
            <st ob="" eb="" sr="" id="2.18">	at org.apache.maven.shared.release.phase.AbstractRunGoalsPhase.execute(AbstractRunGoalsPhase.java:59)</st>
            <st ob="" eb="" sr="" id="2.19">	... 11 more</st>
        </parg>
        <parg ob="" eb="" sr="" id="3">
            <st ob="x" eb="" sr="" id="3.1">continuum log :</st>
            <st ob="" eb="" sr="" id="3.2">008-09-22 08:22:02,406 [pool-3-thread-1] INFO  releasePhase#rewrite-poms-for-development  - Updating RotisSansSerif to 5-SNAPSHOT</st>
            <st ob="" eb="" sr="" id="3.3">2008-09-22 08:22:02,407 [pool-3-thread-1] INFO  releasePhase#rewrite-poms-for-development  - Updating SF_Intellivised to 5-SNAPSHOT</st>
            <st ob="" eb="" sr="" id="3.4">2008-09-22 08:22:02,407 [pool-3-thread-1] INFO  releasePhase#rewrite-poms-for-development  - Updating Silkscreen to 5-SNAPSHOT</st>
            <st ob="" eb="" sr="" id="3.5">2008-09-22 08:22:02,408 [pool-3-thread-1] INFO  releasePhase#rewrite-poms-for-development  - Updating Trajan_Pro to 5-SNAPSHOT</st>
            <st ob="" eb="" sr="" id="3.6">2008-09-22 08:22:02,408 [pool-3-thread-1] INFO  releasePhase#rewrite-poms-for-development  - Updating Verdana to 5-SNAPSHOT</st>
            <st ob="" eb="" sr="" id="3.7">2008-09-22 08:22:02,409 [pool-3-thread-1] INFO  releasePhase#rewrite-poms-for-development  - Updating VivaldiD to 5-SNAPSHOT</st>
            <st ob="" eb="" sr="" id="3.8">2008-09-22 08:22:02,409 [pool-3-thread-1] INFO  releasePhase#rewrite-poms-for-development  - Updating Zapfino to 5-SNAPSHOT</st>
            <st ob="" eb="" sr="" id="3.9">2008-09-22 08:22:02,426 [pool-3-thread-1] INFO  releasePhase#remove-release-poms  - Not removing release POMs</st>
            <st ob="" eb="" sr="" id="3.10">2008-09-22 08:22:02,427 [pool-3-thread-1] INFO  releasePhase#scm-commit-development  - Checking in modified POMs...</st>
            <st ob="" eb="" sr="" id="3.11">2008-09-22 08:22:02,477 [pool-3-thread-1] INFO  org.apache.continuum.scm.manager.Slf4jScmLogger  - Executing: /bin/sh -c cd /data/continuum/working/53 &amp;&amp; svn --username LW --password '*****' --non-interactive commit --file /opt/apache-tomcat60/temp/maven-scm-648484311.</st>
            <st ob="" eb="" sr="" id="3.12">commit --targets /opt/apache-tomcat60/temp/maven-scm-33794-targets</st>
            <st ob="" eb="" sr="" id="3.13">2008-09-22 08:22:02,477 [pool-3-thread-1] INFO  org.apache.continuum.scm.manager.Slf4jScmLogger  - Working directory: /data/continuum/working/53</st>
            <st ob="" eb="" sr="" id="3.14">2008-09-22 08:22:04,109 [pool-3-thread-1] INFO  releasePhase#end-release  - Release preparation complete.</st>
            <st ob="" eb="" sr="" id="3.15">2008-09-22 08:25:10,350 [pool-4-thread-1] INFO  releasePhase#checkout-project-from-scm  - Checking out the project to perform the release ...</st>
            <st ob="" eb="" sr="" id="3.16">2008-09-22 08:25:10,409 [pool-4-thread-1] INFO  org.apache.continuum.scm.manager.Slf4jScmLogger  - Executing: /bin/sh -c cd /data/continuum/working &amp;&amp; svn --username LW --password '*****' --non-interactive checkout http://svn.eclipseinternational.com/svn/flex-fonts/tags/4 releases-1222064709750</st>
            <st ob="" eb="" sr="" id="3.17">2008-09-22 08:25:10,409 [pool-4-thread-1] INFO  org.apache.continuum.scm.manager.Slf4jScmLogger  - Working directory: /data/continuum/working</st>
            <st ob="" eb="" sr="" id="3.18">2008-09-22 08:25:15,111 [pool-4-thread-1] INFO  releasePhase#run-perform-goals  - Executing goals 'clean deploy'...</st>
            <st ob="" eb="" sr="" id="3.19">2008-09-22 08:25:15,155 [pool-4-thread-1] INFO  mavenExecutor  - Executing: /bin/sh -c cd /data/continuum/working/releases-1222064709750 &amp;&amp; mvn clean deploy --no-plugin-updates --batch-mode -DperformRelease=true</st>
        </parg>
    </desc>
</bug>
