<?xml version="1.0" encoding="UTF-8" standalone="yes"?>
<bug no-bug="" comments="">
    <id>CONTINUUM-817</id>
    <title ob="x" eb="" sr="">The generated output in the Working Copy page displays the wrong content</title>
    <desc>
        <parg ob="" eb="" sr="" id="1">
            <st ob="x" eb="" sr="" id="1.1">The Working Copy page displays html codes (which it shouldn't).</st>
        </parg>
        <parg ob="" eb="" sr="" id="2">
            <st ob="x" eb="" sr="" id="2.1">In the page source, &amp;nbsp; is generated as &amp;amp;nbsp;</st>
        </parg>
        <parg ob="" eb="" sr="" id="3">
            <st ob="" eb="" sr="" id="3.1">and so on...</st>
        </parg>
    </desc>
</bug>
