<?xml version="1.0" encoding="UTF-8" standalone="yes"?>
<bug no-bug="" comments="">
    <id>CONTINUUM-2006</id>
    <title ob="x" eb="" sr="">password is required for the perforce scm plugin error</title>
    <desc>
        <parg ob="" eb="" sr="" id="1">
            <st ob="x" eb="" sr="x" id="1.1">Trying to checkout a perforce project I get the "password is required for the perforce scm plugin."</st>
        </parg>
        <parg ob="" eb="" sr="" id="2">
            <st ob="" eb="" sr="x" id="2.1">Editing the project info and adding the username and password doesn't help.</st>
            <st ob="" eb="" sr="x" id="2.2">Looking at the code, seems to me that the information in the project is ignored when checking out for all SCM implementations.</st>
        </parg>
        <parg ob="" eb="" sr="" id="3">
            <st ob="" eb="" sr="" id="3.1">{noformat} org.apache.maven.scm.ScmException: Exception while executing SCM command.</st>
            <st ob="" eb="" sr="" id="3.2">        at org.apache.maven.scm.command.AbstractCommand.execute(AbstractCommand.java:63)</st>
            <st ob="" eb="" sr="" id="3.3">        at org.apache.maven.scm.provider.perforce.PerforceScmProvider.login(PerforceScmProvider.java:212)</st>
            <st ob="" eb="" sr="" id="3.4">        at org.apache.maven.scm.provider.AbstractScmProvider.login(AbstractScmProvider.java:597)</st>
            <st ob="" eb="" sr="" id="3.5">        at org.apache.maven.scm.provider.AbstractScmProvider.checkOut(AbstractScmProvider.java:403)</st>
            <st ob="" eb="" sr="" id="3.6">        at org.apache.maven.scm.provider.AbstractScmProvider.checkOut(AbstractScmProvider.java:388)</st>
            <st ob="" eb="" sr="" id="3.7">        at org.apache.maven.scm.manager.AbstractScmManager.checkOut(AbstractScmManager.java:395)</st>
            <st ob="" eb="" sr="" id="3.8">        at org.apache.continuum.scm.DefaultContinuumScm.checkout(DefaultContinuumScm.java:79)</st>
            <st ob="" eb="" sr="" id="3.9">        at org.apache.maven.continuum.core.action.CheckoutProjectContinuumAction.execute(CheckoutProjectContinuumAction.java:108)</st>
            <st ob="" eb="" sr="" id="3.10">        at org.apache.maven.continuum.buildcontroller.DefaultBuildController.performAction(DefaultBuildController.java:435)</st>
            <st ob="" eb="" sr="" id="3.11">        at org.apache.maven.continuum.buildcontroller.DefaultBuildController.updateWorkingDirectory(DefaultBuildController.java:418)</st>
            <st ob="" eb="" sr="" id="3.12">        at org.apache.maven.continuum.buildcontroller.DefaultBuildController.build(DefaultBuildController.java:133)</st>
            <st ob="" eb="" sr="" id="3.13">        at org.apache.maven.continuum.buildcontroller.BuildProjectTaskExecutor.executeTask(BuildProjectTaskExecutor.java:50)</st>
            <st ob="" eb="" sr="" id="3.14">        at org.codehaus.plexus.taskqueue.execution.ThreadedTaskQueueExecutor$ExecutorRunnable$1.run(ThreadedTaskQueueExecutor.java:116)</st>
            <st ob="" eb="" sr="" id="3.15">        at edu.emory.mathcs.backport.java.util.concurrent.Executors$RunnableAdapter.call(Executors.java:442)</st>
            <st ob="" eb="" sr="" id="3.16">        at edu.emory.mathcs.backport.java.util.concurrent.FutureTask.run(FutureTask.java:178)</st>
            <st ob="" eb="" sr="" id="3.17">        at edu.emory.mathcs.backport.java.util.concurrent.ThreadPoolExecutor.runWorker(ThreadPoolExecutor.java:1061)</st>
            <st ob="" eb="" sr="" id="3.18">        at edu.emory.mathcs.backport.java.util.concurrent.ThreadPoolExecutor$Worker.run(ThreadPoolExecutor.java:575)</st>
            <st ob="" eb="" sr="" id="3.19">        at java.lang.Thread.run(Thread.java:619)</st>
            <st ob="" eb="" sr="" id="3.20">Caused by: org.apache.maven.scm.ScmException: password is required for the perforce scm plugin.</st>
            <st ob="" eb="" sr="" id="3.21">        at org.apache.maven.scm.provider.perforce.command.login.PerforceLoginCommand.executeLoginCommand(PerforceLoginCommand.java:63)</st>
            <st ob="" eb="" sr="" id="3.22">        at org.apache.maven.scm.command.login.AbstractLoginCommand.executeCommand(AbstractLoginCommand.java:45)</st>
            <st ob="" eb="" sr="" id="3.23">        at org.apache.maven.scm.command.AbstractCommand.execute(AbstractCommand.java:59)</st>
            <st ob="" eb="" sr="" id="3.24">        ... 17 more</st>
            <st ob="" eb="" sr="" id="3.25">{noformat}</st>
        </parg>
        <parg ob="" eb="" sr="" id="4">
            <st ob="" eb="" sr="" id="4.1">patch to come</st>
        </parg>
    </desc>
</bug>
