<?xml version="1.0" encoding="UTF-8" standalone="yes"?>
<bug no-bug="" comments="">
    <id>CONTINUUM-1317</id>
    <title ob="x" eb="" sr="">Builds hand when JUNIT assertion failure text &gt; 8192 characters</title>
    <desc>
        <parg ob="" eb="" sr="" id="1">
            <st ob="x" eb="" sr="" id="1.1">The output file for the build shows the project has completed building yet the display in the project page show the project stuck in a building state.</st>
            <st ob="x" eb="" sr="" id="1.2">Exception follows:</st>
        </parg>
        <parg ob="" eb="" sr="" id="2">
            <st ob="" eb="" sr="" id="2.1">2450900 [Thread-6] ERROR org.codehaus.plexus.taskqueue.execution.TaskQueueExecutor:build-project  - Error executing task edu.emory.mathcs.backport.java.util.concurrent.ExecutionException: javax.jdo.JDOFatalUserException: Attempt to store value "org.codehaus.plexus.taskqueue.execution.TaskExecutionException: Error executing action 'execute-builder'</st>
            <st ob="" eb="" sr="" id="2.2">	at org.apache.maven.continuum.buildcontroller.DefaultBuildController.performAction(DefaultBuildController.java:432)</st>
            <st ob="" eb="" sr="" id="2.3">	at org.apache.maven.continuum.buildcontroller.DefaultBuildController.build(DefaultBuildController.java:145)</st>
            <st ob="" eb="" sr="" id="2.4">	at org.apache.maven.continuum.buildcontroller.BuildProjectTaskExecutor.executeTask(BuildProjectTaskExecutor.java:50)</st>
            <st ob="" eb="" sr="" id="2.5">	at org.codehaus.plexus.taskqueue.execution.ThreadedTaskQueueExecutor$ExecutorRunnable$1.run(ThreadedTaskQueueExecutor.java:116)</st>
            <st ob="" eb="" sr="" id="2.6">	at edu.emory.mathcs.backport.java.util.concurrent.Executors$RunnableAdapter.call(Executors.java:442)</st>
            <st ob="" eb="" sr="" id="2.7">	at edu.emory.mathcs.backport.java.util.concurrent.FutureTask.run(FutureTask.java:176)</st>
            <st ob="" eb="" sr="" id="2.8">	at edu.emory.mathcs.backport.java.util.concurrent.ThreadPoolExecutor$Worker.runTask(ThreadPoolExecutor.java:665)</st>
            <st ob="" eb="" sr="" id="2.9">	at edu.emory.mathcs.backport.java.util.concurrent.ThreadPoolExecutor$Worker.run(ThreadPoolExecutor.java:690)</st>
            <st ob="" eb="" sr="" id="2.10">	at java.lang.Thread.run(Thread.java:595)</st>
            <st ob="" eb="" sr="" id="2.11">Caused by: javax.jdo.JDOFatalUserException: Attempt to store value "junit.framework.AssertionFailedError: Line does not contain expected text </st>
            <st ob="" eb="" sr="" id="2.12">...</st>
        </parg>
        <parg ob="" eb="" sr="" id="3">
            <st ob="" eb="" sr="" id="3.1">at junit.framework.Assert.fail(Assert.java:47)</st>
            <st ob="" eb="" sr="" id="3.2">	at junit.framework.Assert.assertTrue(Assert.java:20)</st>
            <st ob="" eb="" sr="" id="3.3">at com.cerner.msvc.signatureline.SignatureLineManagerTest.test199535_AllSupportedElements(SignatureLineManagerTest.java:440)</st>
            <st ob="" eb="" sr="" id="3.4">" in column "EXCEPTIONSTRING" that has maximum length of 8192.</st>
            <st ob="" eb="" sr="" id="3.5">Please correct your data!</st>
            <st ob="" eb="" sr="" id="3.6">	at org.jpox.store.rdbms.mapping.CharRDBMSMapping.setString(CharRDBMSMapping.java:214)</st>
            <st ob="" eb="" sr="" id="3.7">	at org.jpox.store.mapping.SingleFieldMapping.setString(SingleFieldMapping.java:203)</st>
            <st ob="" eb="" sr="" id="3.8">	at org.jpox.store.rdbms.fieldmanager.ParameterSetter.storeStringField(ParameterSetter.java:122)</st>
            <st ob="" eb="" sr="" id="3.9">	at org.jpox.state.StateManagerImpl.providedStringField(StateManagerImpl.java:2757)</st>
            <st ob="" eb="" sr="" id="3.10">at org.apache.maven.continuum.model.scm.TestCaseFailure.jdoProvideField(TestCaseFailure.java)</st>
            <st ob="" eb="" sr="" id="3.11">at org.apache.maven.continuum.model.scm.TestCaseFailure.jdoProvideFields(TestCaseFailure.java)</st>
            <st ob="" eb="" sr="" id="3.12">	at org.jpox.state.StateManagerImpl.provideFields(StateManagerImpl.java:3115)</st>
            <st ob="" eb="" sr="" id="3.13">	at org.jpox.store.rdbms.request.InsertRequest.execute(InsertRequest.java:252)</st>
            <st ob="" eb="" sr="" id="3.14">	at org.jpox.store.rdbms.table.ClassTable.insert(ClassTable.java:2519)</st>
            <st ob="" eb="" sr="" id="3.15">	at org.jpox.store.StoreManager.insert(StoreManager.java:920)</st>
            <st ob="" eb="" sr="" id="3.16">	at org.jpox.state.StateManagerImpl.internalMakePersistent(StateManagerImpl.java:3667)</st>
            <st ob="" eb="" sr="" id="3.17">	at org.jpox.state.StateManagerImpl.makePersistent(StateManagerImpl.java:3646)</st>
            <st ob="" eb="" sr="" id="3.18">	at org.jpox.AbstractPersistenceManager.internalMakePersistent(AbstractPersistenceManager.java:1198)</st>
            <st ob="" eb="" sr="" id="3.19">	at org.jpox.AbstractPersistenceManager.makePersistentInternal(AbstractPersistenceManager.java:1243)</st>
            <st ob="" eb="" sr="" id="3.20">	at org.jpox.store.rdbms.scostore.FKListStore.validateElementForWriting(FKListStore.java:1231)</st>
            <st ob="" eb="" sr="" id="3.21">	at org.jpox.store.rdbms.scostore.FKListStore.internalAdd(FKListStore.java:772)</st>
            <st ob="" eb="" sr="" id="3.22">	at org.jpox.store.rdbms.scostore.AbstractListStore.addAll(AbstractListStore.java:386)</st>
            <st ob="" eb="" sr="" id="3.23">	at org.jpox.store.mapping.CollectionMapping.postInsert(CollectionMapping.java:209)</st>
            <st ob="" eb="" sr="" id="3.24">	at org.jpox.store.rdbms.request.InsertRequest.execute(InsertRequest.java:464)</st>
            <st ob="" eb="" sr="" id="3.25">	at org.jpox.store.rdbms.table.ClassTable.insert(ClassTable.java:2519)</st>
            <st ob="" eb="" sr="" id="3.26">	at org.jpox.store.StoreManager.insert(StoreManager.java:920)</st>
            <st ob="" eb="" sr="" id="3.27">	at org.jpox.state.StateManagerImpl.internalMakePersistent(StateManagerImpl.java:3667)</st>
            <st ob="" eb="" sr="" id="3.28">	at org.jpox.state.StateManagerImpl.makePersistent(StateManagerImpl.java:3646)</st>
            <st ob="" eb="" sr="" id="3.29">	at org.jpox.AbstractPersistenceManager.internalMakePersistent(AbstractPersistenceManager.java:1198)</st>
            <st ob="" eb="" sr="" id="3.30">	at org.jpox.AbstractPersistenceManager.makePersistentInternal(AbstractPersistenceManager.java:1243)</st>
            <st ob="" eb="" sr="" id="3.31">	at org.jpox.store.rdbms.scostore.FKListStore.validateElementForWriting(FKListStore.java:1231)</st>
            <st ob="" eb="" sr="" id="3.32">	at org.jpox.store.rdbms.scostore.FKListStore.internalAdd(FKListStore.java:772)</st>
            <st ob="" eb="" sr="" id="3.33">	at org.jpox.store.rdbms.scostore.AbstractListStore.addAll(AbstractListStore.java:386)</st>
            <st ob="" eb="" sr="" id="3.34">	at org.jpox.store.mapping.CollectionMapping.postInsert(CollectionMapping.java:209)</st>
            <st ob="" eb="" sr="" id="3.35">	at org.jpox.store.rdbms.request.InsertRequest.execute(InsertRequest.java:464)</st>
            <st ob="" eb="" sr="" id="3.36">	at org.jpox.store.rdbms.table.ClassTable.insert(ClassTable.java:2519)</st>
            <st ob="" eb="" sr="" id="3.37">	at org.jpox.store.StoreManager.insert(StoreManager.java:920)</st>
            <st ob="" eb="" sr="" id="3.38">	at org.jpox.state.StateManagerImpl.internalMakePersistent(StateManagerImpl.java:3667)</st>
            <st ob="" eb="" sr="" id="3.39">	at org.jpox.state.StateManagerImpl.makePersistent(StateManagerImpl.java:3646)</st>
            <st ob="" eb="" sr="" id="3.40">	at org.jpox.AbstractPersistenceManager.internalMakePersistent(AbstractPersistenceManager.java:1198)</st>
            <st ob="" eb="" sr="" id="3.41">	at org.jpox.AbstractPersistenceManager.makePersistentInternal(AbstractPersistenceManager.java:1243)</st>
            <st ob="" eb="" sr="" id="3.42">	at org.jpox.AbstractPersistenceManager.attachCopy(AbstractPersistenceManager.java:1374)</st>
            <st ob="" eb="" sr="" id="3.43">	at org.jpox.state.AttachFieldManager.storeObjectField(AttachFieldManager.java:175)</st>
            <st ob="" eb="" sr="" id="3.44">	at org.jpox.state.StateManagerImpl.providedObjectField(StateManagerImpl.java:2771)</st>
            <st ob="" eb="" sr="" id="3.45">at org.apache.maven.continuum.model.project.BuildResult.jdoProvideField(BuildResult.java)</st>
            <st ob="" eb="" sr="" id="3.46">at org.apache.maven.continuum.model.project.BuildResult.jdoProvideFields(BuildResult.java)</st>
            <st ob="" eb="" sr="" id="3.47">	at org.jpox.state.StateManagerImpl.provideFields(StateManagerImpl.java:3115)</st>
            <st ob="" eb="" sr="" id="3.48">	at org.jpox.state.StateManagerImpl.internalAttachCopy(StateManagerImpl.java:4389)</st>
            <st ob="" eb="" sr="" id="3.49">	at org.jpox.state.StateManagerImpl.attachCopy(StateManagerImpl.java:4331)</st>
            <st ob="" eb="" sr="" id="3.50">	at org.jpox.AbstractPersistenceManager.attachCopy(AbstractPersistenceManager.java:1415)</st>
            <st ob="" eb="" sr="" id="3.51">	at org.jpox.AbstractPersistenceManager.internalMakePersistent(AbstractPersistenceManager.java:1161)</st>
            <st ob="" eb="" sr="" id="3.52">	at org.jpox.AbstractPersistenceManager.makePersistent(AbstractPersistenceManager.java:1261)</st>
            <st ob="" eb="" sr="" id="3.53">	at org.apache.maven.continuum.store.JdoContinuumStore.updateBuildResult(JdoContinuumStore.java:397)</st>
            <st ob="" eb="" sr="" id="3.54">	at org.apache.maven.continuum.core.action.ExecuteBuilderContinuumAction.execute(ExecuteBuilderContinuumAction.java:196)</st>
            <st ob="" eb="" sr="" id="3.55">	at org.apache.maven.continuum.buildcontroller.DefaultBuildController.performAction(DefaultBuildController.java:406)</st>
            <st ob="" eb="" sr="" id="3.56">	... 8 more</st>
            <st ob="" eb="" sr="" id="3.57">" in column "ERROR" that has maximum length of 8192.</st>
            <st ob="" eb="" sr="" id="3.58">Please correct your data!</st>
            <st ob="" eb="" sr="" id="3.59">	at edu.emory.mathcs.backport.java.util.concurrent.FutureTask.getResult(FutureTask.java:299)</st>
            <st ob="" eb="" sr="" id="3.60">	at edu.emory.mathcs.backport.java.util.concurrent.FutureTask.get(FutureTask.java:128)</st>
            <st ob="" eb="" sr="" id="3.61">	at org.codehaus.plexus.taskqueue.execution.ThreadedTaskQueueExecutor$ExecutorRunnable.waitForTask(ThreadedTaskQueueExecutor.java:165)</st>
            <st ob="" eb="" sr="" id="3.62">	at org.codehaus.plexus.taskqueue.execution.ThreadedTaskQueueExecutor$ExecutorRunnable.run(ThreadedTaskQueueExecutor.java:127)</st>
        </parg>
    </desc>
</bug>
