<?xml version="1.0" encoding="UTF-8" standalone="yes"?>
<bug no-bug="" comments="">
    <id>CONTINUUM-2151</id>
    <title ob="x" eb="" sr="">CLONE -Can't change project name</title>
    <desc>
        <parg ob="" eb="" sr="" id="1">
            <st ob="" eb="" sr="x" id="1.1">I have created a new Maven 1.x project in Continuum and after doing so, edited its project name in the web UI.</st>
            <st ob="x" eb="" sr="" id="1.2">The edit seems to work fine, but the next time the project gets built, its name gets reverted back to the original name that it picked up from the POM.</st>
            <st ob="" eb="" sr="" id="1.3">This is a real pain in the ass because I want multiple Continuum projects created from the same POM (so they are all getting the same name) to do things like building multiple branches, and running different goals on different schedules.</st>
        </parg>
    </desc>
</bug>
