<?xml version="1.0" encoding="UTF-8" standalone="yes"?>
<bug no-bug="" comments="">
    <id>CONTINUUM-679</id>
    <title ob="x" eb="" sr="">Insecure html in build output leads to bad html rendering - could be used for malicious cross-site scripting.</title>
    <desc>
        <parg ob="" eb="" sr="" id="1">
            <st ob="x" eb="" sr="" id="1.1">In a custom maven2 build that calls an ant script to invoke weblogic's compiler for workshop, some warning output includes a warning about the "&lt;textarea&gt;" tag.</st>
            <st ob="x" eb="" sr="" id="1.2">Continuum does not convert &lt; and &gt; into lt and gt entities.</st>
            <st ob="" eb="" sr="" id="1.3">Since the build output is in another textarea it is sometimes not a problem.</st>
            <st ob="" eb="" sr="" id="1.4">However, some browsers render nested textareas, and the remaining build log output is contained within the inner textarea.</st>
        </parg>
        <parg ob="" eb="" sr="" id="2">
            <st ob="" eb="" sr="" id="2.1">While this is annoying, it is dangerous.</st>
            <st ob="" eb="" sr="" id="2.2">One need only alter the build script to &lt;echo&gt; something more malicious - say something with javascript - to cause damage.</st>
        </parg>
        <parg ob="" eb="" sr="" id="3">
            <st ob="" eb="" sr="" id="3.1">The fix is to pre-process the output to strip it of any html tag content.</st>
        </parg>
        <parg ob="" eb="" sr="" id="4">
            <st ob="" eb="" sr="x" id="4.1">This bug should be reproducable by creating a small build.xml that echo's a &lt;textarea&gt; and calling it from a maven pom file.</st>
        </parg>
    </desc>
</bug>
