<?xml version="1.0" encoding="UTF-8" standalone="yes"?>
<bug no-bug="" comments="">
    <id>CONTINUUM-1849</id>
    <title ob="x" eb="" sr="">Changing a project group level build definition changes historical build results</title>
    <desc>
        <parg ob="" eb="" sr="" id="1">
            <st ob="x" eb="" sr="x" id="1.1">If you make a change to a project level build definition, it changes the 'Build Definition Used' section on all historical build results, so that they no longer reflect the build definition that was actually used to build the project at that time.</st>
        </parg>
    </desc>
</bug>
