<?xml version="1.0" encoding="UTF-8" standalone="yes"?>
<bug no-bug="" comments="">
    <id>CONTINUUM-2719</id>
    <title ob="x" eb="" sr="">If a stuck build is killed, the logs are lost</title>
    <desc>
        <parg ob="" eb="" sr="" id="1">
            <st ob="x" eb="" sr="x" id="1.1">If a build hangs in the test phase (e.g. a Surefire/Junit test loops), and the build is killed, then the log disappears from the build results list.</st>
        </parg>
        <parg ob="" eb="" sr="" id="2">
            <st ob="" eb="" sr="" id="2.1">This is a big problem, as it make it very difficult to find out which test is hanging.</st>
        </parg>
    </desc>
</bug>
