<?xml version="1.0" encoding="UTF-8" standalone="yes"?>
<bug no-bug="" comments="">
    <id>CONTINUUM-1591</id>
    <title ob="x" eb="" sr="">Build Fresh using Perforce SCM fails - Error updating from SCM</title>
    <desc>
        <parg ob="" eb="" sr="" id="1">
            <st ob="x" eb="" sr="x" id="1.1">In the 'Add/Edit Build Definition' page, if the 'Build Fresh (Run always a clean checkout instead of an SCM update)' check box is checked, the build fails with following error:</st>
        </parg>
        <parg ob="" eb="" sr="" id="2">
            <st ob="" eb="" sr="" id="2.1">org.apache.maven.continuum.buildcontroller.BuildController:default  - Merging SCM results org.apache.maven.continuum.buildcontroller.BuildController:default  - Error updating from SCM, not building</st>
        </parg>
    </desc>
</bug>
