<?xml version="1.0" encoding="UTF-8" standalone="yes"?>
<bug no-bug="" comments="">
    <id>CONTINUUM-1688</id>
    <title ob="x" eb="" sr="">Maximum length for name column in object ChangeFile is too small</title>
    <desc>
        <parg ob="" eb="" sr="" id="1">
            <st ob="x" eb="" sr="" id="1.1">This bug is similar to a bunch of other bugs like this, it seems the data model has been consistently designed with too few characters in the name field.</st>
            <st ob="x" eb="" sr="" id="1.2">This particular bugs occurs when Continuum tries to store the test results (SuiteResult in the model).</st>
            <st ob="" eb="" sr="" id="1.3">Using -Dmaven.test.skip=true made the problem disappear.</st>
        </parg>
        <parg ob="" eb="" sr="" id="2">
            <st ob="" eb="" sr="" id="2.1">I've attached a very simple fix for the problem, however, I note that TestCaseFailure has no stash.maxSize set, and as soon as my Test breaks it will probably crash with the same problem.</st>
        </parg>
        <parg ob="" eb="" sr="" id="3">
            <st ob="x" eb="" sr="" id="3.1">Here's the stack trace:</st>
        </parg>
        <parg ob="" eb="" sr="" id="4">
            <st ob="" eb="" sr="" id="4.1">863290102 [Thread-6] ERROR org.codehaus.plexus.taskqueue.execution.TaskQueueExecutor:build-project  - Error executing task edu.emory.mathcs.backport.java.util.concurrent.ExecutionException: javax.jdo.JDOFatalUserException: Attempt to store value "/new-web/newweb-erp-integration/trunk/src/main/ja va/com/pointcarbon/erp/agresso/domain/agressostatus/AcuhistrStatus.java (from /new-web/newweb-erp-integration/trunk/src/main/java/com/pointcarbon/erp/agresso/domain/agressos tatus/AcuhistrStatusEnum.java:4297)" in column ""NAME"" that has maximum length of 255.</st>
            <st ob="" eb="" sr="" id="4.2">Please correct your data!</st>
            <st ob="" eb="" sr="" id="4.3">        at edu.emory.mathcs.backport.java.util.concurrent.FutureTask.getResult(FutureTask.java:299)</st>
            <st ob="" eb="" sr="" id="4.4">        at edu.emory.mathcs.backport.java.util.concurrent.FutureTask.get(FutureTask.java:118)</st>
            <st ob="" eb="" sr="" id="4.5">        at org.codehaus.plexus.taskqueue.execution.ThreadedTaskQueueExecutor$ExecutorRunnable.waitForTask(ThreadedTaskQueueExecutor.java:159)</st>
            <st ob="" eb="" sr="" id="4.6">        at org.codehaus.plexus.taskqueue.execution.ThreadedTaskQueueExecutor$ExecutorRunnable.run(ThreadedTaskQueueExecutor.java:127)</st>
            <st ob="" eb="" sr="" id="4.7">Caused by: javax.jdo.JDOFatalUserException: Attempt to store value "/new-web/newweb-erp-integration/trunk/src/main/java/com/pointcarbon/erp/agresso/domain/agressostatus/Acuh istrStatus.java (from /new-web/newweb-erp-integration/trunk/src/main/java/com/pointcarbon/erp/agresso/domain/agressostatus/AcuhistrStatusEnum.java:4297)" in column ""NAME"" that has maximum length of 255.</st>
            <st ob="" eb="" sr="" id="4.8">Please correct your data!</st>
            <st ob="" eb="" sr="" id="4.9">        at org.jpox.store.rdbms.mapping.CharRDBMSMapping.setString(CharRDBMSMapping.java:214)</st>
            <st ob="" eb="" sr="" id="4.10">        at org.jpox.store.mapping.SingleFieldMapping.setString(SingleFieldMapping.java:203)</st>
            <st ob="" eb="" sr="" id="4.11">        at org.jpox.store.rdbms.fieldmanager.ParameterSetter.storeStringField(ParameterSetter.java:122)</st>
            <st ob="" eb="" sr="" id="4.12">        at org.jpox.state.StateManagerImpl.providedStringField(StateManagerImpl.java:2757)</st>
            <st ob="" eb="" sr="" id="4.13">at org.apache.maven.continuum.model.scm.ChangeFile.jdoProvideField(ChangeFile.java)</st>
            <st ob="" eb="" sr="" id="4.14">at org.apache.maven.continuum.model.scm.ChangeFile.jdoProvideFields(ChangeFile.java)</st>
            <st ob="" eb="" sr="" id="4.15">        at org.jpox.state.StateManagerImpl.provideFields(StateManagerImpl.java:3115)</st>
            <st ob="" eb="" sr="" id="4.16">        at org.jpox.store.rdbms.request.InsertRequest.execute(InsertRequest.java:252)</st>
            <st ob="" eb="" sr="" id="4.17">        at org.jpox.store.rdbms.table.ClassTable.insert(ClassTable.java:2519)</st>
            <st ob="" eb="" sr="" id="4.18">        at org.jpox.store.StoreManager.insert(StoreManager.java:920)</st>
            <st ob="" eb="" sr="" id="4.19">        at org.jpox.state.StateManagerImpl.internalMakePersistent(StateManagerImpl.java:3667)</st>
            <st ob="" eb="" sr="" id="4.20">        at org.jpox.state.StateManagerImpl.makePersistent(StateManagerImpl.java:3646)</st>
            <st ob="" eb="" sr="" id="4.21">        at org.jpox.AbstractPersistenceManager.internalMakePersistent(AbstractPersistenceManager.java:1198)</st>
            <st ob="" eb="" sr="" id="4.22">        at org.jpox.AbstractPersistenceManager.makePersistentInternal(AbstractPersistenceManager.java:1243)</st>
            <st ob="" eb="" sr="" id="4.23">        at org.jpox.store.rdbms.scostore.FKListStore.validateElementForWriting(FKListStore.java:1231)</st>
            <st ob="" eb="" sr="" id="4.24">        at org.jpox.store.rdbms.scostore.FKListStore.internalAdd(FKListStore.java:772)</st>
            <st ob="" eb="" sr="" id="4.25">        at org.jpox.store.rdbms.scostore.AbstractListStore.addAll(AbstractListStore.java:386)</st>
            <st ob="" eb="" sr="" id="4.26">        at org.jpox.store.mapping.CollectionMapping.postInsert(CollectionMapping.java:209)</st>
            <st ob="" eb="" sr="" id="4.27">        at org.jpox.store.rdbms.request.InsertRequest.execute(InsertRequest.java:464)</st>
            <st ob="" eb="" sr="" id="4.28">        at org.jpox.store.rdbms.table.ClassTable.insert(ClassTable.java:2519)</st>
            <st ob="" eb="" sr="" id="4.29">        at org.jpox.store.StoreManager.insert(StoreManager.java:920)</st>
            <st ob="" eb="" sr="" id="4.30">        at org.jpox.state.StateManagerImpl.internalMakePersistent(StateManagerImpl.java:3667)</st>
            <st ob="" eb="" sr="" id="4.31">        at org.jpox.state.StateManagerImpl.makePersistent(StateManagerImpl.java:3646)</st>
            <st ob="" eb="" sr="" id="4.32">        at org.jpox.AbstractPersistenceManager.internalMakePersistent(AbstractPersistenceManager.java:1198)</st>
            <st ob="" eb="" sr="" id="4.33">        at org.jpox.AbstractPersistenceManager.makePersistentInternal(AbstractPersistenceManager.java:1243)</st>
            <st ob="" eb="" sr="" id="4.34">        at org.jpox.store.rdbms.scostore.FKListStore.validateElementForWriting(FKListStore.java:1231)</st>
            <st ob="" eb="" sr="" id="4.35">        at org.jpox.store.rdbms.scostore.FKListStore.internalAdd(FKListStore.java:772)</st>
            <st ob="" eb="" sr="" id="4.36">        at org.jpox.store.rdbms.scostore.AbstractListStore.addAll(AbstractListStore.java:386)</st>
            <st ob="" eb="" sr="" id="4.37">        at org.jpox.store.mapping.CollectionMapping.postInsert(CollectionMapping.java:209)</st>
            <st ob="" eb="" sr="" id="4.38">        at org.jpox.store.rdbms.request.InsertRequest.execute(InsertRequest.java:464)</st>
            <st ob="" eb="" sr="" id="4.39">        at org.jpox.store.rdbms.table.ClassTable.insert(ClassTable.java:2519)</st>
            <st ob="" eb="" sr="" id="4.40">        at org.jpox.store.StoreManager.insert(StoreManager.java:920)</st>
            <st ob="" eb="" sr="" id="4.41">        at org.jpox.state.StateManagerImpl.internalMakePersistent(StateManagerImpl.java:3667)</st>
            <st ob="" eb="" sr="" id="4.42">        at org.jpox.state.StateManagerImpl.makePersistent(StateManagerImpl.java:3646)</st>
            <st ob="" eb="" sr="" id="4.43">        at org.jpox.AbstractPersistenceManager.internalMakePersistent(AbstractPersistenceManager.java:1198)</st>
            <st ob="" eb="" sr="" id="4.44">        at org.jpox.AbstractPersistenceManager.makePersistentInternal(AbstractPersistenceManager.java:1243)</st>
            <st ob="" eb="" sr="" id="4.45">        at org.jpox.store.mapping.PersistenceCapableMapping.setObject(PersistenceCapableMapping.java:450)</st>
            <st ob="" eb="" sr="" id="4.46">        at org.jpox.store.rdbms.fieldmanager.ParameterSetter.storeObjectField(ParameterSetter.java:144)</st>
            <st ob="" eb="" sr="" id="4.47">        at org.jpox.state.StateManagerImpl.providedObjectField(StateManagerImpl.java:2771)</st>
            <st ob="" eb="" sr="" id="4.48">at org.apache.maven.continuum.model.project.BuildResult.jdoProvideField(BuildResult.java)</st>
            <st ob="" eb="" sr="" id="4.49">at org.apache.maven.continuum.model.project.BuildResult.jdoProvideFields(BuildResult.java)</st>
            <st ob="" eb="" sr="" id="4.50">        at org.jpox.state.StateManagerImpl.provideFields(StateManagerImpl.java:3115)</st>
            <st ob="" eb="" sr="" id="4.51">        at org.jpox.store.rdbms.request.InsertRequest.execute(InsertRequest.java:252)</st>
            <st ob="" eb="" sr="" id="4.52">        at org.jpox.store.rdbms.table.ClassTable.insert(ClassTable.java:2519)</st>
            <st ob="" eb="" sr="" id="4.53">        at org.jpox.store.StoreManager.insert(StoreManager.java:920)</st>
            <st ob="" eb="" sr="" id="4.54">        at org.jpox.state.StateManagerImpl.internalMakePersistent(StateManagerImpl.java:3667)</st>
            <st ob="" eb="" sr="" id="4.55">        at org.jpox.state.StateManagerImpl.makePersistent(StateManagerImpl.java:3646)</st>
            <st ob="" eb="" sr="" id="4.56">        at org.jpox.AbstractPersistenceManager.internalMakePersistent(AbstractPersistenceManager.java:1198)</st>
            <st ob="" eb="" sr="" id="4.57">        at org.jpox.AbstractPersistenceManager.makePersistent(AbstractPersistenceManager.java:1261)</st>
            <st ob="" eb="" sr="" id="4.58">        at org.codehaus.plexus.jdo.PlexusJdoUtils.makePersistent(PlexusJdoUtils.java:175)</st>
            <st ob="" eb="" sr="" id="4.59">        at org.apache.maven.continuum.store.JdoContinuumStore.makePersistent(JdoContinuumStore.java:763)</st>
            <st ob="" eb="" sr="" id="4.60">        at org.apache.maven.continuum.store.JdoContinuumStore.addBuildResult(JdoContinuumStore.java:436)</st>
            <st ob="" eb="" sr="" id="4.61">        at org.apache.maven.continuum.buildcontroller.DefaultBuildController.makeAndStoreBuildResult(DefaultBuildController.java:686)</st>
            <st ob="" eb="" sr="" id="4.62">        at org.apache.maven.continuum.buildcontroller.DefaultBuildController.updateBuildResult(DefaultBuildController.java:230)</st>
            <st ob="" eb="" sr="" id="4.63">        at org.apache.maven.continuum.buildcontroller.DefaultBuildController.performAction(DefaultBuildController.java:444)</st>
            <st ob="" eb="" sr="" id="4.64">        at org.apache.maven.continuum.buildcontroller.DefaultBuildController.build(DefaultBuildController.java:145)</st>
            <st ob="" eb="" sr="" id="4.65">        at org.apache.maven.continuum.buildcontroller.BuildProjectTaskExecutor.executeTask(BuildProjectTaskExecutor.java:50)</st>
            <st ob="" eb="" sr="" id="4.66">        at org.codehaus.plexus.taskqueue.execution.ThreadedTaskQueueExecutor$ExecutorRunnable$1.run(ThreadedTaskQueueExecutor.java:116)</st>
            <st ob="" eb="" sr="" id="4.67">        at edu.emory.mathcs.backport.java.util.concurrent.Executors$RunnableAdapter.call(Executors.java:442)</st>
            <st ob="" eb="" sr="" id="4.68">        at edu.emory.mathcs.backport.java.util.concurrent.FutureTask.run(FutureTask.java:176)</st>
            <st ob="" eb="" sr="" id="4.69">        at edu.emory.mathcs.backport.java.util.concurrent.ThreadPoolExecutor$Worker.runTask(ThreadPoolExecutor.java:665)</st>
            <st ob="" eb="" sr="" id="4.70">        at edu.emory.mathcs.backport.java.util.concurrent.ThreadPoolExecutor$Worker.run(ThreadPoolExecutor.java:690)</st>
            <st ob="" eb="" sr="" id="4.71">        at java.lang.Thread.run(Thread.java:595)</st>
        </parg>
    </desc>
</bug>
