<?xml version="1.0" encoding="UTF-8" standalone="yes"?>
<bug no-bug="" comments="">
    <id>CONTINUUM-2082</id>
    <title ob="" eb="" sr="">Broken data-management-cli-1.2-app.jar</title>
    <desc>
        <parg ob="" eb="" sr="" id="1">
            <st ob="x" eb="" sr="" id="1.1">The jar-file for the continuum-data-management (version 1.2) at http://repo1.maven.org/maven2/org/apache/continuum/data-management-cli/1.2/data-management-cli-1.2-app.jar is broken (since Revision 734922 the issue has been fixed).</st>
        </parg>
        <parg ob="" eb="" sr="" id="2">
            <st ob="" eb="" sr="" id="2.1">A workaround is to use the 1.1 data management client.</st>
        </parg>
    </desc>
</bug>
