<?xml version="1.0" encoding="UTF-8" standalone="yes"?>
<bug no-bug="" comments="">
    <id>CONTINUUM-1360</id>
    <title ob="" eb="" sr="">Prepended semicolon in svn password does not work</title>
    <desc>
        <parg ob="" eb="" sr="" id="1">
            <st ob="x" eb="" sr="x" id="1.1">If i have a prepended semicolon in my scm (Subversion) password, for example ";password" Continuum generates a faulty commandline for svn checkout.</st>
            <st ob="" eb="" sr="" id="1.2">Before i used 1.1-alpha-2 with success.</st>
            <st ob="" eb="" sr="" id="1.3">So i guess the handling of form input data has changed in 1.1-beta-1.</st>
            <st ob="" eb="" sr="" id="1.4">I had no time to do further tests, but i guess there are problems with other special chars too.</st>
        </parg>
    </desc>
</bug>
