<?xml version="1.0" encoding="UTF-8" standalone="yes"?>
<bug no-bug="" comments="">
    <id>CONTINUUM-1923</id>
    <title ob="x" eb="" sr="">Continuum gives no spcae left on device error when running build under tomcat-5.5.26</title>
    <desc>
        <parg ob="" eb="" sr="" id="1">
            <st ob="" eb="" sr="x" id="1.1">I tried to build a project by checking out from a local directory.</st>
            <st ob="x" eb="" sr="" id="1.2">I am getting an error 'No space left on the device' in tomcat error log as given below.java.io.IOException: No space left on device</st>
            <st ob="" eb="" sr="" id="1.3">	at java.io.FileOutputStream.writeBytes(Native Method)</st>
            <st ob="" eb="" sr="" id="1.4">	at java.io.FileOutputStream.write(FileOutputStream.java:260)</st>
            <st ob="" eb="" sr="" id="1.5">	at sun.nio.cs.StreamEncoder$CharsetSE.writeBytes(StreamEncoder.java:336)</st>
            <st ob="" eb="" sr="" id="1.6">	at sun.nio.cs.StreamEncoder$CharsetSE.implFlushBuffer(StreamEncoder.java:404)</st>
            <st ob="" eb="" sr="" id="1.7">	at sun.nio.cs.StreamEncoder$CharsetSE.implFlush(StreamEncoder.java:408)</st>
            <st ob="" eb="" sr="" id="1.8">	at sun.nio.cs.StreamEncoder.flush(StreamEncoder.java:152)</st>
            <st ob="" eb="" sr="" id="1.9">	at java.io.OutputStreamWriter.flush(OutputStreamWriter.java:213)</st>
            <st ob="" eb="" sr="" id="1.10">	at org.apache.log4j.helpers.QuietWriter.flush(QuietWriter.java:57)</st>
            <st ob="" eb="" sr="" id="1.11">	at org.apache.log4j.WriterAppender.subAppend(WriterAppender.java:315)</st>
            <st ob="" eb="" sr="" id="1.12">	at org.apache.log4j.DailyRollingFileAppender.subAppend(DailyRollingFileAppender.java:358)</st>
        </parg>
        <parg ob="" eb="" sr="" id="2">
            <st ob="x" eb="" sr="" id="2.1">I am getting the following exception in continuum.log files</st>
            <st ob="" eb="" sr="" id="2.2">08-10-07 09:50:21,769 [http-8080-Processor25] INFO  continuum  - Enqueuing 'CDR Application' with build definition 'Default Maven 2 Build Definition' - id=5).</st>
            <st ob="" eb="" sr="" id="2.3">2008-10-07 09:50:21,810 [pool-1-thread-1] INFO  buildController  - Initializing build</st>
            <st ob="" eb="" sr="" id="2.4">2008-10-07 09:50:22,049 [pool-1-thread-1] INFO  buildController  - Starting build of CDR Application</st>
            <st ob="" eb="" sr="" id="2.5">2008-10-07 09:50:22,368 [pool-1-thread-1] INFO  buildController  - Updating working dir</st>
            <st ob="" eb="" sr="" id="2.6">2008-10-07 09:50:22,368 [pool-1-thread-1] INFO  buildController  - Performing action check-working-directory</st>
            <st ob="" eb="" sr="" id="2.7">2008-10-07 09:50:22,471 [pool-1-thread-1] INFO  buildController  - Performing action update-working-directory-from-scm</st>
            <st ob="" eb="" sr="" id="2.8">2008-10-07 09:50:23,258 [pool-1-thread-1] INFO  action#update-working-directory-from-scm  - Updating project: CDR Application', id: '1' to '/users/padman_r/orange_maven/cruisecontrol-bin-2.7.3/projects/CDRGenerator/javamodules/1'.</st>
            <st ob="" eb="" sr="" id="2.9">2008-10-07 09:50:23,406 [pool-1-thread-1] INFO  org.apache.continuum.scm.manager.Slf4jScmLogger  - Updating '/users/padman_r/orange_maven/cruisecontrol-bin-2.7.3/projects/CDRGenerator/javamodules/1' from '/users/padman_r/orange_maven/apache-tomcat-5.5.26/bin/CDRGenerator/javamodules'.</st>
            <st ob="" eb="" sr="" id="2.10">2008-10-07 09:50:38,509 [Thread-2] ERROR taskQueueExecutor#build-project  - Error executing task edu.emory.mathcs.backport.java.util.concurrent.ExecutionException: javax.jdo.JDODataStoreException: Transaction failed to start</st>
            <st ob="" eb="" sr="" id="2.11">NestedThrowables:</st>
            <st ob="" eb="" sr="" id="2.12">java.sql.SQLException: Already closed.</st>
            <st ob="" eb="" sr="" id="2.13">	at edu.emory.mathcs.backport.java.util.concurrent.FutureTask.getResult(FutureTask.java:301)</st>
            <st ob="" eb="" sr="" id="2.14">	at edu.emory.mathcs.backport.java.util.concurrent.FutureTask.get(FutureTask.java:130)</st>
            <st ob="" eb="" sr="" id="2.15">	at org.codehaus.plexus.taskqueue.execution.ThreadedTaskQueueExecutor$ExecutorRunnable.waitForTask(ThreadedTaskQueueExecutor.java:165)</st>
            <st ob="" eb="" sr="" id="2.16">	at org.codehaus.plexus.taskqueue.execution.ThreadedTaskQueueExecutor$ExecutorRunnable.run(ThreadedTaskQueueExecutor.java:127)</st>
            <st ob="" eb="" sr="" id="2.17">Caused by: javax.jdo.JDODataStoreException: Transaction failed to start</st>
            <st ob="" eb="" sr="" id="2.18">NestedThrowables:</st>
            <st ob="" eb="" sr="" id="2.19">java.sql.SQLException: Already closed.</st>
            <st ob="" eb="" sr="" id="2.20">	at org.jpox.store.rdbms.RDBMSNonmanagedTransaction.begin(RDBMSNonmanagedTransaction.java:344)</st>
            <st ob="" eb="" sr="" id="2.21">	at org.codehaus.plexus.jdo.PlexusJdoUtils.updateObject(PlexusJdoUtils.java:139)</st>
            <st ob="" eb="" sr="" id="2.22">	at org.apache.continuum.dao.AbstractDao.updateObject(AbstractDao.java:91)</st>
            <st ob="" eb="" sr="" id="2.23">	at org.apache.continuum.dao.AbstractDao.updateObject(AbstractDao.java:83)</st>
            <st ob="" eb="" sr="" id="2.24">	at org.apache.continuum.dao.ProjectDaoImpl.updateProject(ProjectDaoImpl.java:52)</st>
            <st ob="" eb="" sr="" id="2.25">	at org.apache.maven.continuum.buildcontroller.DefaultBuildController.endBuild(DefaultBuildController.java:232)</st>
            <st ob="" eb="" sr="" id="2.26">	at org.apache.maven.continuum.buildcontroller.DefaultBuildController.build(DefaultBuildController.java:196)</st>
            <st ob="" eb="" sr="" id="2.27">	at org.apache.maven.continuum.buildcontroller.BuildProjectTaskExecutor.executeTask(BuildProjectTaskExecutor.java:50)</st>
            <st ob="" eb="" sr="" id="2.28">	at org.codehaus.plexus.taskqueue.execution.ThreadedTaskQueueExecutor$ExecutorRunnable$1.run(ThreadedTaskQueueExecutor.java:116)</st>
            <st ob="" eb="" sr="" id="2.29">	at edu.emory.mathcs.backport.java.util.concurrent.Executors$RunnableAdapter.call(Executors.java:442)</st>
            <st ob="" eb="" sr="" id="2.30">	at edu.emory.mathcs.backport.java.util.concurrent.FutureTask.run(FutureTask.java:178)</st>
            <st ob="" eb="" sr="" id="2.31">	at edu.emory.mathcs.backport.java.util.concurrent.ThreadPoolExecutor.runWorker(ThreadPoolExecutor.java:1061)</st>
            <st ob="" eb="" sr="" id="2.32">	at edu.emory.mathcs.backport.java.util.concurrent.ThreadPoolExecutor$Worker.run(ThreadPoolExecutor.java:575)</st>
            <st ob="" eb="" sr="" id="2.33">	at java.lang.Thread.run(Thread.java:595)</st>
            <st ob="" eb="" sr="" id="2.34">Caused by: java.sql.SQLException: Already closed.</st>
            <st ob="" eb="" sr="" id="2.35">at org.apache.tomcat.dbcp.dbcp.PoolableConnection.close(PoolableConnection.jav</st>
        </parg>
    </desc>
</bug>
