<?xml version="1.0" encoding="UTF-8" standalone="yes"?>
<bug no-bug="" comments="">
    <id>CONTINUUM-1920</id>
    <title ob="x" eb="" sr="">SVN hosted project - Impossible build with special password</title>
    <desc>
        <parg ob="" eb="" sr="" id="1">
            <st ob="" eb="" sr="" id="1.1">My SVN password contains the ' caracter.</st>
            <st ob="x" eb="" sr="" id="1.2">The build failed at the checkout :</st>
        </parg>
        <parg ob="" eb="" sr="" id="2">
            <st ob="" eb="" sr="" id="2.1">Provider message: The svn command failed.</st>
            <st ob="" eb="" sr="" id="2.2">Command output:</st>
            <st ob="" eb="" sr="" id="2.3">-------------------------------------------------------------------------------</st>
            <st ob="" eb="" sr="" id="2.4">/bin/sh: -c: line 0: unexpected EOF while looking for matching `''</st>
            <st ob="" eb="" sr="" id="2.5">/bin/sh: -c: line 1: syntax error: unexpected end of file</st>
            <st ob="" eb="" sr="" id="2.6">-------------------------------------------------------------------------------</st>
        </parg>
    </desc>
</bug>
