<?xml version="1.0" encoding="UTF-8" standalone="yes"?>
<bug no-bug="" comments="">
    <id>CONTINUUM-1835</id>
    <title ob="" eb="" sr="">Build definition updates incorrectly change previous build results</title>
    <desc>
        <parg ob="" eb="" sr="" id="1">
            <st ob="x" eb="" sr="" id="1.1">After updating some of the fields of a build definition, the build results that included that build definition show the new values as opposed to the values used when the build was created.</st>
            <st ob="x" eb="" sr="" id="1.2">Specifically, all values of that section changed when the values build definition were changed.</st>
            <st ob="x" eb="" sr="" id="1.3">It seems that the build results report only stores the ID of the build definition and not the actual values used during the build and then generates that section every time with the values currently in the database.</st>
        </parg>
    </desc>
</bug>
