<?xml version="1.0" encoding="UTF-8" standalone="yes"?>
<bug no-bug="" comments="">
    <id>CONTINUUM-1431</id>
    <title ob="x" eb="" sr="x">NPE after pressing "relase project' icon on shell projects</title>
    <desc>
        <parg ob="" eb="" sr="" id="1">
            <st ob="x" eb="" sr="x" id="1.1">After choosing release project on shell project you get NullPointerException.</st>
        </parg>
        <parg ob="" eb="" sr="" id="2">
            <st ob="" eb="" sr="" id="2.1">http://localhost:8080/continuum/releasePromptGoal.action?projectId=1&amp;projectGroupId=1#</st>
        </parg>
        <parg ob="" eb="" sr="" id="3">
            <st ob="" eb="" sr="" id="3.1">java.lang.NullPointerException: groupId was null</st>
            <st ob="" eb="" sr="" id="3.2">	at org.apache.maven.artifact.ArtifactUtils.versionlessKey(ArtifactUtils.java:54)</st>
            <st ob="" eb="" sr="" id="3.3">	at org.apache.maven.continuum.web.action.ReleaseProjectAction.promptReleaseGoal(ReleaseProjectAction.java:72)</st>
            <st ob="" eb="" sr="" id="3.4">	at sun.reflect.NativeMethodAccessorImpl.invoke0(Native Method)</st>
            <st ob="" eb="" sr="" id="3.5">	at sun.reflect.NativeMethodAccessorImpl.invoke(NativeMethodAccessorImpl.java:39)</st>
            <st ob="" eb="" sr="" id="3.6">	at sun.reflect.DelegatingMethodAccessorImpl.invoke(DelegatingMethodAccessorImpl.java:25)</st>
            <st ob="" eb="" sr="" id="3.7">	at java.lang.reflect.Method.invoke(Method.java:597)</st>
            <st ob="" eb="" sr="" id="3.8">	at com.opensymphony.xwork.DefaultActionInvocation.invokeAction(DefaultActionInvocation.java:364)</st>
            <st ob="" eb="" sr="" id="3.9">	at com.opensymphony.xwork.DefaultActionInvocation.invokeActionOnly(DefaultActionInvocation.java:216)</st>
            <st ob="" eb="" sr="" id="3.10">	at com.opensymphony.xwork.DefaultActionInvocation.invoke(DefaultActionInvocation.java:190)</st>
            <st ob="" eb="" sr="" id="3.11">	at com.opensymphony.xwork.interceptor.DefaultWorkflowInterceptor.doIntercept(DefaultWorkflowInterceptor.java:168)</st>
            <st ob="" eb="" sr="" id="3.12">	at com.opensymphony.xwork.interceptor.MethodFilterInterceptor.intercept(MethodFilterInterceptor.java:86)</st>
            <st ob="" eb="" sr="" id="3.13">	at com.opensymphony.xwork.DefaultActionInvocation.invoke(DefaultActionInvocation.java:188)</st>
            <st ob="" eb="" sr="" id="3.14">	at com.opensymphony.xwork.validator.ValidationInterceptor.doIntercept(ValidationInterceptor.java:115)</st>
            <st ob="" eb="" sr="" id="3.15">	at com.opensymphony.xwork.interceptor.MethodFilterInterceptor.intercept(MethodFilterInterceptor.java:86)</st>
            <st ob="" eb="" sr="" id="3.16">	at com.opensymphony.xwork.DefaultActionInvocation.invoke(DefaultActionInvocation.java:188)</st>
            <st ob="" eb="" sr="" id="3.17">	at org.apache.maven.continuum.web.interceptor.ForceContinuumConfigurationInterceptor.intercept(ForceContinuumConfigurationInterceptor.java:72)</st>
            <st ob="" eb="" sr="" id="3.18">	at com.opensymphony.xwork.DefaultActionInvocation.invoke(DefaultActionInvocation.java:188)</st>
            <st ob="" eb="" sr="" id="3.19">	at org.codehaus.plexus.redback.xwork.interceptor.PolicyEnforcementInterceptor.intercept(PolicyEnforcementInterceptor.java:103)</st>
            <st ob="" eb="" sr="" id="3.20">	at com.opensymphony.xwork.DefaultActionInvocation.invoke(DefaultActionInvocation.java:188)</st>
            <st ob="" eb="" sr="" id="3.21">	at org.codehaus.plexus.redback.xwork.interceptor.SecureActionInterceptor.intercept(SecureActionInterceptor.java:178)</st>
            <st ob="" eb="" sr="" id="3.22">	at com.opensymphony.xwork.DefaultActionInvocation.invoke(DefaultActionInvocation.java:188)</st>
            <st ob="" eb="" sr="" id="3.23">	at org.codehaus.plexus.xwork.interceptor.ExceptionMappingInterceptor.intercept(ExceptionMappingInterceptor.java:58)</st>
            <st ob="" eb="" sr="" id="3.24">	at com.opensymphony.xwork.DefaultActionInvocation.invoke(DefaultActionInvocation.java:188)</st>
            <st ob="" eb="" sr="" id="3.25">	at com.opensymphony.xwork.interceptor.DefaultWorkflowInterceptor.doIntercept(DefaultWorkflowInterceptor.java:168)</st>
            <st ob="" eb="" sr="" id="3.26">	at com.opensymphony.xwork.interceptor.MethodFilterInterceptor.intercept(MethodFilterInterceptor.java:86)</st>
            <st ob="" eb="" sr="" id="3.27">	at com.opensymphony.xwork.DefaultActionInvocation.invoke(DefaultActionInvocation.java:188)</st>
            <st ob="" eb="" sr="" id="3.28">	at com.opensymphony.xwork.validator.ValidationInterceptor.doIntercept(ValidationInterceptor.java:115)</st>
            <st ob="" eb="" sr="" id="3.29">	at com.opensymphony.xwork.interceptor.MethodFilterInterceptor.intercept(MethodFilterInterceptor.java:86)</st>
            <st ob="" eb="" sr="" id="3.30">	at com.opensymphony.xwork.DefaultActionInvocation.invoke(DefaultActionInvocation.java:188)</st>
            <st ob="" eb="" sr="" id="3.31">	at com.opensymphony.xwork.interceptor.AroundInterceptor.intercept(AroundInterceptor.java:31)</st>
            <st ob="" eb="" sr="" id="3.32">	at com.opensymphony.xwork.DefaultActionInvocation.invoke(DefaultActionInvocation.java:188)</st>
            <st ob="" eb="" sr="" id="3.33">	at com.opensymphony.xwork.interceptor.AroundInterceptor.intercept(AroundInterceptor.java:31)</st>
            <st ob="" eb="" sr="" id="3.34">	at com.opensymphony.xwork.DefaultActionInvocation.invoke(DefaultActionInvocation.java:188)</st>
            <st ob="" eb="" sr="" id="3.35">	at com.opensymphony.xwork.interceptor.AroundInterceptor.intercept(AroundInterceptor.java:31)</st>
            <st ob="" eb="" sr="" id="3.36">	at com.opensymphony.xwork.DefaultActionInvocation.invoke(DefaultActionInvocation.java:188)</st>
            <st ob="" eb="" sr="" id="3.37">	at com.opensymphony.webwork.interceptor.FileUploadInterceptor.intercept(FileUploadInterceptor.java:171)</st>
            <st ob="" eb="" sr="" id="3.38">	at com.opensymphony.xwork.DefaultActionInvocation.invoke(DefaultActionInvocation.java:188)</st>
            <st ob="" eb="" sr="" id="3.39">	at com.opensymphony.xwork.interceptor.AroundInterceptor.intercept(AroundInterceptor.java:31)</st>
            <st ob="" eb="" sr="" id="3.40">	at com.opensymphony.xwork.DefaultActionInvocation.invoke(DefaultActionInvocation.java:188)</st>
            <st ob="" eb="" sr="" id="3.41">	at com.opensymphony.webwork.interceptor.debugging.DebuggingInterceptor.intercept(DebuggingInterceptor.java:147)</st>
            <st ob="" eb="" sr="" id="3.42">	at com.opensymphony.xwork.DefaultActionInvocation.invoke(DefaultActionInvocation.java:188)</st>
            <st ob="" eb="" sr="" id="3.43">	at com.opensymphony.xwork.interceptor.AroundInterceptor.intercept(AroundInterceptor.java:31)</st>
            <st ob="" eb="" sr="" id="3.44">	at com.opensymphony.xwork.DefaultActionInvocation.invoke(DefaultActionInvocation.java:188)</st>
            <st ob="" eb="" sr="" id="3.45">	at com.opensymphony.xwork.interceptor.I18nInterceptor.intercept(I18nInterceptor.java:151)</st>
            <st ob="" eb="" sr="" id="3.46">	at com.opensymphony.xwork.DefaultActionInvocation.invoke(DefaultActionInvocation.java:188)</st>
            <st ob="" eb="" sr="" id="3.47">	at com.opensymphony.xwork.interceptor.AroundInterceptor.intercept(AroundInterceptor.java:31)</st>
            <st ob="" eb="" sr="" id="3.48">	at com.opensymphony.xwork.DefaultActionInvocation.invoke(DefaultActionInvocation.java:188)</st>
            <st ob="" eb="" sr="" id="3.49">	at com.opensymphony.xwork.interceptor.AroundInterceptor.intercept(AroundInterceptor.java:31)</st>
            <st ob="" eb="" sr="" id="3.50">	at com.opensymphony.xwork.DefaultActionInvocation.invoke(DefaultActionInvocation.java:188)</st>
            <st ob="" eb="" sr="" id="3.51">	at com.opensymphony.xwork.interceptor.AroundInterceptor.intercept(AroundInterceptor.java:31)</st>
            <st ob="" eb="" sr="" id="3.52">	at com.opensymphony.xwork.DefaultActionInvocation.invoke(DefaultActionInvocation.java:188)</st>
            <st ob="" eb="" sr="" id="3.53">	at com.opensymphony.xwork.interceptor.ExceptionMappingInterceptor.intercept(ExceptionMappingInterceptor.java:186)</st>
            <st ob="" eb="" sr="" id="3.54">	at com.opensymphony.xwork.DefaultActionInvocation.invoke(DefaultActionInvocation.java:188)</st>
            <st ob="" eb="" sr="" id="3.55">	at org.codehaus.plexus.redback.xwork.interceptor.AutoLoginInterceptor.intercept(AutoLoginInterceptor.java:156)</st>
            <st ob="" eb="" sr="" id="3.56">	at com.opensymphony.xwork.DefaultActionInvocation.invoke(DefaultActionInvocation.java:188)</st>
            <st ob="" eb="" sr="" id="3.57">	at org.codehaus.plexus.redback.xwork.interceptor.ForceAdminUserInterceptor.intercept(ForceAdminUserInterceptor.java:63)</st>
            <st ob="" eb="" sr="" id="3.58">	at com.opensymphony.xwork.DefaultActionInvocation.invoke(DefaultActionInvocation.java:188)</st>
            <st ob="" eb="" sr="" id="3.59">	at org.codehaus.plexus.redback.xwork.interceptor.EnvironmentCheckInterceptor.intercept(EnvironmentCheckInterceptor.java:122)</st>
            <st ob="" eb="" sr="" id="3.60">	at com.opensymphony.xwork.DefaultActionInvocation.invoke(DefaultActionInvocation.java:188)</st>
            <st ob="" eb="" sr="" id="3.61">	at com.opensymphony.xwork.DefaultActionProxy.execute(DefaultActionProxy.java:113)</st>
            <st ob="" eb="" sr="" id="3.62">	at com.opensymphony.webwork.dispatcher.DispatcherUtils.serviceAction(DispatcherUtils.java:225)</st>
            <st ob="" eb="" sr="" id="3.63">	at com.opensymphony.webwork.dispatcher.FilterDispatcher.doFilter(FilterDispatcher.java:202)</st>
            <st ob="" eb="" sr="" id="3.64">	at org.mortbay.jetty.servlet.WebApplicationHandler$CachedChain.doFilter(WebApplicationHandler.java:821)</st>
            <st ob="" eb="" sr="" id="3.65">	at com.opensymphony.module.sitemesh.filter.PageFilter.parsePage(PageFilter.java:118)</st>
            <st ob="" eb="" sr="" id="3.66">	at com.opensymphony.module.sitemesh.filter.PageFilter.doFilter(PageFilter.java:52)</st>
            <st ob="" eb="" sr="" id="3.67">	at org.mortbay.jetty.servlet.WebApplicationHandler$CachedChain.doFilter(WebApplicationHandler.java:821)</st>
            <st ob="" eb="" sr="" id="3.68">	at com.opensymphony.webwork.dispatcher.ActionContextCleanUp.doFilter(ActionContextCleanUp.java:88)</st>
            <st ob="" eb="" sr="" id="3.69">	at org.mortbay.jetty.servlet.WebApplicationHandler$CachedChain.doFilter(WebApplicationHandler.java:821)</st>
            <st ob="" eb="" sr="" id="3.70">	at org.mortbay.jetty.servlet.WebApplicationHandler.dispatch(WebApplicationHandler.java:471)</st>
            <st ob="" eb="" sr="" id="3.71">	at org.mortbay.jetty.servlet.ServletHandler.handle(ServletHandler.java:568)</st>
            <st ob="" eb="" sr="" id="3.72">	at org.mortbay.http.HttpContext.handle(HttpContext.java:1530)</st>
            <st ob="" eb="" sr="" id="3.73">	at org.mortbay.jetty.servlet.WebApplicationContext.handle(WebApplicationContext.java:633)</st>
            <st ob="" eb="" sr="" id="3.74">	at org.mortbay.http.HttpContext.handle(HttpContext.java:1482)</st>
            <st ob="" eb="" sr="" id="3.75">	at org.mortbay.http.HttpServer.service(HttpServer.java:909)</st>
            <st ob="" eb="" sr="" id="3.76">	at org.mortbay.http.HttpConnection.service(HttpConnection.java:816)</st>
            <st ob="" eb="" sr="" id="3.77">	at org.mortbay.http.HttpConnection.handleNext(HttpConnection.java:982)</st>
            <st ob="" eb="" sr="" id="3.78">	at org.mortbay.http.HttpConnection.handle(HttpConnection.java:833)</st>
            <st ob="" eb="" sr="" id="3.79">	at org.mortbay.http.SocketListener.handleConnection(SocketListener.java:244)</st>
            <st ob="" eb="" sr="" id="3.80">	at org.mortbay.util.ThreadedServer.handle(ThreadedServer.java:357)</st>
            <st ob="" eb="" sr="" id="3.81">	at org.mortbay.util.ThreadPool$PoolThread.run(ThreadPool.java:534)</st>
        </parg>
    </desc>
</bug>
