<?xml version="1.0" encoding="UTF-8" standalone="yes"?>
<bug no-bug="" comments="">
    <id>CONTINUUM-1622</id>
    <title ob="x" eb="" sr="">ORA-00910: specified length too long for its datatype on continuum startup</title>
    <desc>
        <parg ob="" eb="" sr="" id="1">
            <st ob="" eb="" sr="" id="1.1">I get this error when I startup Tomcat for the 1st time.</st>
        </parg>
        <parg ob="" eb="" sr="" id="2">
            <st ob="" eb="" sr="" id="2.1">I have looked at:</st>
            <st ob="" eb="" sr="" id="2.2">http://jira.codehaus.org/browse/CONTINUUM-1189</st>
        </parg>
        <parg ob="" eb="" sr="" id="3">
            <st ob="x" eb="" sr="" id="3.1">And I have the same error, but I can't find a resolution for version 1.1 NOT 1.1 alpha:</st>
        </parg>
        <parg ob="" eb="" sr="" id="4">
            <st ob="" eb="" sr="" id="4.1">2007-12-20 16:50:27,549 [main] INFO  org.apache.maven.continuum.execution.manager.BuildExecutorManager:default  - Build executors:</st>
            <st ob="" eb="" sr="" id="4.2">2007-12-20 16:50:27,550 [main] INFO  org.apache.maven.continuum.execution.manager.BuildExecutorManager:default   -   ant</st>
            <st ob="" eb="" sr="" id="4.3">2007-12-20 16:50:27,550 [main] INFO  org.apache.maven.continuum.execution.manager.BuildExecutorManager:default  -   maven-1</st>
            <st ob="" eb="" sr="" id="4.4">2007-12-20 16:50:27,551 [main] INFO  org.apache.maven.continuum.execution.manager.BuildExecutorManager:default   -   maven2</st>
            <st ob="" eb="" sr="" id="4.5">2007-12-20 16:50:27,551 [main] INFO  org.apache.maven.continuum.execution.manager.BuildExecutorManager:default  -   shell</st>
            <st ob="" eb="" sr="" id="4.6">2007-12-20 16:50:27,615 [main] INFO  org.apache.maven.continuum.Continuum:default   - Initializing Continuum.</st>
            <st ob="" eb="" sr="" id="4.7">2007-12-20 16:50:27,616 [main] INFO  org.apache.maven.continuum.Continuum:default  - Showing all projects:</st>
            <st ob="" eb="" sr="" id="4.8">2007-12-20 16:50:27,884 [main] ERROR JPOX.RDBMS  - Error thrown executing CREATE TABLE CHANGESET</st>
            <st ob="" eb="" sr="" id="4.9">(</st>
            <st ob="" eb="" sr="" id="4.10">CHANGESET_ID NUMBER NOT NULL,</st>
            <st ob="" eb="" sr="" id="4.11">AUTHOR VARCHAR2(255) NULL,</st>
            <st ob="" eb="" sr="" id="4.12">CHANGECOMMENT VARCHAR2(8192) NULL,</st>
            <st ob="" eb="" sr="" id="4.13">CHANGEDATE NUMBER NOT NULL,</st>
            <st ob="" eb="" sr="" id="4.14">ID VARCHAR2(255) NULL,</st>
            <st ob="" eb="" sr="" id="4.15">MODEL_ENCODING VARCHAR2(255) NULL,</st>
            <st ob="" eb="" sr="" id="4.16">CHANGES_SCMRESULT_ID_OID NUMBER NULL,</st>
            <st ob="" eb="" sr="" id="4.17">CHANGES_INTEGER_IDX NUMBER(10) NULL</st>
            <st ob="" eb="" sr="" id="4.18">) : ORA-00910: specified length too long for its datatype</st>
        </parg>
        <parg ob="" eb="" sr="" id="5">
            <st ob="" eb="" sr="" id="5.1">java.sql.SQLException: ORA-00910: specified length too long for its datatype</st>
        </parg>
        <parg ob="" eb="" sr="" id="6">
            <st ob="" eb="" sr="" id="6.1">        at oracle.jdbc.driver.DatabaseError.throwSqlException(DatabaseError.java:158)</st>
            <st ob="" eb="" sr="" id="6.2">        at oracle.jdbc.driver.T4CTTIoer.processError(T4CTTIoer.java:316)</st>
            <st ob="" eb="" sr="" id="6.3">at oracle.jdbc.driver.T4CTTIoer.processError (T4CTTIoer.java:282)</st>
            <st ob="" eb="" sr="" id="6.4">        at oracle.jdbc.driver.T4C8Oall.receive(T4C8Oall.java:639)</st>
            <st ob="" eb="" sr="" id="6.5">        at oracle.jdbc.driver.T4CStatement.doOall8(T4CStatement.java:113)</st>
            <st ob="" eb="" sr="" id="6.6">at oracle.jdbc.driver.T4CStatement.execute_for_rows (T4CStatement.java:703)</st>
            <st ob="" eb="" sr="" id="6.7">        at oracle.jdbc.driver.OracleStatement.doExecuteWithTimeout(OracleStatement.java:1196)</st>
            <st ob="" eb="" sr="" id="6.8">        at oracle.jdbc.driver.OracleStatement.execute(OracleStatement.java:1804)</st>
            <st ob="" eb="" sr="" id="6.9">at org.apache.tomcat.dbcp.dbcp.DelegatingStatement.execute (DelegatingStatement.java:264)</st>
            <st ob="" eb="" sr="" id="6.10">        at org.jpox.store.rdbms.table.AbstractTable.executeDdlStatement(AbstractTable.java:614)</st>
            <st ob="" eb="" sr="" id="6.11">at org.jpox.store.rdbms.table.AbstractTable.executeDdlStatementList(AbstractTable.java :570)</st>
            <st ob="" eb="" sr="" id="6.12">        at org.jpox.store.rdbms.table.AbstractTable.create(AbstractTable.java:297)</st>
            <st ob="" eb="" sr="" id="6.13">        at org.jpox.store.rdbms.table.AbstractTable.exists(AbstractTable.java:341)</st>
            <st ob="" eb="" sr="" id="6.14">at org.jpox.store.rdbms.RDBMSManager$ClassAdder.performTablesValidation (RDBMSManager.java:3052)</st>
            <st ob="" eb="" sr="" id="6.15">        at org.jpox.store.rdbms.RDBMSManager$ClassAdder.addClassTablesAndValidate(RDBMSManager.java:3313)</st>
            <st ob="" eb="" sr="" id="6.16">        at org.jpox.store.rdbms.RDBMSManager$ClassAdder.run(RDBMSManager.java:2554)</st>
            <st ob="" eb="" sr="" id="6.17">        at org.jpox.store.rdbms.RDBMSManager$MgmtTransaction.execute(RDBMSManager.java:2406)</st>
            <st ob="" eb="" sr="" id="6.18">        at org.jpox.store.rdbms.RDBMSManager.addClasses(RDBMSManager.java:821)</st>
            <st ob="" eb="" sr="" id="6.19">at org.jpox.store.rdbms.RDBMSManager.addClass (RDBMSManager.java:835)</st>
            <st ob="" eb="" sr="" id="6.20">        at org.jpox.store.StoreManager.getDatastoreClass(StoreManager.java:1161)</st>
            <st ob="" eb="" sr="" id="6.21">        at org.jpox.store.rdbms.RDBMSManager.getExtent(RDBMSManager.java:1354)</st>
            <st ob="" eb="" sr="" id="6.22">at org.jpox.AbstractPersistenceManager.getExtent (AbstractPersistenceManager.java:2312)</st>
            <st ob="" eb="" sr="" id="6.23">        at org.codehaus.plexus.jdo.PlexusJdoUtils.getAllObjectsDetached(PlexusJdoUtils.java:358)</st>
            <st ob="" eb="" sr="" id="6.24">at org.codehaus.plexus.jdo.PlexusJdoUtils.getAllObjectsDetached(PlexusJdoUtils.java :342)</st>
            <st ob="" eb="" sr="" id="6.25">        at org.apache.maven.continuum.store.JdoContinuumStore.getAllObjectsDetached(JdoContinuumStore.java:1936)</st>
            <st ob="" eb="" sr="" id="6.26">at org.apache.maven.continuum.store.JdoContinuumStore.getAllObjectsDetached(JdoContinuumStore.java :1921)</st>
            <st ob="" eb="" sr="" id="6.27">        at org.apache.maven.continuum.store.JdoContinuumStore.getAllProjectsByNameWithBuildDetails(JdoContinuumStore.java:1128)</st>
            <st ob="" eb="" sr="" id="6.28">at org.apache.maven.continuum.DefaultContinuum.initialize(DefaultContinuum.java :2648)</st>
            <st ob="" eb="" sr="" id="6.29">        at org.codehaus.plexus.personality.plexus.lifecycle.phase.InitializePhase.execute(InitializePhase.java:33)</st>
            <st ob="" eb="" sr="" id="6.30">at org.codehaus.plexus.lifecycle.AbstractLifecycleHandler.start(AbstractLifecycleHandler.java :128)</st>
            <st ob="" eb="" sr="" id="6.31">        at org.codehaus.plexus.component.manager.AbstractComponentManager.startComponentLifecycle(AbstractComponentManager.java:142)</st>
            <st ob="" eb="" sr="" id="6.32">at org.codehaus.plexus.component.manager.AbstractComponentManager.createComponentInstance (AbstractComponentManager.java:132)</st>
            <st ob="" eb="" sr="" id="6.33">        at org.codehaus.plexus.component.manager.ClassicSingletonComponentManager.getComponent(ClassicSingletonComponentManager.java:90)</st>
            <st ob="" eb="" sr="" id="6.34">at org.codehaus.plexus.DefaultComponentLookupManager.lookup (DefaultComponentLookupManager.java:147)</st>
            <st ob="" eb="" sr="" id="6.35">        at org.codehaus.plexus.DefaultPlexusContainer.lookup(DefaultPlexusContainer.java:327)</st>
            <st ob="" eb="" sr="" id="6.36">at org.codehaus.plexus.container.initialization.StartLoadOnStartComponentsPhase.execute (StartLoadOnStartComponentsPhase.java:68)</st>
            <st ob="" eb="" sr="" id="6.37">        at org.codehaus.plexus.DefaultPlexusContainer.initializePhases(DefaultPlexusContainer.java:886)</st>
            <st ob="" eb="" sr="" id="6.38">at org.codehaus.plexus.DefaultPlexusContainer.initialize(DefaultPlexusContainer.java :834)</st>
            <st ob="" eb="" sr="" id="6.39">        at org.codehaus.plexus.DefaultPlexusContainer.construct(DefaultPlexusContainer.java:811)</st>
            <st ob="" eb="" sr="" id="6.40">        at org.codehaus.plexus.DefaultPlexusContainer.&lt;init&gt;(DefaultPlexusContainer.java:222)</st>
            <st ob="" eb="" sr="" id="6.41">        at org.codehaus.plexus.DefaultPlexusContainer.&lt;init&gt;(DefaultPlexusContainer.java:260)</st>
            <st ob="" eb="" sr="" id="6.42">        at org.codehaus.plexus.xwork.PlexusLifecycleListener.contextInitialized(PlexusLifecycleListener.java:76)</st>
            <st ob="" eb="" sr="" id="6.43">at org.apache.catalina.core.StandardContext.listenerStart (StandardContext.java:3764)</st>
            <st ob="" eb="" sr="" id="6.44">        at org.apache.catalina.core.StandardContext.start(StandardContext.java:4216)</st>
            <st ob="" eb="" sr="" id="6.45">        at org.apache.catalina.core.ContainerBase.addChildInternal(ContainerBase.java:760)</st>
            <st ob="" eb="" sr="" id="6.46">        at org.apache.catalina.core.ContainerBase.addChild(ContainerBase.java:740)</st>
            <st ob="" eb="" sr="" id="6.47">        at org.apache.catalina.core.StandardHost.addChild(StandardHost.java:544)</st>
            <st ob="" eb="" sr="" id="6.48">at org.apache.catalina.startup.HostConfig.deployDescriptor (HostConfig.java:626)</st>
            <st ob="" eb="" sr="" id="6.49">        at org.apache.catalina.startup.HostConfig.deployDescriptors(HostConfig.java:553)</st>
            <st ob="" eb="" sr="" id="6.50">        at org.apache.catalina.startup.HostConfig.deployApps(HostConfig.java:488)</st>
            <st ob="" eb="" sr="" id="6.51">at org.apache.catalina.startup.HostConfig.start (HostConfig.java:1138)</st>
            <st ob="" eb="" sr="" id="6.52">        at org.apache.catalina.startup.HostConfig.lifecycleEvent(HostConfig.java:311)</st>
            <st ob="" eb="" sr="" id="6.53">        at org.apache.catalina.util.LifecycleSupport.fireLifecycleEvent(LifecycleSupport.java:120)</st>
            <st ob="" eb="" sr="" id="6.54">        at org.apache.catalina.core.ContainerBase.start(ContainerBase.java:1022)</st>
            <st ob="" eb="" sr="" id="6.55">        at org.apache.catalina.core.StandardHost.start(StandardHost.java:736)</st>
            <st ob="" eb="" sr="" id="6.56">at org.apache.catalina.core.ContainerBase.start(ContainerBase.java :1014)</st>
            <st ob="" eb="" sr="" id="6.57">        at org.apache.catalina.core.StandardEngine.start(StandardEngine.java:443)</st>
            <st ob="" eb="" sr="" id="6.58">        at org.apache.catalina.core.StandardService.start(StandardService.java:448)</st>
            <st ob="" eb="" sr="" id="6.59">at org.apache.catalina.core.StandardServer.start (StandardServer.java:700)</st>
            <st ob="" eb="" sr="" id="6.60">        at org.apache.catalina.startup.Catalina.start(Catalina.java:552)</st>
            <st ob="" eb="" sr="" id="6.61">        at sun.reflect.NativeMethodAccessorImpl.invoke0(Native Method)</st>
            <st ob="" eb="" sr="" id="6.62">at sun.reflect.NativeMethodAccessorImpl.invoke (NativeMethodAccessorImpl.java:39)</st>
            <st ob="" eb="" sr="" id="6.63">        at sun.reflect.DelegatingMethodAccessorImpl.invoke(DelegatingMethodAccessorImpl.java:25)</st>
            <st ob="" eb="" sr="" id="6.64">        at java.lang.reflect.Method.invoke(Method.java:585)</st>
            <st ob="" eb="" sr="" id="6.65">at org.apache.catalina.startup.Bootstrap.start (Bootstrap.java:295)</st>
            <st ob="" eb="" sr="" id="6.66">        at org.apache.catalina.startup.Bootstrap.main(Bootstrap.java:433)</st>
        </parg>
        <parg ob="" eb="" sr="" id="7">
            <st ob="" eb="" sr="" id="7.1">2007-12-20 16:50:27,889 [main] ERROR JPOX.RDBMS.Schema  - An exception was thrown while adding/validating class(es) : ORA-00910: specified length too long for its datatype</st>
        </parg>
    </desc>
</bug>
