<?xml version="1.0" encoding="UTF-8" standalone="yes"?>
<bug no-bug="" comments="">
    <id>CONTINUUM-2158</id>
    <title ob="x" eb="" sr="">Missing "Local repositories" link in Administration section</title>
    <desc>
        <parg ob="" eb="" sr="" id="1">
            <st ob="x" eb="" sr="" id="1.1">The page from continuum documentation - http://continuum.apache.org/docs/1.2.3/administrator_guides/localRepository.html - says that there should be a link named "Local repositories" in Administration section of Continuum web interface.</st>
            <st ob="x" eb="" sr="x" id="1.2">However, in our installation this link is missing, see attached screenshot.</st>
            <st ob="" eb="" sr="" id="1.3">Any environment information can be provided if needed.</st>
        </parg>
    </desc>
</bug>
