<?xml version="1.0" encoding="UTF-8" standalone="yes"?>
<bug no-bug="" comments="">
    <id>CONTINUUM-1896</id>
    <title ob="" eb="" sr="">Upgrading from 1.1 to 1.2</title>
    <desc>
        <parg ob="" eb="" sr="" id="1">
            <st ob="" eb="" sr="" id="1.1">When upgrading from 1.1 to 1.2</st>
        </parg>
        <parg ob="" eb="" sr="" id="2">
            <st ob="" eb="" sr="x" id="2.1">1- Install continuum 1.2</st>
            <st ob="" eb="" sr="x" id="2.2">2- Sart continuum</st>
            <st ob="" eb="" sr="x" id="2.3">3-Stop continuum</st>
            <st ob="" eb="" sr="x" id="2.4">4-replace database with 1.1 database (continuum+users)</st>
            <st ob="" eb="" sr="x" id="2.5">5-start continuum</st>
            <st ob="x" eb="" sr="" id="2.6">6-If you clic configuration or try to delete any project/group you get NPE</st>
        </parg>
        <parg ob="" eb="" sr="" id="3">
            <st ob="" eb="" sr="" id="3.1">Workaround: Install 1.2, start continuum, complete wizard for admin user + config path, stop continuum, copy database, restart continuum</st>
        </parg>
        <parg ob="" eb="" sr="" id="4">
            <st ob="" eb="" sr="" id="4.1">Trace:</st>
        </parg>
        <parg ob="" eb="" sr="" id="5">
            <st ob="" eb="" sr="" id="5.1">java.lang.NullPointerException</st>
            <st ob="" eb="" sr="" id="5.2">	at org.apache.maven.continuum.configuration.DefaultConfigurationService.setReleaseOutputDirectory(DefaultConfigurationService.java:263)</st>
            <st ob="" eb="" sr="" id="5.3">	at org.apache.maven.continuum.configuration.DefaultConfigurationService.getReleaseOutputDirectory(DefaultConfigurationService.java:253)</st>
            <st ob="" eb="" sr="" id="5.4">	at org.apache.maven.continuum.web.action.admin.ConfigurationAction.prepare(ConfigurationAction.java:92)</st>
            <st ob="" eb="" sr="" id="5.5">	at com.opensymphony.xwork.interceptor.PrepareInterceptor.before(PrepareInterceptor.java:106)</st>
            <st ob="" eb="" sr="" id="5.6">	at com.opensymphony.xwork.interceptor.AroundInterceptor.intercept(AroundInterceptor.java:30)</st>
            <st ob="" eb="" sr="" id="5.7">	at com.opensymphony.xwork.DefaultActionInvocation.invoke(DefaultActionInvocation.java:190)</st>
            <st ob="" eb="" sr="" id="5.8">	at com.opensymphony.xwork.interceptor.AroundInterceptor.intercept(AroundInterceptor.java:31)</st>
            <st ob="" eb="" sr="" id="5.9">	at com.opensymphony.xwork.DefaultActionInvocation.invoke(DefaultActionInvocation.java:190)</st>
            <st ob="" eb="" sr="" id="5.10">	at com.opensymphony.xwork.interceptor.AroundInterceptor.intercept(AroundInterceptor.java:31)</st>
            <st ob="" eb="" sr="" id="5.11">	at com.opensymphony.xwork.DefaultActionInvocation.invoke(DefaultActionInvocation.java:190)</st>
            <st ob="" eb="" sr="" id="5.12">	at com.opensymphony.xwork.interceptor.ExceptionMappingInterceptor.intercept(ExceptionMappingInterceptor.java:186)</st>
            <st ob="" eb="" sr="" id="5.13">	at com.opensymphony.xwork.DefaultActionInvocation.invoke(DefaultActionInvocation.java:190)</st>
            <st ob="" eb="" sr="" id="5.14">	at org.codehaus.plexus.redback.xwork.interceptor.AutoLoginInterceptor.intercept(AutoLoginInterceptor.java:156)</st>
            <st ob="" eb="" sr="" id="5.15">	at com.opensymphony.xwork.DefaultActionInvocation.invoke(DefaultActionInvocation.java:190)</st>
            <st ob="" eb="" sr="" id="5.16">	at org.codehaus.plexus.redback.xwork.interceptor.ForceAdminUserInterceptor.intercept(ForceAdminUserInterceptor.java:76)</st>
            <st ob="" eb="" sr="" id="5.17">	at com.opensymphony.xwork.DefaultActionInvocation.invoke(DefaultActionInvocation.java:190)</st>
            <st ob="" eb="" sr="" id="5.18">	at org.codehaus.plexus.redback.xwork.interceptor.EnvironmentCheckInterceptor.intercept(EnvironmentCheckInterceptor.java:122)</st>
            <st ob="" eb="" sr="" id="5.19">	at com.opensymphony.xwork.DefaultActionInvocation.invoke(DefaultActionInvocation.java:190)</st>
            <st ob="" eb="" sr="" id="5.20">	at com.opensymphony.xwork.DefaultActionProxy.execute(DefaultActionProxy.java:116)</st>
            <st ob="" eb="" sr="" id="5.21">	at com.opensymphony.webwork.dispatcher.DispatcherUtils.serviceAction(DispatcherUtils.java:273)</st>
            <st ob="" eb="" sr="" id="5.22">	at com.opensymphony.webwork.dispatcher.FilterDispatcher.doFilter(FilterDispatcher.java:202)</st>
            <st ob="" eb="" sr="" id="5.23">	at org.mortbay.jetty.servlet.ServletHandler$CachedChain.doFilter(ServletHandler.java:1088)</st>
            <st ob="" eb="" sr="" id="5.24">	at com.opensymphony.module.sitemesh.filter.PageFilter.parsePage(PageFilter.java:118)</st>
            <st ob="" eb="" sr="" id="5.25">	at com.opensymphony.module.sitemesh.filter.PageFilter.doFilter(PageFilter.java:52)</st>
            <st ob="" eb="" sr="" id="5.26">	at org.mortbay.jetty.servlet.ServletHandler$CachedChain.doFilter(ServletHandler.java:1088)</st>
            <st ob="" eb="" sr="" id="5.27">	at com.opensymphony.webwork.dispatcher.ActionContextCleanUp.doFilter(ActionContextCleanUp.java:88)</st>
            <st ob="" eb="" sr="" id="5.28">	at org.mortbay.jetty.servlet.ServletHandler$CachedChain.doFilter(ServletHandler.java:1088)</st>
            <st ob="" eb="" sr="" id="5.29">	at org.mortbay.jetty.servlet.ServletHandler.handle(ServletHandler.java:360)</st>
            <st ob="" eb="" sr="" id="5.30">	at org.mortbay.jetty.security.SecurityHandler.handle(SecurityHandler.java:216)</st>
            <st ob="" eb="" sr="" id="5.31">	at org.mortbay.jetty.servlet.SessionHandler.handle(SessionHandler.java:181)</st>
            <st ob="" eb="" sr="" id="5.32">	at org.mortbay.jetty.handler.ContextHandler.handle(ContextHandler.java:729)</st>
            <st ob="" eb="" sr="" id="5.33">	at org.mortbay.jetty.webapp.WebAppContext.handle(WebAppContext.java:405)</st>
            <st ob="" eb="" sr="" id="5.34">	at org.mortbay.jetty.handler.ContextHandlerCollection.handle(ContextHandlerCollection.java:206)</st>
            <st ob="" eb="" sr="" id="5.35">	at org.mortbay.jetty.handler.HandlerCollection.handle(HandlerCollection.java:114)</st>
            <st ob="" eb="" sr="" id="5.36">	at org.mortbay.jetty.handler.HandlerWrapper.handle(HandlerWrapper.java:152)</st>
            <st ob="" eb="" sr="" id="5.37">	at org.mortbay.jetty.Server.handle(Server.java:324)</st>
            <st ob="" eb="" sr="" id="5.38">	at org.mortbay.jetty.HttpConnection.handleRequest(HttpConnection.java:505)</st>
            <st ob="" eb="" sr="" id="5.39">	at org.mortbay.jetty.HttpConnection$RequestHandler.headerComplete(HttpConnection.java:829)</st>
            <st ob="" eb="" sr="" id="5.40">	at org.mortbay.jetty.HttpParser.parseNext(HttpParser.java:513)</st>
            <st ob="" eb="" sr="" id="5.41">	at org.mortbay.jetty.HttpParser.parseAvailable(HttpParser.java:211)</st>
            <st ob="" eb="" sr="" id="5.42">	at org.mortbay.jetty.HttpConnection.handle(HttpConnection.java:380)</st>
            <st ob="" eb="" sr="" id="5.43">	at org.mortbay.io.nio.SelectChannelEndPoint.run(SelectChannelEndPoint.java:395)</st>
            <st ob="" eb="" sr="" id="5.44">	at org.mortbay.thread.BoundedThreadPool$PoolThread.run(BoundedThreadPool.java:450)</st>
        </parg>
    </desc>
</bug>
