<?xml version="1.0" encoding="UTF-8" standalone="yes"?>
<bug no-bug="" comments="">
    <id>CONTINUUM-1892</id>
    <title ob="x" eb="" sr="">NullPointer exceptions during release and viewing configuration</title>
    <desc>
        <parg ob="" eb="" sr="" id="1">
            <st ob="" eb="" sr="x" id="1.1">I'm trying out the upcoming 1.2 release (take 4) download at http://people.apache.org/builds/continuum/1.2/</st>
        </parg>
        <parg ob="" eb="" sr="" id="2">
            <st ob="" eb="" sr="x" id="2.1">when running a release cycle i got a NP exception on the last step of the release cycle java.lang.NullPointerException</st>
            <st ob="" eb="" sr="" id="2.2">        at org.apache.maven.continuum.configuration.DefaultConfigurationService.setReleaseOutputDirectory(DefaultConfigurationService.java:263)</st>
            <st ob="" eb="" sr="" id="2.3">        at org.apache.maven.continuum.configuration.DefaultConfigurationService.getReleaseOutputDirectory(DefaultConfigurationService.java:253)</st>
            <st ob="" eb="" sr="" id="2.4">a</st>
        </parg>
        <parg ob="" eb="" sr="" id="3">
            <st ob="" eb="" sr="x" id="3.1">when checking configuration i get :</st>
            <st ob="" eb="" sr="" id="3.2">java.lang.NullPointerException</st>
            <st ob="" eb="" sr="" id="3.3">        at org.apache.maven.continuum.configuration.DefaultConfigurationService.setReleaseOutputDirectory(DefaultConfigurationService.java:263)</st>
            <st ob="" eb="" sr="" id="3.4">        at org.apache.maven.continuum.configuration.DefaultConfigurationService.getReleaseOutputDirectory(DefaultConfigurationService.java:253)</st>
            <st ob="" eb="" sr="" id="3.5">        at org.apache.maven.continuum.web.action.admin.ConfigurationAction.prepare(ConfigurationAction.java:92)</st>
            <st ob="" eb="" sr="" id="3.6">        at com.opensymphony.xwork.interceptor.PrepareInterceptor.before(PrepareInterceptor.java:106)</st>
            <st ob="" eb="" sr="" id="3.7">        at com.opensymphony.xwork.interceptor.AroundInterceptor.intercept(AroundInterceptor.java:30)</st>
            <st ob="" eb="" sr="" id="3.8">        at com.opensymphony.xwork.DefaultActionInvocation.invoke(DefaultActionInvocation.java:190)</st>
            <st ob="" eb="" sr="" id="3.9">        at com.opensymphony.xwork.interceptor.AroundInterceptor.intercept(AroundInterceptor.java:31)</st>
            <st ob="" eb="" sr="" id="3.10">        at com.opensymphony.xwork.DefaultActionInvocation.invoke(DefaultActionInvocation.java:190)</st>
            <st ob="" eb="" sr="" id="3.11">        at com.opensymphony.xwork.interceptor.AroundInterceptor.intercept(AroundInterceptor.java:31)</st>
            <st ob="" eb="" sr="" id="3.12">        at com.opensymphony.xwork.DefaultActionInvocation.invoke(DefaultActionInvocation.java:190)</st>
            <st ob="" eb="" sr="" id="3.13">        at com.opensymphony.xwork.interceptor.ExceptionMappingInterceptor.intercept(ExceptionMappingInterceptor.java:186)</st>
            <st ob="" eb="" sr="" id="3.14">        at com.opensymphony.xwork.DefaultActionInvocation.invoke(DefaultActionInvocation.java:190)</st>
            <st ob="" eb="" sr="" id="3.15">        at org.codehaus.plexus.redback.xwork.interceptor.AutoLoginInterceptor.intercept(AutoLoginInterceptor.java:156)</st>
            <st ob="" eb="" sr="" id="3.16">        at com.opensymphony.xwork.DefaultActionInvocation.invoke(DefaultActionInvocation.java:190)</st>
            <st ob="" eb="" sr="" id="3.17">        at org.codehaus.plexus.redback.xwork.interceptor.ForceAdminUserInterceptor.intercept(ForceAdminUserInterceptor.java:76)</st>
            <st ob="" eb="" sr="" id="3.18">        at com.opensymphony.xwork.DefaultActionInvocation.invoke(DefaultActionInvocation.java:190)</st>
            <st ob="" eb="" sr="" id="3.19">        at org.codehaus.plexus.redback.xwork.interceptor.EnvironmentCheckInterceptor.intercept(EnvironmentCheckInterceptor.java:122)</st>
            <st ob="" eb="" sr="" id="3.20">        at com.opensymphony.xwork.DefaultActionInvocation.invoke(DefaultActionInvocation.java:190)</st>
            <st ob="" eb="" sr="" id="3.21">        at com.opensymphony.xwork.DefaultActionProxy.execute(DefaultActionProxy.java:116)</st>
            <st ob="" eb="" sr="" id="3.22">        at com.opensymphony.webwork.dispatcher.DispatcherUtils.serviceAction(DispatcherUtils.java:273)</st>
            <st ob="" eb="" sr="" id="3.23">        at com.opensymphony.webwork.dispatcher.FilterDispatcher.doFilter(FilterDispatcher.java:202)</st>
            <st ob="" eb="" sr="" id="3.24">        at org.apache.catalina.core.ApplicationFilterChain.internalDoFilter(ApplicationFilterChain.java:235)</st>
            <st ob="" eb="" sr="" id="3.25">        at org.apache.catalina.core.ApplicationFilterChain.doFilter(ApplicationFilterChain.java:206)</st>
            <st ob="" eb="" sr="" id="3.26">        at com.opensymphony.module.sitemesh.filter.PageFilter.parsePage(PageFilter.java:118)</st>
            <st ob="" eb="" sr="" id="3.27">        at com.opensymphony.module.sitemesh.filter.PageFilter.doFilter(PageFilter.java:52)</st>
            <st ob="" eb="" sr="" id="3.28">        at org.apache.catalina.core.ApplicationFilterChain.internalDoFilter(ApplicationFilterChain.java:235)</st>
            <st ob="" eb="" sr="" id="3.29">        at org.apache.catalina.core.ApplicationFilterChain.doFilter(ApplicationFilterChain.java:206)</st>
            <st ob="" eb="" sr="" id="3.30">        at com.opensymphony.webwork.dispatcher.ActionContextCleanUp.doFilter(ActionContextCleanUp.java:88)</st>
            <st ob="" eb="" sr="" id="3.31">        at org.apache.catalina.core.ApplicationFilterChain.internalDoFilter(ApplicationFilterChain.java:235)</st>
            <st ob="" eb="" sr="" id="3.32">        at org.apache.catalina.core.ApplicationFilterChain.doFilter(ApplicationFilterChain.java:206)</st>
            <st ob="" eb="" sr="" id="3.33">        at org.apache.catalina.core.StandardWrapperValve.invoke(StandardWrapperValve.java:228)</st>
            <st ob="" eb="" sr="" id="3.34">        at org.apache.catalina.core.StandardContextValve.invoke(StandardContextValve.java:175)</st>
            <st ob="" eb="" sr="" id="3.35">        at org.apache.catalina.core.StandardHostValve.invoke(StandardHostValve.java:128)</st>
            <st ob="" eb="" sr="" id="3.36">        at org.apache.catalina.valves.ErrorReportValve.invoke(ErrorReportValve.java:104)</st>
            <st ob="" eb="" sr="" id="3.37">        at org.apache.catalina.core.StandardEngineValve.invoke(StandardEngineValve.java:109)</st>
            <st ob="" eb="" sr="" id="3.38">        at org.apache.catalina.connector.CoyoteAdapter.service(CoyoteAdapter.java:216)</st>
            <st ob="" eb="" sr="" id="3.39">        at org.apache.coyote.http11.Http11Processor.process(Http11Processor.java:844)</st>
            <st ob="" eb="" sr="" id="3.40">        at org.apache.coyote.http11.Http11Protocol$Http11ConnectionHandler.process(Http11Protocol.java:634)</st>
            <st ob="" eb="" sr="" id="3.41">        at org.apache.tomcat.util.net.JIoEndpoint$Worker.run(JIoEndpoint.java:445)</st>
            <st ob="" eb="" sr="" id="3.42">        at java.lang.Thread.run(Thread.java:595)</st>
        </parg>
        <parg ob="" eb="" sr="" id="4">
            <st ob="x" eb="" sr="" id="4.1">no logging in continuum.log</st>
        </parg>
        <parg ob="" eb="" sr="" id="5">
            <st ob="x" eb="" sr="" id="5.1">1.2 was tested by upgrading a 1.1 installation.</st>
        </parg>
    </desc>
</bug>
