<?xml version="1.0" encoding="UTF-8" standalone="yes"?>
<bug no-bug="" comments="">
    <id>CONTINUUM-2717</id>
    <title ob="x" eb="" sr="">Email notification does not work with JavaMailSender with authentication</title>
    <desc>
        <parg ob="" eb="" sr="" id="1">
            <st ob="x" eb="" sr="" id="1.1">Email notifier with authentication throws authentication failed exception even after the correct authentication details are provided.</st>
        </parg>
        <parg ob="" eb="" sr="" id="2">
            <st ob="" eb="" sr="" id="2.1">I have Continuum webapp installed in Tomcat.</st>
        </parg>
        <parg ob="" eb="" sr="" id="3">
            <st ob="x" eb="" sr="" id="3.1">Attached is the various values that I have tried and the respective exceptions.</st>
        </parg>
    </desc>
</bug>
