<?xml version="1.0" encoding="UTF-8" standalone="yes"?>
<bug no-bug="" comments="">
    <id>CONTINUUM-1900</id>
    <title ob="" eb="" sr="">cleanup project fails when symbolic links are used</title>
    <desc>
        <parg ob="" eb="" sr="" id="1">
            <st ob="" eb="" sr="" id="1.1">some of our project use symbolic links .</st>
            <st ob="x" eb="" sr="" id="1.2">when we cleanup this projects , the cleanup fails to remove the symbolic links and fails to remove the directory that includes this links</st>
        </parg>
        <parg ob="" eb="" sr="" id="2">
            <st ob="" eb="" sr="" id="2.1">org.apache.maven.continuum.ContinuumException: Error while deleting project working directory.</st>
            <st ob="" eb="" sr="" id="2.2">        at org.apache.maven.continuum.DefaultContinuum.logAndCreateException(DefaultContinuum.java:2984)</st>
            <st ob="" eb="" sr="" id="2.3">        at org.apache.maven.continuum.DefaultContinuum.removeProject(DefaultContinuum.java:879)</st>
            <st ob="" eb="" sr="" id="2.4">        at org.apache.maven.continuum.DefaultContinuum.removeProjectGroup(DefaultContinuum.java:346)</st>
            <st ob="" eb="" sr="" id="2.5">        at org.apache.maven.continuum.web.action.ProjectGroupAction.remove(ProjectGroupAction.java:283)</st>
            <st ob="" eb="" sr="" id="2.6">        at sun.reflect.NativeMethodAccessorImpl.invoke0(Native Method)</st>
            <st ob="" eb="" sr="" id="2.7">        at sun.reflect.NativeMethodAccessorImpl.invoke(NativeMethodAccessorImpl.java:39)</st>
            <st ob="" eb="" sr="" id="2.8">        at sun.reflect.DelegatingMethodAccessorImpl.invoke(DelegatingMethodAccessorImpl.java:25)</st>
            <st ob="" eb="" sr="" id="2.9">        at java.lang.reflect.Method.invoke(Method.java:585)</st>
            <st ob="" eb="" sr="" id="2.10">        at com.opensymphony.xwork.DefaultActionInvocation.invokeAction(DefaultActionInvocation.java:358)</st>
            <st ob="" eb="" sr="" id="2.11">        at com.opensymphony.xwork.DefaultActionInvocation.invokeActionOnly(DefaultActionInvocation.java:218)</st>
            <st ob="" eb="" sr="" id="2.12">        at com.opensymphony.xwork.DefaultActionInvocation.invoke(DefaultActionInvocation.java:192)</st>
            <st ob="" eb="" sr="" id="2.13">        at com.opensymphony.xwork.interceptor.DefaultWorkflowInterceptor.doIntercept(DefaultWorkflowInterceptor.java:175)</st>
            <st ob="" eb="" sr="" id="2.14">        at com.opensymphony.xwork.interceptor.MethodFilterInterceptor.intercept(MethodFilterInterceptor.java:86)</st>
            <st ob="" eb="" sr="" id="2.15">        at com.opensymphony.xwork.DefaultActionInvocation.invoke(DefaultActionInvocation.java:190)</st>
            <st ob="" eb="" sr="" id="2.16">        at com.opensymphony.xwork.validator.ValidationInterceptor.doIntercept(ValidationInterceptor.java:115)</st>
            <st ob="" eb="" sr="" id="2.17">        at com.opensymphony.xwork.interceptor.MethodFilterInterceptor.intercept(MethodFilterInterceptor.java:86)</st>
            <st ob="" eb="" sr="" id="2.18">        at com.opensymphony.xwork.DefaultActionInvocation.invoke(DefaultActionInvocation.java:190)</st>
            <st ob="" eb="" sr="" id="2.19">        at org.apache.maven.continuum.web.interceptor.ForceContinuumConfigurationInterceptor.intercept(ForceContinuumConfigurationInterceptor.java:72)</st>
            <st ob="" eb="" sr="" id="2.20">        at com.opensymphony.xwork.DefaultActionInvocation.invoke(DefaultActionInvocation.java:190)</st>
            <st ob="" eb="" sr="" id="2.21">        at org.codehaus.plexus.redback.xwork.interceptor.PolicyEnforcementInterceptor.intercept(PolicyEnforcementInterceptor.java:149)</st>
            <st ob="" eb="" sr="" id="2.22">        at com.opensymphony.xwork.DefaultActionInvocation.invoke(DefaultActionInvocation.java:190)</st>
            <st ob="" eb="" sr="" id="2.23">        at org.codehaus.plexus.redback.xwork.interceptor.SecureActionInterceptor.intercept(SecureActionInterceptor.java:178)</st>
            <st ob="" eb="" sr="" id="2.24">        at com.opensymphony.xwork.DefaultActionInvocation.invoke(DefaultActionInvocation.java:190)</st>
            <st ob="" eb="" sr="" id="2.25">        at org.codehaus.plexus.xwork.interceptor.ExceptionMappingInterceptor.intercept(ExceptionMappingInterceptor.java:58)</st>
            <st ob="" eb="" sr="" id="2.26">        at com.opensymphony.xwork.DefaultActionInvocation.invoke(DefaultActionInvocation.java:190)</st>
            <st ob="" eb="" sr="" id="2.27">        at com.opensymphony.xwork.interceptor.DefaultWorkflowInterceptor.doIntercept(DefaultWorkflowInterceptor.java:175)</st>
            <st ob="" eb="" sr="" id="2.28">        at com.opensymphony.xwork.interceptor.MethodFilterInterceptor.intercept(MethodFilterInterceptor.java:86)</st>
            <st ob="" eb="" sr="" id="2.29">        at com.opensymphony.xwork.DefaultActionInvocation.invoke(DefaultActionInvocation.java:190)</st>
            <st ob="" eb="" sr="" id="2.30">        at com.opensymphony.xwork.validator.ValidationInterceptor.doIntercept(ValidationInterceptor.java:115)</st>
            <st ob="" eb="" sr="" id="2.31">        at com.opensymphony.xwork.interceptor.MethodFilterInterceptor.intercept(MethodFilterInterceptor.java:86)</st>
            <st ob="" eb="" sr="" id="2.32">        at com.opensymphony.xwork.DefaultActionInvocation.invoke(DefaultActionInvocation.java:190)</st>
            <st ob="" eb="" sr="" id="2.33">        at com.opensymphony.xwork.interceptor.AroundInterceptor.intercept(AroundInterceptor.java:31)</st>
            <st ob="" eb="" sr="" id="2.34">        at com.opensymphony.xwork.DefaultActionInvocation.invoke(DefaultActionInvocation.java:190)</st>
            <st ob="" eb="" sr="" id="2.35">        at com.opensymphony.xwork.interceptor.AroundInterceptor.intercept(AroundInterceptor.java:31)</st>
            <st ob="" eb="" sr="" id="2.36">        at com.opensymphony.xwork.DefaultActionInvocation.invoke(DefaultActionInvocation.java:190)</st>
            <st ob="" eb="" sr="" id="2.37">        at com.opensymphony.xwork.interceptor.AroundInterceptor.intercept(AroundInterceptor.java:31)</st>
            <st ob="" eb="" sr="" id="2.38">        at com.opensymphony.xwork.DefaultActionInvocation.invoke(DefaultActionInvocation.java:190)</st>
            <st ob="" eb="" sr="" id="2.39">        at com.opensymphony.webwork.interceptor.FileUploadInterceptor.intercept(FileUploadInterceptor.java:174)</st>
            <st ob="" eb="" sr="" id="2.40">        at com.opensymphony.xwork.DefaultActionInvocation.invoke(DefaultActionInvocation.java:190)</st>
            <st ob="" eb="" sr="" id="2.41">        at com.opensymphony.xwork.interceptor.AroundInterceptor.intercept(AroundInterceptor.java:31)</st>
            <st ob="" eb="" sr="" id="2.42">        at com.opensymphony.xwork.DefaultActionInvocation.invoke(DefaultActionInvocation.java:190)</st>
            <st ob="" eb="" sr="" id="2.43">        at com.opensymphony.webwork.interceptor.debugging.DebuggingInterceptor.intercept(DebuggingInterceptor.java:169)</st>
            <st ob="" eb="" sr="" id="2.44">        at com.opensymphony.xwork.DefaultActionInvocation.invoke(DefaultActionInvocation.java:190)</st>
            <st ob="" eb="" sr="" id="2.45">        at com.opensymphony.xwork.interceptor.AroundInterceptor.intercept(AroundInterceptor.java:31)</st>
            <st ob="" eb="" sr="" id="2.46">        at com.opensymphony.xwork.DefaultActionInvocation.invoke(DefaultActionInvocation.java:190)</st>
            <st ob="" eb="" sr="" id="2.47">        at com.opensymphony.xwork.interceptor.I18nInterceptor.intercept(I18nInterceptor.java:151)</st>
            <st ob="" eb="" sr="" id="2.48">        at com.opensymphony.xwork.DefaultActionInvocation.invoke(DefaultActionInvocation.java:190)</st>
            <st ob="" eb="" sr="" id="2.49">        at com.opensymphony.xwork.interceptor.AroundInterceptor.intercept(AroundInterceptor.java:31)</st>
            <st ob="" eb="" sr="" id="2.50">        at com.opensymphony.xwork.DefaultActionInvocation.invoke(DefaultActionInvocation.java:190)</st>
            <st ob="" eb="" sr="" id="2.51">        at com.opensymphony.xwork.interceptor.AroundInterceptor.intercept(AroundInterceptor.java:31)</st>
            <st ob="" eb="" sr="" id="2.52">        at com.opensymphony.xwork.DefaultActionInvocation.invoke(DefaultActionInvocation.java:190)</st>
            <st ob="" eb="" sr="" id="2.53">        at com.opensymphony.xwork.interceptor.AroundInterceptor.intercept(AroundInterceptor.java:31)</st>
            <st ob="" eb="" sr="" id="2.54">        at com.opensymphony.xwork.DefaultActionInvocation.invoke(DefaultActionInvocation.java:190)</st>
            <st ob="" eb="" sr="" id="2.55">        at com.opensymphony.xwork.interceptor.ExceptionMappingInterceptor.intercept(ExceptionMappingInterceptor.java:186)</st>
            <st ob="" eb="" sr="" id="2.56">        at com.opensymphony.xwork.DefaultActionInvocation.invoke(DefaultActionInvocation.java:190)</st>
            <st ob="" eb="" sr="" id="2.57">        at org.codehaus.plexus.redback.xwork.interceptor.AutoLoginInterceptor.intercept(AutoLoginInterceptor.java:156)</st>
            <st ob="" eb="" sr="" id="2.58">        at com.opensymphony.xwork.DefaultActionInvocation.invoke(DefaultActionInvocation.java:190)</st>
            <st ob="" eb="" sr="" id="2.59">        at org.codehaus.plexus.redback.xwork.interceptor.ForceAdminUserInterceptor.intercept(ForceAdminUserInterceptor.java:76)</st>
            <st ob="" eb="" sr="" id="2.60">        at com.opensymphony.xwork.DefaultActionInvocation.invoke(DefaultActionInvocation.java:190)</st>
            <st ob="" eb="" sr="" id="2.61">        at org.codehaus.plexus.redback.xwork.interceptor.EnvironmentCheckInterceptor.intercept(EnvironmentCheckInterceptor.java:122)</st>
            <st ob="" eb="" sr="" id="2.62">        at com.opensymphony.xwork.DefaultActionInvocation.invoke(DefaultActionInvocation.java:190)</st>
            <st ob="" eb="" sr="" id="2.63">        at com.opensymphony.xwork.DefaultActionProxy.execute(DefaultActionProxy.java:116)</st>
            <st ob="" eb="" sr="" id="2.64">        at com.opensymphony.webwork.dispatcher.DispatcherUtils.serviceAction(DispatcherUtils.java:273)</st>
            <st ob="" eb="" sr="" id="2.65">        at com.opensymphony.webwork.dispatcher.FilterDispatcher.doFilter(FilterDispatcher.java:202)</st>
            <st ob="" eb="" sr="" id="2.66">        at org.apache.catalina.core.ApplicationFilterChain.internalDoFilter(ApplicationFilterChain.java:235)</st>
            <st ob="" eb="" sr="" id="2.67">        at org.apache.catalina.core.ApplicationFilterChain.doFilter(ApplicationFilterChain.java:206)</st>
            <st ob="" eb="" sr="" id="2.68">        at com.opensymphony.module.sitemesh.filter.PageFilter.parsePage(PageFilter.java:118)</st>
            <st ob="" eb="" sr="" id="2.69">        at com.opensymphony.module.sitemesh.filter.PageFilter.doFilter(PageFilter.java:52)</st>
            <st ob="" eb="" sr="" id="2.70">        at org.apache.catalina.core.ApplicationFilterChain.internalDoFilter(ApplicationFilterChain.java:235)</st>
            <st ob="" eb="" sr="" id="2.71">        at org.apache.catalina.core.ApplicationFilterChain.doFilter(ApplicationFilterChain.java:206)</st>
            <st ob="" eb="" sr="" id="2.72">        at com.opensymphony.webwork.dispatcher.ActionContextCleanUp.doFilter(ActionContextCleanUp.java:88)</st>
            <st ob="" eb="" sr="" id="2.73">        at org.apache.catalina.core.ApplicationFilterChain.internalDoFilter(ApplicationFilterChain.java:235)</st>
            <st ob="" eb="" sr="" id="2.74">        at org.apache.catalina.core.ApplicationFilterChain.doFilter(ApplicationFilterChain.java:206)</st>
            <st ob="" eb="" sr="" id="2.75">        at org.apache.catalina.core.StandardWrapperValve.invoke(StandardWrapperValve.java:228)</st>
            <st ob="" eb="" sr="" id="2.76">        at org.apache.catalina.core.StandardContextValve.invoke(StandardContextValve.java:175)</st>
            <st ob="" eb="" sr="" id="2.77">        at org.apache.catalina.core.StandardHostValve.invoke(StandardHostValve.java:128)</st>
            <st ob="" eb="" sr="" id="2.78">        at org.apache.catalina.valves.ErrorReportValve.invoke(ErrorReportValve.java:104)</st>
            <st ob="" eb="" sr="" id="2.79">        at org.apache.catalina.core.StandardEngineValve.invoke(StandardEngineValve.java:109)</st>
            <st ob="" eb="" sr="" id="2.80">        at org.apache.catalina.connector.CoyoteAdapter.service(CoyoteAdapter.java:216)</st>
            <st ob="" eb="" sr="" id="2.81">        at org.apache.coyote.http11.Http11Processor.process(Http11Processor.java:844)</st>
            <st ob="" eb="" sr="" id="2.82">        at org.apache.coyote.http11.Http11Protocol$Http11ConnectionHandler.process(Http11Protocol.java:634)</st>
            <st ob="" eb="" sr="" id="2.83">        at org.apache.tomcat.util.net.JIoEndpoint$Worker.run(JIoEndpoint.java:445)</st>
            <st ob="" eb="" sr="" id="2.84">        at java.lang.Thread.run(Thread.java:595)</st>
            <st ob="" eb="" sr="" id="2.85">Caused by: java.io.IOException: Directory /data/continuum/working/19/lw2pscore/src/main/resources/com/luma/w2p/print unable to be deleted.</st>
        </parg>
        <parg ob="" eb="" sr="" id="3">
            <st ob="" eb="" sr="" id="3.1">$ ls -l total 0 lrwxrwxrwx 1 tomcat6 nogroup 56 2008-09-29 09:13 jdml4PpmlPrinter.xq -&gt; .</st>
            <st ob="" eb="" sr="" id="3.2">.</st>
            <st ob="" eb="" sr="" id="3.3">/.</st>
            <st ob="" eb="" sr="" id="3.4">.</st>
            <st ob="" eb="" sr="" id="3.5">/.</st>
            <st ob="" eb="" sr="" id="3.6">.</st>
            <st ob="" eb="" sr="" id="3.7">/.</st>
            <st ob="" eb="" sr="" id="3.8">.</st>
            <st ob="" eb="" sr="" id="3.9">/.</st>
            <st ob="" eb="" sr="" id="3.10">.</st>
            <st ob="" eb="" sr="" id="3.11">/.</st>
            <st ob="" eb="" sr="" id="3.12">.</st>
            <st ob="" eb="" sr="" id="3.13">/jdml4PpmlPrinter.xq lrwxrwxrwx 1 tomcat6 nogroup 63 2008-09-29 09:13 orderHeader4PpmlPrinter.xq -&gt; .</st>
            <st ob="" eb="" sr="" id="3.14">.</st>
            <st ob="" eb="" sr="" id="3.15">/.</st>
            <st ob="" eb="" sr="" id="3.16">.</st>
            <st ob="" eb="" sr="" id="3.17">/.</st>
            <st ob="" eb="" sr="" id="3.18">.</st>
            <st ob="" eb="" sr="" id="3.19">/.</st>
            <st ob="" eb="" sr="" id="3.20">.</st>
            <st ob="" eb="" sr="" id="3.21">/.</st>
            <st ob="" eb="" sr="" id="3.22">.</st>
            <st ob="" eb="" sr="" id="3.23">/.</st>
            <st ob="" eb="" sr="" id="3.24">.</st>
            <st ob="" eb="" sr="" id="3.25">/orderHeader4PpmlPrinter.xq lrwxrwxrwx 1 tomcat6 nogroup 67 2008-09-29 09:13 orderHeaderPpml4PpmlPrinter.xq -&gt; .</st>
            <st ob="" eb="" sr="" id="3.26">.</st>
            <st ob="" eb="" sr="" id="3.27">/.</st>
            <st ob="" eb="" sr="" id="3.28">.</st>
            <st ob="" eb="" sr="" id="3.29">/.</st>
            <st ob="" eb="" sr="" id="3.30">.</st>
            <st ob="" eb="" sr="" id="3.31">/.</st>
            <st ob="" eb="" sr="" id="3.32">.</st>
            <st ob="" eb="" sr="" id="3.33">/.</st>
            <st ob="" eb="" sr="" id="3.34">.</st>
            <st ob="" eb="" sr="" id="3.35">/.</st>
            <st ob="" eb="" sr="" id="3.36">.</st>
            <st ob="" eb="" sr="" id="3.37">/orderHeaderPpml4PpmlPrinter.xq lrwxrwxrwx 1 tomcat6 nogroup 55 2008-09-29 09:13 printJobSummary.xq -&gt; .</st>
            <st ob="" eb="" sr="" id="3.38">.</st>
            <st ob="" eb="" sr="" id="3.39">/.</st>
            <st ob="" eb="" sr="" id="3.40">.</st>
            <st ob="" eb="" sr="" id="3.41">/.</st>
            <st ob="" eb="" sr="" id="3.42">.</st>
            <st ob="" eb="" sr="" id="3.43">/.</st>
            <st ob="" eb="" sr="" id="3.44">.</st>
            <st ob="" eb="" sr="" id="3.45">/.</st>
            <st ob="" eb="" sr="" id="3.46">.</st>
            <st ob="" eb="" sr="" id="3.47">/.</st>
            <st ob="" eb="" sr="" id="3.48">.</st>
            <st ob="" eb="" sr="" id="3.49">/printJobSummary.xq</st>
        </parg>
    </desc>
</bug>
