<?xml version="1.0" encoding="UTF-8" standalone="yes"?>
<bug no-bug="" comments="">
    <id>CONTINUUM-1951</id>
    <title ob="x" eb="" sr="">Polish national characters are displayed as question marks</title>
    <desc>
        <parg ob="" eb="" sr="" id="1">
            <st ob="x" eb="" sr="" id="1.1">All polish characters (like &amp;#261;&amp;#380;&amp;#378;&amp;#263;&amp;#322;) are displayed as ????</st>
            <st ob="x" eb="" sr="" id="1.2">.</st>
            <st ob="x" eb="" sr="" id="1.3">Not only values comming from the database, but also dates (day and month names).</st>
        </parg>
    </desc>
</bug>
