<?xml version="1.0" encoding="UTF-8" standalone="yes"?>
<bug no-bug="" comments="">
    <id>CONTINUUM-799</id>
    <title ob="x" eb="" sr="">One sub module randomly appears twice after adding a parent multi-module </title>
    <desc>
        <parg ob="" eb="" sr="" id="1">
            <st ob="x" eb="" sr="" id="1.1">One sub module randomly appears twice after adding a parent multi-module to continuum 1.0.3.</st>
        </parg>
        <parg ob="" eb="" sr="" id="2">
            <st ob="" eb="" sr="" id="2.1">I have a parent maven 2 pom with 16 sub-modules.</st>
            <st ob="x" eb="" sr="x" id="2.2">If I reset the database ( by removing the database directory) and add my parent pom.xml all the modules will be added correctly except one random module will be added twice.</st>
            <st ob="x" eb="" sr="x" id="2.3">I tried this three times and a different module in the list is duplicated once.</st>
            <st ob="" eb="" sr="" id="2.4">This also happens after a fresh install of version 1.0.3.</st>
        </parg>
        <parg ob="" eb="" sr="" id="3">
            <st ob="x" eb="" sr="x" id="3.1">If I run a "Build All" one of the duplicate modules builds, while the other remains with a "New" status.</st>
            <st ob="x" eb="" sr="x" id="3.2">When attempting to remove the duplicate module with the "New" status I get the error below.</st>
        </parg>
        <parg ob="" eb="" sr="" id="4">
            <st ob="" eb="" sr="" id="4.1">------------------</st>
            <st ob="" eb="" sr="" id="4.2">Baron.Reznik@fastmobile.com also reported this...</st>
            <st ob="" eb="" sr="" id="4.3">"I've had a similar problem when using continuum with SVN.</st>
            <st ob="" eb="" sr="" id="4.4">I end up with two projects that have the exact same SCM url, but different continuum build id's (sequential, in my case).</st>
            <st ob="" eb="" sr="" id="4.5">Updating the build definition for one, automatically updates it for the other.</st>
            <st ob="" eb="" sr="" id="4.6">However, updates inside svn only trigger one of them to be built by continuum, and not both.</st>
            <st ob="" eb="" sr="" id="4.7">If I try to delete the duplicated project, I get the continuum error page with the same error output."</st>
            <st ob="" eb="" sr="" id="4.8">------------------</st>
        </parg>
        <parg ob="" eb="" sr="" id="5">
            <st ob="" eb="" sr="" id="5.1">Additional findinds...</st>
        </parg>
        <parg ob="" eb="" sr="" id="6">
            <st ob="" eb="" sr="" id="6.1">I looked in the working directory.</st>
            <st ob="" eb="" sr="" id="6.2">I have 1-15 directories under working-directory.</st>
            <st ob="" eb="" sr="" id="6.3">The module that is duplicated has an id of 10 and another of 16.</st>
            <st ob="x" eb="" sr="x" id="6.4">The one that is 16 is the module that still has the status of "New" and throws the database DELETE exception when I try to remove the module from the Continuum list.</st>
        </parg>
        <parg ob="" eb="" sr="" id="7">
            <st ob="" eb="" sr="" id="7.1">the duplicateD module has different ids (10 and 16) but working directory does not have a "16" folder.</st>
        </parg>
        <parg ob="" eb="" sr="" id="8">
            <st ob="x" eb="" sr="x" id="8.1">Here is theexception when removing the duplicate module with the id of "16"</st>
        </parg>
        <parg ob="" eb="" sr="" id="9">
            <st ob="" eb="" sr="" id="9.1">ognl.MethodFailedException: Method "removeProject" failed for object org.apache.maven.continuum.DefaultContinuum@194a8eb [javax.jdo.JDOUserException: One or more instances could not be deleted</st>
            <st ob="" eb="" sr="" id="9.2">NestedThrowables:</st>
            <st ob="" eb="" sr="" id="9.3">javax.jdo.JDODataStoreException: Delete request failed: DELETE FROM BUILDDEFINITION WHERE ID = ?</st>
            <st ob="" eb="" sr="" id="9.4">NestedThrowables:</st>
            <st ob="" eb="" sr="" id="9.5">SQL Exception: DELETE on table 'BUILDDEFINITION' caused a violation of foreign key constraint 'PROJECT_BUILP8_FK2' for key (10).</st>
            <st ob="" eb="" sr="" id="9.6">The statement has been rolled back.]</st>
            <st ob="" eb="" sr="" id="9.7">	at ognl.OgnlRuntime.callAppropriateMethod(OgnlRuntime.java:796)</st>
            <st ob="" eb="" sr="" id="9.8">	at ognl.ObjectMethodAccessor.callMethod(ObjectMethodAccessor.java:61)</st>
            <st ob="" eb="" sr="" id="9.9">	at ognl.OgnlRuntime.callMethod(OgnlRuntime.java:819)</st>
            <st ob="" eb="" sr="" id="9.10">	at ognl.ASTMethod.getValueBody(ASTMethod.java:75)</st>
            <st ob="" eb="" sr="" id="9.11">	at ognl.SimpleNode.evaluateGetValueBody(SimpleNode.java:170)</st>
            <st ob="" eb="" sr="" id="9.12">	at ognl.SimpleNode.getValue(SimpleNode.java:210)</st>
            <st ob="" eb="" sr="" id="9.13">	at ognl.Ognl.getValue(Ognl.java:333)</st>
            <st ob="" eb="" sr="" id="9.14">	at ognl.Ognl.getValue(Ognl.java:378)</st>
            <st ob="" eb="" sr="" id="9.15">	at ognl.Ognl.getValue(Ognl.java:357)</st>
            <st ob="" eb="" sr="" id="9.16">	at org.codehaus.plexus.formica.action.DeleteEntity.uponSuccessfulValidation(DeleteEntity.java:57)</st>
            <st ob="" eb="" sr="" id="9.17">	at org.codehaus.plexus.formica.action.DeleteEntity.execute(DeleteEntity.java:47)</st>
            <st ob="" eb="" sr="" id="9.18">	at org.codehaus.plexus.summit.pipeline.valve.ActionValve.invoke(ActionValve.java:68)</st>
            <st ob="" eb="" sr="" id="9.19">	at org.codehaus.plexus.summit.pipeline.AbstractPipeline.invoke(AbstractPipeline.java:70)</st>
            <st ob="" eb="" sr="" id="9.20">	at org.codehaus.plexus.summit.Summit.doGet(Summit.java:54)</st>
            <st ob="" eb="" sr="" id="9.21">	at org.codehaus.plexus.summit.Summit.doPost(Summit.java:108)</st>
            <st ob="" eb="" sr="" id="9.22">	at javax.servlet.http.HttpServlet.service(HttpServlet.java:760)</st>
            <st ob="" eb="" sr="" id="9.23">	at javax.servlet.http.HttpServlet.service(HttpServlet.java:853)</st>
            <st ob="" eb="" sr="" id="9.24">	at org.mortbay.jetty.servlet.ServletHolder.handle(ServletHolder.java:358)</st>
            <st ob="" eb="" sr="" id="9.25">	at org.mortbay.jetty.servlet.WebApplicationHandler.dispatch(WebApplicationHandler.java:294)</st>
            <st ob="" eb="" sr="" id="9.26">	at org.mortbay.jetty.servlet.ServletHandler.handle(ServletHandler.java:567)</st>
            <st ob="" eb="" sr="" id="9.27">	at org.mortbay.http.HttpContext.handle(HttpContext.java:1807)</st>
            <st ob="" eb="" sr="" id="9.28">	at org.mortbay.jetty.servlet.WebApplicationContext.handle(WebApplicationContext.java:525)</st>
            <st ob="" eb="" sr="" id="9.29">	at org.mortbay.http.HttpContext.handle(HttpContext.java:1757)</st>
            <st ob="" eb="" sr="" id="9.30">	at org.mortbay.http.HttpServer.service(HttpServer.java:879)</st>
            <st ob="" eb="" sr="" id="9.31">	at org.mortbay.http.HttpConnection.service(HttpConnection.java:789)</st>
            <st ob="" eb="" sr="" id="9.32">	at org.mortbay.http.HttpConnection.handleNext(HttpConnection.java:960)</st>
            <st ob="" eb="" sr="" id="9.33">	at org.mortbay.http.HttpConnection.handle(HttpConnection.java:806)</st>
            <st ob="" eb="" sr="" id="9.34">	at org.mortbay.http.SocketListener.handleConnection(SocketListener.java:218)</st>
            <st ob="" eb="" sr="" id="9.35">	at org.mortbay.util.ThreadedServer.handle(ThreadedServer.java:331)</st>
            <st ob="" eb="" sr="" id="9.36">	at org.mortbay.util.ThreadPool$PoolThread.run(ThreadPool.java:520)</st>
            <st ob="" eb="" sr="" id="9.37">/-- Encapsulated exception ------------\ javax.jdo.JDOUserException: One or more instances could not be deleted</st>
            <st ob="" eb="" sr="" id="9.38">	at org.jpox.AbstractPersistenceManager.deletePersistentAll(AbstractPersistenceManager.java:1438)</st>
            <st ob="" eb="" sr="" id="9.39">	at org.jpox.store.rdbms.scostore.ElementContainerStore.clear(ElementContainerStore.java:595)</st>
            <st ob="" eb="" sr="" id="9.40">	at org.jpox.store.mapping.CollectionMapping.preDelete(CollectionMapping.java:304)</st>
            <st ob="" eb="" sr="" id="9.41">	at org.jpox.store.mapping.CollectionMapping.deleteDependent(CollectionMapping.java:332)</st>
            <st ob="" eb="" sr="" id="9.42">	at org.jpox.store.rdbms.table.ClassTable.deleteDependent(ClassTable.java:2280)</st>
            <st ob="" eb="" sr="" id="9.43">	at org.jpox.store.StoreManager.deleteDependent(StoreManager.java:838)</st>
            <st ob="" eb="" sr="" id="9.44">	at org.jpox.state.StateManagerImpl.deletePersistent(StateManagerImpl.java:4049)</st>
            <st ob="" eb="" sr="" id="9.45">	at org.jpox.AbstractPersistenceManager.internalDeletePersistent(AbstractPersistenceManager.java:1391)</st>
            <st ob="" eb="" sr="" id="9.46">	at org.jpox.AbstractPersistenceManager.deletePersistent(AbstractPersistenceManager.java:1402)</st>
            <st ob="" eb="" sr="" id="9.47">	at org.codehaus.plexus.jdo.PlexusJdoUtils.removeObject(PlexusJdoUtils.java:53)</st>
            <st ob="" eb="" sr="" id="9.48">	at org.apache.maven.continuum.store.JdoContinuumStore.removeObject(JdoContinuumStore.java:969)</st>
            <st ob="" eb="" sr="" id="9.49">	at org.apache.maven.continuum.store.JdoContinuumStore.removeProject(JdoContinuumStore.java:901)</st>
            <st ob="" eb="" sr="" id="9.50">	at org.apache.maven.continuum.DefaultContinuum.removeProject(DefaultContinuum.java:328)</st>
            <st ob="" eb="" sr="" id="9.51">	at sun.reflect.NativeMethodAccessorImpl.invoke0(Native Method)</st>
            <st ob="" eb="" sr="" id="9.52">	at sun.reflect.NativeMethodAccessorImpl.invoke(NativeMethodAccessorImpl.java:39)</st>
            <st ob="" eb="" sr="" id="9.53">	at sun.reflect.DelegatingMethodAccessorImpl.invoke(DelegatingMethodAccessorImpl.java:25)</st>
            <st ob="" eb="" sr="" id="9.54">	at java.lang.reflect.Method.invoke(Method.java:585)</st>
            <st ob="" eb="" sr="" id="9.55">	at ognl.OgnlRuntime.invokeMethod(OgnlRuntime.java:491)</st>
            <st ob="" eb="" sr="" id="9.56">	at ognl.OgnlRuntime.callAppropriateMethod(OgnlRuntime.java:785)</st>
            <st ob="" eb="" sr="" id="9.57">	at ognl.ObjectMethodAccessor.callMethod(ObjectMethodAccessor.java:61)</st>
            <st ob="" eb="" sr="" id="9.58">	at ognl.OgnlRuntime.callMethod(OgnlRuntime.java:819)</st>
            <st ob="" eb="" sr="" id="9.59">	at ognl.ASTMethod.getValueBody(ASTMethod.java:75)</st>
            <st ob="" eb="" sr="" id="9.60">	at ognl.SimpleNode.evaluateGetValueBody(SimpleNode.java:170)</st>
            <st ob="" eb="" sr="" id="9.61">	at ognl.SimpleNode.getValue(SimpleNode.java:210)</st>
            <st ob="" eb="" sr="" id="9.62">	at ognl.Ognl.getValue(Ognl.java:333)</st>
            <st ob="" eb="" sr="" id="9.63">	at ognl.Ognl.getValue(Ognl.java:378)</st>
            <st ob="" eb="" sr="" id="9.64">	at ognl.Ognl.getValue(Ognl.java:357)</st>
            <st ob="" eb="" sr="" id="9.65">	at org.codehaus.plexus.formica.action.DeleteEntity.uponSuccessfulValidation(DeleteEntity.java:57)</st>
            <st ob="" eb="" sr="" id="9.66">	at org.codehaus.plexus.formica.action.DeleteEntity.execute(DeleteEntity.java:47)</st>
            <st ob="" eb="" sr="" id="9.67">	at org.codehaus.plexus.summit.pipeline.valve.ActionValve.invoke(ActionValve.java:68)</st>
            <st ob="" eb="" sr="" id="9.68">	at org.codehaus.plexus.summit.pipeline.AbstractPipeline.invoke(AbstractPipeline.java:70)</st>
            <st ob="" eb="" sr="" id="9.69">	at org.codehaus.plexus.summit.Summit.doGet(Summit.java:54)</st>
            <st ob="" eb="" sr="" id="9.70">	at org.codehaus.plexus.summit.Summit.doPost(Summit.java:108)</st>
            <st ob="" eb="" sr="" id="9.71">	at javax.servlet.http.HttpServlet.service(HttpServlet.java:760)</st>
            <st ob="" eb="" sr="" id="9.72">	at javax.servlet.http.HttpServlet.service(HttpServlet.java:853)</st>
            <st ob="" eb="" sr="" id="9.73">	at org.mortbay.jetty.servlet.ServletHolder.handle(ServletHolder.java:358)</st>
            <st ob="" eb="" sr="" id="9.74">	at org.mortbay.jetty.servlet.WebApplicationHandler.dispatch(WebApplicationHandler.java:294)</st>
            <st ob="" eb="" sr="" id="9.75">	at org.mortbay.jetty.servlet.ServletHandler.handle(ServletHandler.java:567)</st>
            <st ob="" eb="" sr="" id="9.76">	at org.mortbay.http.HttpContext.handle(HttpContext.java:1807)</st>
            <st ob="" eb="" sr="" id="9.77">	at org.mortbay.jetty.servlet.WebApplicationContext.handle(WebApplicationContext.java:525)</st>
            <st ob="" eb="" sr="" id="9.78">	at org.mortbay.http.HttpContext.handle(HttpContext.java:1757)</st>
            <st ob="" eb="" sr="" id="9.79">	at org.mortbay.http.HttpServer.service(HttpServer.java:879)</st>
            <st ob="" eb="" sr="" id="9.80">	at org.mortbay.http.HttpConnection.service(HttpConnection.java:789)</st>
            <st ob="" eb="" sr="" id="9.81">	at org.mortbay.http.HttpConnection.handleNext(HttpConnection.java:960)</st>
            <st ob="" eb="" sr="" id="9.82">	at org.mortbay.http.HttpConnection.handle(HttpConnection.java:806)</st>
            <st ob="" eb="" sr="" id="9.83">	at org.mortbay.http.SocketListener.handleConnection(SocketListener.java:218)</st>
            <st ob="" eb="" sr="" id="9.84">	at org.mortbay.util.ThreadedServer.handle(ThreadedServer.java:331)</st>
            <st ob="" eb="" sr="" id="9.85">	at org.mortbay.util.ThreadPool$PoolThread.run(ThreadPool.java:520)</st>
            <st ob="" eb="" sr="" id="9.86">NestedThrowablesStackTrace:</st>
            <st ob="" eb="" sr="" id="9.87">javax.jdo.JDODataStoreException: Delete request failed: DELETE FROM BUILDDEFINITION WHERE ID = ?</st>
            <st ob="" eb="" sr="" id="9.88">	at org.jpox.store.rdbms.request.DeleteRequest.execute(DeleteRequest.java:259)</st>
            <st ob="" eb="" sr="" id="9.89">	at org.jpox.store.rdbms.table.ClassTable.delete(ClassTable.java:2238)</st>
            <st ob="" eb="" sr="" id="9.90">	at org.jpox.store.StoreManager.delete(StoreManager.java:800)</st>
            <st ob="" eb="" sr="" id="9.91">	at org.jpox.state.StateManagerImpl.internalDeletePersistent(StateManagerImpl.java:4113)</st>
            <st ob="" eb="" sr="" id="9.92">	at org.jpox.state.StateManagerImpl.deletePersistent(StateManagerImpl.java:4068)</st>
            <st ob="" eb="" sr="" id="9.93">	at org.jpox.AbstractPersistenceManager.internalDeletePersistent(AbstractPersistenceManager.java:1391)</st>
            <st ob="" eb="" sr="" id="9.94">	at org.jpox.AbstractPersistenceManager.deletePersistentAll(AbstractPersistenceManager.java:1429)</st>
            <st ob="" eb="" sr="" id="9.95">	at org.jpox.store.rdbms.scostore.ElementContainerStore.clear(ElementContainerStore.java:595)</st>
            <st ob="" eb="" sr="" id="9.96">	at org.jpox.store.mapping.CollectionMapping.preDelete(CollectionMapping.java:304)</st>
            <st ob="" eb="" sr="" id="9.97">	at org.jpox.store.mapping.CollectionMapping.deleteDependent(CollectionMapping.java:332)</st>
            <st ob="" eb="" sr="" id="9.98">	at org.jpox.store.rdbms.table.ClassTable.deleteDependent(ClassTable.java:2280)</st>
            <st ob="" eb="" sr="" id="9.99">	at org.jpox.store.StoreManager.deleteDependent(StoreManager.java:838)</st>
            <st ob="" eb="" sr="" id="9.100">	at org.jpox.state.StateManagerImpl.deletePersistent(StateManagerImpl.java:4049)</st>
            <st ob="" eb="" sr="" id="9.101">	at org.jpox.AbstractPersistenceManager.internalDeletePersistent(AbstractPersistenceManager.java:1391)</st>
            <st ob="" eb="" sr="" id="9.102">	at org.jpox.AbstractPersistenceManager.deletePersistent(AbstractPersistenceManager.java:1402)</st>
            <st ob="" eb="" sr="" id="9.103">	at org.codehaus.plexus.jdo.PlexusJdoUtils.removeObject(PlexusJdoUtils.java:53)</st>
            <st ob="" eb="" sr="" id="9.104">	at org.apache.maven.continuum.store.JdoContinuumStore.removeObject(JdoContinuumStore.java:969)</st>
            <st ob="" eb="" sr="" id="9.105">	at org.apache.maven.continuum.store.JdoContinuumStore.removeProject(JdoContinuumStore.java:901)</st>
            <st ob="" eb="" sr="" id="9.106">	at org.apache.maven.continuum.DefaultContinuum.removeProject(DefaultContinuum.java:328)</st>
            <st ob="" eb="" sr="" id="9.107">	at sun.reflect.NativeMethodAccessorImpl.invoke0(Native Method)</st>
            <st ob="" eb="" sr="" id="9.108">	at sun.reflect.NativeMethodAccessorImpl.invoke(NativeMethodAccessorImpl.java:39)</st>
            <st ob="" eb="" sr="" id="9.109">	at sun.reflect.DelegatingMethodAccessorImpl.invoke(DelegatingMethodAccessorImpl.java:25)</st>
            <st ob="" eb="" sr="" id="9.110">	at java.lang.reflect.Method.invoke(Method.java:585)</st>
            <st ob="" eb="" sr="" id="9.111">	at ognl.OgnlRuntime.invokeMethod(OgnlRuntime.java:491)</st>
            <st ob="" eb="" sr="" id="9.112">	at ognl.OgnlRuntime.callAppropriateMethod(OgnlRuntime.java:785)</st>
            <st ob="" eb="" sr="" id="9.113">	at ognl.ObjectMethodAccessor.callMethod(ObjectMethodAccessor.java:61)</st>
            <st ob="" eb="" sr="" id="9.114">	at ognl.OgnlRuntime.callMethod(OgnlRuntime.java:819)</st>
            <st ob="" eb="" sr="" id="9.115">	at ognl.ASTMethod.getValueBody(ASTMethod.java:75)</st>
            <st ob="" eb="" sr="" id="9.116">	at ognl.SimpleNode.evaluateGetValueBody(SimpleNode.java:170)</st>
            <st ob="" eb="" sr="" id="9.117">	at ognl.SimpleNode.getValue(SimpleNode.java:210)</st>
            <st ob="" eb="" sr="" id="9.118">	at ognl.Ognl.getValue(Ognl.java:333)</st>
            <st ob="" eb="" sr="" id="9.119">	at ognl.Ognl.getValue(Ognl.java:378)</st>
            <st ob="" eb="" sr="" id="9.120">	at ognl.Ognl.getValue(Ognl.java:357)</st>
            <st ob="" eb="" sr="" id="9.121">	at org.codehaus.plexus.formica.action.DeleteEntity.uponSuccessfulValidation(DeleteEntity.java:57)</st>
            <st ob="" eb="" sr="" id="9.122">	at org.codehaus.plexus.formica.action.DeleteEntity.execute(DeleteEntity.java:47)</st>
            <st ob="" eb="" sr="" id="9.123">	at org.codehaus.plexus.summit.pipeline.valve.ActionValve.invoke(ActionValve.java:68)</st>
            <st ob="" eb="" sr="" id="9.124">	at org.codehaus.plexus.summit.pipeline.AbstractPipeline.invoke(AbstractPipeline.java:70)</st>
            <st ob="" eb="" sr="" id="9.125">	at org.codehaus.plexus.summit.Summit.doGet(Summit.java:54)</st>
            <st ob="" eb="" sr="" id="9.126">	at org.codehaus.plexus.summit.Summit.doPost(Summit.java:108)</st>
            <st ob="" eb="" sr="" id="9.127">	at javax.servlet.http.HttpServlet.service(HttpServlet.java:760)</st>
            <st ob="" eb="" sr="" id="9.128">	at javax.servlet.http.HttpServlet.service(HttpServlet.java:853)</st>
            <st ob="" eb="" sr="" id="9.129">	at org.mortbay.jetty.servlet.ServletHolder.handle(ServletHolder.java:358)</st>
            <st ob="" eb="" sr="" id="9.130">	at org.mortbay.jetty.servlet.WebApplicationHandler.dispatch(WebApplicationHandler.java:294)</st>
            <st ob="" eb="" sr="" id="9.131">	at org.mortbay.jetty.servlet.ServletHandler.handle(ServletHandler.java:567)</st>
            <st ob="" eb="" sr="" id="9.132">	at org.mortbay.http.HttpContext.handle(HttpContext.java:1807)</st>
            <st ob="" eb="" sr="" id="9.133">	at org.mortbay.jetty.servlet.WebApplicationContext.handle(WebApplicationContext.java:525)</st>
            <st ob="" eb="" sr="" id="9.134">	at org.mortbay.http.HttpContext.handle(HttpContext.java:1757)</st>
            <st ob="" eb="" sr="" id="9.135">	at org.mortbay.http.HttpServer.service(HttpServer.java:879)</st>
            <st ob="" eb="" sr="" id="9.136">	at org.mortbay.http.HttpConnection.service(HttpConnection.java:789)</st>
            <st ob="" eb="" sr="" id="9.137">	at org.mortbay.http.HttpConnection.handleNext(HttpConnection.java:960)</st>
            <st ob="" eb="" sr="" id="9.138">	at org.mortbay.http.HttpConnection.handle(HttpConnection.java:806)</st>
            <st ob="" eb="" sr="" id="9.139">	at org.mortbay.http.SocketListener.handleConnection(SocketListener.java:218)</st>
            <st ob="" eb="" sr="" id="9.140">	at org.mortbay.util.ThreadedServer.handle(ThreadedServer.java:331)</st>
            <st ob="" eb="" sr="" id="9.141">	at org.mortbay.util.ThreadPool$PoolThread.run(ThreadPool.java:520)</st>
            <st ob="" eb="" sr="" id="9.142">NestedThrowablesStackTrace:</st>
            <st ob="" eb="" sr="" id="9.143">ERROR 23503: DELETE on table 'BUILDDEFINITION' caused a violation of foreign key constraint 'PROJECT_BUILP8_FK2' for key (10).</st>
            <st ob="" eb="" sr="" id="9.144">The statement has been rolled back.</st>
            <st ob="" eb="" sr="" id="9.145">	at org.apache.derby.iapi.error.StandardException.newException(Unknown Source)</st>
            <st ob="" eb="" sr="" id="9.146">	at org.apache.derby.impl.sql.execute.ReferencedKeyRIChecker.doCheck(Unknown Source)</st>
            <st ob="" eb="" sr="" id="9.147">	at org.apache.derby.impl.sql.execute.RISetChecker.doPKCheck(Unknown Source)</st>
            <st ob="" eb="" sr="" id="9.148">	at org.apache.derby.impl.sql.execute.DeleteResultSet.collectAffectedRows(Unknown Source)</st>
            <st ob="" eb="" sr="" id="9.149">	at org.apache.derby.impl.sql.execute.DeleteResultSet.open(Unknown Source)</st>
            <st ob="" eb="" sr="" id="9.150">	at org.apache.derby.impl.sql.GenericPreparedStatement.execute(Unknown Source)</st>
            <st ob="" eb="" sr="" id="9.151">	at org.apache.derby.impl.jdbc.EmbedStatement.executeStatement(Unknown Source)</st>
            <st ob="" eb="" sr="" id="9.152">	at org.apache.derby.impl.jdbc.EmbedPreparedStatement.executeStatement(Unknown Source)</st>
            <st ob="" eb="" sr="" id="9.153">	at org.apache.derby.impl.jdbc.EmbedPreparedStatement.execute(Unknown Source)</st>
            <st ob="" eb="" sr="" id="9.154">	at org.jpox.store.rdbms.request.Request.executeUpdate(Request.java:78)</st>
            <st ob="" eb="" sr="" id="9.155">	at org.jpox.store.rdbms.request.DeleteRequest.execute(DeleteRequest.java:245)</st>
            <st ob="" eb="" sr="" id="9.156">	at org.jpox.store.rdbms.table.ClassTable.delete(ClassTable.java:2238)</st>
            <st ob="" eb="" sr="" id="9.157">	at org.jpox.store.StoreManager.delete(StoreManager.java:800)</st>
            <st ob="" eb="" sr="" id="9.158">	at org.jpox.state.StateManagerImpl.internalDeletePersistent(StateManagerImpl.java:4113)</st>
            <st ob="" eb="" sr="" id="9.159">	at org.jpox.state.StateManagerImpl.deletePersistent(StateManagerImpl.java:4068)</st>
            <st ob="" eb="" sr="" id="9.160">	at org.jpox.AbstractPersistenceManager.internalDeletePersistent(AbstractPersistenceManager.java:1391)</st>
            <st ob="" eb="" sr="" id="9.161">	at org.jpox.AbstractPersistenceManager.deletePersistentAll(AbstractPersistenceManager.java:1429)</st>
            <st ob="" eb="" sr="" id="9.162">	at org.jpox.store.rdbms.scostore.ElementContainerStore.clear(ElementContainerStore.java:595)</st>
            <st ob="" eb="" sr="" id="9.163">	at org.jpox.store.mapping.CollectionMapping.preDelete(CollectionMapping.java:304)</st>
            <st ob="" eb="" sr="" id="9.164">	at org.jpox.store.mapping.CollectionMapping.deleteDependent(CollectionMapping.java:332)</st>
            <st ob="" eb="" sr="" id="9.165">	at org.jpox.store.rdbms.table.ClassTable.deleteDependent(ClassTable.java:2280)</st>
            <st ob="" eb="" sr="" id="9.166">	at org.jpox.store.StoreManager.deleteDependent(StoreManager.java:838)</st>
            <st ob="" eb="" sr="" id="9.167">	at org.jpox.state.StateManagerImpl.deletePersistent(StateManagerImpl.java:4049)</st>
            <st ob="" eb="" sr="" id="9.168">	at org.jpox.AbstractPersistenceManager.internalDeletePersistent(AbstractPersistenceManager.java:1391)</st>
            <st ob="" eb="" sr="" id="9.169">	at org.jpox.AbstractPersistenceManager.deletePersistent(AbstractPersistenceManager.java:1402)</st>
            <st ob="" eb="" sr="" id="9.170">	at org.codehaus.plexus.jdo.PlexusJdoUtils.removeObject(PlexusJdoUtils.java:53)</st>
            <st ob="" eb="" sr="" id="9.171">	at org.apache.maven.continuum.store.JdoContinuumStore.removeObject(JdoContinuumStore.java:969)</st>
            <st ob="" eb="" sr="" id="9.172">	at org.apache.maven.continuum.store.JdoContinuumStore.removeProject(JdoContinuumStore.java:901)</st>
            <st ob="" eb="" sr="" id="9.173">	at org.apache.maven.continuum.DefaultContinuum.removeProject(DefaultContinuum.java:328)</st>
            <st ob="" eb="" sr="" id="9.174">	at sun.reflect.NativeMethodAccessorImpl.invoke0(Native Method)</st>
            <st ob="" eb="" sr="" id="9.175">	at sun.reflect.NativeMethodAccessorImpl.invoke(NativeMethodAccessorImpl.java:39)</st>
            <st ob="" eb="" sr="" id="9.176">	at sun.reflect.DelegatingMethodAccessorImpl.invoke(DelegatingMethodAccessorImpl.java:25)</st>
            <st ob="" eb="" sr="" id="9.177">	at java.lang.reflect.Method.invoke(Method.java:585)</st>
            <st ob="" eb="" sr="" id="9.178">	at ognl.OgnlRuntime.invokeMethod(OgnlRuntime.java:491)</st>
            <st ob="" eb="" sr="" id="9.179">	at ognl.OgnlRuntime.callAppropriateMethod(OgnlRuntime.java:785)</st>
            <st ob="" eb="" sr="" id="9.180">	at ognl.ObjectMethodAccessor.callMethod(ObjectMethodAccessor.java:61)</st>
            <st ob="" eb="" sr="" id="9.181">	at ognl.OgnlRuntime.callMethod(OgnlRuntime.java:819)</st>
            <st ob="" eb="" sr="" id="9.182">	at ognl.ASTMethod.getValueBody(ASTMethod.java:75)</st>
            <st ob="" eb="" sr="" id="9.183">	at ognl.SimpleNode.evaluateGetValueBody(SimpleNode.java:170)</st>
            <st ob="" eb="" sr="" id="9.184">	at ognl.SimpleNode.getValue(SimpleNode.java:210)</st>
            <st ob="" eb="" sr="" id="9.185">	at ognl.Ognl.getValue(Ognl.java:333)</st>
            <st ob="" eb="" sr="" id="9.186">	at ognl.Ognl.getValue(Ognl.java:378)</st>
            <st ob="" eb="" sr="" id="9.187">	at ognl.Ognl.getValue(Ognl.java:357)</st>
            <st ob="" eb="" sr="" id="9.188">	at org.codehaus.plexus.formica.action.DeleteEntity.uponSuccessfulValidation(DeleteEntity.java:57)</st>
            <st ob="" eb="" sr="" id="9.189">	at org.codehaus.plexus.formica.action.DeleteEntity.execute(DeleteEntity.java:47)</st>
            <st ob="" eb="" sr="" id="9.190">	at org.codehaus.plexus.summit.pipeline.valve.ActionValve.invoke(ActionValve.java:68)</st>
            <st ob="" eb="" sr="" id="9.191">	at org.codehaus.plexus.summit.pipeline.AbstractPipeline.invoke(AbstractPipeline.java:70)</st>
            <st ob="" eb="" sr="" id="9.192">	at org.codehaus.plexus.summit.Summit.doGet(Summit.java:54)</st>
            <st ob="" eb="" sr="" id="9.193">	at org.codehaus.plexus.summit.Summit.doPost(Summit.java:108)</st>
            <st ob="" eb="" sr="" id="9.194">	at javax.servlet.http.HttpServlet.service(HttpServlet.java:760)</st>
            <st ob="" eb="" sr="" id="9.195">	at javax.servlet.http.HttpServlet.service(HttpServlet.java:853)</st>
            <st ob="" eb="" sr="" id="9.196">	at org.mortbay.jetty.servlet.ServletHolder.handle(ServletHolder.java:358)</st>
            <st ob="" eb="" sr="" id="9.197">	at org.mortbay.jetty.servlet.WebApplicationHandler.dispatch(WebApplicationHandler.java:294)</st>
            <st ob="" eb="" sr="" id="9.198">	at org.mortbay.jetty.servlet.ServletHandler.handle(ServletHandler.java:567)</st>
            <st ob="" eb="" sr="" id="9.199">	at org.mortbay.http.HttpContext.handle(HttpContext.java:1807)</st>
            <st ob="" eb="" sr="" id="9.200">	at org.mortbay.jetty.servlet.WebApplicationContext.handle(WebApplicationContext.java:525)</st>
            <st ob="" eb="" sr="" id="9.201">	at org.mortbay.http.HttpContext.handle(HttpContext.java:1757)</st>
            <st ob="" eb="" sr="" id="9.202">	at org.mortbay.http.HttpServer.service(HttpServer.java:879)</st>
            <st ob="" eb="" sr="" id="9.203">	at org.mortbay.http.HttpConnection.service(HttpConnection.java:789)</st>
            <st ob="" eb="" sr="" id="9.204">	at org.mortbay.http.HttpConnection.handleNext(HttpConnection.java:960)</st>
            <st ob="" eb="" sr="" id="9.205">	at org.mortbay.http.HttpConnection.handle(HttpConnection.java:806)</st>
            <st ob="" eb="" sr="" id="9.206">	at org.mortbay.http.SocketListener.handleConnection(SocketListener.java:218)</st>
            <st ob="" eb="" sr="" id="9.207">	at org.mortbay.util.ThreadedServer.handle(ThreadedServer.java:331)</st>
            <st ob="" eb="" sr="" id="9.208">	at org.mortbay.util.ThreadPool$PoolThread.run(ThreadPool.java:520)</st>
            <st ob="" eb="" sr="" id="9.209">\--------------------------------------/</st>
        </parg>
    </desc>
</bug>
