<?xml version="1.0" encoding="UTF-8" standalone="yes"?>
<bug no-bug="" comments="">
    <id>CONTINUUM-1921</id>
    <title ob="x" eb="" sr="">foreign key constraint violation when deleting projects</title>
    <desc>
        <parg ob="" eb="" sr="" id="1">
            <st ob="" eb="" sr="" id="1.1">Hi, I found a bug looks like [CONTINUUM-1385|http://jira.codehaus.org/browse/CONTINUUM-1385]</st>
            <st ob="x" eb="" sr="x" id="1.2">I tried to delete an ant project from a group and get the following message (see below).</st>
            <st ob="" eb="" sr="" id="1.3">Removing all the build results helped.</st>
            <st ob="" eb="" sr="" id="1.4">I think there should be a delete cascade, not a contstraint.</st>
            <st ob="" eb="" sr="" id="1.5">{noformat} javax.jdo.JDOUserException: One or more instances could not be deleted NestedThrowables: javax.jdo.JDODataStoreException: Delete request failed: DELETE FROM BUILDDEFINITION WHERE ID = ?</st>
            <st ob="" eb="" sr="" id="1.6">NestedThrowables: SQL Exception: DELETE on table 'BUILDDEFINITION' caused a violation of foreign key constraint 'BUILDRESULT_FK2' for key (10).</st>
            <st ob="" eb="" sr="" id="1.7">The statement has been rolled back.</st>
            <st ob="" eb="" sr="" id="1.8">{noformat}</st>
        </parg>
        <parg ob="" eb="" sr="" id="2">
            <st ob="" eb="" sr="" id="2.1">Continuum 1.2 Build Number: 697023</st>
        </parg>
    </desc>
</bug>
