<?xml version="1.0" encoding="UTF-8" standalone="yes"?>
<bug no-bug="" comments="">
    <id>CONTINUUM-1537</id>
    <title ob="" eb="" sr="">Error during build configuration</title>
    <desc>
        <parg ob="" eb="" sr="" id="1">
            <st ob="" eb="" sr="x" id="1.1">During project build configuration :</st>
        </parg>
        <parg ob="" eb="" sr="" id="2">
            <st ob="" eb="" sr="x" id="2.1">- I keep the default "clean install" task (group task)</st>
            <st ob="" eb="" sr="x" id="2.2">- I add a "site-deploy" build task (project task)</st>
        </parg>
        <parg ob="" eb="" sr="" id="3">
            <st ob="" eb="" sr="x" id="3.1">Both tasks are configured with "true" for default field.</st>
        </parg>
        <parg ob="" eb="" sr="" id="4">
            <st ob="x" eb="" sr="x" id="4.1">When I come back to project task configuration and change something (anything but default field), I've got this error during the validation (see trace.log).</st>
            <st ob="x" eb="" sr="" id="4.2">Returning to the project :</st>
        </parg>
        <parg ob="" eb="" sr="" id="5">
            <st ob="x" eb="" sr="" id="5.1">- group task : "false" for default field</st>
            <st ob="x" eb="" sr="" id="5.2">- project : still "true".</st>
        </parg>
    </desc>
</bug>
