<?xml version="1.0" encoding="UTF-8" standalone="yes"?>
<bug no-bug="" comments="">
    <id>CONTINUUM-2473</id>
    <title ob="" eb="" sr="">Stale unfinished builds</title>
    <desc>
        <parg ob="" eb="" sr="" id="1">
            <st ob="" eb="" sr="" id="1.1">[Extracted from CONTINUUM-2432]</st>
        </parg>
        <parg ob="" eb="" sr="" id="2">
            <st ob="" eb="" sr="" id="2.1">The attached file shows a Build result for OpenEJB.</st>
        </parg>
        <parg ob="" eb="" sr="" id="3">
            <st ob="x" eb="" sr="" id="3.1">Note that there are several unfinished builds apparently still going on.</st>
        </parg>
    </desc>
</bug>
