<?xml version="1.0" encoding="UTF-8" standalone="yes"?>
<bug no-bug="" comments="">
    <id>CONTINUUM-1189</id>
    <title ob="x" eb="" sr="">Continuum aborts when using Oracle database</title>
    <desc>
        <parg ob="" eb="" sr="" id="1">
            <st ob="x" eb="" sr="" id="1.1">Trying to get Continuum to use Oracle as the database gives the following error (extracted from JBoss logs)</st>
        </parg>
        <parg ob="" eb="" sr="" id="2">
            <st ob="" eb="" sr="" id="2.1">13:13:38,093 INFO  [EARDeployer] Init J2EE application: file:/C:/jboss-4.0.5/server/custom/deploy/continuum-ear-1.1-SNAPSHOT.ear</st>
            <st ob="" eb="" sr="" id="2.2">13:14:03,593 INFO  [TomcatDeployer] deploy, ctxPath=/continuum, warUrl=.../tmp/deploy/tmp23172continuum-ear-1.1-SNAPSHOT.ear-contents/continuum-webapp-1.1-SNAPSHOT-exp.</st>
            <st ob="" eb="" sr="" id="2.3">war/</st>
            <st ob="" eb="" sr="" id="2.4">13:14:03,953 INFO  [[/continuum]] Loading plexus context properties from: '/WEB-INF/plexus.</st>
            <st ob="" eb="" sr="" id="2.5">properties'</st>
            <st ob="" eb="" sr="" id="2.6">13:14:03,953 INFO  [[/continuum]] Could not load plexus context properties from: '/WEB-INF/plexus.</st>
            <st ob="" eb="" sr="" id="2.7">properties'</st>
            <st ob="" eb="" sr="" id="2.8">2007-02-27 13:14:04,515 [ScannerThread] INFO  PlexusContainer                - Loading on start [role]: [org.apache.maven.continuum.Continuum]</st>
            <st ob="" eb="" sr="" id="2.9">2007-02-27 13:14:06,328 [ScannerThread] INFO  RAMJobStore                    - RAMJobStore initialized.</st>
            <st ob="" eb="" sr="" id="2.10">2007-02-27 13:14:06,328 [ScannerThread] INFO  StdSchedulerFactory            - Quartz scheduler 'defaultScheduler' initialized from an externally provided properties instance.</st>
            <st ob="" eb="" sr="" id="2.11">2007-02-27 13:14:06,328 [ScannerThread] INFO  StdSchedulerFactory            - Quartz scheduler version: 1.4.5</st>
            <st ob="" eb="" sr="" id="2.12">2007-02-27 13:14:06,328 [ScannerThread] INFO  QuartzScheduler                - Scheduler defaultScheduler_$_NON_CLUSTERED started.</st>
            <st ob="" eb="" sr="" id="2.13">2007-02-27 13:14:06,390 [ScannerThread] WARN  ContinuumBuildExecutor:maven-1 - Could not find the executable 'maven' in the path '[]'.</st>
            <st ob="" eb="" sr="" id="2.14">2007-02-27 13:14:06,390 [ScannerThread] WARN  ContinuumBuildExecutor:ant     - Could not find the executable 'ant' in the path '[]'.</st>
            <st ob="" eb="" sr="" id="2.15">2007-02-27 13:14:06,874 [ScannerThread] WARN  ContinuumBuildExecutor:maven2  - Could not find the executable 'mvn' in the path '[]'.</st>
            <st ob="" eb="" sr="" id="2.16">2007-02-27 13:14:06,874 [ScannerThread] INFO  BuildExecutorManager           - Build executors:</st>
            <st ob="" eb="" sr="" id="2.17">2007-02-27 13:14:06,874 [ScannerThread] INFO  BuildExecutorManager           -   ant</st>
            <st ob="" eb="" sr="" id="2.18">2007-02-27 13:14:06,874 [ScannerThread] INFO  BuildExecutorManager           -   maven-1</st>
            <st ob="" eb="" sr="" id="2.19">2007-02-27 13:14:06,874 [ScannerThread] INFO  BuildExecutorManager           -   maven2</st>
            <st ob="" eb="" sr="" id="2.20">2007-02-27 13:14:06,874 [ScannerThread] INFO  BuildExecutorManager           -   shell</st>
            <st ob="" eb="" sr="" id="2.21">2007-02-27 13:14:06,906 [ScannerThread] INFO  Continuum                      - Initializing Continuum.</st>
            <st ob="" eb="" sr="" id="2.22">2007-02-27 13:14:06,906 [ScannerThread] INFO  Continuum                      - Showing all projects:</st>
            <st ob="" eb="" sr="" id="2.23">2007-02-27 13:14:08,562 [ScannerThread] WARN  LocalManagedConnectionFactory  - Error resetting transaction isolation java.sql.SQLException: READ_COMMITTED and SERIALIZABLE are the only valid transaction levels</st>
            <st ob="" eb="" sr="" id="2.24">	at oracle.jdbc.driver.DatabaseError.throwSqlException(DatabaseError.java:112)</st>
            <st ob="" eb="" sr="" id="2.25">	at oracle.jdbc.driver.DatabaseError.throwSqlException(DatabaseError.java:146)</st>
            <st ob="" eb="" sr="" id="2.26">	at oracle.jdbc.driver.DatabaseError.throwSqlException(DatabaseError.java:208)</st>
            <st ob="" eb="" sr="" id="2.27">	at oracle.jdbc.driver.PhysicalConnection.setTransactionIsolation(PhysicalConnection.java:1608)</st>
            <st ob="" eb="" sr="" id="2.28">	at org.jboss.resource.adapter.jdbc.BaseWrapperManagedConnection.cleanup(BaseWrapperManagedConnection.java:189)</st>
            <st ob="" eb="" sr="" id="2.29">	at org.jboss.resource.connectionmanager.InternalManagedConnectionPool.returnConnection(InternalManagedConnectionPool.java:320)</st>
            <st ob="" eb="" sr="" id="2.30">	at org.jboss.resource.connectionmanager.JBossManagedConnectionPool$BasePool.returnConnection(JBossManagedConnectionPool.java:620)</st>
            <st ob="" eb="" sr="" id="2.31">	at org.jboss.resource.connectionmanager.BaseConnectionManager2.returnManagedConnection(BaseConnectionManager2.java:363)</st>
            <st ob="" eb="" sr="" id="2.32">	at org.jboss.resource.connectionmanager.TxConnectionManager$TxConnectionEventListener.connectionClosed(TxConnectionManager.java:623)</st>
            <st ob="" eb="" sr="" id="2.33">	at org.jboss.resource.adapter.jdbc.BaseWrapperManagedConnection.closeHandle(BaseWrapperManagedConnection.java:266)</st>
            <st ob="" eb="" sr="" id="2.34">	at org.jboss.resource.adapter.jdbc.WrappedConnection.close(WrappedConnection.java:129)</st>
            <st ob="" eb="" sr="" id="2.35">	at org.jpox.store.rdbms.adapter.DatabaseAdapter.getConnection(DatabaseAdapter.java:928)</st>
            <st ob="" eb="" sr="" id="2.36">	at org.jpox.store.rdbms.RDBMSNonmanagedTransaction.begin(RDBMSNonmanagedTransaction.java:324)</st>
            <st ob="" eb="" sr="" id="2.37">	at org.codehaus.plexus.jdo.PlexusJdoUtils.getAllObjectsDetached(PlexusJdoUtils.java:356)</st>
            <st ob="" eb="" sr="" id="2.38">	at org.codehaus.plexus.jdo.PlexusJdoUtils.getAllObjectsDetached(PlexusJdoUtils.java:342)</st>
            <st ob="" eb="" sr="" id="2.39">	at org.apache.maven.continuum.store.JdoContinuumStore.getAllObjectsDetached(JdoContinuumStore.java:1302)</st>
            <st ob="" eb="" sr="" id="2.40">	at org.apache.maven.continuum.store.JdoContinuumStore.getAllObjectsDetached(JdoContinuumStore.java:1287)</st>
            <st ob="" eb="" sr="" id="2.41">	at org.apache.maven.continuum.store.JdoContinuumStore.getAllProjectsByNameWithBuildDetails(JdoContinuumStore.java:843)</st>
            <st ob="" eb="" sr="" id="2.42">	at org.apache.maven.continuum.DefaultContinuum.initialize(DefaultContinuum.java:2209)</st>
            <st ob="" eb="" sr="" id="2.43">	at org.codehaus.plexus.personality.plexus.lifecycle.phase.InitializePhase.execute(InitializePhase.java:33)</st>
            <st ob="" eb="" sr="" id="2.44">	at org.codehaus.plexus.lifecycle.AbstractLifecycleHandler.start(AbstractLifecycleHandler.java:130)</st>
            <st ob="" eb="" sr="" id="2.45">	at org.codehaus.plexus.component.manager.AbstractComponentManager.startComponentLifecycle(AbstractComponentManager.java:143)</st>
            <st ob="" eb="" sr="" id="2.46">	at org.codehaus.plexus.component.manager.AbstractComponentManager.createComponentInstance(AbstractComponentManager.java:133)</st>
            <st ob="" eb="" sr="" id="2.47">	at org.codehaus.plexus.component.manager.ClassicSingletonComponentManager.getComponent(ClassicSingletonComponentManager.java:87)</st>
            <st ob="" eb="" sr="" id="2.48">	at org.codehaus.plexus.DefaultComponentLookupManager.lookup(DefaultComponentLookupManager.java:101)</st>
            <st ob="" eb="" sr="" id="2.49">	at org.codehaus.plexus.DefaultPlexusContainer.lookup(DefaultPlexusContainer.java:310)</st>
            <st ob="" eb="" sr="" id="2.50">	at org.codehaus.plexus.DefaultPlexusContainer.lookup(DefaultPlexusContainer.java:291)</st>
            <st ob="" eb="" sr="" id="2.51">	at org.codehaus.plexus.container.initialization.StartLoadOnStartComponentsPhase.execute(StartLoadOnStartComponentsPhase.java:54)</st>
            <st ob="" eb="" sr="" id="2.52">	at org.codehaus.plexus.DefaultPlexusContainer.initializePhases(DefaultPlexusContainer.java:895)</st>
            <st ob="" eb="" sr="" id="2.53">	at org.codehaus.plexus.DefaultPlexusContainer.initialize(DefaultPlexusContainer.java:843)</st>
            <st ob="" eb="" sr="" id="2.54">	at org.codehaus.plexus.DefaultPlexusContainer.construct(DefaultPlexusContainer.java:820)</st>
            <st ob="" eb="" sr="" id="2.55">	at org.codehaus.plexus.DefaultPlexusContainer.&lt;init&gt;(DefaultPlexusContainer.java:222)</st>
            <st ob="" eb="" sr="" id="2.56">	at org.codehaus.plexus.DefaultPlexusContainer.&lt;init&gt;(DefaultPlexusContainer.java:236)</st>
            <st ob="" eb="" sr="" id="2.57">	at org.codehaus.plexus.xwork.PlexusLifecycleListener.contextInitialized(PlexusLifecycleListener.java:76)</st>
            <st ob="" eb="" sr="" id="2.58">	at org.apache.catalina.core.StandardContext.listenerStart(StandardContext.java:3763)</st>
            <st ob="" eb="" sr="" id="2.59">	at org.apache.catalina.core.StandardContext.start(StandardContext.java:4211)</st>
            <st ob="" eb="" sr="" id="2.60">	at org.apache.catalina.core.ContainerBase.addChildInternal(ContainerBase.java:759)</st>
            <st ob="" eb="" sr="" id="2.61">	at org.apache.catalina.core.ContainerBase.addChild(ContainerBase.java:739)</st>
            <st ob="" eb="" sr="" id="2.62">	at org.apache.catalina.core.StandardHost.addChild(StandardHost.java:524)</st>
            <st ob="" eb="" sr="" id="2.63">	at sun.reflect.NativeMethodAccessorImpl.invoke0(Native Method)</st>
            <st ob="" eb="" sr="" id="2.64">	at sun.reflect.NativeMethodAccessorImpl.invoke(NativeMethodAccessorImpl.java:39)</st>
            <st ob="" eb="" sr="" id="2.65">	at sun.reflect.DelegatingMethodAccessorImpl.invoke(DelegatingMethodAccessorImpl.java:25)</st>
            <st ob="" eb="" sr="" id="2.66">	at java.lang.reflect.Method.invoke(Method.java:585)</st>
            <st ob="" eb="" sr="" id="2.67">	at org.apache.commons.modeler.BaseModelMBean.invoke(BaseModelMBean.java:503)</st>
            <st ob="" eb="" sr="" id="2.68">	at org.jboss.mx.server.RawDynamicInvoker.invoke(RawDynamicInvoker.java:164)</st>
            <st ob="" eb="" sr="" id="2.69">	at org.jboss.mx.server.MBeanServerImpl.invoke(MBeanServerImpl.java:659)</st>
            <st ob="" eb="" sr="" id="2.70">	at org.apache.catalina.core.StandardContext.init(StandardContext.java:5052)</st>
            <st ob="" eb="" sr="" id="2.71">	at sun.reflect.NativeMethodAccessorImpl.invoke0(Native Method)</st>
            <st ob="" eb="" sr="" id="2.72">	at sun.reflect.NativeMethodAccessorImpl.invoke(NativeMethodAccessorImpl.java:39)</st>
            <st ob="" eb="" sr="" id="2.73">	at sun.reflect.DelegatingMethodAccessorImpl.invoke(DelegatingMethodAccessorImpl.java:25)</st>
            <st ob="" eb="" sr="" id="2.74">	at java.lang.reflect.Method.invoke(Method.java:585)</st>
            <st ob="" eb="" sr="" id="2.75">	at org.apache.commons.modeler.BaseModelMBean.invoke(BaseModelMBean.java:503)</st>
            <st ob="" eb="" sr="" id="2.76">	at org.jboss.mx.server.RawDynamicInvoker.invoke(RawDynamicInvoker.java:164)</st>
            <st ob="" eb="" sr="" id="2.77">	at org.jboss.mx.server.MBeanServerImpl.invoke(MBeanServerImpl.java:659)</st>
            <st ob="" eb="" sr="" id="2.78">	at org.jboss.web.tomcat.tc5.TomcatDeployer.performDeployInternal(TomcatDeployer.java:297)</st>
            <st ob="" eb="" sr="" id="2.79">	at org.jboss.web.tomcat.tc5.TomcatDeployer.performDeploy(TomcatDeployer.java:103)</st>
            <st ob="" eb="" sr="" id="2.80">	at org.jboss.web.AbstractWebDeployer.start(AbstractWebDeployer.java:371)</st>
            <st ob="" eb="" sr="" id="2.81">	at org.jboss.web.WebModule.startModule(WebModule.java:83)</st>
            <st ob="" eb="" sr="" id="2.82">	at org.jboss.web.WebModule.startService(WebModule.java:61)</st>
            <st ob="" eb="" sr="" id="2.83">	at org.jboss.system.ServiceMBeanSupport.jbossInternalStart(ServiceMBeanSupport.java:289)</st>
            <st ob="" eb="" sr="" id="2.84">	at org.jboss.system.ServiceMBeanSupport.jbossInternalLifecycle(ServiceMBeanSupport.java:245)</st>
            <st ob="" eb="" sr="" id="2.85">	at sun.reflect.GeneratedMethodAccessor21.invoke(Unknown Source)</st>
            <st ob="" eb="" sr="" id="2.86">	at sun.reflect.DelegatingMethodAccessorImpl.invoke(DelegatingMethodAccessorImpl.java:25)</st>
            <st ob="" eb="" sr="" id="2.87">	at java.lang.reflect.Method.invoke(Method.java:585)</st>
            <st ob="" eb="" sr="" id="2.88">	at org.jboss.mx.interceptor.ReflectedDispatcher.invoke(ReflectedDispatcher.java:155)</st>
            <st ob="" eb="" sr="" id="2.89">	at org.jboss.mx.server.Invocation.dispatch(Invocation.java:94)</st>
            <st ob="" eb="" sr="" id="2.90">	at org.jboss.mx.server.Invocation.invoke(Invocation.java:86)</st>
            <st ob="" eb="" sr="" id="2.91">	at org.jboss.mx.server.AbstractMBeanInvoker.invoke(AbstractMBeanInvoker.java:264)</st>
            <st ob="" eb="" sr="" id="2.92">	at org.jboss.mx.server.MBeanServerImpl.invoke(MBeanServerImpl.java:659)</st>
            <st ob="" eb="" sr="" id="2.93">	at org.jboss.system.ServiceController$ServiceProxy.invoke(ServiceController.java:978)</st>
            <st ob="" eb="" sr="" id="2.94">	at $Proxy0.start(Unknown Source)</st>
            <st ob="" eb="" sr="" id="2.95">	at org.jboss.system.ServiceController.start(ServiceController.java:417)</st>
            <st ob="" eb="" sr="" id="2.96">	at sun.reflect.GeneratedMethodAccessor10.invoke(Unknown Source)</st>
            <st ob="" eb="" sr="" id="2.97">	at sun.reflect.DelegatingMethodAccessorImpl.invoke(DelegatingMethodAccessorImpl.java:25)</st>
            <st ob="" eb="" sr="" id="2.98">	at java.lang.reflect.Method.invoke(Method.java:585)</st>
            <st ob="" eb="" sr="" id="2.99">	at org.jboss.mx.interceptor.ReflectedDispatcher.invoke(ReflectedDispatcher.java:155)</st>
            <st ob="" eb="" sr="" id="2.100">	at org.jboss.mx.server.Invocation.dispatch(Invocation.java:94)</st>
            <st ob="" eb="" sr="" id="2.101">	at org.jboss.mx.server.Invocation.invoke(Invocation.java:86)</st>
            <st ob="" eb="" sr="" id="2.102">	at org.jboss.mx.server.AbstractMBeanInvoker.invoke(AbstractMBeanInvoker.java:264)</st>
            <st ob="" eb="" sr="" id="2.103">	at org.jboss.mx.server.MBeanServerImpl.invoke(MBeanServerImpl.java:659)</st>
            <st ob="" eb="" sr="" id="2.104">	at org.jboss.mx.util.MBeanProxyExt.invoke(MBeanProxyExt.java:210)</st>
            <st ob="" eb="" sr="" id="2.105">	at $Proxy38.start(Unknown Source)</st>
            <st ob="" eb="" sr="" id="2.106">	at org.jboss.web.AbstractWebContainer.start(AbstractWebContainer.java:466)</st>
            <st ob="" eb="" sr="" id="2.107">	at sun.reflect.NativeMethodAccessorImpl.invoke0(Native Method)</st>
            <st ob="" eb="" sr="" id="2.108">	at sun.reflect.NativeMethodAccessorImpl.invoke(NativeMethodAccessorImpl.java:39)</st>
            <st ob="" eb="" sr="" id="2.109">	at sun.reflect.DelegatingMethodAccessorImpl.invoke(DelegatingMethodAccessorImpl.java:25)</st>
            <st ob="" eb="" sr="" id="2.110">	at java.lang.reflect.Method.invoke(Method.java:585)</st>
            <st ob="" eb="" sr="" id="2.111">	at org.jboss.mx.interceptor.ReflectedDispatcher.invoke(ReflectedDispatcher.java:155)</st>
            <st ob="" eb="" sr="" id="2.112">	at org.jboss.mx.server.Invocation.dispatch(Invocation.java:94)</st>
            <st ob="" eb="" sr="" id="2.113">	at org.jboss.mx.interceptor.AbstractInterceptor.invoke(AbstractInterceptor.java:133)</st>
            <st ob="" eb="" sr="" id="2.114">	at org.jboss.mx.server.Invocation.invoke(Invocation.java:88)</st>
            <st ob="" eb="" sr="" id="2.115">	at org.jboss.mx.interceptor.ModelMBeanOperationInterceptor.invoke(ModelMBeanOperationInterceptor.java:142)</st>
            <st ob="" eb="" sr="" id="2.116">	at org.jboss.mx.interceptor.DynamicInterceptor.invoke(DynamicInterceptor.java:97)</st>
            <st ob="" eb="" sr="" id="2.117">	at org.jboss.system.InterceptorServiceMBeanSupport.invokeNext(InterceptorServiceMBeanSupport.java:238)</st>
            <st ob="" eb="" sr="" id="2.118">	at org.jboss.ws.integration.jboss.DeployerInterceptor.start(DeployerInterceptor.java:92)</st>
            <st ob="" eb="" sr="" id="2.119">	at org.jboss.deployment.SubDeployerInterceptorSupport$XMBeanInterceptor.start(SubDeployerInterceptorSupport.java:188)</st>
            <st ob="" eb="" sr="" id="2.120">	at org.jboss.deployment.SubDeployerInterceptor.invoke(SubDeployerInterceptor.java:95)</st>
            <st ob="" eb="" sr="" id="2.121">	at org.jboss.mx.server.Invocation.invoke(Invocation.java:88)</st>
            <st ob="" eb="" sr="" id="2.122">	at org.jboss.mx.server.AbstractMBeanInvoker.invoke(AbstractMBeanInvoker.java:264)</st>
            <st ob="" eb="" sr="" id="2.123">	at org.jboss.mx.server.MBeanServerImpl.invoke(MBeanServerImpl.java:659)</st>
            <st ob="" eb="" sr="" id="2.124">	at org.jboss.mx.util.MBeanProxyExt.invoke(MBeanProxyExt.java:210)</st>
            <st ob="" eb="" sr="" id="2.125">	at $Proxy39.start(Unknown Source)</st>
            <st ob="" eb="" sr="" id="2.126">	at org.jboss.deployment.MainDeployer.start(MainDeployer.java:1025)</st>
            <st ob="" eb="" sr="" id="2.127">	at org.jboss.deployment.MainDeployer.start(MainDeployer.java:1015)</st>
            <st ob="" eb="" sr="" id="2.128">	at org.jboss.deployment.MainDeployer.deploy(MainDeployer.java:819)</st>
            <st ob="" eb="" sr="" id="2.129">	at org.jboss.deployment.MainDeployer.deploy(MainDeployer.java:782)</st>
            <st ob="" eb="" sr="" id="2.130">	at sun.reflect.GeneratedMethodAccessor56.invoke(Unknown Source)</st>
            <st ob="" eb="" sr="" id="2.131">	at sun.reflect.DelegatingMethodAccessorImpl.invoke(DelegatingMethodAccessorImpl.java:25)</st>
            <st ob="" eb="" sr="" id="2.132">	at java.lang.reflect.Method.invoke(Method.java:585)</st>
            <st ob="" eb="" sr="" id="2.133">	at org.jboss.mx.interceptor.ReflectedDispatcher.invoke(ReflectedDispatcher.java:155)</st>
            <st ob="" eb="" sr="" id="2.134">	at org.jboss.mx.server.Invocation.dispatch(Invocation.java:94)</st>
            <st ob="" eb="" sr="" id="2.135">	at org.jboss.mx.interceptor.AbstractInterceptor.invoke(AbstractInterceptor.java:133)</st>
            <st ob="" eb="" sr="" id="2.136">	at org.jboss.mx.server.Invocation.invoke(Invocation.java:88)</st>
            <st ob="" eb="" sr="" id="2.137">	at org.jboss.mx.interceptor.ModelMBeanOperationInterceptor.invoke(ModelMBeanOperationInterceptor.java:142)</st>
            <st ob="" eb="" sr="" id="2.138">	at org.jboss.mx.server.Invocation.invoke(Invocation.java:88)</st>
            <st ob="" eb="" sr="" id="2.139">	at org.jboss.mx.server.AbstractMBeanInvoker.invoke(AbstractMBeanInvoker.java:264)</st>
            <st ob="" eb="" sr="" id="2.140">	at org.jboss.mx.server.MBeanServerImpl.invoke(MBeanServerImpl.java:659)</st>
            <st ob="" eb="" sr="" id="2.141">	at org.jboss.mx.util.MBeanProxyExt.invoke(MBeanProxyExt.java:210)</st>
            <st ob="" eb="" sr="" id="2.142">	at $Proxy8.deploy(Unknown Source)</st>
            <st ob="" eb="" sr="" id="2.143">	at org.jboss.deployment.scanner.URLDeploymentScanner.deploy(URLDeploymentScanner.java:421)</st>
            <st ob="" eb="" sr="" id="2.144">	at org.jboss.deployment.scanner.URLDeploymentScanner.scan(URLDeploymentScanner.java:634)</st>
            <st ob="" eb="" sr="" id="2.145">	at org.jboss.deployment.scanner.AbstractDeploymentScanner$ScannerThread.doScan(AbstractDeploymentScanner.java:263)</st>
            <st ob="" eb="" sr="" id="2.146">	at org.jboss.deployment.scanner.AbstractDeploymentScanner$ScannerThread.loop(AbstractDeploymentScanner.java:274)</st>
            <st ob="" eb="" sr="" id="2.147">	at org.jboss.deployment.scanner.AbstractDeploymentScanner$ScannerThread.run(AbstractDeploymentScanner.java:225)</st>
            <st ob="" eb="" sr="" id="2.148">2007-02-27 13:14:08,999 [ScannerThread] ERROR [/continuum]                   - Exception sending context initialized event to listener instance of class org.codehaus.plexus.xwork.PlexusLifecycleListener javax.jdo.JDODataStoreException: Transaction failed to start</st>
            <st ob="" eb="" sr="" id="2.149">	at org.jpox.store.rdbms.RDBMSNonmanagedTransaction.begin(RDBMSNonmanagedTransaction.java:344)</st>
            <st ob="" eb="" sr="" id="2.150">	at org.codehaus.plexus.jdo.PlexusJdoUtils.getAllObjectsDetached(PlexusJdoUtils.java:356)</st>
            <st ob="" eb="" sr="" id="2.151">	at org.codehaus.plexus.jdo.PlexusJdoUtils.getAllObjectsDetached(PlexusJdoUtils.java:342)</st>
            <st ob="" eb="" sr="" id="2.152">	at org.apache.maven.continuum.store.JdoContinuumStore.getAllObjectsDetached(JdoContinuumStore.java:1302)</st>
            <st ob="" eb="" sr="" id="2.153">	at org.apache.maven.continuum.store.JdoContinuumStore.getAllObjectsDetached(JdoContinuumStore.java:1287)</st>
            <st ob="" eb="" sr="" id="2.154">	at org.apache.maven.continuum.store.JdoContinuumStore.getAllProjectsByNameWithBuildDetails(JdoContinuumStore.java:843)</st>
            <st ob="" eb="" sr="" id="2.155">	at org.apache.maven.continuum.DefaultContinuum.initialize(DefaultContinuum.java:2209)</st>
            <st ob="" eb="" sr="" id="2.156">	at org.codehaus.plexus.personality.plexus.lifecycle.phase.InitializePhase.execute(InitializePhase.java:33)</st>
            <st ob="" eb="" sr="" id="2.157">	at org.codehaus.plexus.lifecycle.AbstractLifecycleHandler.start(AbstractLifecycleHandler.java:130)</st>
            <st ob="" eb="" sr="" id="2.158">	at org.codehaus.plexus.component.manager.AbstractComponentManager.startComponentLifecycle(AbstractComponentManager.java:143)</st>
            <st ob="" eb="" sr="" id="2.159">	at org.codehaus.plexus.component.manager.AbstractComponentManager.createComponentInstance(AbstractComponentManager.java:133)</st>
            <st ob="" eb="" sr="" id="2.160">	at org.codehaus.plexus.component.manager.ClassicSingletonComponentManager.getComponent(ClassicSingletonComponentManager.java:87)</st>
            <st ob="" eb="" sr="" id="2.161">	at org.codehaus.plexus.DefaultComponentLookupManager.lookup(DefaultComponentLookupManager.java:101)</st>
            <st ob="" eb="" sr="" id="2.162">	at org.codehaus.plexus.DefaultPlexusContainer.lookup(DefaultPlexusContainer.java:310)</st>
            <st ob="" eb="" sr="" id="2.163">	at org.codehaus.plexus.DefaultPlexusContainer.lookup(DefaultPlexusContainer.java:291)</st>
            <st ob="" eb="" sr="" id="2.164">	at org.codehaus.plexus.container.initialization.StartLoadOnStartComponentsPhase.execute(StartLoadOnStartComponentsPhase.java:54)</st>
            <st ob="" eb="" sr="" id="2.165">	at org.codehaus.plexus.DefaultPlexusContainer.initializePhases(DefaultPlexusContainer.java:895)</st>
            <st ob="" eb="" sr="" id="2.166">	at org.codehaus.plexus.DefaultPlexusContainer.initialize(DefaultPlexusContainer.java:843)</st>
            <st ob="" eb="" sr="" id="2.167">	at org.codehaus.plexus.DefaultPlexusContainer.construct(DefaultPlexusContainer.java:820)</st>
            <st ob="" eb="" sr="" id="2.168">	at org.codehaus.plexus.DefaultPlexusContainer.&lt;init&gt;(DefaultPlexusContainer.java:222)</st>
            <st ob="" eb="" sr="" id="2.169">	at org.codehaus.plexus.DefaultPlexusContainer.&lt;init&gt;(DefaultPlexusContainer.java:236)</st>
            <st ob="" eb="" sr="" id="2.170">	at org.codehaus.plexus.xwork.PlexusLifecycleListener.contextInitialized(PlexusLifecycleListener.java:76)</st>
            <st ob="" eb="" sr="" id="2.171">	at org.apache.catalina.core.StandardContext.listenerStart(StandardContext.java:3763)</st>
            <st ob="" eb="" sr="" id="2.172">	at org.apache.catalina.core.StandardContext.start(StandardContext.java:4211)</st>
            <st ob="" eb="" sr="" id="2.173">	at org.apache.catalina.core.ContainerBase.addChildInternal(ContainerBase.java:759)</st>
            <st ob="" eb="" sr="" id="2.174">	at org.apache.catalina.core.ContainerBase.addChild(ContainerBase.java:739)</st>
            <st ob="" eb="" sr="" id="2.175">	at org.apache.catalina.core.StandardHost.addChild(StandardHost.java:524)</st>
            <st ob="" eb="" sr="" id="2.176">	at sun.reflect.NativeMethodAccessorImpl.invoke0(Native Method)</st>
            <st ob="" eb="" sr="" id="2.177">	at sun.reflect.NativeMethodAccessorImpl.invoke(NativeMethodAccessorImpl.java:39)</st>
            <st ob="" eb="" sr="" id="2.178">	at sun.reflect.DelegatingMethodAccessorImpl.invoke(DelegatingMethodAccessorImpl.java:25)</st>
            <st ob="" eb="" sr="" id="2.179">	at java.lang.reflect.Method.invoke(Method.java:585)</st>
            <st ob="" eb="" sr="" id="2.180">	at org.apache.commons.modeler.BaseModelMBean.invoke(BaseModelMBean.java:503)</st>
            <st ob="" eb="" sr="" id="2.181">	at org.jboss.mx.server.RawDynamicInvoker.invoke(RawDynamicInvoker.java:164)</st>
            <st ob="" eb="" sr="" id="2.182">	at org.jboss.mx.server.MBeanServerImpl.invoke(MBeanServerImpl.java:659)</st>
            <st ob="" eb="" sr="" id="2.183">	at org.apache.catalina.core.StandardContext.init(StandardContext.java:5052)</st>
            <st ob="" eb="" sr="" id="2.184">	at sun.reflect.NativeMethodAccessorImpl.invoke0(Native Method)</st>
            <st ob="" eb="" sr="" id="2.185">	at sun.reflect.NativeMethodAccessorImpl.invoke(NativeMethodAccessorImpl.java:39)</st>
            <st ob="" eb="" sr="" id="2.186">	at sun.reflect.DelegatingMethodAccessorImpl.invoke(DelegatingMethodAccessorImpl.java:25)</st>
            <st ob="" eb="" sr="" id="2.187">	at java.lang.reflect.Method.invoke(Method.java:585)</st>
            <st ob="" eb="" sr="" id="2.188">	at org.apache.commons.modeler.BaseModelMBean.invoke(BaseModelMBean.java:503)</st>
            <st ob="" eb="" sr="" id="2.189">	at org.jboss.mx.server.RawDynamicInvoker.invoke(RawDynamicInvoker.java:164)</st>
            <st ob="" eb="" sr="" id="2.190">	at org.jboss.mx.server.MBeanServerImpl.invoke(MBeanServerImpl.java:659)</st>
            <st ob="" eb="" sr="" id="2.191">	at org.jboss.web.tomcat.tc5.TomcatDeployer.performDeployInternal(TomcatDeployer.java:297)</st>
            <st ob="" eb="" sr="" id="2.192">	at org.jboss.web.tomcat.tc5.TomcatDeployer.performDeploy(TomcatDeployer.java:103)</st>
            <st ob="" eb="" sr="" id="2.193">	at org.jboss.web.AbstractWebDeployer.start(AbstractWebDeployer.java:371)</st>
            <st ob="" eb="" sr="" id="2.194">	at org.jboss.web.WebModule.startModule(WebModule.java:83)</st>
            <st ob="" eb="" sr="" id="2.195">	at org.jboss.web.WebModule.startService(WebModule.java:61)</st>
            <st ob="" eb="" sr="" id="2.196">	at org.jboss.system.ServiceMBeanSupport.jbossInternalStart(ServiceMBeanSupport.java:289)</st>
            <st ob="" eb="" sr="" id="2.197">	at org.jboss.system.ServiceMBeanSupport.jbossInternalLifecycle(ServiceMBeanSupport.java:245)</st>
            <st ob="" eb="" sr="" id="2.198">	at sun.reflect.GeneratedMethodAccessor21.invoke(Unknown Source)</st>
            <st ob="" eb="" sr="" id="2.199">	at sun.reflect.DelegatingMethodAccessorImpl.invoke(DelegatingMethodAccessorImpl.java:25)</st>
            <st ob="" eb="" sr="" id="2.200">	at java.lang.reflect.Method.invoke(Method.java:585)</st>
            <st ob="" eb="" sr="" id="2.201">	at org.jboss.mx.interceptor.ReflectedDispatcher.invoke(ReflectedDispatcher.java:155)</st>
            <st ob="" eb="" sr="" id="2.202">	at org.jboss.mx.server.Invocation.dispatch(Invocation.java:94)</st>
            <st ob="" eb="" sr="" id="2.203">	at org.jboss.mx.server.Invocation.invoke(Invocation.java:86)</st>
            <st ob="" eb="" sr="" id="2.204">	at org.jboss.mx.server.AbstractMBeanInvoker.invoke(AbstractMBeanInvoker.java:264)</st>
            <st ob="" eb="" sr="" id="2.205">	at org.jboss.mx.server.MBeanServerImpl.invoke(MBeanServerImpl.java:659)</st>
            <st ob="" eb="" sr="" id="2.206">	at org.jboss.system.ServiceController$ServiceProxy.invoke(ServiceController.java:978)</st>
            <st ob="" eb="" sr="" id="2.207">	at $Proxy0.start(Unknown Source)</st>
            <st ob="" eb="" sr="" id="2.208">	at org.jboss.system.ServiceController.start(ServiceController.java:417)</st>
            <st ob="" eb="" sr="" id="2.209">	at sun.reflect.GeneratedMethodAccessor10.invoke(Unknown Source)</st>
            <st ob="" eb="" sr="" id="2.210">	at sun.reflect.DelegatingMethodAccessorImpl.invoke(DelegatingMethodAccessorImpl.java:25)</st>
            <st ob="" eb="" sr="" id="2.211">	at java.lang.reflect.Method.invoke(Method.java:585)</st>
            <st ob="" eb="" sr="" id="2.212">	at org.jboss.mx.interceptor.ReflectedDispatcher.invoke(ReflectedDispatcher.java:155)</st>
            <st ob="" eb="" sr="" id="2.213">	at org.jboss.mx.server.Invocation.dispatch(Invocation.java:94)</st>
            <st ob="" eb="" sr="" id="2.214">	at org.jboss.mx.server.Invocation.invoke(Invocation.java:86)</st>
            <st ob="" eb="" sr="" id="2.215">	at org.jboss.mx.server.AbstractMBeanInvoker.invoke(AbstractMBeanInvoker.java:264)</st>
            <st ob="" eb="" sr="" id="2.216">	at org.jboss.mx.server.MBeanServerImpl.invoke(MBeanServerImpl.java:659)</st>
            <st ob="" eb="" sr="" id="2.217">	at org.jboss.mx.util.MBeanProxyExt.invoke(MBeanProxyExt.java:210)</st>
            <st ob="" eb="" sr="" id="2.218">	at $Proxy38.start(Unknown Source)</st>
            <st ob="" eb="" sr="" id="2.219">	at org.jboss.web.AbstractWebContainer.start(AbstractWebContainer.java:466)</st>
            <st ob="" eb="" sr="" id="2.220">	at sun.reflect.NativeMethodAccessorImpl.invoke0(Native Method)</st>
            <st ob="" eb="" sr="" id="2.221">	at sun.reflect.NativeMethodAccessorImpl.invoke(NativeMethodAccessorImpl.java:39)</st>
            <st ob="" eb="" sr="" id="2.222">	at sun.reflect.DelegatingMethodAccessorImpl.invoke(DelegatingMethodAccessorImpl.java:25)</st>
            <st ob="" eb="" sr="" id="2.223">	at java.lang.reflect.Method.invoke(Method.java:585)</st>
            <st ob="" eb="" sr="" id="2.224">	at org.jboss.mx.interceptor.ReflectedDispatcher.invoke(ReflectedDispatcher.java:155)</st>
            <st ob="" eb="" sr="" id="2.225">	at org.jboss.mx.server.Invocation.dispatch(Invocation.java:94)</st>
            <st ob="" eb="" sr="" id="2.226">	at org.jboss.mx.interceptor.AbstractInterceptor.invoke(AbstractInterceptor.java:133)</st>
            <st ob="" eb="" sr="" id="2.227">	at org.jboss.mx.server.Invocation.invoke(Invocation.java:88)</st>
            <st ob="" eb="" sr="" id="2.228">	at org.jboss.mx.interceptor.ModelMBeanOperationInterceptor.invoke(ModelMBeanOperationInterceptor.java:142)</st>
            <st ob="" eb="" sr="" id="2.229">	at org.jboss.mx.interceptor.DynamicInterceptor.invoke(DynamicInterceptor.java:97)</st>
            <st ob="" eb="" sr="" id="2.230">	at org.jboss.system.InterceptorServiceMBeanSupport.invokeNext(InterceptorServiceMBeanSupport.java:238)</st>
            <st ob="" eb="" sr="" id="2.231">	at org.jboss.ws.integration.jboss.DeployerInterceptor.start(DeployerInterceptor.java:92)</st>
            <st ob="" eb="" sr="" id="2.232">	at org.jboss.deployment.SubDeployerInterceptorSupport$XMBeanInterceptor.start(SubDeployerInterceptorSupport.java:188)</st>
            <st ob="" eb="" sr="" id="2.233">	at org.jboss.deployment.SubDeployerInterceptor.invoke(SubDeployerInterceptor.java:95)</st>
            <st ob="" eb="" sr="" id="2.234">	at org.jboss.mx.server.Invocation.invoke(Invocation.java:88)</st>
            <st ob="" eb="" sr="" id="2.235">	at org.jboss.mx.server.AbstractMBeanInvoker.invoke(AbstractMBeanInvoker.java:264)</st>
            <st ob="" eb="" sr="" id="2.236">	at org.jboss.mx.server.MBeanServerImpl.invoke(MBeanServerImpl.java:659)</st>
            <st ob="" eb="" sr="" id="2.237">	at org.jboss.mx.util.MBeanProxyExt.invoke(MBeanProxyExt.java:210)</st>
            <st ob="" eb="" sr="" id="2.238">	at $Proxy39.start(Unknown Source)</st>
            <st ob="" eb="" sr="" id="2.239">	at org.jboss.deployment.MainDeployer.start(MainDeployer.java:1025)</st>
            <st ob="" eb="" sr="" id="2.240">	at org.jboss.deployment.MainDeployer.start(MainDeployer.java:1015)</st>
            <st ob="" eb="" sr="" id="2.241">	at org.jboss.deployment.MainDeployer.deploy(MainDeployer.java:819)</st>
            <st ob="" eb="" sr="" id="2.242">	at org.jboss.deployment.MainDeployer.deploy(MainDeployer.java:782)</st>
            <st ob="" eb="" sr="" id="2.243">	at sun.reflect.GeneratedMethodAccessor56.invoke(Unknown Source)</st>
            <st ob="" eb="" sr="" id="2.244">	at sun.reflect.DelegatingMethodAccessorImpl.invoke(DelegatingMethodAccessorImpl.java:25)</st>
            <st ob="" eb="" sr="" id="2.245">	at java.lang.reflect.Method.invoke(Method.java:585)</st>
            <st ob="" eb="" sr="" id="2.246">	at org.jboss.mx.interceptor.ReflectedDispatcher.invoke(ReflectedDispatcher.java:155)</st>
            <st ob="" eb="" sr="" id="2.247">	at org.jboss.mx.server.Invocation.dispatch(Invocation.java:94)</st>
            <st ob="" eb="" sr="" id="2.248">	at org.jboss.mx.interceptor.AbstractInterceptor.invoke(AbstractInterceptor.java:133)</st>
            <st ob="" eb="" sr="" id="2.249">	at org.jboss.mx.server.Invocation.invoke(Invocation.java:88)</st>
            <st ob="" eb="" sr="" id="2.250">	at org.jboss.mx.interceptor.ModelMBeanOperationInterceptor.invoke(ModelMBeanOperationInterceptor.java:142)</st>
            <st ob="" eb="" sr="" id="2.251">	at org.jboss.mx.server.Invocation.invoke(Invocation.java:88)</st>
            <st ob="" eb="" sr="" id="2.252">	at org.jboss.mx.server.AbstractMBeanInvoker.invoke(AbstractMBeanInvoker.java:264)</st>
            <st ob="" eb="" sr="" id="2.253">	at org.jboss.mx.server.MBeanServerImpl.invoke(MBeanServerImpl.java:659)</st>
            <st ob="" eb="" sr="" id="2.254">	at org.jboss.mx.util.MBeanProxyExt.invoke(MBeanProxyExt.java:210)</st>
            <st ob="" eb="" sr="" id="2.255">	at $Proxy8.deploy(Unknown Source)</st>
            <st ob="" eb="" sr="" id="2.256">	at org.jboss.deployment.scanner.URLDeploymentScanner.deploy(URLDeploymentScanner.java:421)</st>
            <st ob="" eb="" sr="" id="2.257">	at org.jboss.deployment.scanner.URLDeploymentScanner.scan(URLDeploymentScanner.java:634)</st>
            <st ob="" eb="" sr="" id="2.258">	at org.jboss.deployment.scanner.AbstractDeploymentScanner$ScannerThread.doScan(AbstractDeploymentScanner.java:263)</st>
            <st ob="" eb="" sr="" id="2.259">	at org.jboss.deployment.scanner.AbstractDeploymentScanner$ScannerThread.loop(AbstractDeploymentScanner.java:274)</st>
            <st ob="" eb="" sr="" id="2.260">	at org.jboss.deployment.scanner.AbstractDeploymentScanner$ScannerThread.run(AbstractDeploymentScanner.java:225)</st>
            <st ob="" eb="" sr="" id="2.261">NestedThrowablesStackTrace:</st>
            <st ob="" eb="" sr="" id="2.262">java.sql.SQLException: READ_COMMITTED and SERIALIZABLE are the only valid transaction levels</st>
            <st ob="" eb="" sr="" id="2.263">	at oracle.jdbc.driver.DatabaseError.throwSqlException(DatabaseError.java:112)</st>
            <st ob="" eb="" sr="" id="2.264">	at oracle.jdbc.driver.DatabaseError.throwSqlException(DatabaseError.java:146)</st>
            <st ob="" eb="" sr="" id="2.265">	at oracle.jdbc.driver.DatabaseError.throwSqlException(DatabaseError.java:208)</st>
            <st ob="" eb="" sr="" id="2.266">	at oracle.jdbc.driver.PhysicalConnection.setTransactionIsolation(PhysicalConnection.java:1608)</st>
            <st ob="" eb="" sr="" id="2.267">	at org.jboss.resource.adapter.jdbc.BaseWrapperManagedConnection.setJdbcTransactionIsolation(BaseWrapperManagedConnection.java:534)</st>
            <st ob="" eb="" sr="" id="2.268">	at org.jboss.resource.adapter.jdbc.WrappedConnection.setTransactionIsolation(WrappedConnection.java:390)</st>
            <st ob="" eb="" sr="" id="2.269">	at org.jpox.store.rdbms.adapter.DatabaseAdapter.getConnection(DatabaseAdapter.java:909)</st>
            <st ob="" eb="" sr="" id="2.270">	at org.jpox.store.rdbms.RDBMSNonmanagedTransaction.begin(RDBMSNonmanagedTransaction.java:324)</st>
            <st ob="" eb="" sr="" id="2.271">	at org.codehaus.plexus.jdo.PlexusJdoUtils.getAllObjectsDetached(PlexusJdoUtils.java:356)</st>
            <st ob="" eb="" sr="" id="2.272">	at org.codehaus.plexus.jdo.PlexusJdoUtils.getAllObjectsDetached(PlexusJdoUtils.java:342)</st>
            <st ob="" eb="" sr="" id="2.273">	at org.apache.maven.continuum.store.JdoContinuumStore.getAllObjectsDetached(JdoContinuumStore.java:1302)</st>
            <st ob="" eb="" sr="" id="2.274">	at org.apache.maven.continuum.store.JdoContinuumStore.getAllObjectsDetached(JdoContinuumStore.java:1287)</st>
            <st ob="" eb="" sr="" id="2.275">	at org.apache.maven.continuum.store.JdoContinuumStore.getAllProjectsByNameWithBuildDetails(JdoContinuumStore.java:843)</st>
            <st ob="" eb="" sr="" id="2.276">	at org.apache.maven.continuum.DefaultContinuum.initialize(DefaultContinuum.java:2209)</st>
            <st ob="" eb="" sr="" id="2.277">	at org.codehaus.plexus.personality.plexus.lifecycle.phase.InitializePhase.execute(InitializePhase.java:33)</st>
            <st ob="" eb="" sr="" id="2.278">	at org.codehaus.plexus.lifecycle.AbstractLifecycleHandler.start(AbstractLifecycleHandler.java:130)</st>
            <st ob="" eb="" sr="" id="2.279">	at org.codehaus.plexus.component.manager.AbstractComponentManager.startComponentLifecycle(AbstractComponentManager.java:143)</st>
            <st ob="" eb="" sr="" id="2.280">	at org.codehaus.plexus.component.manager.AbstractComponentManager.createComponentInstance(AbstractComponentManager.java:133)</st>
            <st ob="" eb="" sr="" id="2.281">	at org.codehaus.plexus.component.manager.ClassicSingletonComponentManager.getComponent(ClassicSingletonComponentManager.java:87)</st>
            <st ob="" eb="" sr="" id="2.282">	at org.codehaus.plexus.DefaultComponentLookupManager.lookup(DefaultComponentLookupManager.java:101)</st>
            <st ob="" eb="" sr="" id="2.283">	at org.codehaus.plexus.DefaultPlexusContainer.lookup(DefaultPlexusContainer.java:310)</st>
            <st ob="" eb="" sr="" id="2.284">	at org.codehaus.plexus.DefaultPlexusContainer.lookup(DefaultPlexusContainer.java:291)</st>
            <st ob="" eb="" sr="" id="2.285">	at org.codehaus.plexus.container.initialization.StartLoadOnStartComponentsPhase.execute(StartLoadOnStartComponentsPhase.java:54)</st>
            <st ob="" eb="" sr="" id="2.286">	at org.codehaus.plexus.DefaultPlexusContainer.initializePhases(DefaultPlexusContainer.java:895)</st>
            <st ob="" eb="" sr="" id="2.287">	at org.codehaus.plexus.DefaultPlexusContainer.initialize(DefaultPlexusContainer.java:843)</st>
            <st ob="" eb="" sr="" id="2.288">	at org.codehaus.plexus.DefaultPlexusContainer.construct(DefaultPlexusContainer.java:820)</st>
            <st ob="" eb="" sr="" id="2.289">	at org.codehaus.plexus.DefaultPlexusContainer.&lt;init&gt;(DefaultPlexusContainer.java:222)</st>
            <st ob="" eb="" sr="" id="2.290">	at org.codehaus.plexus.DefaultPlexusContainer.&lt;init&gt;(DefaultPlexusContainer.java:236)</st>
            <st ob="" eb="" sr="" id="2.291">	at org.codehaus.plexus.xwork.PlexusLifecycleListener.contextInitialized(PlexusLifecycleListener.java:76)</st>
            <st ob="" eb="" sr="" id="2.292">	at org.apache.catalina.core.StandardContext.listenerStart(StandardContext.java:3763)</st>
            <st ob="" eb="" sr="" id="2.293">	at org.apache.catalina.core.StandardContext.start(StandardContext.java:4211)</st>
            <st ob="" eb="" sr="" id="2.294">	at org.apache.catalina.core.ContainerBase.addChildInternal(ContainerBase.java:759)</st>
            <st ob="" eb="" sr="" id="2.295">	at org.apache.catalina.core.ContainerBase.addChild(ContainerBase.java:739)</st>
            <st ob="" eb="" sr="" id="2.296">	at org.apache.catalina.core.StandardHost.addChild(StandardHost.java:524)</st>
            <st ob="" eb="" sr="" id="2.297">	at sun.reflect.NativeMethodAccessorImpl.invoke0(Native Method)</st>
            <st ob="" eb="" sr="" id="2.298">	at sun.reflect.NativeMethodAccessorImpl.invoke(NativeMethodAccessorImpl.java:39)</st>
            <st ob="" eb="" sr="" id="2.299">	at sun.reflect.DelegatingMethodAccessorImpl.invoke(DelegatingMethodAccessorImpl.java:25)</st>
            <st ob="" eb="" sr="" id="2.300">	at java.lang.reflect.Method.invoke(Method.java:585)</st>
            <st ob="" eb="" sr="" id="2.301">	at org.apache.commons.modeler.BaseModelMBean.invoke(BaseModelMBean.java:503)</st>
            <st ob="" eb="" sr="" id="2.302">	at org.jboss.mx.server.RawDynamicInvoker.invoke(RawDynamicInvoker.java:164)</st>
            <st ob="" eb="" sr="" id="2.303">	at org.jboss.mx.server.MBeanServerImpl.invoke(MBeanServerImpl.java:659)</st>
            <st ob="" eb="" sr="" id="2.304">	at org.apache.catalina.core.StandardContext.init(StandardContext.java:5052)</st>
            <st ob="" eb="" sr="" id="2.305">	at sun.reflect.NativeMethodAccessorImpl.invoke0(Native Method)</st>
            <st ob="" eb="" sr="" id="2.306">	at sun.reflect.NativeMethodAccessorImpl.invoke(NativeMethodAccessorImpl.java:39)</st>
            <st ob="" eb="" sr="" id="2.307">	at sun.reflect.DelegatingMethodAccessorImpl.invoke(DelegatingMethodAccessorImpl.java:25)</st>
            <st ob="" eb="" sr="" id="2.308">	at java.lang.reflect.Method.invoke(Method.java:585)</st>
            <st ob="" eb="" sr="" id="2.309">	at org.apache.commons.modeler.BaseModelMBean.invoke(BaseModelMBean.java:503)</st>
            <st ob="" eb="" sr="" id="2.310">	at org.jboss.mx.server.RawDynamicInvoker.invoke(RawDynamicInvoker.java:164)</st>
            <st ob="" eb="" sr="" id="2.311">	at org.jboss.mx.server.MBeanServerImpl.invoke(MBeanServerImpl.java:659)</st>
            <st ob="" eb="" sr="" id="2.312">	at org.jboss.web.tomcat.tc5.TomcatDeployer.performDeployInternal(TomcatDeployer.java:297)</st>
            <st ob="" eb="" sr="" id="2.313">	at org.jboss.web.tomcat.tc5.TomcatDeployer.performDeploy(TomcatDeployer.java:103)</st>
            <st ob="" eb="" sr="" id="2.314">	at org.jboss.web.AbstractWebDeployer.start(AbstractWebDeployer.java:371)</st>
            <st ob="" eb="" sr="" id="2.315">	at org.jboss.web.WebModule.startModule(WebModule.java:83)</st>
            <st ob="" eb="" sr="" id="2.316">	at org.jboss.web.WebModule.startService(WebModule.java:61)</st>
            <st ob="" eb="" sr="" id="2.317">	at org.jboss.system.ServiceMBeanSupport.jbossInternalStart(ServiceMBeanSupport.java:289)</st>
            <st ob="" eb="" sr="" id="2.318">	at org.jboss.system.ServiceMBeanSupport.jbossInternalLifecycle(ServiceMBeanSupport.java:245)</st>
            <st ob="" eb="" sr="" id="2.319">	at sun.reflect.GeneratedMethodAccessor21.invoke(Unknown Source)</st>
            <st ob="" eb="" sr="" id="2.320">	at sun.reflect.DelegatingMethodAccessorImpl.invoke(DelegatingMethodAccessorImpl.java:25)</st>
            <st ob="" eb="" sr="" id="2.321">	at java.lang.reflect.Method.invoke(Method.java:585)</st>
            <st ob="" eb="" sr="" id="2.322">	at org.jboss.mx.interceptor.ReflectedDispatcher.invoke(ReflectedDispatcher.java:155)</st>
            <st ob="" eb="" sr="" id="2.323">	at org.jboss.mx.server.Invocation.dispatch(Invocation.java:94)</st>
            <st ob="" eb="" sr="" id="2.324">	at org.jboss.mx.server.Invocation.invoke(Invocation.java:86)</st>
            <st ob="" eb="" sr="" id="2.325">	at org.jboss.mx.server.AbstractMBeanInvoker.invoke(AbstractMBeanInvoker.java:264)</st>
            <st ob="" eb="" sr="" id="2.326">	at org.jboss.mx.server.MBeanServerImpl.invoke(MBeanServerImpl.java:659)</st>
            <st ob="" eb="" sr="" id="2.327">	at org.jboss.system.ServiceController$ServiceProxy.invoke(ServiceController.java:978)</st>
            <st ob="" eb="" sr="" id="2.328">	at $Proxy0.start(Unknown Source)</st>
            <st ob="" eb="" sr="" id="2.329">	at org.jboss.system.ServiceController.start(ServiceController.java:417)</st>
            <st ob="" eb="" sr="" id="2.330">	at sun.reflect.GeneratedMethodAccessor10.invoke(Unknown Source)</st>
            <st ob="" eb="" sr="" id="2.331">	at sun.reflect.DelegatingMethodAccessorImpl.invoke(DelegatingMethodAccessorImpl.java:25)</st>
            <st ob="" eb="" sr="" id="2.332">	at java.lang.reflect.Method.invoke(Method.java:585)</st>
            <st ob="" eb="" sr="" id="2.333">	at org.jboss.mx.interceptor.ReflectedDispatcher.invoke(ReflectedDispatcher.java:155)</st>
            <st ob="" eb="" sr="" id="2.334">	at org.jboss.mx.server.Invocation.dispatch(Invocation.java:94)</st>
            <st ob="" eb="" sr="" id="2.335">	at org.jboss.mx.server.Invocation.invoke(Invocation.java:86)</st>
            <st ob="" eb="" sr="" id="2.336">	at org.jboss.mx.server.AbstractMBeanInvoker.invoke(AbstractMBeanInvoker.java:264)</st>
            <st ob="" eb="" sr="" id="2.337">	at org.jboss.mx.server.MBeanServerImpl.invoke(MBeanServerImpl.java:659)</st>
            <st ob="" eb="" sr="" id="2.338">	at org.jboss.mx.util.MBeanProxyExt.invoke(MBeanProxyExt.java:210)</st>
            <st ob="" eb="" sr="" id="2.339">	at $Proxy38.start(Unknown Source)</st>
            <st ob="" eb="" sr="" id="2.340">	at org.jboss.web.AbstractWebContainer.start(AbstractWebContainer.java:466)</st>
            <st ob="" eb="" sr="" id="2.341">	at sun.reflect.NativeMethodAccessorImpl.invoke0(Native Method)</st>
            <st ob="" eb="" sr="" id="2.342">	at sun.reflect.NativeMethodAccessorImpl.invoke(NativeMethodAccessorImpl.java:39)</st>
            <st ob="" eb="" sr="" id="2.343">	at sun.reflect.DelegatingMethodAccessorImpl.invoke(DelegatingMethodAccessorImpl.java:25)</st>
            <st ob="" eb="" sr="" id="2.344">	at java.lang.reflect.Method.invoke(Method.java:585)</st>
            <st ob="" eb="" sr="" id="2.345">	at org.jboss.mx.interceptor.ReflectedDispatcher.invoke(ReflectedDispatcher.java:155)</st>
            <st ob="" eb="" sr="" id="2.346">	at org.jboss.mx.server.Invocation.dispatch(Invocation.java:94)</st>
            <st ob="" eb="" sr="" id="2.347">	at org.jboss.mx.interceptor.AbstractInterceptor.invoke(AbstractInterceptor.java:133)</st>
            <st ob="" eb="" sr="" id="2.348">	at org.jboss.mx.server.Invocation.invoke(Invocation.java:88)</st>
            <st ob="" eb="" sr="" id="2.349">	at org.jboss.mx.interceptor.ModelMBeanOperationInterceptor.invoke(ModelMBeanOperationInterceptor.java:142)</st>
            <st ob="" eb="" sr="" id="2.350">	at org.jboss.mx.interceptor.DynamicInterceptor.invoke(DynamicInterceptor.java:97)</st>
            <st ob="" eb="" sr="" id="2.351">	at org.jboss.system.InterceptorServiceMBeanSupport.invokeNext(InterceptorServiceMBeanSupport.java:238)</st>
            <st ob="" eb="" sr="" id="2.352">	at org.jboss.ws.integration.jboss.DeployerInterceptor.start(DeployerInterceptor.java:92)</st>
            <st ob="" eb="" sr="" id="2.353">	at org.jboss.deployment.SubDeployerInterceptorSupport$XMBeanInterceptor.start(SubDeployerInterceptorSupport.java:188)</st>
            <st ob="" eb="" sr="" id="2.354">	at org.jboss.deployment.SubDeployerInterceptor.invoke(SubDeployerInterceptor.java:95)</st>
            <st ob="" eb="" sr="" id="2.355">	at org.jboss.mx.server.Invocation.invoke(Invocation.java:88)</st>
            <st ob="" eb="" sr="" id="2.356">	at org.jboss.mx.server.AbstractMBeanInvoker.invoke(AbstractMBeanInvoker.java:264)</st>
            <st ob="" eb="" sr="" id="2.357">	at org.jboss.mx.server.MBeanServerImpl.invoke(MBeanServerImpl.java:659)</st>
            <st ob="" eb="" sr="" id="2.358">	at org.jboss.mx.util.MBeanProxyExt.invoke(MBeanProxyExt.java:210)</st>
            <st ob="" eb="" sr="" id="2.359">	at $Proxy39.start(Unknown Source)</st>
            <st ob="" eb="" sr="" id="2.360">	at org.jboss.deployment.MainDeployer.start(MainDeployer.java:1025)</st>
            <st ob="" eb="" sr="" id="2.361">	at org.jboss.deployment.MainDeployer.start(MainDeployer.java:1015)</st>
            <st ob="" eb="" sr="" id="2.362">	at org.jboss.deployment.MainDeployer.deploy(MainDeployer.java:819)</st>
            <st ob="" eb="" sr="" id="2.363">	at org.jboss.deployment.MainDeployer.deploy(MainDeployer.java:782)</st>
            <st ob="" eb="" sr="" id="2.364">	at sun.reflect.GeneratedMethodAccessor56.invoke(Unknown Source)</st>
            <st ob="" eb="" sr="" id="2.365">	at sun.reflect.DelegatingMethodAccessorImpl.invoke(DelegatingMethodAccessorImpl.java:25)</st>
            <st ob="" eb="" sr="" id="2.366">	at java.lang.reflect.Method.invoke(Method.java:585)</st>
            <st ob="" eb="" sr="" id="2.367">	at org.jboss.mx.interceptor.ReflectedDispatcher.invoke(ReflectedDispatcher.java:155)</st>
            <st ob="" eb="" sr="" id="2.368">	at org.jboss.mx.server.Invocation.dispatch(Invocation.java:94)</st>
            <st ob="" eb="" sr="" id="2.369">	at org.jboss.mx.interceptor.AbstractInterceptor.invoke(AbstractInterceptor.java:133)</st>
            <st ob="" eb="" sr="" id="2.370">	at org.jboss.mx.server.Invocation.invoke(Invocation.java:88)</st>
            <st ob="" eb="" sr="" id="2.371">	at org.jboss.mx.interceptor.ModelMBeanOperationInterceptor.invoke(ModelMBeanOperationInterceptor.java:142)</st>
            <st ob="" eb="" sr="" id="2.372">	at org.jboss.mx.server.Invocation.invoke(Invocation.java:88)</st>
            <st ob="" eb="" sr="" id="2.373">	at org.jboss.mx.server.AbstractMBeanInvoker.invoke(AbstractMBeanInvoker.java:264)</st>
            <st ob="" eb="" sr="" id="2.374">	at org.jboss.mx.server.MBeanServerImpl.invoke(MBeanServerImpl.java:659)</st>
            <st ob="" eb="" sr="" id="2.375">	at org.jboss.mx.util.MBeanProxyExt.invoke(MBeanProxyExt.java:210)</st>
            <st ob="" eb="" sr="" id="2.376">	at $Proxy8.deploy(Unknown Source)</st>
            <st ob="" eb="" sr="" id="2.377">	at org.jboss.deployment.scanner.URLDeploymentScanner.deploy(URLDeploymentScanner.java:421)</st>
            <st ob="" eb="" sr="" id="2.378">	at org.jboss.deployment.scanner.URLDeploymentScanner.scan(URLDeploymentScanner.java:634)</st>
            <st ob="" eb="" sr="" id="2.379">	at org.jboss.deployment.scanner.AbstractDeploymentScanner$ScannerThread.doScan(AbstractDeploymentScanner.java:263)</st>
            <st ob="" eb="" sr="" id="2.380">	at org.jboss.deployment.scanner.AbstractDeploymentScanner$ScannerThread.loop(AbstractDeploymentScanner.java:274)</st>
            <st ob="" eb="" sr="" id="2.381">	at org.jboss.deployment.scanner.AbstractDeploymentScanner$ScannerThread.run(AbstractDeploymentScanner.java:225)</st>
            <st ob="" eb="" sr="" id="2.382">2007-02-27 13:14:10,515 [ScannerThread] ERROR StandardContext                - Error listenerStart</st>
            <st ob="" eb="" sr="" id="2.383">2007-02-27 13:14:10,531 [ScannerThread] ERROR StandardContext                - Context [/continuum] startup failed due to previous errors</st>
            <st ob="" eb="" sr="" id="2.384">2007-02-27 13:14:12,031 [ScannerThread] WARN  ServiceController              - Problem starting service jboss.web.deployment:war=continuum-webapp-1.1-SNAPSHOT.war,id=44115487 org.jboss.deployment.DeploymentException: URL file:/C:/jboss-4.0.5/server/custom/tmp/deploy/tmp23172continuum-ear-1.1-SNAPSHOT.ear-contents/continuum-webapp-1.1-SNAPSHOT-exp.</st>
            <st ob="" eb="" sr="" id="2.385">war/ deployment failed</st>
            <st ob="" eb="" sr="" id="2.386">	at org.jboss.web.tomcat.tc5.TomcatDeployer.performDeployInternal(TomcatDeployer.java:375)</st>
            <st ob="" eb="" sr="" id="2.387">	at org.jboss.web.tomcat.tc5.TomcatDeployer.performDeploy(TomcatDeployer.java:103)</st>
            <st ob="" eb="" sr="" id="2.388">	at org.jboss.web.AbstractWebDeployer.start(AbstractWebDeployer.java:371)</st>
            <st ob="" eb="" sr="" id="2.389">	at org.jboss.web.WebModule.startModule(WebModule.java:83)</st>
            <st ob="" eb="" sr="" id="2.390">	at org.jboss.web.WebModule.startService(WebModule.java:61)</st>
            <st ob="" eb="" sr="" id="2.391">	at org.jboss.system.ServiceMBeanSupport.jbossInternalStart(ServiceMBeanSupport.java:289)</st>
            <st ob="" eb="" sr="" id="2.392">	at org.jboss.system.ServiceMBeanSupport.jbossInternalLifecycle(ServiceMBeanSupport.java:245)</st>
            <st ob="" eb="" sr="" id="2.393">	at sun.reflect.GeneratedMethodAccessor21.invoke(Unknown Source)</st>
            <st ob="" eb="" sr="" id="2.394">	at sun.reflect.DelegatingMethodAccessorImpl.invoke(DelegatingMethodAccessorImpl.java:25)</st>
            <st ob="" eb="" sr="" id="2.395">	at java.lang.reflect.Method.invoke(Method.java:585)</st>
            <st ob="" eb="" sr="" id="2.396">	at org.jboss.mx.interceptor.ReflectedDispatcher.invoke(ReflectedDispatcher.java:155)</st>
            <st ob="" eb="" sr="" id="2.397">	at org.jboss.mx.server.Invocation.dispatch(Invocation.java:94)</st>
            <st ob="" eb="" sr="" id="2.398">	at org.jboss.mx.server.Invocation.invoke(Invocation.java:86)</st>
            <st ob="" eb="" sr="" id="2.399">	at org.jboss.mx.server.AbstractMBeanInvoker.invoke(AbstractMBeanInvoker.java:264)</st>
            <st ob="" eb="" sr="" id="2.400">	at org.jboss.mx.server.MBeanServerImpl.invoke(MBeanServerImpl.java:659)</st>
            <st ob="" eb="" sr="" id="2.401">	at org.jboss.system.ServiceController$ServiceProxy.invoke(ServiceController.java:978)</st>
            <st ob="" eb="" sr="" id="2.402">	at $Proxy0.start(Unknown Source)</st>
            <st ob="" eb="" sr="" id="2.403">	at org.jboss.system.ServiceController.start(ServiceController.java:417)</st>
            <st ob="" eb="" sr="" id="2.404">	at sun.reflect.GeneratedMethodAccessor10.invoke(Unknown Source)</st>
            <st ob="" eb="" sr="" id="2.405">	at sun.reflect.DelegatingMethodAccessorImpl.invoke(DelegatingMethodAccessorImpl.java:25)</st>
            <st ob="" eb="" sr="" id="2.406">	at java.lang.reflect.Method.invoke(Method.java:585)</st>
            <st ob="" eb="" sr="" id="2.407">	at org.jboss.mx.interceptor.ReflectedDispatcher.invoke(ReflectedDispatcher.java:155)</st>
            <st ob="" eb="" sr="" id="2.408">	at org.jboss.mx.server.Invocation.dispatch(Invocation.java:94)</st>
            <st ob="" eb="" sr="" id="2.409">	at org.jboss.mx.server.Invocation.invoke(Invocation.java:86)</st>
            <st ob="" eb="" sr="" id="2.410">	at org.jboss.mx.server.AbstractMBeanInvoker.invoke(AbstractMBeanInvoker.java:264)</st>
            <st ob="" eb="" sr="" id="2.411">	at org.jboss.mx.server.MBeanServerImpl.invoke(MBeanServerImpl.java:659)</st>
            <st ob="" eb="" sr="" id="2.412">	at org.jboss.mx.util.MBeanProxyExt.invoke(MBeanProxyExt.java:210)</st>
            <st ob="" eb="" sr="" id="2.413">	at $Proxy38.start(Unknown Source)</st>
            <st ob="" eb="" sr="" id="2.414">	at org.jboss.web.AbstractWebContainer.start(AbstractWebContainer.java:466)</st>
            <st ob="" eb="" sr="" id="2.415">	at sun.reflect.NativeMethodAccessorImpl.invoke0(Native Method)</st>
            <st ob="" eb="" sr="" id="2.416">	at sun.reflect.NativeMethodAccessorImpl.invoke(NativeMethodAccessorImpl.java:39)</st>
            <st ob="" eb="" sr="" id="2.417">	at sun.reflect.DelegatingMethodAccessorImpl.invoke(DelegatingMethodAccessorImpl.java:25)</st>
            <st ob="" eb="" sr="" id="2.418">	at java.lang.reflect.Method.invoke(Method.java:585)</st>
            <st ob="" eb="" sr="" id="2.419">	at org.jboss.mx.interceptor.ReflectedDispatcher.invoke(ReflectedDispatcher.java:155)</st>
            <st ob="" eb="" sr="" id="2.420">	at org.jboss.mx.server.Invocation.dispatch(Invocation.java:94)</st>
            <st ob="" eb="" sr="" id="2.421">	at org.jboss.mx.interceptor.AbstractInterceptor.invoke(AbstractInterceptor.java:133)</st>
            <st ob="" eb="" sr="" id="2.422">	at org.jboss.mx.server.Invocation.invoke(Invocation.java:88)</st>
            <st ob="" eb="" sr="" id="2.423">	at org.jboss.mx.interceptor.ModelMBeanOperationInterceptor.invoke(ModelMBeanOperationInterceptor.java:142)</st>
            <st ob="" eb="" sr="" id="2.424">	at org.jboss.mx.interceptor.DynamicInterceptor.invoke(DynamicInterceptor.java:97)</st>
            <st ob="" eb="" sr="" id="2.425">	at org.jboss.system.InterceptorServiceMBeanSupport.invokeNext(InterceptorServiceMBeanSupport.java:238)</st>
            <st ob="" eb="" sr="" id="2.426">	at org.jboss.ws.integration.jboss.DeployerInterceptor.start(DeployerInterceptor.java:92)</st>
            <st ob="" eb="" sr="" id="2.427">	at org.jboss.deployment.SubDeployerInterceptorSupport$XMBeanInterceptor.start(SubDeployerInterceptorSupport.java:188)</st>
            <st ob="" eb="" sr="" id="2.428">	at org.jboss.deployment.SubDeployerInterceptor.invoke(SubDeployerInterceptor.java:95)</st>
            <st ob="" eb="" sr="" id="2.429">	at org.jboss.mx.server.Invocation.invoke(Invocation.java:88)</st>
            <st ob="" eb="" sr="" id="2.430">	at org.jboss.mx.server.AbstractMBeanInvoker.invoke(AbstractMBeanInvoker.java:264)</st>
            <st ob="" eb="" sr="" id="2.431">	at org.jboss.mx.server.MBeanServerImpl.invoke(MBeanServerImpl.java:659)</st>
            <st ob="" eb="" sr="" id="2.432">	at org.jboss.mx.util.MBeanProxyExt.invoke(MBeanProxyExt.java:210)</st>
            <st ob="" eb="" sr="" id="2.433">	at $Proxy39.start(Unknown Source)</st>
            <st ob="" eb="" sr="" id="2.434">	at org.jboss.deployment.MainDeployer.start(MainDeployer.java:1025)</st>
            <st ob="" eb="" sr="" id="2.435">	at org.jboss.deployment.MainDeployer.start(MainDeployer.java:1015)</st>
            <st ob="" eb="" sr="" id="2.436">	at org.jboss.deployment.MainDeployer.deploy(MainDeployer.java:819)</st>
            <st ob="" eb="" sr="" id="2.437">	at org.jboss.deployment.MainDeployer.deploy(MainDeployer.java:782)</st>
            <st ob="" eb="" sr="" id="2.438">	at sun.reflect.GeneratedMethodAccessor56.invoke(Unknown Source)</st>
            <st ob="" eb="" sr="" id="2.439">	at sun.reflect.DelegatingMethodAccessorImpl.invoke(DelegatingMethodAccessorImpl.java:25)</st>
            <st ob="" eb="" sr="" id="2.440">	at java.lang.reflect.Method.invoke(Method.java:585)</st>
            <st ob="" eb="" sr="" id="2.441">	at org.jboss.mx.interceptor.ReflectedDispatcher.invoke(ReflectedDispatcher.java:155)</st>
            <st ob="" eb="" sr="" id="2.442">	at org.jboss.mx.server.Invocation.dispatch(Invocation.java:94)</st>
            <st ob="" eb="" sr="" id="2.443">	at org.jboss.mx.interceptor.AbstractInterceptor.invoke(AbstractInterceptor.java:133)</st>
            <st ob="" eb="" sr="" id="2.444">	at org.jboss.mx.server.Invocation.invoke(Invocation.java:88)</st>
            <st ob="" eb="" sr="" id="2.445">	at org.jboss.mx.interceptor.ModelMBeanOperationInterceptor.invoke(ModelMBeanOperationInterceptor.java:142)</st>
            <st ob="" eb="" sr="" id="2.446">	at org.jboss.mx.server.Invocation.invoke(Invocation.java:88)</st>
            <st ob="" eb="" sr="" id="2.447">	at org.jboss.mx.server.AbstractMBeanInvoker.invoke(AbstractMBeanInvoker.java:264)</st>
            <st ob="" eb="" sr="" id="2.448">	at org.jboss.mx.server.MBeanServerImpl.invoke(MBeanServerImpl.java:659)</st>
            <st ob="" eb="" sr="" id="2.449">	at org.jboss.mx.util.MBeanProxyExt.invoke(MBeanProxyExt.java:210)</st>
            <st ob="" eb="" sr="" id="2.450">	at $Proxy8.deploy(Unknown Source)</st>
            <st ob="" eb="" sr="" id="2.451">	at org.jboss.deployment.scanner.URLDeploymentScanner.deploy(URLDeploymentScanner.java:421)</st>
            <st ob="" eb="" sr="" id="2.452">	at org.jboss.deployment.scanner.URLDeploymentScanner.scan(URLDeploymentScanner.java:634)</st>
            <st ob="" eb="" sr="" id="2.453">	at org.jboss.deployment.scanner.AbstractDeploymentScanner$ScannerThread.doScan(AbstractDeploymentScanner.java:263)</st>
            <st ob="" eb="" sr="" id="2.454">	at org.jboss.deployment.scanner.AbstractDeploymentScanner$ScannerThread.loop(AbstractDeploymentScanner.java:274)</st>
            <st ob="" eb="" sr="" id="2.455">	at org.jboss.deployment.scanner.AbstractDeploymentScanner$ScannerThread.run(AbstractDeploymentScanner.java:225)</st>
            <st ob="" eb="" sr="" id="2.456">2007-02-27 13:14:12,234 [ScannerThread] ERROR MainDeployer                   - Could not start deployment: file:/C:/jboss-4.0.5/server/custom/tmp/deploy/tmp23172continuum-ear-1.1-SNAPSHOT.ear-contents/continuum-webapp-1.1-SNAPSHOT.war org.jboss.deployment.DeploymentException: URL file:/C:/jboss-4.0.5/server/custom/tmp/deploy/tmp23172continuum-ear-1.1-SNAPSHOT.ear-contents/continuum-webapp-1.1-SNAPSHOT-exp.</st>
            <st ob="" eb="" sr="" id="2.457">war/ deployment failed</st>
            <st ob="" eb="" sr="" id="2.458">	at org.jboss.web.tomcat.tc5.TomcatDeployer.performDeployInternal(TomcatDeployer.java:375)</st>
            <st ob="" eb="" sr="" id="2.459">	at org.jboss.web.tomcat.tc5.TomcatDeployer.performDeploy(TomcatDeployer.java:103)</st>
            <st ob="" eb="" sr="" id="2.460">	at org.jboss.web.AbstractWebDeployer.start(AbstractWebDeployer.java:371)</st>
            <st ob="" eb="" sr="" id="2.461">	at org.jboss.web.WebModule.startModule(WebModule.java:83)</st>
            <st ob="" eb="" sr="" id="2.462">	at org.jboss.web.WebModule.startService(WebModule.java:61)</st>
            <st ob="" eb="" sr="" id="2.463">	at org.jboss.system.ServiceMBeanSupport.jbossInternalStart(ServiceMBeanSupport.java:289)</st>
            <st ob="" eb="" sr="" id="2.464">	at org.jboss.system.ServiceMBeanSupport.jbossInternalLifecycle(ServiceMBeanSupport.java:245)</st>
            <st ob="" eb="" sr="" id="2.465">	at sun.reflect.GeneratedMethodAccessor21.invoke(Unknown Source)</st>
            <st ob="" eb="" sr="" id="2.466">	at sun.reflect.DelegatingMethodAccessorImpl.invoke(DelegatingMethodAccessorImpl.java:25)</st>
            <st ob="" eb="" sr="" id="2.467">	at java.lang.reflect.Method.invoke(Method.java:585)</st>
            <st ob="" eb="" sr="" id="2.468">	at org.jboss.mx.interceptor.ReflectedDispatcher.invoke(ReflectedDispatcher.java:155)</st>
            <st ob="" eb="" sr="" id="2.469">	at org.jboss.mx.server.Invocation.dispatch(Invocation.java:94)</st>
            <st ob="" eb="" sr="" id="2.470">	at org.jboss.mx.server.Invocation.invoke(Invocation.java:86)</st>
            <st ob="" eb="" sr="" id="2.471">	at org.jboss.mx.server.AbstractMBeanInvoker.invoke(AbstractMBeanInvoker.java:264)</st>
            <st ob="" eb="" sr="" id="2.472">	at org.jboss.mx.server.MBeanServerImpl.invoke(MBeanServerImpl.java:659)</st>
            <st ob="" eb="" sr="" id="2.473">	at org.jboss.system.ServiceController$ServiceProxy.invoke(ServiceController.java:978)</st>
            <st ob="" eb="" sr="" id="2.474">	at $Proxy0.start(Unknown Source)</st>
            <st ob="" eb="" sr="" id="2.475">	at org.jboss.system.ServiceController.start(ServiceController.java:417)</st>
            <st ob="" eb="" sr="" id="2.476">	at sun.reflect.GeneratedMethodAccessor10.invoke(Unknown Source)</st>
            <st ob="" eb="" sr="" id="2.477">	at sun.reflect.DelegatingMethodAccessorImpl.invoke(DelegatingMethodAccessorImpl.java:25)</st>
            <st ob="" eb="" sr="" id="2.478">	at java.lang.reflect.Method.invoke(Method.java:585)</st>
            <st ob="" eb="" sr="" id="2.479">	at org.jboss.mx.interceptor.ReflectedDispatcher.invoke(ReflectedDispatcher.java:155)</st>
            <st ob="" eb="" sr="" id="2.480">	at org.jboss.mx.server.Invocation.dispatch(Invocation.java:94)</st>
            <st ob="" eb="" sr="" id="2.481">	at org.jboss.mx.server.Invocation.invoke(Invocation.java:86)</st>
            <st ob="" eb="" sr="" id="2.482">	at org.jboss.mx.server.AbstractMBeanInvoker.invoke(AbstractMBeanInvoker.java:264)</st>
            <st ob="" eb="" sr="" id="2.483">	at org.jboss.mx.server.MBeanServerImpl.invoke(MBeanServerImpl.java:659)</st>
            <st ob="" eb="" sr="" id="2.484">	at org.jboss.mx.util.MBeanProxyExt.invoke(MBeanProxyExt.java:210)</st>
            <st ob="" eb="" sr="" id="2.485">	at $Proxy38.start(Unknown Source)</st>
            <st ob="" eb="" sr="" id="2.486">	at org.jboss.web.AbstractWebContainer.start(AbstractWebContainer.java:466)</st>
            <st ob="" eb="" sr="" id="2.487">	at sun.reflect.NativeMethodAccessorImpl.invoke0(Native Method)</st>
            <st ob="" eb="" sr="" id="2.488">	at sun.reflect.NativeMethodAccessorImpl.invoke(NativeMethodAccessorImpl.java:39)</st>
            <st ob="" eb="" sr="" id="2.489">	at sun.reflect.DelegatingMethodAccessorImpl.invoke(DelegatingMethodAccessorImpl.java:25)</st>
            <st ob="" eb="" sr="" id="2.490">	at java.lang.reflect.Method.invoke(Method.java:585)</st>
            <st ob="" eb="" sr="" id="2.491">	at org.jboss.mx.interceptor.ReflectedDispatcher.invoke(ReflectedDispatcher.java:155)</st>
            <st ob="" eb="" sr="" id="2.492">	at org.jboss.mx.server.Invocation.dispatch(Invocation.java:94)</st>
            <st ob="" eb="" sr="" id="2.493">	at org.jboss.mx.interceptor.AbstractInterceptor.invoke(AbstractInterceptor.java:133)</st>
            <st ob="" eb="" sr="" id="2.494">	at org.jboss.mx.server.Invocation.invoke(Invocation.java:88)</st>
            <st ob="" eb="" sr="" id="2.495">	at org.jboss.mx.interceptor.ModelMBeanOperationInterceptor.invoke(ModelMBeanOperationInterceptor.java:142)</st>
            <st ob="" eb="" sr="" id="2.496">	at org.jboss.mx.interceptor.DynamicInterceptor.invoke(DynamicInterceptor.java:97)</st>
            <st ob="" eb="" sr="" id="2.497">	at org.jboss.system.InterceptorServiceMBeanSupport.invokeNext(InterceptorServiceMBeanSupport.java:238)</st>
            <st ob="" eb="" sr="" id="2.498">	at org.jboss.ws.integration.jboss.DeployerInterceptor.start(DeployerInterceptor.java:92)</st>
            <st ob="" eb="" sr="" id="2.499">	at org.jboss.deployment.SubDeployerInterceptorSupport$XMBeanInterceptor.start(SubDeployerInterceptorSupport.java:188)</st>
            <st ob="" eb="" sr="" id="2.500">	at org.jboss.deployment.SubDeployerInterceptor.invoke(SubDeployerInterceptor.java:95)</st>
            <st ob="" eb="" sr="" id="2.501">	at org.jboss.mx.server.Invocation.invoke(Invocation.java:88)</st>
            <st ob="" eb="" sr="" id="2.502">	at org.jboss.mx.server.AbstractMBeanInvoker.invoke(AbstractMBeanInvoker.java:264)</st>
            <st ob="" eb="" sr="" id="2.503">	at org.jboss.mx.server.MBeanServerImpl.invoke(MBeanServerImpl.java:659)</st>
            <st ob="" eb="" sr="" id="2.504">	at org.jboss.mx.util.MBeanProxyExt.invoke(MBeanProxyExt.java:210)</st>
            <st ob="" eb="" sr="" id="2.505">	at $Proxy39.start(Unknown Source)</st>
            <st ob="" eb="" sr="" id="2.506">	at org.jboss.deployment.MainDeployer.start(MainDeployer.java:1025)</st>
            <st ob="" eb="" sr="" id="2.507">	at org.jboss.deployment.MainDeployer.start(MainDeployer.java:1015)</st>
            <st ob="" eb="" sr="" id="2.508">	at org.jboss.deployment.MainDeployer.deploy(MainDeployer.java:819)</st>
            <st ob="" eb="" sr="" id="2.509">	at org.jboss.deployment.MainDeployer.deploy(MainDeployer.java:782)</st>
            <st ob="" eb="" sr="" id="2.510">	at sun.reflect.GeneratedMethodAccessor56.invoke(Unknown Source)</st>
            <st ob="" eb="" sr="" id="2.511">	at sun.reflect.DelegatingMethodAccessorImpl.invoke(DelegatingMethodAccessorImpl.java:25)</st>
            <st ob="" eb="" sr="" id="2.512">	at java.lang.reflect.Method.invoke(Method.java:585)</st>
            <st ob="" eb="" sr="" id="2.513">	at org.jboss.mx.interceptor.ReflectedDispatcher.invoke(ReflectedDispatcher.java:155)</st>
            <st ob="" eb="" sr="" id="2.514">	at org.jboss.mx.server.Invocation.dispatch(Invocation.java:94)</st>
            <st ob="" eb="" sr="" id="2.515">	at org.jboss.mx.interceptor.AbstractInterceptor.invoke(AbstractInterceptor.java:133)</st>
            <st ob="" eb="" sr="" id="2.516">	at org.jboss.mx.server.Invocation.invoke(Invocation.java:88)</st>
            <st ob="" eb="" sr="" id="2.517">	at org.jboss.mx.interceptor.ModelMBeanOperationInterceptor.invoke(ModelMBeanOperationInterceptor.java:142)</st>
            <st ob="" eb="" sr="" id="2.518">	at org.jboss.mx.server.Invocation.invoke(Invocation.java:88)</st>
            <st ob="" eb="" sr="" id="2.519">	at org.jboss.mx.server.AbstractMBeanInvoker.invoke(AbstractMBeanInvoker.java:264)</st>
            <st ob="" eb="" sr="" id="2.520">	at org.jboss.mx.server.MBeanServerImpl.invoke(MBeanServerImpl.java:659)</st>
            <st ob="" eb="" sr="" id="2.521">	at org.jboss.mx.util.MBeanProxyExt.invoke(MBeanProxyExt.java:210)</st>
            <st ob="" eb="" sr="" id="2.522">	at $Proxy8.deploy(Unknown Source)</st>
            <st ob="" eb="" sr="" id="2.523">	at org.jboss.deployment.scanner.URLDeploymentScanner.deploy(URLDeploymentScanner.java:421)</st>
            <st ob="" eb="" sr="" id="2.524">	at org.jboss.deployment.scanner.URLDeploymentScanner.scan(URLDeploymentScanner.java:634)</st>
            <st ob="" eb="" sr="" id="2.525">	at org.jboss.deployment.scanner.AbstractDeploymentScanner$ScannerThread.doScan(AbstractDeploymentScanner.java:263)</st>
            <st ob="" eb="" sr="" id="2.526">	at org.jboss.deployment.scanner.AbstractDeploymentScanner$ScannerThread.loop(AbstractDeploymentScanner.java:274)</st>
            <st ob="" eb="" sr="" id="2.527">	at org.jboss.deployment.scanner.AbstractDeploymentScanner$ScannerThread.run(AbstractDeploymentScanner.java:225)</st>
        </parg>
    </desc>
</bug>
