<?xml version="1.0" encoding="UTF-8" standalone="yes"?>
<bug no-bug="" comments="">
    <id>CONTINUUM-2009</id>
    <title ob="" eb="" sr="">maven-artifactXXX.tmp files in /tmp</title>
    <desc>
        <parg ob="" eb="" sr="" id="1">
            <st ob="x" eb="" sr="" id="1.1">I am finding files named "maven-artifactNNNNN.tmp" in the /tmp directory of the CI box.</st>
            <st ob="" eb="" sr="" id="1.2">There gets to be so many that simple</st>
            <st ob="" eb="" sr="" id="1.3">"rm -f maven-artifact*.tmp" fails due to too many files in list matching the pattern.</st>
            <st ob="" eb="" sr="" id="1.4">I have to use a "find...-exec rm"  to get it cleaned up.</st>
            <st ob="x" eb="" sr="" id="1.5">It looks like continuum is creating these files on build completion for each project it builds.</st>
            <st ob="" eb="" sr="" id="1.6">They appear to have a hex checksum hash in them and they are about 32 or 40 bytes in size.</st>
        </parg>
    </desc>
</bug>
