<?xml version="1.0" encoding="UTF-8" standalone="yes"?>
<bug no-bug="" comments="">
    <id>CONTINUUM-2220</id>
    <title ob="x" eb="" sr="x">Subversion checkout fails after restart</title>
    <desc>
        <parg ob="" eb="" sr="" id="1">
            <st ob="" eb="" sr="x" id="1.1">I added a Maven2 project via the pom-url from Subversion.</st>
            <st ob="x" eb="" sr="x" id="1.2">I didn't check the 'Use user-credential if availabe' (If I check this, checkout fails).</st>
            <st ob="x" eb="" sr="x" id="1.3">The project will be checked out and build again and again, but if I do a restart of Continum Service at XP the checkout fails.</st>
            <st ob="x" eb="" sr="x" id="1.4">I filled in the username and passwort again with and without checking 'Use user-credential' but the checkout fails always.</st>
            <st ob="" eb="" sr="" id="1.5">I have to delete the project rather the projectgroup and to add once again to make the checkout possible.</st>
        </parg>
        <parg ob="" eb="" sr="" id="2">
            <st ob="x" eb="" sr="x" id="2.1">In continuum.log I can see username and password options for the svn command for the successful checkouts, but after restart I miss the username and password options for svn command  even if I fill in the according fields.</st>
        </parg>
    </desc>
</bug>
