<?xml version="1.0" encoding="UTF-8" standalone="yes"?>
<bug no-bug="" comments="">
    <id>CONTINUUM-483</id>
    <title ob="x" eb="" sr="">Setting RUN_AS_USER causes startup script to fail.</title>
    <desc>
        <parg ob="" eb="" sr="" id="1">
            <st ob="x" eb="" sr="x" id="1.1">If the run.sh script is modified to include a RUN_AS_USER, this line in the script</st>
        </parg>
        <parg ob="" eb="" sr="" id="2">
            <st ob="" eb="" sr="" id="2.1">su -m $RUN_AS_USER -c "exec $CMDNICE $WRAPPER_CMD $WRAPPER_CONF wrapper.pidfile=$PIDFILE wrapper.daemonize=TRUE"</st>
        </parg>
        <parg ob="" eb="" sr="" id="3">
            <st ob="x" eb="" sr="" id="3.1">fails with the following error:</st>
        </parg>
        <parg ob="" eb="" sr="" id="4">
            <st ob="" eb="" sr="" id="4.1">/bin/bash: continuum: No such file or directory</st>
        </parg>
        <parg ob="" eb="" sr="" id="5">
            <st ob="" eb="" sr="" id="5.1">reducing the line yields the same error right down to the 'su -m user_name'.</st>
            <st ob="" eb="" sr="" id="5.2">However, if the -m is moved to beyond the user, everything works out:</st>
        </parg>
        <parg ob="" eb="" sr="" id="6">
            <st ob="" eb="" sr="" id="6.1">su $RUN_AS_USER -m -c "exec $CMDNICE $WRAPPER_CMD $WRAPPER_CONF wrapper.pidfile=$PIDFILE wrapper.daemonize=TRUE"</st>
        </parg>
        <parg ob="" eb="" sr="" id="7">
            <st ob="" eb="" sr="" id="7.1">note that it occurs twice in the file.</st>
        </parg>
    </desc>
</bug>
