<?xml version="1.0" encoding="UTF-8" standalone="yes"?>
<bug no-bug="" comments="">
    <id>CONTINUUM-2465</id>
    <title ob="x" eb="" sr="">Project Name gets reset when build occurs</title>
    <desc>
        <parg ob="" eb="" sr="" id="1">
            <st ob="" eb="" sr="" id="1.1">The Project Information screen allows one to change the project name.</st>
        </parg>
        <parg ob="" eb="" sr="" id="2">
            <st ob="" eb="" sr="" id="2.1">This is useful for e.g. Apache Commons, which has two versions of Lang currently.</st>
        </parg>
        <parg ob="" eb="" sr="" id="3">
            <st ob="x" eb="" sr="" id="3.1">However, when the project is built, the project name is reset to the original.</st>
        </parg>
        <parg ob="" eb="" sr="" id="4">
            <st ob="" eb="x" sr="" id="4.1">If the name can be changed on the Info screen, then surely changes should be retained?</st>
        </parg>
    </desc>
</bug>
