<?xml version="1.0" encoding="UTF-8" standalone="yes"?>
<bug no-bug="" comments="">
    <id>CONTINUUM-1656</id>
    <title ob="x" eb="" sr="">If subversion is not available continuum will continue to send an ERROR message until it is available</title>
    <desc>
        <parg ob="" eb="" sr="" id="1">
            <st ob="" eb="" sr="x" id="1.1">If subversion is not available continuum will continue to send an ERROR message until it is available, even though continuum is set to only send notifcations on status change.</st>
            <st ob="x" eb="" sr="" id="1.2">This resulted in 2400 emails during a night when the subversion repository did not come online during a reboot.</st>
        </parg>
        <parg ob="" eb="" sr="" id="2">
            <st ob="" eb="" sr="" id="2.1">Build result:</st>
            <st ob="x" eb="" sr="" id="2.2">Provider message: The svn command failed.</st>
            <st ob="" eb="" sr="" id="2.3">Command output:</st>
            <st ob="" eb="" sr="" id="2.4">------------------------------------------------------------------------------- svn: PROPFIND request failed on '/svn/xxxxx/trunk/sub-projects/email-service' svn: PROPFIND of '/svn/xxxxx/trunk/sub-projects/email-service': could not connect to server (http://xxxxx.xxxx.no:8082)</st>
            <st ob="" eb="" sr="" id="2.5">-------------------------------------------------------------------------------</st>
        </parg>
    </desc>
</bug>
