<?xml version="1.0" encoding="UTF-8" standalone="yes"?>
<bug no-bug="" comments="">
    <id>CONTINUUM-628</id>
    <title ob="" eb="" sr="">Cannot Add Maven 2.0+ Project using HTTPS url to POM</title>
    <desc>
        <parg ob="" eb="" sr="" id="1">
            <st ob="" eb="" sr="x" id="1.1">When I try to add my Maven 2 project using a url in the form:</st>
        </parg>
        <parg ob="" eb="" sr="" id="2">
            <st ob="" eb="" sr="" id="2.1">https://user:pwd@svn.hostname.com/svn/project/trunk/pom.xml</st>
        </parg>
        <parg ob="" eb="" sr="" id="3">
            <st ob="x" eb="" sr="" id="3.1">I get the error [The URL you provided doesn't exist] along with the following stack in the log:</st>
        </parg>
        <parg ob="" eb="" sr="" id="4">
            <st ob="" eb="" sr="" id="4.1">3484656 [SocketListener0-1] INFO  org.codehaus.plexus.formica.validation.Validator:url-source  - An error is occurred.java.io.IOException: HTTPS hostname wrong:  should be &lt;svn.hostname.com&gt;</st>
            <st ob="" eb="" sr="" id="4.2">	at sun.net.www.protocol.https.HttpsClient.checkURLSpoofing(HttpsClient.java:490)</st>
            <st ob="" eb="" sr="" id="4.3">	at sun.net.www.protocol.https.HttpsClient.afterConnect(HttpsClient.java:415)</st>
            <st ob="" eb="" sr="" id="4.4">	at sun.net.www.protocol.https.AbstractDelegateHttpsURLConnection.connect(AbstractDelegateHttpsURLConnection.java:170)</st>
            <st ob="" eb="" sr="" id="4.5">	at sun.net.www.protocol.http.HttpURLConnection.getInputStream(HttpURLConnection.java:913)</st>
            <st ob="" eb="" sr="" id="4.6">	at sun.net.www.protocol.https.HttpsURLConnectionImpl.getInputStream(HttpsURLConnectionImpl.java:234)</st>
            <st ob="" eb="" sr="" id="4.7">	at java.net.URL.openStream(URL.java:1007)</st>
            <st ob="" eb="" sr="" id="4.8">	at org.codehaus.plexus.formica.util.MungedHttpsURL.isValid(MungedHttpsURL.java:111)</st>
            <st ob="" eb="" sr="" id="4.9">	at org.codehaus.plexus.formica.validation.UrlSourceValidator.validate(UrlSourceValidator.java:63)</st>
            <st ob="" eb="" sr="" id="4.10">	at org.codehaus.plexus.formica.DefaultFormManager.validateElements(DefaultFormManager.java:195)</st>
            <st ob="" eb="" sr="" id="4.11">	at org.codehaus.plexus.formica.DefaultFormManager.validate(DefaultFormManager.java:124)</st>
            <st ob="" eb="" sr="" id="4.12">	at org.codehaus.plexus.formica.DefaultFormManager.validate(DefaultFormManager.java:114)</st>
            <st ob="" eb="" sr="" id="4.13">	at org.codehaus.plexus.formica.action.AbstractEntityAction.execute(AbstractEntityAction.java:107)</st>
            <st ob="" eb="" sr="" id="4.14">	at org.codehaus.plexus.summit.pipeline.valve.ActionValve.invoke(ActionValve.java:68)</st>
            <st ob="" eb="" sr="" id="4.15">	at org.codehaus.plexus.summit.pipeline.AbstractPipeline.invoke(AbstractPipeline.java:70)</st>
            <st ob="" eb="" sr="" id="4.16">	at org.codehaus.plexus.summit.Summit.doGet(Summit.java:54)</st>
        </parg>
        <parg ob="" eb="" sr="" id="5">
            <st ob="" eb="" sr="" id="5.1">I found earlier bugs that were supposed to address this problem, I believe, but I don't think it's fixed.</st>
            <st ob="" eb="" sr="" id="5.2">I had a look at the code, and the problem seems to be happening on this line:</st>
        </parg>
        <parg ob="" eb="" sr="" id="6">
            <st ob="" eb="" sr="" id="6.1">InputStream is = url.openStream();</st>
        </parg>
        <parg ob="" eb="" sr="" id="7">
            <st ob="" eb="" sr="" id="7.1">Could this have to do with the JSK being used perhaps?</st>
            <st ob="" eb="" sr="" id="7.2">FYI, I am using jdk1.5.0_06</st>
        </parg>
    </desc>
</bug>
