<?xml version="1.0" encoding="UTF-8" standalone="yes"?>
<bug no-bug="" comments="">
    <id>CONTINUUM-2740</id>
    <title ob="x" eb="" sr="x">Exception while exporting data with data-management-cli 'A previous cache with name [url-failures-cache] exists'</title>
    <desc>
        <parg ob="" eb="" sr="" id="1">
            <st ob="" eb="" sr="" id="1.1">Following the exporting bug with POM file annalysed as Zip file (https://jira.codehaus.org/browse/CONTINUUM-2558), here is a separate bug report :</st>
        </parg>
        <parg ob="" eb="" sr="" id="2">
            <st ob="" eb="" sr="" id="2.1">{noformat} java -Xmx512m \</st>
            <st ob="" eb="" sr="" id="2.2">-jar ~/.</st>
            <st ob="" eb="" sr="" id="2.3">m2/repository/org/apache/continuum/data-management-cli/1.5-SNAPSHOT/data-management-cli-1.5-SNAPSHOT-app.jar \</st>
            <st ob="" eb="" sr="" id="2.4">-buildsJdbcUrl jdbc:derby:.</st>
            <st ob="" eb="" sr="" id="2.5">.</st>
            <st ob="" eb="" sr="" id="2.6">/continuum/data/databases/continuum \</st>
            <st ob="" eb="" sr="" id="2.7">-usersJdbcUrl jdbc:derby:.</st>
            <st ob="" eb="" sr="" id="2.8">.</st>
            <st ob="" eb="" sr="" id="2.9">/continuum/data/databases/users \</st>
            <st ob="" eb="" sr="" id="2.10">-mode EXPORT \</st>
            <st ob="" eb="" sr="" id="2.11">-directory backups</st>
            <st ob="" eb="" sr="" id="2.12">{noformat}</st>
        </parg>
        <parg ob="" eb="" sr="" id="3">
            <st ob="" eb="" sr="" id="3.1">{noformat}</st>
            <st ob="" eb="" sr="" id="3.2">68160 [main] INFO org.springframework.beans.factory.support.DefaultListableBeanFactory  - Destroying singletons in org.springframework.beans.factory.support.DefaultListableBeanFactory@627f0f8a: defining beans [org.springframework.context.annotation.internalConfigurationAnnotationProcessor,org.springframework.context.annotation.internalAutowiredAnnotationProcessor,org.springframework.context.annotation.internalRequiredAnnotationProcessor,org.springframework.context.annotation.internalCommonAnnotationProcessor,settingsHelper,shellCommandHelper,repositoryContentConsumers,urlFailureCache,localRepositoryDao,continuumReleaseResultDao,repositoryPurgeConfigurationDao,buildQueueDao,scheduleDao,directoryPurgeConfigurationDao,storeUtilities,profileDao,notifierDao,buildDefinitionDao,projectDao,projectGroupDao,distributedDirectoryPurgeConfigurationDao,daoUtils,buildResultDao,systemConfigurationDao,projectScmRootDao,installationDao,buildDefinitionTemplateDao,artifactRepositoryLayout,artifactRepositoryLayout#legacy,artifactHandlerManager,artifactHandler#ejb,artifactHandler#jar,artifactHandler#test-jar,artifactHandler#maven-plugin,artifactHandler#pom,artifactHandler#java-source,artifactHandler#javadoc,artifactHandler#war,artifactHandler#ear,artifactHandler#ejb-client,artifactHandler#rar,artifactHandler#par,artifactHandler#ejb3,artifactFactory,artifactCollector,wagonManager,wagonProviderMapping,repositoryMetadataManager,artifactTransformation#snapshot,artifactTransformation#release,artifactTransformation#latest,artifactTransformationManager,artifactResolver,artifactInstaller,artifactDeployer,artifactRepositoryFactory,componentConfigurator#wagon,mavenSettingsBuilder,projectArtifactFactory#maven-project,mavenProjectHelper,modelInterpolator,modelDefaultsInjector,profileInjector,mavenProjectBuilder,profileActivator#always-on,profileActivator#jdk-prefix,profileActivator#system-property,profileActivator#os,profileActivator#file,modelInheritanceAssembler,modelValidator,pathTranslator,artifactMetadataSource#maven,mavenProfilesBuilder,mavenPluginRegistryBuilder,wagon#https,wagon#http,dataManagementTool#legacy-continuum-jdo,databaseFactoryConfigurator#continuum,dataManagementTool#continuum-jdo,localRepositoryHelper,cache#effective-project-cache,pathParser#legacy,projectModelFilter#expression,managedRepositoryContent,metadataTools,repositoryContentFactory,auditListener#logging,repositoryRequest,managedRepositoryContent#legacy,projectModelResolverFactory,repositoryScanner,remoteRepositoryContent,remoteRepositoryContent#legacy,projectModelFilter#effective,archivaConfiguration,fileTypes,registry#commons-configuration,expressionSource#properties,expressionSource#sysprops,expressionEvaluator,cache#url-failures-cache,downloadErrorPolicy#propagate-errors-on-update,downloadErrorPolicy#propagate-errors,preDownloadPolicy#snapshots,postDownloadPolicy#checksum,preDownloadPolicy#cache-failures,preDownloadPolicy#releases,cache#ehcache,cacheBuilder,releaseManager,releasePhase#map-release-versions,releasePhase#map-development-versions,releasePhase#map-branch-versions,releasePhase#rewrite-poms-for-release,releasePhase#scm-commit-release,releasePhase#scm-commit-development,releasePhase#scm-commit-branch,releasePhase#rewrite-poms-for-development,releasePhase#rewrite-pom-versions,releasePhase#scm-commit-rollback,releasePhase#rewrite-poms-for-branch,mavenExecutor#invoker,releasePhase#restore-backup-poms,scmTranslator#clearcase,releasePhase#remove-scm-tag,releasePhase#scm-check-modifications,releasePhase#run-perform-goals,releasePhase#remove-release-poms,releasePhase#check-poms,releasePhase#check-dependency-snapshots,mavenExecutor#forked-path,releasePhase#checkout-project-from-scm,scmRepositoryConfigurator,scmTranslator#cvs,scmTranslator#svn,releaseDescriptorStore#properties,releasePhase#create-backup-poms,commandLineFactory,releasePhase#scm-tag,releasePhase#scm-branch,releasePhase#verify-completed-prepare-phases,releasePhase#input-variables,releasePhase#end-release,releasePhase#run-preparation-goals,releasePhase#generate-release-poms,inputHandler,outputHandler,prompter,modelResolver,invoker,scmProvider#accurev,scmProvider#bazaar,scmProvider#clearcase,scmProvider#cvs_native,scmProvider#cvs,scmProvider#git,scmProvider#hg,scmProvider#perforce,scmProvider#starteam,scmProvider#svn,scmProvider#synergy,scmProvider#vss,scmProvider#tfs,scmManager,loggerManager,jdoFactory#continuum,jdoFactory#users,org.springframework.context.annotation.ConfigurationClassPostProcessor.importAwareProcessor]; root of factory hierarchy</st>
            <st ob="" eb="" sr="" id="3.3">Exception in thread "main" org.springframework.beans.factory.BeanCreationException: Error creating bean with name 'urlFailureCache' defined in URL [jar:file:/usr/local/continuum/.</st>
            <st ob="" eb="" sr="" id="3.4">m2/repository/org/apache/archiva/archiva-policies/1.2.1/archiva-policies-1.2.1.jar!</st>
            <st ob="" eb="" sr="" id="3.5">/META-INF/spring-context.xml]: Cannot resolve reference to bean 'cache#url-failures-cache' while setting constructor_ argument; nested exception is org.springframework.beans.factory.BeanCreationException: Error creating bean with name 'cache#url-failures-cache': Post-processing of FactoryBean's singleton object failed; nested exception is org.springframework.beans.factory.BeanInitializationException: Failed to invoke plexus lifecycle Initializable.initialize on cache#url-failures-cache; nested exception is org.codehaus.plexus.personality.plexus.lifecycle.phase.InitializationException: A previous cache with name [url-failures-cache] exists.</st>
            <st ob="" eb="" sr="" id="3.6">	at org.springframework.beans.factory.support.BeanDefinitionValueResolver.resolveReference(BeanDefinitionValueResolver.java:334)</st>
            <st ob="" eb="" sr="" id="3.7">	at org.springframework.beans.factory.support.BeanDefinitionValueResolver.resolveValueIfNecessary(BeanDefinitionValueResolver.java:108)</st>
            <st ob="" eb="" sr="" id="3.8">	at org.springframework.beans.factory.support.ConstructorResolver.resolveConstructorArguments(ConstructorResolver.java:651)</st>
            <st ob="" eb="" sr="" id="3.9">	at org.springframework.beans.factory.support.ConstructorResolver.autowireConstructor(ConstructorResolver.java:145)</st>
            <st ob="" eb="" sr="" id="3.10">	at org.springframework.beans.factory.support.AbstractAutowireCapableBeanFactory.autowireConstructor(AbstractAutowireCapableBeanFactory.java:1077)</st>
            <st ob="" eb="" sr="" id="3.11">	at org.springframework.beans.factory.support.AbstractAutowireCapableBeanFactory.createBeanInstance(AbstractAutowireCapableBeanFactory.java:981)</st>
            <st ob="" eb="" sr="" id="3.12">	at org.springframework.beans.factory.support.AbstractAutowireCapableBeanFactory.doCreateBean(AbstractAutowireCapableBeanFactory.java:487)</st>
            <st ob="" eb="" sr="" id="3.13">	at org.springframework.beans.factory.support.AbstractAutowireCapableBeanFactory.createBean(AbstractAutowireCapableBeanFactory.java:458)</st>
            <st ob="" eb="" sr="" id="3.14">	at org.springframework.beans.factory.support.AbstractBeanFactory$1.getObject(AbstractBeanFactory.java:293)</st>
            <st ob="" eb="" sr="" id="3.15">	at org.springframework.beans.factory.support.DefaultSingletonBeanRegistry.getSingleton(DefaultSingletonBeanRegistry.java:223)</st>
            <st ob="" eb="" sr="" id="3.16">	at org.springframework.beans.factory.support.AbstractBeanFactory.doGetBean(AbstractBeanFactory.java:290)</st>
            <st ob="" eb="" sr="" id="3.17">	at org.springframework.beans.factory.support.AbstractBeanFactory.getBean(AbstractBeanFactory.java:191)</st>
            <st ob="" eb="" sr="" id="3.18">	at org.springframework.beans.factory.support.DefaultListableBeanFactory.preInstantiateSingletons(DefaultListableBeanFactory.java:636)</st>
            <st ob="" eb="" sr="" id="3.19">	at org.springframework.context.support.AbstractApplicationContext.finishBeanFactoryInitialization(AbstractApplicationContext.java:934)</st>
            <st ob="" eb="" sr="" id="3.20">	at org.springframework.context.support.AbstractApplicationContext.refresh(AbstractApplicationContext.java:479)</st>
            <st ob="" eb="" sr="" id="3.21">	at org.springframework.context.support.ClassPathXmlApplicationContext.&lt;init&gt;(ClassPathXmlApplicationContext.java:139)</st>
            <st ob="" eb="" sr="" id="3.22">	at org.springframework.context.support.ClassPathXmlApplicationContext.&lt;init&gt;(ClassPathXmlApplicationContext.java:93)</st>
            <st ob="" eb="" sr="" id="3.23">	at org.codehaus.plexus.spring.PlexusClassPathXmlApplicationContext.&lt;init&gt;(PlexusClassPathXmlApplicationContext.java:91)</st>
            <st ob="" eb="" sr="" id="3.24">	at org.apache.maven.continuum.management.DataManagementCli.processDatabase(DataManagementCli.java:215)</st>
            <st ob="" eb="" sr="" id="3.25">	at org.apache.maven.continuum.management.DataManagementCli.main(DataManagementCli.java:197)</st>
            <st ob="" eb="" sr="" id="3.26">Caused by: org.springframework.beans.factory.BeanCreationException: Error creating bean with name 'cache#url-failures-cache': Post-processing of FactoryBean's singleton object failed; nested exception is org.springframework.beans.factory.BeanInitializationException: Failed to invoke plexus lifecycle Initializable.initialize on cache#url-failures-cache; nested exception is org.codehaus.plexus.personality.plexus.lifecycle.phase.InitializationException: A previous cache with name [url-failures-cache] exists.</st>
            <st ob="" eb="" sr="" id="3.27">	at org.springframework.beans.factory.support.FactoryBeanRegistrySupport.getObjectFromFactoryBean(FactoryBeanRegistrySupport.java:115)</st>
            <st ob="" eb="" sr="" id="3.28">	at org.springframework.beans.factory.support.AbstractBeanFactory.getObjectForBeanInstance(AbstractBeanFactory.java:1467)</st>
            <st ob="" eb="" sr="" id="3.29">	at org.springframework.beans.factory.support.AbstractBeanFactory.doGetBean(AbstractBeanFactory.java:304)</st>
            <st ob="" eb="" sr="" id="3.30">	at org.springframework.beans.factory.support.AbstractBeanFactory.getBean(AbstractBeanFactory.java:191)</st>
            <st ob="" eb="" sr="" id="3.31">	at org.springframework.beans.factory.support.BeanDefinitionValueResolver.resolveReference(BeanDefinitionValueResolver.java:328)</st>
            <st ob="" eb="" sr="" id="3.32">	... 19 more</st>
            <st ob="" eb="" sr="" id="3.33">Caused by: org.springframework.beans.factory.BeanInitializationException: Failed to invoke plexus lifecycle Initializable.initialize on cache#url-failures-cache; nested exception is org.codehaus.plexus.personality.plexus.lifecycle.phase.InitializationException: A previous cache with name [url-failures-cache] exists.</st>
            <st ob="" eb="" sr="" id="3.34">	at org.codehaus.plexus.spring.PlexusLifecycleBeanPostProcessor.postProcessAfterInitialization(PlexusLifecycleBeanPostProcessor.java:221)</st>
            <st ob="" eb="" sr="" id="3.35">	at org.springframework.beans.factory.support.AbstractAutowireCapableBeanFactory.applyBeanPostProcessorsAfterInitialization(AbstractAutowireCapableBeanFactory.java:409)</st>
            <st ob="" eb="" sr="" id="3.36">	at org.springframework.beans.factory.support.AbstractAutowireCapableBeanFactory.postProcessObjectFromFactoryBean(AbstractAutowireCapableBeanFactory.java:1657)</st>
            <st ob="" eb="" sr="" id="3.37">	at org.springframework.beans.factory.support.FactoryBeanRegistrySupport.getObjectFromFactoryBean(FactoryBeanRegistrySupport.java:112)</st>
            <st ob="" eb="" sr="" id="3.38">	... 23 more</st>
            <st ob="" eb="" sr="" id="3.39">Caused by: org.codehaus.plexus.personality.plexus.lifecycle.phase.InitializationException: A previous cache with name [url-failures-cache] exists.</st>
            <st ob="" eb="" sr="" id="3.40">	at org.codehaus.plexus.cache.ehcache.EhcacheCache.initialize(EhcacheCache.java:237)</st>
            <st ob="" eb="" sr="" id="3.41">	at org.codehaus.plexus.spring.PlexusLifecycleBeanPostProcessor.postProcessAfterInitialization(PlexusLifecycleBeanPostProcessor.java:217)</st>
            <st ob="" eb="" sr="" id="3.42">	... 26 more</st>
            <st ob="" eb="" sr="" id="3.43">{noformat}</st>
        </parg>
        <parg ob="" eb="" sr="" id="4">
            <st ob="x" eb="" sr="" id="4.1">Still, a file is exported ... he doesn't seem to have all data (especially data from user).</st>
        </parg>
    </desc>
</bug>
