<?xml version="1.0" encoding="UTF-8" standalone="yes"?>
<bug no-bug="" comments="">
    <id>CONTINUUM-2269</id>
    <title ob="x" eb="" sr="">cannot release because timeout in cvs log command</title>
    <desc>
        <parg ob="" eb="" sr="" id="1">
            <st ob="" eb="" sr="x" id="1.1">I perform release from parent pom continuum executes</st>
            <st ob="" eb="" sr="" id="1.2">2009-06-16 17:46:58,762 [pool-3-thread-1] INFO  releasePhase#update-working-copy  - Updating local copy against the scm...</st>
            <st ob="" eb="" sr="" id="1.3">2009-06-16 17:46:58,961 [pool-3-thread-1] INFO  org.apache.continuum.scm.manager.Slf4jScmLogger  - Executing: /bin/sh -c cd /var/cache/continumm/working-directory/258 &amp;&amp; cvs -z3 -f -q upda te -d</st>
            <st ob="" eb="" sr="" id="1.4">2009-06-16 17:46:58,961 [pool-3-thread-1] INFO  org.apache.continuum.scm.manager.Slf4jScmLogger  - Working directory: /var/cache/continumm/working-directory/258</st>
            <st ob="" eb="" sr="" id="1.5">2009-06-16 17:47:21,299 [pool-3-thread-1] INFO  org.apache.continuum.scm.manager.Slf4jScmLogger  - Executing: /bin/sh -c cd /var/cache/continumm/working-directory/258 &amp;&amp; cvs -z3 -f -d :ext</st>
            <st ob="" eb="" sr="" id="1.6">:continuum@samson.prov.bz:/var/cvs -q log</st>
            <st ob="" eb="" sr="" id="1.7">2009-06-16 17:47:21,300 [pool-3-thread-1] INFO  org.apache.continuum.scm.manager.Slf4jScmLogger  - Working directory: /var/cache/continumm/working-directory/258</st>
        </parg>
        <parg ob="" eb="" sr="" id="2">
            <st ob="" eb="" sr="" id="2.1">/var/cache/continumm/working-directory/258 is the working directory of the parent pom</st>
        </parg>
        <parg ob="" eb="" sr="" id="3">
            <st ob="x" eb="" sr="" id="3.1">then after a while I get the error:</st>
            <st ob="" eb="" sr="" id="3.2">[INFO] Updating local copy against the scm...</st>
            <st ob="" eb="" sr="" id="3.3">[ERROR] org.apache.maven.shared.release.ReleaseExecutionException: Unable to get reactor projects: Failed to build project.</st>
            <st ob="" eb="" sr="" id="3.4">	at org.apache.maven.continuum.release.phase.GenerateReactorProjectsPhase.execute(GenerateReactorProjectsPhase.java:82)</st>
            <st ob="" eb="" sr="" id="3.5">	at org.apache.maven.shared.release.DefaultReleaseManager.prepare(DefaultReleaseManager.java:194)</st>
            <st ob="" eb="" sr="" id="3.6">	at org.apache.maven.shared.release.DefaultReleaseManager.prepareWithResult(DefaultReleaseManager.java:107)</st>
            <st ob="" eb="" sr="" id="3.7">	at org.apache.maven.continuum.release.executors.PrepareReleaseTaskExecutor.execute(PrepareReleaseTaskExecutor.java:43)</st>
            <st ob="" eb="" sr="" id="3.8">	at org.apache.maven.continuum.release.executors.AbstractReleaseTaskExecutor.executeTask(AbstractReleaseTaskExecutor.java:67)</st>
            <st ob="" eb="" sr="" id="3.9">	at org.codehaus.plexus.taskqueue.execution.ThreadedTaskQueueExecutor$ExecutorRunnable$1.run(ThreadedTaskQueueExecutor.java:116)</st>
            <st ob="" eb="" sr="" id="3.10">	at edu.emory.mathcs.backport.java.util.concurrent.Executors$RunnableAdapter.call(Executors.java:442)</st>
            <st ob="" eb="" sr="" id="3.11">	at edu.emory.mathcs.backport.java.util.concurrent.FutureTask.run(FutureTask.java:178)</st>
            <st ob="" eb="" sr="" id="3.12">	at edu.emory.mathcs.backport.java.util.concurrent.ThreadPoolExecutor.runWorker(ThreadPoolExecutor.java:1061)</st>
            <st ob="" eb="" sr="" id="3.13">	at edu.emory.mathcs.backport.java.util.concurrent.ThreadPoolExecutor$Worker.run(ThreadPoolExecutor.java:575)</st>
            <st ob="" eb="" sr="" id="3.14">	at java.lang.Thread.run(Thread.java:619)</st>
            <st ob="" eb="" sr="" id="3.15">Caused by: org.apache.maven.continuum.release.ContinuumReleaseException: Failed to build project.</st>
            <st ob="" eb="" sr="" id="3.16">	at org.apache.maven.continuum.release.phase.GenerateReactorProjectsPhase.addModules(GenerateReactorProjectsPhase.java:161)</st>
            <st ob="" eb="" sr="" id="3.17">	at org.apache.maven.continuum.release.phase.GenerateReactorProjectsPhase.getReactorProjects(GenerateReactorProjectsPhase.java:109)</st>
            <st ob="" eb="" sr="" id="3.18">	at org.apache.maven.continuum.release.phase.GenerateReactorProjectsPhase.execute(GenerateReactorProjectsPhase.java:78)</st>
            <st ob="" eb="" sr="" id="3.19">	... 10 more</st>
            <st ob="" eb="" sr="" id="3.20">Caused by: org.apache.maven.project.InvalidProjectModelException: Failed to validate POM for project it.bz.prov.lafisvet:StrutturaZootecnica at /var/cache/continumm/working-directory/258/StrutturaZootecnica/pom.xml</st>
            <st ob="" eb="" sr="" id="3.21">	at org.apache.maven.project.DefaultMavenProjectBuilder.processProjectLogic(DefaultMavenProjectBuilder.java:1108)</st>
            <st ob="" eb="" sr="" id="3.22">	at org.apache.maven.project.DefaultMavenProjectBuilder.buildInternal(DefaultMavenProjectBuilder.java:878)</st>
            <st ob="" eb="" sr="" id="3.23">	at org.apache.maven.project.DefaultMavenProjectBuilder.buildFromSourceFileInternal(DefaultMavenProjectBuilder.java:506)</st>
            <st ob="" eb="" sr="" id="3.24">	at org.apache.maven.project.DefaultMavenProjectBuilder.build(DefaultMavenProjectBuilder.java:225)</st>
            <st ob="" eb="" sr="" id="3.25">	at org.apache.maven.project.DefaultMavenProjectBuilder.buildWithDependencies(DefaultMavenProjectBuilder.java:355)</st>
            <st ob="" eb="" sr="" id="3.26">	at org.apache.maven.project.DefaultMavenProjectBuilder.buildWithDependencies(DefaultMavenProjectBuilder.java:343)</st>
            <st ob="" eb="" sr="" id="3.27">	at org.apache.maven.continuum.release.phase.GenerateReactorProjectsPhase.addModules(GenerateReactorProjectsPhase.java:151)</st>
            <st ob="" eb="" sr="" id="3.28">	... 12 more</st>
        </parg>
        <parg ob="" eb="" sr="" id="4">
            <st ob="" eb="" sr="" id="4.1">I think the problem is cvs log that tooks 3 min.</st>
            <st ob="x" eb="" sr="" id="4.2">and continuum gets a timeout</st>
        </parg>
    </desc>
</bug>
