<?xml version="1.0" encoding="UTF-8" standalone="yes"?>
<bug no-bug="" comments="">
    <id>CONTINUUM-2113</id>
    <title ob="x" eb="" sr="">Extra 'Send On SCM Failure' checkbox in notifiers page</title>
    <desc>
        <parg ob="" eb="" sr="" id="1">
            <st ob="x" eb="" sr="x" id="1.1">When adding a project group notifier, an extra checkbox for 'Send On SCM Failure' can be seen.</st>
            <st ob="" eb="" sr="" id="1.2">It is an exact duplicate, so either checkbox will enable that option, and both has to be unchecked to disable it.</st>
        </parg>
    </desc>
</bug>
