<?xml version="1.0" encoding="UTF-8" standalone="yes"?>
<bug no-bug="" comments="">
    <id>DATAMONGO-1263</id>
    <title ob="" eb="" sr="">Missing indexes in associations involving generic types</title>
    <desc>
        <parg ob="" eb="" sr="" id="1">
            <st ob="x" eb="" sr="" id="1.1">When an association between documents involves generic types, the type information is not correctly inferred at startup time resulting in missing indexes.</st>
            <st ob="" eb="" sr="" id="1.2">Please, see https://github.com/agustisanchez/SpringDataMongoDBBug, for code samples.</st>
            <st ob="" eb="" sr="x" id="1.3">Given:</st>
        </parg>
        <parg ob="" eb="" sr="" id="2">
            <st ob="" eb="" sr="" id="2.1">class Book with index on "ISBN" attribute super class AbstractProduct with index on "name" attribute class ProductWrapper holding attribute "content" of generic type "T extends AbstractProduct"</st>
        </parg>
        <parg ob="" eb="" sr="" id="3">
            <st ob="" eb="" sr="x" id="3.1">When defining a class Catalog with a list of "wrapped" books:</st>
        </parg>
        <parg ob="" eb="" sr="" id="4">
            <st ob="" eb="" sr="" id="4.1">List&lt;ProductWrapper&lt;Book&gt;&gt; books2 = new ArrayList&lt;&gt;</st>
        </parg>
        <parg ob="" eb="" sr="" id="5">
            <st ob="x" eb="" sr="" id="5.1">The index "name" inherited from AbstractProduct is created (book2.content.name) inside "catalog" , but the index defined on the Book class itself (isbn) is not created as Spring Data Mongo is only inferring type infromation from the ProductWrapper class definition (ProductWrapper &lt;T extends AbstractProduct&gt;).</st>
            <st ob="" eb="x" sr="" id="5.2">Spring Data MongoDB should be able to infer type information from the list declaration ( List&lt;ProductWrapper&lt;Book&gt;&gt; ), becoming aware that Catalog contains a list of Books, hence indexes defined on Book should be created.</st>
            <st ob="x" eb="" sr="" id="5.3">If the wrapper class is defined as ProductWrapper&lt;T&gt;, then no indexes are created at all on Catalog.books2.content.</st>
        </parg>
    </desc>
</bug>
