<?xml version="1.0" encoding="UTF-8" standalone="yes"?>
<bug no-bug="" comments="">
    <id>DATAMONGO-1250</id>
    <title ob="x" eb="" sr="">Custom converter implementation not used in updates</title>
    <desc>
        <parg ob="" eb="" sr="" id="1">
            <st ob="" eb="" sr="" id="1.1">There does seem to be an issue with the use of customer converters when used in mongoTemplate.update* via an Update object.</st>
            <st ob="" eb="" sr="x" id="1.2">I have a custom (de)serialiser for an enumerated type, and it works perfectly when saving and loading a @Document annotated POJO.</st>
            <st ob="x" eb="" sr="" id="1.3">It also works when building and executing a Query object.</st>
            <st ob="x" eb="" sr="x" id="1.4">However when used in an Update, it is either ignored, or called in situations where it shouldn't.</st>
            <st ob="" eb="" sr="x" id="1.5">Please clone https://github.com/patrickherrera/converter_test.git for a full test application.</st>
            <st ob="" eb="" sr="x" id="1.6">In brief there is a POJO and for the purposes of the test it has a static enum with the desired converters:</st>
        </parg>
        <parg ob="" eb="" sr="" id="2">
            <st ob="" eb="" sr="" id="2.1">@Document</st>
        </parg>
        <parg ob="" eb="" sr="" id="3">
            <st ob="" eb="" sr="" id="3.1">public class MyPersistantObject {</st>
        </parg>
        <parg ob="" eb="" sr="" id="4">
            <st ob="" eb="" sr="" id="4.1">public Allocation allocation;</st>
        </parg>
        <parg ob="" eb="" sr="" id="5">
            <st ob="" eb="" sr="" id="5.1">public BigDecimal value;</st>
        </parg>
        <parg ob="" eb="" sr="" id="6">
            <st ob="" eb="" sr="" id="6.1">public enum Allocation {</st>
        </parg>
        <parg ob="" eb="" sr="" id="7">
            <st ob="" eb="" sr="" id="7.1">AVAILABLE("V"),</st>
        </parg>
        <parg ob="" eb="" sr="" id="8">
            <st ob="" eb="" sr="" id="8.1">ALLOCATED("A");</st>
        </parg>
        <parg ob="" eb="" sr="" id="9">
            <st ob="" eb="" sr="" id="9.1">private final String code;</st>
        </parg>
        <parg ob="" eb="" sr="" id="10">
            <st ob="" eb="" sr="" id="10.1">Allocation(String code) {</st>
        </parg>
        <parg ob="" eb="" sr="" id="11">
            <st ob="" eb="" sr="" id="11.1">this.code = code;</st>
        </parg>
        <parg ob="" eb="" sr="" id="12">
            <st ob="" eb="" sr="" id="12.1">}</st>
        </parg>
        <parg ob="" eb="" sr="" id="13">
            <st ob="" eb="" sr="" id="13.1">public static Converter&lt;Allocation, String&gt; writer() {</st>
        </parg>
        <parg ob="" eb="" sr="" id="14">
            <st ob="" eb="" sr="" id="14.1">return new Converter&lt;Allocation, String&gt;() {</st>
        </parg>
        <parg ob="" eb="" sr="" id="15">
            <st ob="" eb="" sr="" id="15.1">public String convert(Allocation allocation) {</st>
        </parg>
        <parg ob="" eb="" sr="" id="16">
            <st ob="" eb="" sr="" id="16.1">return allocation.getCode();</st>
        </parg>
        <parg ob="" eb="" sr="" id="17">
            <st ob="" eb="" sr="" id="17.1">}</st>
        </parg>
        <parg ob="" eb="" sr="" id="18">
            <st ob="" eb="" sr="" id="18.1">};</st>
        </parg>
        <parg ob="" eb="" sr="" id="19">
            <st ob="" eb="" sr="" id="19.1">}</st>
        </parg>
        <parg ob="" eb="" sr="" id="20">
            <st ob="" eb="" sr="" id="20.1">public static Converter&lt;String, Allocation&gt; reader() {</st>
        </parg>
        <parg ob="" eb="" sr="" id="21">
            <st ob="" eb="" sr="" id="21.1">return new Converter&lt;String, Allocation&gt;() {</st>
        </parg>
        <parg ob="" eb="" sr="" id="22">
            <st ob="" eb="" sr="" id="22.1">public Allocation convert(String source) {</st>
        </parg>
        <parg ob="" eb="" sr="" id="23">
            <st ob="" eb="" sr="" id="23.1">return Allocation.getByCode(source);</st>
        </parg>
        <parg ob="" eb="" sr="" id="24">
            <st ob="" eb="" sr="" id="24.1">}</st>
        </parg>
        <parg ob="" eb="" sr="" id="25">
            <st ob="" eb="" sr="" id="25.1">};</st>
        </parg>
        <parg ob="" eb="" sr="" id="26">
            <st ob="" eb="" sr="" id="26.1">}</st>
        </parg>
        <parg ob="" eb="" sr="" id="27">
            <st ob="" eb="" sr="" id="27.1">public static Allocation getByCode(String code) {</st>
        </parg>
        <parg ob="" eb="" sr="" id="28">
            <st ob="" eb="" sr="" id="28.1">switch (code) {</st>
        </parg>
        <parg ob="" eb="" sr="" id="29">
            <st ob="" eb="" sr="" id="29.1">case "V":</st>
        </parg>
        <parg ob="" eb="" sr="" id="30">
            <st ob="" eb="" sr="" id="30.1">return AVAILABLE;</st>
        </parg>
        <parg ob="" eb="" sr="" id="31">
            <st ob="" eb="" sr="" id="31.1">case "A":</st>
        </parg>
        <parg ob="" eb="" sr="" id="32">
            <st ob="" eb="" sr="" id="32.1">return ALLOCATED;</st>
        </parg>
        <parg ob="" eb="" sr="" id="33">
            <st ob="" eb="" sr="" id="33.1">}</st>
        </parg>
        <parg ob="" eb="" sr="" id="34">
            <st ob="" eb="" sr="" id="34.1">throw new IllegalArgumentException("Unable to get Allocation from: " + code);</st>
        </parg>
        <parg ob="" eb="" sr="" id="35">
            <st ob="" eb="" sr="" id="35.1">}</st>
        </parg>
        <parg ob="" eb="" sr="" id="36">
            <st ob="" eb="" sr="" id="36.1">public String getCode() {</st>
        </parg>
        <parg ob="" eb="" sr="" id="37">
            <st ob="" eb="" sr="" id="37.1">return code;</st>
        </parg>
        <parg ob="" eb="" sr="" id="38">
            <st ob="" eb="" sr="" id="38.1">}</st>
        </parg>
        <parg ob="" eb="" sr="" id="39">
            <st ob="" eb="" sr="" id="39.1">}</st>
        </parg>
        <parg ob="" eb="" sr="" id="40">
            <st ob="" eb="" sr="" id="40.1">}</st>
        </parg>
        <parg ob="" eb="" sr="" id="41">
            <st ob="" eb="" sr="" id="41.1">It simply converts back and forward using a short code rather than the full Enum name.</st>
            <st ob="" eb="" sr="" id="41.2">These are registered in the Spring Boot application entry point:</st>
        </parg>
        <parg ob="" eb="" sr="" id="42">
            <st ob="" eb="" sr="" id="42.1">@Bean</st>
        </parg>
        <parg ob="" eb="" sr="" id="43">
            <st ob="" eb="" sr="" id="43.1">public CustomConversions customConversions() {</st>
        </parg>
        <parg ob="" eb="" sr="" id="44">
            <st ob="" eb="" sr="" id="44.1">return new CustomConversions(Arrays.asList(</st>
        </parg>
        <parg ob="" eb="" sr="" id="45">
            <st ob="" eb="" sr="" id="45.1">MyPersistantObject.Allocation.reader(),</st>
        </parg>
        <parg ob="" eb="" sr="" id="46">
            <st ob="" eb="" sr="" id="46.1">MyPersistantObject.Allocation.writer()</st>
        </parg>
        <parg ob="" eb="" sr="" id="47">
            <st ob="" eb="" sr="" id="47.1">));</st>
        </parg>
        <parg ob="" eb="" sr="" id="48">
            <st ob="" eb="" sr="" id="48.1">}</st>
        </parg>
        <parg ob="" eb="" sr="" id="49">
            <st ob="" eb="" sr="x" id="49.1">There is a unit test that drives a few scenarios:</st>
        </parg>
        <parg ob="" eb="" sr="" id="50">
            <st ob="" eb="" sr="" id="50.1">@Test</st>
        </parg>
        <parg ob="" eb="" sr="" id="51">
            <st ob="" eb="" sr="" id="51.1">public void testConversion() {</st>
        </parg>
        <parg ob="" eb="" sr="" id="52">
            <st ob="" eb="" sr="" id="52.1">Update update;</st>
        </parg>
        <parg ob="" eb="" sr="" id="53">
            <st ob="" eb="" sr="" id="53.1">Query query;</st>
        </parg>
        <parg ob="" eb="" sr="" id="54">
            <st ob="" eb="" sr="" id="54.1">MyPersistantObject returned;</st>
        </parg>
        <parg ob="" eb="" sr="" id="55">
            <st ob="" eb="" sr="" id="55.1">MyPersistantObject myPersistantObject = new MyPersistantObject();</st>
        </parg>
        <parg ob="" eb="" sr="" id="56">
            <st ob="" eb="" sr="" id="56.1">myPersistantObject.allocation = AVAILABLE;</st>
        </parg>
        <parg ob="" eb="" sr="" id="57">
            <st ob="" eb="" sr="" id="57.1">myPersistantObject.value = new BigDecimal(1234567);</st>
        </parg>
        <parg ob="" eb="" sr="" id="58">
            <st ob="" eb="" sr="" id="58.1">mongoTemplate.save(myPersistantObject);</st>
        </parg>
        <parg ob="" eb="" sr="" id="59">
            <st ob="" eb="" sr="" id="59.1">// Check it was saved correctly - first with invalid allocation to confirm conversion in query</st>
        </parg>
        <parg ob="" eb="" sr="" id="60">
            <st ob="" eb="" sr="" id="60.1">query = query(where("allocation").</st>
            <st ob="" eb="" sr="" id="60.2">is(ALLOCATED));</st>
        </parg>
        <parg ob="" eb="" sr="" id="61">
            <st ob="" eb="" sr="" id="61.1">assertThat(mongoTemplate.findOne(query, MyPersistantObject.class), is(nullValue()));</st>
        </parg>
        <parg ob="" eb="" sr="" id="62">
            <st ob="" eb="" sr="" id="62.1">// Check it was saved correctly - now with valid allocation to confirm conversion in query</st>
        </parg>
        <parg ob="" eb="" sr="" id="63">
            <st ob="" eb="" sr="" id="63.1">query = query(where("allocation").</st>
            <st ob="" eb="" sr="" id="63.2">is(AVAILABLE));</st>
        </parg>
        <parg ob="" eb="" sr="" id="64">
            <st ob="" eb="" sr="" id="64.1">returned = mongoTemplate.findOne(query, MyPersistantObject.class);</st>
        </parg>
        <parg ob="" eb="" sr="" id="65">
            <st ob="" eb="" sr="" id="65.1">assertThat(returned.allocation, is(AVAILABLE));</st>
        </parg>
        <parg ob="" eb="" sr="" id="66">
            <st ob="" eb="" sr="" id="66.1">assertThat(returned.value.longValue(), is(1234567L));</st>
        </parg>
        <parg ob="" eb="" sr="" id="67">
            <st ob="" eb="" sr="" id="67.1">try {</st>
        </parg>
        <parg ob="" eb="" sr="" id="68">
            <st ob="" eb="" sr="" id="68.1">// Update allocation from constant - will fail</st>
        </parg>
        <parg ob="" eb="" sr="" id="69">
            <st ob="" eb="" sr="" id="69.1">update = update("allocation", ALLOCATED);</st>
        </parg>
        <parg ob="" eb="" sr="" id="70">
            <st ob="" eb="" sr="" id="70.1">mongoTemplate.updateMulti(query, update, MyPersistantObject.class);</st>
        </parg>
        <parg ob="" eb="" sr="" id="71">
            <st ob="" eb="" sr="" id="71.1">} catch (Exception e) {</st>
        </parg>
        <parg ob="" eb="" sr="" id="72">
            <st ob="" eb="" sr="" id="72.1">System.err.println("failed to convert allocation: java.lang.IllegalArgumentException: can't serialize class converter_test.</st>
            <st ob="" eb="" sr="" id="72.2">MyPersistantObject$Allocation");</st>
        </parg>
        <parg ob="" eb="" sr="" id="73">
            <st ob="" eb="" sr="" id="73.1">}</st>
        </parg>
        <parg ob="" eb="" sr="" id="74">
            <st ob="" eb="" sr="" id="74.1">// Update allocation from string value - succeeds</st>
        </parg>
        <parg ob="" eb="" sr="" id="75">
            <st ob="" eb="" sr="" id="75.1">update = update("allocation", ALLOCATED.getCode());</st>
        </parg>
        <parg ob="" eb="" sr="" id="76">
            <st ob="" eb="" sr="" id="76.1">mongoTemplate.updateMulti(query, update, MyPersistantObject.class);</st>
        </parg>
        <parg ob="" eb="" sr="" id="77">
            <st ob="" eb="" sr="" id="77.1">// Check allocation update</st>
        </parg>
        <parg ob="" eb="" sr="" id="78">
            <st ob="" eb="" sr="" id="78.1">query = query(where("allocation").</st>
            <st ob="" eb="" sr="" id="78.2">is(ALLOCATED));</st>
        </parg>
        <parg ob="" eb="" sr="" id="79">
            <st ob="" eb="" sr="" id="79.1">returned = mongoTemplate.findOne(query, MyPersistantObject.class);</st>
        </parg>
        <parg ob="" eb="" sr="" id="80">
            <st ob="" eb="" sr="" id="80.1">assertThat(returned.allocation, is(ALLOCATED));</st>
        </parg>
        <parg ob="" eb="" sr="" id="81">
            <st ob="" eb="" sr="" id="81.1">        // Update value only - will fail: Caused by: java.lang.IllegalArgumentException: Unable to get MyPersistantObject.Allocation from: 54321</st>
        </parg>
        <parg ob="" eb="" sr="" id="82">
            <st ob="" eb="" sr="" id="82.1">// Tries to use MyPersistantObject.Allocation converter to String</st>
        </parg>
        <parg ob="" eb="" sr="" id="83">
            <st ob="" eb="" sr="" id="83.1">update = update("value", new BigDecimal(54321));</st>
        </parg>
        <parg ob="" eb="" sr="" id="84">
            <st ob="" eb="" sr="" id="84.1">mongoTemplate.updateMulti(query, update, MyPersistantObject.class);</st>
        </parg>
        <parg ob="" eb="" sr="" id="85">
            <st ob="" eb="" sr="" id="85.1">// Check value update</st>
        </parg>
        <parg ob="" eb="" sr="" id="86">
            <st ob="" eb="" sr="" id="86.1">returned = mongoTemplate.findAll(MyPersistantObject.class).</st>
            <st ob="" eb="" sr="" id="86.2">get(0);</st>
        </parg>
        <parg ob="" eb="" sr="" id="87">
            <st ob="" eb="" sr="" id="87.1">assertThat(returned.value.longValue(), is(54321L));</st>
        </parg>
        <parg ob="" eb="" sr="" id="88">
            <st ob="" eb="" sr="" id="88.1">}</st>
        </parg>
        <parg ob="" eb="" sr="" id="89">
            <st ob="" eb="" sr="" id="89.1">Hopefully that makes sense.</st>
            <st ob="" eb="" sr="" id="89.2">Firstly it saves and queries for the object to demonstrate that the converters are called correctly on the document.</st>
            <st ob="" eb="" sr="" id="89.3">I have confirmed that the document in the database correctly stores the Enum code rather than the name.</st>
            <st ob="x" eb="" sr="" id="89.4">By use of a positive and negative case, it appears that the converter is being called correctly when used in the Query builder.</st>
            <st ob="x" eb="" sr="" id="89.5">When it comes to an Update, the Enum is unable to be serialised correctly, and an exception is thrown to that effect.</st>
            <st ob="" eb="" sr="" id="89.6">If I change it to use the code (a String), it works and we confirm that by Querying it back from the DB.</st>
            <st ob="x" eb="" sr="" id="89.7">So it appears that the customer converter for converting from my Enum is not called in this situation.</st>
            <st ob="" eb="" sr="" id="89.8">Next I try and update the other value in the Document.</st>
            <st ob="x" eb="" sr="" id="89.9">The BigDecimal is converted to a String by an existing converter I assume, but then my customer converter is called to try and convert the numeric String into an Allocation Enum which of course fails.</st>
            <st ob="" eb="" sr="" id="89.10">I tried to debug the code and it seems that there is an overloaded method in CustomConversions: getCustomWriteTarget that takes one or two arguments, the second being a requestedTargetType.</st>
            <st ob="x" eb="" sr="" id="89.11">That second variant never seems to be called in MappingMongoConverter, but perhaps if that type information was passed then it would not use my Allocation converter.</st>
            <st ob="x" eb="" sr="" id="89.12">Without type information it seems the default is just to use the first converter that can handle the input type, in this case a String.</st>
            <st ob="" eb="" sr="" id="89.13">It is my custom one which is picked up first but can't actually handle it.</st>
            <st ob="" eb="" sr="" id="89.14">Please advise if there is something I am missing, as I can't find a workaround either - I have resorted to the Mongo Driver itself to do the update.</st>
        </parg>
    </desc>
</bug>
