<?xml version="1.0" encoding="UTF-8" standalone="yes"?>
<bug no-bug="" comments="">
    <id>DATAMONGO-1360</id>
    <title ob="" eb="" sr="">Cannot query with JSR310</title>
    <desc>
        <parg ob="" eb="" sr="" id="1">
            <st ob="" eb="" sr="x" id="1.1">I have a MongoDb document I successfully store using Spring Data MongoDb.</st>
            <st ob="" eb="" sr="x" id="1.2">It looks like this:</st>
        </parg>
        <parg ob="" eb="" sr="" id="2">
            <st ob="" eb="" sr="" id="2.1">{</st>
        </parg>
        <parg ob="" eb="" sr="" id="3">
            <st ob="" eb="" sr="" id="3.1">"_id" : "1",</st>
        </parg>
        <parg ob="" eb="" sr="" id="4">
            <st ob="" eb="" sr="" id="4.1">"_class" : "SomeClass",</st>
        </parg>
        <parg ob="" eb="" sr="" id="5">
            <st ob="" eb="" sr="" id="5.1">"createdDate" : ISODate("2016-01-16T07:05:45.656Z"),</st>
        </parg>
        <parg ob="" eb="" sr="" id="6">
            <st ob="" eb="" sr="" id="6.1">"lastUpdate" : ISODate("2016-01-16T07:05:45.656Z")</st>
        </parg>
        <parg ob="" eb="" sr="" id="7">
            <st ob="" eb="" sr="" id="7.1">}</st>
        </parg>
        <parg ob="" eb="" sr="" id="8">
            <st ob="" eb="" sr="x" id="8.1">When I create a custom Criteria query that looks like this:</st>
        </parg>
        <parg ob="" eb="" sr="" id="9">
            <st ob="" eb="" sr="" id="9.1">query.addCriteria(where("createdDate").</st>
            <st ob="" eb="" sr="" id="9.2">lte(LocalDateTime.now()));</st>
        </parg>
        <parg ob="" eb="" sr="" id="10">
            <st ob="x" eb="" sr="" id="10.1">The resulting MongoDb query looks like this:</st>
        </parg>
        <parg ob="" eb="" sr="" id="11">
            <st ob="" eb="" sr="" id="11.1">{ "createdDate" : { "$lte" : { $java : 2016-01-16T14:36:50.656 } } }</st>
        </parg>
        <parg ob="" eb="" sr="" id="12">
            <st ob="x" eb="" sr="" id="12.1">It consequently fails with this message:</st>
            <st ob="" eb="" sr="" id="12.2">java.lang.IllegalArgumentException: can't serialize class java.time.LocalDateTime at org.bson.BasicBSONEncoder.</st>
            <st ob="" eb="" sr="" id="12.3">_putObjectField(BasicBSONEncoder.java:299)</st>
            <st ob="x" eb="" sr="" id="12.4">It does not fail when I use a java.util.Date in my query even though I have stilled persisted my document with a java.time.LocalDateTime object.</st>
            <st ob="x" eb="" sr="" id="12.5">The query then looks slightly different like this:</st>
        </parg>
        <parg ob="" eb="" sr="" id="13">
            <st ob="" eb="" sr="" id="13.1">{ "createdDate" : { "$lte" : { "$date" : "2016-01-16T07:35:19.985Z"}}}</st>
        </parg>
        <parg ob="" eb="" sr="" id="14">
            <st ob="" eb="" sr="" id="14.1">I'm hoping there is a way to not have to convert my LocalDateTime objects to Date objects for querying.</st>
            <st ob="" eb="" sr="" id="14.2">Please advise.</st>
            <st ob="" eb="" sr="" id="14.3">Cheers,</st>
            <st ob="" eb="" sr="" id="14.4">Bjorn</st>
        </parg>
    </desc>
</bug>
