<?xml version="1.0" encoding="UTF-8" standalone="yes"?>
<bug no-bug="" comments="">
    <id>DATAMONGO-387</id>
    <title ob="" eb="" sr="">Executing query methods with GeoPage results doesn't work</title>
    <desc>
        <parg ob="" eb="" sr="" id="1">
            <st ob="x" eb="" sr="" id="1.1">When using GeoPage as return value for repository query methods we run into a ClassCastException.</st>
        </parg>
        <parg ob="" eb="" sr="" id="2">
            <st ob="" eb="" sr="" id="2.1">org.springframework.data.mongodb.core.geo.GeoResults cannot be cast to org.springframework.data.mongodb.core.geo.GeoPage</st>
        </parg>
    </desc>
</bug>
