<?xml version="1.0" encoding="UTF-8" standalone="yes"?>
<bug no-bug="" comments="">
    <id>DATAMONGO-1406</id>
    <title ob="x" eb="" sr="">Query mapper does not use @Field field name when querying nested fields in combination with nested keywords</title>
    <desc>
        <parg ob="" eb="" sr="" id="1">
            <st ob="" eb="" sr="x" id="1.1">we have a document class;</st>
        </parg>
        <parg ob="" eb="" sr="" id="2">
            <st ob="" eb="" sr="" id="2.1">@Document(collection = "Computer")</st>
        </parg>
        <parg ob="" eb="" sr="" id="3">
            <st ob="" eb="" sr="" id="3.1">public class Computer</st>
        </parg>
        <parg ob="" eb="" sr="" id="4">
            <st ob="" eb="" sr="" id="4.1">{</st>
        </parg>
        <parg ob="" eb="" sr="" id="5">
            <st ob="" eb="" sr="" id="5.1">@Id</st>
        </parg>
        <parg ob="" eb="" sr="" id="6">
            <st ob="" eb="" sr="" id="6.1">private String _id;</st>
        </parg>
        <parg ob="" eb="" sr="" id="7">
            <st ob="" eb="" sr="" id="7.1">private String batchId;</st>
        </parg>
        <parg ob="" eb="" sr="" id="8">
            <st ob="" eb="" sr="" id="8.1">@Field("stat")</st>
        </parg>
        <parg ob="" eb="" sr="" id="9">
            <st ob="" eb="" sr="" id="9.1">private String status;</st>
        </parg>
        <parg ob="" eb="" sr="" id="10">
            <st ob="" eb="" sr="" id="10.1">@Field("disp")</st>
        </parg>
        <parg ob="" eb="" sr="" id="11">
            <st ob="" eb="" sr="" id="11.1">private List&lt;Monitor&gt; displays;</st>
        </parg>
        <parg ob="" eb="" sr="" id="12">
            <st ob="" eb="" sr="" id="12.1">//setters and getters</st>
        </parg>
        <parg ob="" eb="" sr="" id="13">
            <st ob="" eb="" sr="" id="13.1">}</st>
        </parg>
        <parg ob="" eb="" sr="" id="14">
            <st ob="" eb="" sr="" id="14.1">public class Monitor {</st>
        </parg>
        <parg ob="" eb="" sr="" id="15">
            <st ob="" eb="" sr="" id="15.1">@Field("res")</st>
        </parg>
        <parg ob="" eb="" sr="" id="16">
            <st ob="" eb="" sr="" id="16.1">private String resolution;</st>
        </parg>
        <parg ob="" eb="" sr="" id="17">
            <st ob="" eb="" sr="" id="17.1">// setters/getters</st>
        </parg>
        <parg ob="" eb="" sr="" id="18">
            <st ob="" eb="" sr="" id="18.1">}</st>
        </parg>
        <parg ob="" eb="" sr="" id="19">
            <st ob="" eb="" sr="x" id="19.1">In MongoTemplate.java, the call to :</st>
        </parg>
        <parg ob="" eb="" sr="" id="20">
            <st ob="" eb="" sr="" id="20.1">protected &lt;S, T&gt; List&lt;T&gt; doFind(String collectionName, DBObject query, DBObject fields, Class&lt;S&gt; entityClass,</st>
        </parg>
        <parg ob="" eb="" sr="" id="21">
            <st ob="" eb="" sr="" id="21.1">CursorPreparer preparer, DbObjectCallback&lt;T&gt; objectCallback)</st>
        </parg>
        <parg ob="" eb="" sr="" id="22">
            <st ob="" eb="" sr="" id="22.1">DBObject mappedQuery = queryMapper.getMappedObject(query, entity);</st>
        </parg>
        <parg ob="" eb="" sr="" id="23">
            <st ob="x" eb="" sr="" id="23.1">resolves the fields to the input query to the ones in the @Field annotations, except for these in embedded arrays.</st>
            <st ob="x" eb="" sr="" id="23.2">So, in the example above, resolution fields in DBObject remains resolution.</st>
            <st ob="x" eb="" sr="" id="23.3">While, the status field resolves to stat.</st>
            <st ob="" eb="" sr="" id="23.4">Note the queries in the inner list, are setup as elemMatch.</st>
            <st ob="" eb="" sr="x" id="23.5">The query submitted to mongo after getMappedObject is called:</st>
        </parg>
        <parg ob="" eb="" sr="" id="24">
            <st ob="" eb="" sr="" id="24.1">{ "$and" : [ { "stat" : "A"} , { "disp" : { "$elemMatch" : { "$and" : [ { "resolution" : { "$ne" :  null }} , { "resolution" : { "$ne" : ""}}]}}}] , "batchId" : "5d0f1c53-92a2-48cb-8c84-1061769962c1"}</st>
        </parg>
        <parg ob="" eb="" sr="" id="25">
            <st ob="x" eb="" sr="" id="25.1">Which doesn't get any data, because there is no field called resolution (the field in mongo is res).</st>
            <st ob="" eb="" sr="x" id="25.2">Note: The query input to getMappedObject is:</st>
        </parg>
        <parg ob="" eb="" sr="" id="26">
            <st ob="" eb="" sr="" id="26.1">{ "$and" : [ { "status" : "A"} , { "displays" : { "$elemMatch" : { "$and" : [ { "resolution" : { "$ne" :  null }} , { "resolution" : { "$ne" : ""}}]}}}] , "batchId" : "5d0f1c53-92a2-48cb-8c84-1061769962c1"}</st>
        </parg>
        <parg ob="" eb="" sr="" id="27">
            <st ob="x" eb="" sr="" id="27.1">Notice the status and displays fields correctly get converted to the value in the @Field annotation.</st>
            <st ob="" eb="x" sr="" id="27.2">The correct query from getMappedObject should be:</st>
        </parg>
        <parg ob="" eb="" sr="" id="28">
            <st ob="" eb="" sr="" id="28.1">{ "$and" : [ { "stat" : "A"} , { "disp" : { "$elemMatch" : { "$and" : [ { "res" : { "$ne" :  null }} , { "res" : { "$ne" : ""}}]}}}] , "batchId" : "5d0f1c53-92a2-48cb-8c84-1061769962c1"}</st>
        </parg>
        <parg ob="" eb="" sr="" id="29">
            <st ob="x" eb="" sr="" id="29.1">This basically means that any queries that operate on fields (with a name different from the peristed name) in the inner list will fail.</st>
        </parg>
    </desc>
</bug>
