<?xml version="1.0" encoding="UTF-8" standalone="yes"?>
<bug no-bug="" comments="">
    <id>DATAMONGO-423</id>
    <title ob="x" eb="x" sr="">Criteria.regex should use java.util.Pattern instead of $regex</title>
    <desc>
        <parg ob="" eb="" sr="" id="1">
            <st ob="" eb="" sr="" id="1.1">mongod complains about $regex in some cases.</st>
            <st ob="" eb="" sr="x" id="1.2">If you try:</st>
        </parg>
        <parg ob="" eb="" sr="" id="2">
            <st ob="" eb="" sr="" id="2.1">DBCollection c = ...</st>
        </parg>
        <parg ob="" eb="" sr="" id="3">
            <st ob="" eb="" sr="" id="3.1">c.find( new BasicDBObject( "x" ,</st>
        </parg>
        <parg ob="" eb="" sr="" id="4">
            <st ob="" eb="" sr="" id="4.1">new BasicDBObject("$not", new BasicDBObject("$regex", "b") ) ) );</st>
        </parg>
        <parg ob="" eb="" sr="" id="5">
            <st ob="x" eb="" sr="" id="5.1">throws this exception:</st>
        </parg>
        <parg ob="" eb="" sr="" id="6">
            <st ob="" eb="" sr="" id="6.1">com.mongodb.MongoException: can't use $not with $regex, use BSON regex type instead</st>
        </parg>
        <parg ob="" eb="" sr="" id="7">
            <st ob="" eb="" sr="" id="7.1">	at com.mongodb.MongoException.parse(MongoException.java:82)</st>
        </parg>
        <parg ob="" eb="" sr="" id="8">
            <st ob="" eb="" sr="" id="8.1">at com.mongodb.DBApiLayer$MyCollection.</st>
            <st ob="" eb="" sr="" id="8.2">__find(DBApiLayer.java:312)</st>
        </parg>
        <parg ob="" eb="" sr="" id="9">
            <st ob="" eb="" sr="" id="9.1">at com.mongodb.DBCursor.</st>
            <st ob="" eb="" sr="" id="9.2">_check(DBCursor.java:369)</st>
        </parg>
        <parg ob="" eb="" sr="" id="10">
            <st ob="" eb="" sr="" id="10.1">at com.mongodb.DBCursor.</st>
            <st ob="" eb="" sr="" id="10.2">_hasNext(DBCursor.java:504)</st>
        </parg>
        <parg ob="" eb="" sr="" id="11">
            <st ob="" eb="" sr="" id="11.1">	at com.mongodb.DBCursor.hasNext(DBCursor.java:529)</st>
        </parg>
        <parg ob="" eb="" sr="" id="12">
            <st ob="" eb="" sr="x" id="12.1">while this does not:</st>
        </parg>
        <parg ob="" eb="" sr="" id="13">
            <st ob="" eb="" sr="" id="13.1">DBCollection c = ...</st>
        </parg>
        <parg ob="" eb="" sr="" id="14">
            <st ob="" eb="" sr="" id="14.1">c.find( new BasicDBObject( "x" ,</st>
        </parg>
        <parg ob="" eb="" sr="" id="15">
            <st ob="" eb="" sr="" id="15.1">new BasicDBObject("$not", Pattern.compile( "b" , Pattern.CASE_INSENSITIVE ) ) ) );</st>
        </parg>
    </desc>
</bug>
