<?xml version="1.0" encoding="UTF-8" standalone="yes"?>
<bug no-bug="" comments="">
    <id>DATAMONGO-260</id>
    <title ob="x" eb="" sr="">MapReduce fails when using with Long as key-type.</title>
    <desc>
        <parg ob="" eb="" sr="" id="1">
            <st ob="x" eb="" sr="" id="1.1">MapReduce will fail calling emit with Long as key-type.</st>
        </parg>
        <parg ob="" eb="" sr="" id="2">
            <st ob="" eb="" sr="" id="2.1">class Foo {</st>
        </parg>
        <parg ob="" eb="" sr="" id="3">
            <st ob="" eb="" sr="" id="3.1">String id;</st>
        </parg>
        <parg ob="" eb="" sr="" id="4">
            <st ob="" eb="" sr="" id="4.1">Long number;</st>
        </parg>
        <parg ob="" eb="" sr="" id="5">
            <st ob="" eb="" sr="" id="5.1">Long version;</st>
        </parg>
        <parg ob="" eb="" sr="" id="6">
            <st ob="" eb="" sr="" id="6.1">}</st>
        </parg>
        <parg ob="" eb="" sr="" id="7">
            <st ob="" eb="" sr="" id="7.1">Map:</st>
        </parg>
        <parg ob="" eb="" sr="" id="8">
            <st ob="" eb="" sr="" id="8.1">function() {</st>
        </parg>
        <parg ob="" eb="" sr="" id="9">
            <st ob="" eb="" sr="" id="9.1">emit(this.number, this.version)</st>
        </parg>
        <parg ob="" eb="" sr="" id="10">
            <st ob="" eb="" sr="" id="10.1">}</st>
        </parg>
        <parg ob="" eb="" sr="" id="11">
            <st ob="" eb="" sr="" id="11.1">Reduce:</st>
        </parg>
        <parg ob="" eb="" sr="" id="12">
            <st ob="" eb="" sr="" id="12.1">function(key, values) {</st>
        </parg>
        <parg ob="" eb="" sr="" id="13">
            <st ob="" eb="" sr="" id="13.1">return Math.max.apply(Math, values);</st>
        </parg>
        <parg ob="" eb="" sr="" id="14">
            <st ob="" eb="" sr="" id="14.1">}</st>
        </parg>
        <parg ob="" eb="" sr="" id="15">
            <st ob="" eb="" sr="" id="15.1">(see http://cookbook.mongodb.org/patterns/finding_max_and_min/)</st>
            <st ob="" eb="" sr="" id="15.2">outputcollection</st>
        </parg>
        <parg ob="" eb="" sr="" id="16">
            <st ob="" eb="" sr="" id="16.1">{</st>
        </parg>
        <parg ob="" eb="" sr="" id="17">
            <st ob="" eb="" sr="" id="17.1">"_id": 1,</st>
        </parg>
        <parg ob="" eb="" sr="" id="18">
            <st ob="" eb="" sr="" id="18.1">"value": 2</st>
        </parg>
        <parg ob="" eb="" sr="" id="19">
            <st ob="" eb="" sr="" id="19.1">}</st>
        </parg>
        <parg ob="" eb="" sr="" id="20">
            <st ob="x" eb="" sr="" id="20.1">then it tries to convert _id to objectid which fails:</st>
        </parg>
        <parg ob="" eb="" sr="" id="21">
            <st ob="" eb="" sr="" id="21.1">org.springframework.core.convert.ConverterNotFoundException: No converter found capable of converting from 'java.lang.Long' to 'java.lang.String'</st>
        </parg>
        <parg ob="" eb="" sr="" id="22">
            <st ob="" eb="" sr="" id="22.1">	at org.springframework.core.convert.support.GenericConversionService.convert(GenericConversionService.java:155)</st>
        </parg>
        <parg ob="" eb="" sr="" id="23">
            <st ob="" eb="" sr="" id="23.1">	at org.springframework.core.convert.support.GenericConversionService.convert(GenericConversionService.java:127)</st>
        </parg>
        <parg ob="" eb="" sr="" id="24">
            <st ob="" eb="" sr="" id="24.1">	at org.springframework.data.mapping.model.BeanWrapper.getPotentiallyConvertedValue(BeanWrapper.java:221)</st>
        </parg>
        <parg ob="" eb="" sr="" id="25">
            <st ob="" eb="" sr="" id="25.1">	at org.springframework.data.mapping.model.BeanWrapper.setProperty(BeanWrapper.java:155)</st>
        </parg>
        <parg ob="" eb="" sr="" id="26">
            <st ob="" eb="" sr="" id="26.1">	at org.springframework.data.mongodb.core.convert.MappingMongoConverter$2.doWithPersistentProperty(MappingMongoConverter.java:260)</st>
        </parg>
        <parg ob="" eb="" sr="" id="27">
            <st ob="" eb="" sr="" id="27.1">	at org.springframework.data.mongodb.core.convert.MappingMongoConverter$2.doWithPersistentProperty(MappingMongoConverter.java:248)</st>
        </parg>
        <parg ob="" eb="" sr="" id="28">
            <st ob="" eb="" sr="" id="28.1">	at org.springframework.data.mapping.model.BasicPersistentEntity.doWithProperties(BasicPersistentEntity.java:160)</st>
        </parg>
        <parg ob="" eb="" sr="" id="29">
            <st ob="" eb="" sr="" id="29.1">	at org.springframework.data.mongodb.core.convert.MappingMongoConverter.read(MappingMongoConverter.java:248)</st>
        </parg>
        <parg ob="" eb="" sr="" id="30">
            <st ob="" eb="" sr="" id="30.1">	at org.springframework.data.mongodb.core.convert.MappingMongoConverter.read(MappingMongoConverter.java:193)</st>
        </parg>
        <parg ob="" eb="" sr="" id="31">
            <st ob="" eb="" sr="" id="31.1">	at org.springframework.data.mongodb.core.convert.MappingMongoConverter.read(MappingMongoConverter.java:161)</st>
        </parg>
        <parg ob="" eb="" sr="" id="32">
            <st ob="" eb="" sr="" id="32.1">	at org.springframework.data.mongodb.core.MongoTemplate$ReadDbObjectCallback.doWith(MongoTemplate.java:1462)</st>
        </parg>
        <parg ob="" eb="" sr="" id="33">
            <st ob="" eb="" sr="" id="33.1">	at org.springframework.data.mongodb.core.MongoTemplate.mapReduce(MongoTemplate.java:885)</st>
        </parg>
        <parg ob="" eb="" sr="" id="34">
            <st ob="" eb="" sr="" id="34.1">	at org.springframework.data.mongodb.core.MongoTemplate.mapReduce(MongoTemplate.java:841)</st>
        </parg>
    </desc>
</bug>
