<?xml version="1.0" encoding="UTF-8" standalone="yes"?>
<bug no-bug="" comments="">
    <id>DATAMONGO-462</id>
    <title ob="x" eb="" sr="">findAll() fails with NPE - discovering the root cause</title>
    <desc>
        <parg ob="" eb="" sr="" id="1">
            <st ob="" eb="" sr="" id="1.1">This bug report is based on a forum thread(see Reference URL).</st>
            <st ob="" eb="" sr="" id="1.2">I do not want to duplicate the original posts.</st>
            <st ob="" eb="" sr="" id="1.3">Here is my response.</st>
            <st ob="" eb="" sr="" id="1.4">Hello Oliver,</st>
            <st ob="" eb="" sr="" id="1.5">This morning I built spring data from source which provided a more informative error (see below).</st>
            <st ob="" eb="" sr="" id="1.6">My code doesn't use the  @PersistenceConstructor annotation.</st>
            <st ob="" eb="" sr="" id="1.7">I'll investigate.</st>
            <st ob="" eb="" sr="" id="1.8">My source is open source.</st>
            <st ob="" eb="" sr="" id="1.9">It is pre-alpha at this time.</st>
            <st ob="" eb="" sr="" id="1.10">You'll find it on github (https://github.com/kern3020/harbinger).</st>
            <st ob="" eb="" sr="" id="1.11">Exception in thread "main" org.springframework.data.mapping.model.MappingInstantiationException: Could not instantiate bean class [java.net.URL]: No default constructor_ found; nested exception is java.lang.NoSuchMethodException: java.net.URL.</st>
            <st ob="" eb="" sr="" id="1.12">&lt;init&gt;()</st>
            <st ob="" eb="" sr="" id="1.13">	at org.springframework.data.convert.ReflectionEntityInstantiator.createInstance(ReflectionEntityInstantiator.java:63)</st>
            <st ob="" eb="" sr="" id="1.14">	at org.springframework.data.mongodb.core.convert.MappingMongoConverter.read(MappingMongoConverter.java:230)</st>
            <st ob="" eb="" sr="" id="1.15">	at org.springframework.data.mongodb.core.convert.MappingMongoConverter.read(MappingMongoConverter.java:210)</st>
            <st ob="" eb="" sr="" id="1.16">	at org.springframework.data.mongodb.core.convert.MappingMongoConverter$MongoDbPropertyValueProvider.getPropertyValue(MappingMongoConverter.java:953)</st>
            <st ob="" eb="" sr="" id="1.17">	at org.springframework.data.mongodb.core.convert.MappingMongoConverter.getValueInternal(MappingMongoConverter.java:708)</st>
            <st ob="" eb="" sr="" id="1.18">	at org.springframework.data.mongodb.core.convert.MappingMongoConverter$1.doWithPersistentProperty(MappingMongoConverter.java:246)</st>
            <st ob="" eb="" sr="" id="1.19">	at org.springframework.data.mongodb.core.convert.MappingMongoConverter$1.doWithPersistentProperty(MappingMongoConverter.java:236)</st>
            <st ob="" eb="" sr="" id="1.20">	at org.springframework.data.mapping.model.BasicPersistentEntity.doWithProperties(BasicPersistentEntity.java:183)</st>
            <st ob="" eb="" sr="" id="1.21">	at org.springframework.data.mongodb.core.convert.MappingMongoConverter.read(MappingMongoConverter.java:236)</st>
            <st ob="" eb="" sr="" id="1.22">	at org.springframework.data.mongodb.core.convert.MappingMongoConverter.read(MappingMongoConverter.java:210)</st>
            <st ob="" eb="" sr="" id="1.23">	at org.springframework.data.mongodb.core.convert.MappingMongoConverter.read(MappingMongoConverter.java:174)</st>
            <st ob="" eb="" sr="" id="1.24">	at org.springframework.data.mongodb.core.convert.MappingMongoConverter.read(MappingMongoConverter.java:170)</st>
            <st ob="" eb="" sr="" id="1.25">	at org.springframework.data.mongodb.core.convert.MappingMongoConverter.read(MappingMongoConverter.java:73)</st>
            <st ob="" eb="" sr="" id="1.26">	at org.springframework.data.mongodb.core.MongoTemplate$ReadDbObjectCallback.doWith(MongoTemplate.java:1700)</st>
            <st ob="" eb="" sr="" id="1.27">	at org.springframework.data.mongodb.core.MongoTemplate.executeFindMultiInternal(MongoTemplate.java:1451)</st>
            <st ob="" eb="" sr="" id="1.28">	at org.springframework.data.mongodb.core.MongoTemplate.findAll(MongoTemplate.java:959)</st>
            <st ob="" eb="" sr="" id="1.29">	at org.john.app.InstituteRepository.dump(InstituteRepository.java:58)</st>
            <st ob="" eb="" sr="" id="1.30">at org.john.app.InstituteRepository$$FastClassByCGLIB$$7799dab9.</st>
            <st ob="" eb="" sr="" id="1.31">invoke(&lt;generated&gt;)</st>
            <st ob="" eb="" sr="" id="1.32">	at net.sf.cglib.proxy.MethodProxy.invoke(MethodProxy.java:191)</st>
            <st ob="" eb="" sr="" id="1.33">	at org.springframework.aop.framework.Cglib2AopProxy$CglibMethodInvocation.invokeJoinpoint(Cglib2AopProxy.java:689)</st>
            <st ob="" eb="" sr="" id="1.34">	at org.springframework.aop.framework.ReflectiveMethodInvocation.proceed(ReflectiveMethodInvocation.java:150)</st>
            <st ob="" eb="" sr="" id="1.35">	at org.springframework.dao.support.PersistenceExceptionTranslationInterceptor.invoke(PersistenceExceptionTranslationInterceptor.java:138)</st>
            <st ob="" eb="" sr="" id="1.36">	at org.springframework.aop.framework.ReflectiveMethodInvocation.proceed(ReflectiveMethodInvocation.java:172)</st>
            <st ob="" eb="" sr="" id="1.37">	at org.springframework.aop.framework.Cglib2AopProxy$DynamicAdvisedInterceptor.intercept(Cglib2AopProxy.java:622)</st>
            <st ob="" eb="" sr="" id="1.38">at org.john.app.InstituteRepository$$EnhancerByCGLIB$$a998483c.dump(&lt;generated&gt;)</st>
            <st ob="" eb="" sr="" id="1.39">	at org.john.app.ReaperApp.main(ReaperApp.java:49)</st>
            <st ob="" eb="" sr="" id="1.40">Caused by: org.springframework.beans.BeanInstantiationException: Could not instantiate bean class [java.net.URL]: No default constructor_ found; nested exception is java.lang.NoSuchMethodException: java.net.URL.&lt;init&gt;()</st>
            <st ob="" eb="" sr="" id="1.41">	at org.springframework.beans.BeanUtils.instantiateClass(BeanUtils.java:107)</st>
            <st ob="" eb="" sr="" id="1.42">	at org.springframework.data.convert.ReflectionEntityInstantiator.createInstance(ReflectionEntityInstantiator.java:60)</st>
            <st ob="" eb="" sr="" id="1.43">	... 25 more</st>
            <st ob="" eb="" sr="" id="1.44">Caused by: java.lang.NoSuchMethodException: java.net.URL.&lt;init&gt;()</st>
            <st ob="" eb="" sr="" id="1.45">	at java.lang.Class.getConstructor0(Class.java:2723)</st>
            <st ob="" eb="" sr="" id="1.46">	at java.lang.Class.getDeclaredConstructor(Class.java:2002)</st>
            <st ob="" eb="" sr="" id="1.47">	at org.springframework.beans.BeanUtils.instantiateClass(BeanUtils.java:104) </st>
        </parg>
    </desc>
</bug>
