<?xml version="1.0" encoding="UTF-8" standalone="yes"?>
<bug no-bug="" comments="">
    <id>DATAMONGO-1416</id>
    <title ob="" eb="" sr="">Standard bootstrap issues warning in converter registration</title>
    <desc>
        <parg ob="" eb="" sr="" id="1">
            <st ob="x" eb="" sr="" id="1.1">I just upgraded to 1.9.1 from 1.8.4 and keep getting these warnings.</st>
        </parg>
        <parg ob="" eb="" sr="" id="2">
            <st ob="" eb="" sr="" id="2.1">org.springframework.data.mongodb.core.convert.CustomConversions:229 - Registering converter from class java.lang.Number to class java.lang.Number as writing converter although it doesn't convert to a Mongo supported type!</st>
            <st ob="" eb="" sr="" id="2.2">You might wanna check you annotation setup at the converter implementation</st>
        </parg>
        <parg ob="" eb="" sr="" id="3">
            <st ob="" eb="" sr="" id="3.1">I have NO custom converters configured.</st>
            <st ob="" eb="" sr="" id="3.2">Not sure where this is coming from or how to fix.</st>
        </parg>
    </desc>
</bug>
