<?xml version="1.0" encoding="UTF-8" standalone="yes"?>
<bug no-bug="" comments="">
    <id>DATAMONGO-420</id>
    <title ob="x" eb="" sr="">Extra quotes being added to @Query values and fields</title>
    <desc>
        <parg ob="" eb="" sr="" id="1">
            <st ob="x" eb="" sr="" id="1.1">Quotes are being added to values passed into @Query annotations.</st>
            <st ob="" eb="" sr="" id="1.2">@Query( value = "</st>
            <st ob="" eb="" sr="" id="1.3">{ ?</st>
            <st ob="" eb="" sr="" id="1.4">0 }</st>
            <st ob="" eb="" sr="" id="1.5">", fields = "</st>
            <st ob="" eb="" sr="" id="1.6">{ ?</st>
            <st ob="" eb="" sr="" id="1.7">1 }</st>
            <st ob="" eb="" sr="" id="1.8">" )</st>
            <st ob="" eb="" sr="" id="1.9">someMethod( String values, String fields );</st>
            <st ob="x" eb="" sr="" id="1.10">Whatever I pass into "values" or "fields" gets wrapped in quotes when inserted into the query sent to MongoDB.</st>
            <st ob="" eb="" sr="" id="1.11">String values = "value : 'things'";</st>
            <st ob="x" eb="" sr="" id="1.12">-&gt; rendered as -</st>
            <st ob="" eb="" sr="" id="1.13">{ "value : 'things'" }</st>
            <st ob="x" eb="" sr="" id="1.14">-&gt; This is not a valid query - the double quotes around it break it.</st>
            <st ob="" eb="" sr="" id="1.15">String values = "field : 0";</st>
            <st ob="x" eb="" sr="" id="1.16">-&gt; rendered as -</st>
            <st ob="" eb="" sr="" id="1.17">{ "field : 0" }</st>
            <st ob="x" eb="" sr="" id="1.18">-&gt; This is not a valid projection - the double quotes around it break it.</st>
            <st ob="" eb="" sr="" id="1.19">String values = "field\" : \"0";</st>
            <st ob="" eb="" sr="" id="1.20">-&gt; rendered as -</st>
            <st ob="" eb="" sr="" id="1.21">{ "field" : "0" }</st>
            <st ob="x" eb="x" sr="" id="1.22">-&gt; This is not a valid projection - the double quotes around zero turn it into a string so it renders as "true" instead of 0/undefined.</st>
            <st ob="" eb="" sr="" id="1.23">Thanks.</st>
        </parg>
    </desc>
</bug>
