<?xml version="1.0" encoding="UTF-8" standalone="yes"?>
<bug no-bug="" comments="">
    <id>DATAMONGO-413</id>
    <title ob="x" eb="" sr="">Using "Or" in repository query yields a ClassCastException</title>
    <desc>
        <parg ob="" eb="" sr="" id="1">
            <st ob="" eb="" sr="x" id="1.1">This:</st>
            <st ob="" eb="" sr="" id="1.2">List&lt;User&gt; findByEmailOrAlias(String email, String alias);</st>
            <st ob="x" eb="" sr="" id="1.3">Gives:</st>
            <st ob="" eb="" sr="" id="1.4">2012-03-09 17:19:55,057 [main] DEBUG org.springframework.data.mongodb.repository.query.MongoQueryCreator - Created query { "email" : "a@b.c" , "alias" : "abc" , "$or" : { }}</st>
            <st ob="" eb="" sr="" id="1.5">2012-03-09 17:19:55,062 [main] DEBUG org.springframework.data.mongodb.core.MongoTemplate - find using query: { "email" : "a@b.c" , "$or" : { }} fields: null for class: class com.musicalabs.api.model.User in collection: user</st>
            <st ob="" eb="" sr="" id="1.6">Exception in thread "main" java.lang.ClassCastException: com.mongodb.BasicDBObject cannot be cast to java.lang.Iterable</st>
            <st ob="" eb="" sr="" id="1.7">	at org.springframework.data.mongodb.core.QueryMapper.getMappedObject(QueryMapper.java:92)</st>
            <st ob="" eb="" sr="" id="1.8">	at org.springframework.data.mongodb.core.MongoTemplate.doFind(MongoTemplate.java:1259)</st>
            <st ob="" eb="" sr="" id="1.9">	at org.springframework.data.mongodb.core.MongoTemplate.doFind(MongoTemplate.java:1248)</st>
            <st ob="" eb="" sr="" id="1.10">	at org.springframework.data.mongodb.core.MongoTemplate.find(MongoTemplate.java:471)</st>
            <st ob="" eb="" sr="" id="1.11">	at org.springframework.data.mongodb.repository.query.AbstractMongoQuery$Execution.readCollection(AbstractMongoQuery.java:125)</st>
            <st ob="" eb="" sr="" id="1.12">	at org.springframework.data.mongodb.repository.query.AbstractMongoQuery$CollectionExecution.execute(AbstractMongoQuery.java:142)</st>
            <st ob="" eb="" sr="" id="1.13">	at org.springframework.data.mongodb.repository.query.AbstractMongoQuery.execute(AbstractMongoQuery.java:88)</st>
            <st ob="" eb="" sr="" id="1.14">	at org.springframework.data.repository.core.support.RepositoryFactorySupport$QueryExecutorMethodInterceptor.invoke(RepositoryFactorySupport.java:302)</st>
            <st ob="" eb="" sr="" id="1.15">	at org.springframework.aop.framework.ReflectiveMethodInvocation.proceed(ReflectiveMethodInvocation.java:172)</st>
            <st ob="" eb="" sr="" id="1.16">	at org.springframework.aop.framework.JdkDynamicAopProxy.invoke(JdkDynamicAopProxy.java:202)</st>
            <st ob="" eb="" sr="" id="1.17">	at $Proxy22.findByEmailOrAlias(Unknown Source)</st>
            <st ob="" eb="" sr="" id="1.18">	at com.acme.Fake.main(Fake.java:23)</st>
            <st ob="" eb="" sr="" id="1.19">While that:</st>
            <st ob="" eb="" sr="" id="1.20">List&lt;User&gt; findByEmailAndAlias(String email, String alias);</st>
            <st ob="" eb="" sr="" id="1.21">works fine.</st>
        </parg>
    </desc>
</bug>
