<?xml version="1.0" encoding="UTF-8" standalone="yes"?>
<bug no-bug="" comments="">
    <id>DATAMONGO-1088</id>
    <title ob="x" eb="" sr="">@Query $in does not remove "_class" property on collection of embedded objects </title>
    <desc>
        <parg ob="" eb="" sr="" id="1">
            <st ob="" eb="" sr="x" id="1.1">Following method on repository</st>
        </parg>
        <parg ob="" eb="" sr="" id="2">
            <st ob="" eb="" sr="" id="2.1">@Query(value = "{ embedded : { $in : ?</st>
            <st ob="" eb="" sr="" id="2.2">0} }")</st>
        </parg>
        <parg ob="" eb="" sr="" id="3">
            <st ob="" eb="" sr="" id="3.1">List&lt;Foo&gt; findByEmbeddedIn2(Collection&lt;EmbeddedObject&gt; c);</st>
        </parg>
        <parg ob="" eb="" sr="" id="4">
            <st ob="x" eb="" sr="" id="4.1">generates incorrect query.</st>
        </parg>
        <parg ob="" eb="" sr="" id="5">
            <st ob="" eb="" sr="" id="5.1">{ "embedded" : { "$in" : [ {  "_class" : "demo.EmbeddedObject" , "s" : "hello"}]}}</st>
        </parg>
        <parg ob="" eb="" sr="" id="6">
            <st ob="" eb="x" sr="" id="6.1">Query should be without _class property e.g.:</st>
        </parg>
        <parg ob="" eb="" sr="" id="7">
            <st ob="" eb="" sr="" id="7.1">{ "embedded" : { "$in" : [ { "s" : "hello"}]}}</st>
        </parg>
        <parg ob="" eb="" sr="" id="8">
            <st ob="" eb="" sr="x" id="8.1">I attached test project demonstrating this bug.</st>
            <st ob="" eb="" sr="" id="8.2">This bug is related to https://jira.spring.io/browse/DATAMONGO-893</st>
        </parg>
    </desc>
</bug>
