<?xml version="1.0" encoding="UTF-8" standalone="yes"?>
<bug no-bug="" comments="">
    <id>DATAMONGO-688</id>
    <title ob="x" eb="" sr="">There is no precedence between @Id annotation and field named "id" - both are attempted to be used</title>
    <desc>
        <parg ob="" eb="" sr="" id="1">
            <st ob="x" eb="" sr="x" id="1.1">If you have a domain class with an attribute named "id", even if you annotate a DIFFERENT field with "@Id", spring-data-mongo errors trying to map 2 things to the id.</st>
            <st ob="x" eb="" sr="" id="1.2">While the error is correct in that you can't have 2, it surprises me that one doesn't take precedence over the other.</st>
            <st ob="" eb="" sr="" id="1.3">I tried (in vain) to find this issue listed in jira, having read about it from a post in the forums after hitting the same issue myself, so apologies if this is a duplicate.</st>
            <st ob="" eb="" sr="" id="1.4">Original forum post here: http://forum.springsource.org/showthread.php?120188-_id-mapping</st>
        </parg>
    </desc>
</bug>
