<?xml version="1.0" encoding="UTF-8" standalone="yes"?>
<bug no-bug="" comments="">
    <id>DATAMONGO-647</id>
    <title ob="x" eb="" sr="">Using "OrderBy" in "query by method name" ignores the @Field annotation for field alias.</title>
    <desc>
        <parg ob="" eb="" sr="" id="1">
            <st ob="" eb="" sr="x" id="1.1">I created a method using the "query by method name" approach:</st>
            <st ob="" eb="" sr="x" id="1.2">Inside my Answer object, I have a field called "Score" that is annotated with</st>
            <st ob="" eb="" sr="" id="1.3">@Field("sr")</st>
            <st ob="" eb="" sr="" id="1.4">int Score</st>
            <st ob="" eb="" sr="" id="1.5">List&lt;Answer&gt; findByQuestionIdOrderByScoreDesc(String questionId)</st>
            <st ob="x" eb="x" sr="x" id="1.6">When the query is run, the database attempts to sort the results by "score" rather than my "sr" field name.</st>
        </parg>
    </desc>
</bug>
