<?xml version="1.0" encoding="UTF-8" standalone="yes"?>
<bug no-bug="" comments="">
    <id>DATAMONGO-1290</id>
    <title ob="x" eb="" sr="">@Query annotation with byte[] parameter does not work</title>
    <desc>
        <parg ob="" eb="" sr="" id="1">
            <st ob="" eb="x" sr="" id="1.1">In a repository, these finders should be equivalent:</st>
        </parg>
        <parg ob="" eb="" sr="" id="2">
            <st ob="" eb="" sr="" id="2.1">Optional&lt;SampleDomainObject&gt; findBySampleData(byte[] sampleDate);</st>
        </parg>
        <parg ob="" eb="" sr="" id="3">
            <st ob="" eb="" sr="" id="3.1">@Query("{ 'sampleData' : ?</st>
            <st ob="" eb="" sr="" id="3.2">0 }")</st>
        </parg>
        <parg ob="" eb="" sr="" id="4">
            <st ob="" eb="" sr="" id="4.1">Optional&lt;SampleDomainObject&gt; findBySampleDateWithAnnotation(byte[] sampleData);</st>
        </parg>
        <parg ob="" eb="" sr="" id="5">
            <st ob="x" eb="" sr="" id="5.1">... but only the first works.</st>
            <st ob="" eb="" sr="x" id="5.2">Please find an example project with test attached!</st>
        </parg>
    </desc>
</bug>
