<?xml version="1.0" encoding="UTF-8" standalone="yes"?>
<bug no-bug="" comments="">
    <id>DATAMONGO-1498</id>
    <title ob="" eb="" sr="">MongoMappingContext doesn't know about types usually auto-detected (JodaTime, JDK 8 date time types)</title>
    <desc>
        <parg ob="" eb="" sr="" id="1">
            <st ob="" eb="" sr="" id="1.1">(not sure if this issue should be opened for Spring Data REST or Spring Data Mongo, since the problem manifests itself in the contents rendered by SDR but the fix might probably go to the SD MongoDB)</st>
            <st ob="x" eb="" sr="" id="1.2">As described in this SO thread, in Spring Boot 1.3.6, Spring Data 1.8.4, Spring Data REST 2.4.4 the Spring Data MongoDB entities that have a property of Joda DateTime type:</st>
        </parg>
        <parg ob="" eb="" sr="" id="2">
            <st ob="" eb="" sr="" id="2.1">@JsonProperty("myDate")</st>
        </parg>
        <parg ob="" eb="" sr="" id="3">
            <st ob="" eb="" sr="" id="3.1">private DateTime myDate;</st>
        </parg>
        <parg ob="" eb="" sr="" id="4">
            <st ob="x" eb="" sr="" id="4.1">gets rendered into in the REST representation of my Spring Data entity as</st>
        </parg>
        <parg ob="" eb="" sr="" id="5">
            <st ob="" eb="" sr="" id="5.1">"myDate": "2016-09-25T15:58:37.486Z"</st>
        </parg>
        <parg ob="" eb="" sr="" id="6">
            <st ob="x" eb="" sr="" id="6.1">With Spring Boot 1.4.1, Spring Data MongoDB 1.9.3, Spring Data REST 2.5.3 same properties suddenly get represented as</st>
        </parg>
        <parg ob="" eb="" sr="" id="7">
            <st ob="" eb="" sr="" id="7.1">"myDate": {</st>
        </parg>
        <parg ob="" eb="" sr="" id="8">
            <st ob="" eb="" sr="" id="8.1">"content": "2016-09-25T15:58:37.486Z"</st>
        </parg>
        <parg ob="" eb="" sr="" id="9">
            <st ob="" eb="" sr="" id="9.1">},</st>
        </parg>
        <parg ob="" eb="" sr="" id="10">
            <st ob="x" eb="" sr="" id="10.1">It looks like Joda's DateTime started to get treated as data entity again:</st>
            <st ob="" eb="" sr="" id="10.2">https://jira.spring.io/browse/DATAMONGO-624</st>
            <st ob="" eb="" sr="" id="10.3">Adding Jackson2 @JsonUnwrapped annotation to the property helps to get representation back:</st>
        </parg>
        <parg ob="" eb="" sr="" id="11">
            <st ob="" eb="" sr="" id="11.1">@JsonProperty("myDate")</st>
        </parg>
        <parg ob="" eb="" sr="" id="12">
            <st ob="" eb="" sr="" id="12.1">@JsonUnwrapped</st>
        </parg>
        <parg ob="" eb="" sr="" id="13">
            <st ob="" eb="" sr="" id="13.1">private DateTime myDate;</st>
        </parg>
        <parg ob="" eb="" sr="" id="14">
            <st ob="" eb="" sr="" id="14.1">But this cannot be a solution since in case of auto-generated properties, e.g. from JSON schema.</st>
            <st ob="" eb="" sr="" id="14.2">there is only limited options to control generated annotations, especially since the @JsonUnwrapped must be set on all child/empbedded objects.</st>
            <st ob="" eb="" sr="" id="14.3">The Javadoc for the CustomConversions class states that</st>
        </parg>
        <parg ob="" eb="" sr="" id="15">
            <st ob="x" eb="" sr="" id="15.1">These types will be considered simple ones (which means they neither need deeper inspection nor nested conversion.</st>
            <st ob="x" eb="" sr="" id="15.2">Thus the</st>
            <st ob="x" eb="" sr="" id="15.3">CustomConversions also act as factory for SimpleTypeHolder</st>
            <st ob="x" eb="" sr="" id="15.4">Which is in fact not true for Spring Data REST [any more], from what I can tell debugging my code.</st>
            <st ob="x" eb="" sr="" id="15.5">The types that are added via default CustomConversions are not treated as simple ones when rendering JSON and properties of those types get serialised as embedded entity objects.</st>
            <st ob="x" eb="" sr="" id="15.6">Here is the place in the Spring Data REST PersistentEntityJackson2Module that calls to Spring Data MongoDB PersistentEntity implementation to check whether the property type is simple or not.</st>
            <st ob="x" eb="" sr="" id="15.7">And since the simpleTypeHolder in the Spring Data Commons AbstractMappingContext does not contain the types for which Spring Boot auto-configuration adds Joda DateTime converters, the DateTime field is treated as complex object.</st>
            <st ob="" eb="" sr="" id="15.8">This one presents a major problem upgrading from Spring Boot 1.3 to 1.4, since it breaks REST APIs by default with no generic solution known so far for all Joda DateTime properties in the project.</st>
        </parg>
    </desc>
</bug>
