<?xml version="1.0" encoding="UTF-8" standalone="yes"?>
<bug no-bug="" comments="">
    <id>DATAMONGO-571</id>
    <title ob="x" eb="" sr="">Spring Data for MongoDb doesn't save null values when @Version is added to domain class </title>
    <desc>
        <parg ob="" eb="" sr="" id="1">
            <st ob="" eb="" sr="" id="1.1">Scenario:</st>
            <st ob="" eb="" sr="x" id="1.2">1. Domain class is loaded from mongodb using CrudRepository.findOne() method.</st>
            <st ob="" eb="" sr="x" id="1.3">2. The loaded instances any non id nor @Version annotated field is set to null.</st>
            <st ob="" eb="" sr="x" id="1.4">3. The loaded instance is saved to same mongodb using CrudRepository.save() method.</st>
            <st ob="" eb="" sr="x" id="1.5">4. The field that has been set to null doesnt write to database, its unchanged.</st>
            <st ob="" eb="" sr="" id="1.6">Important: The problem doesnt occur when @Version annotation is not used in the domain class definition.</st>
        </parg>
    </desc>
</bug>
