<?xml version="1.0" encoding="UTF-8" standalone="yes"?>
<bug no-bug="" comments="">
    <id>DATAMONGO-346</id>
    <title ob="" eb="" sr="">MongoTemplate.remove(Object arg) not working</title>
    <desc>
        <parg ob="" eb="" sr="" id="1">
            <st ob="" eb="" sr="" id="1.1">Method remove(Object arg) in org.springframework.data.mongodb.core.MongoOperations not working in spring-data-mongodb older 1.0.0.</st>
            <st ob="" eb="" sr="" id="1.2">M4.</st>
        </parg>
    </desc>
</bug>
