<?xml version="1.0" encoding="UTF-8" standalone="yes"?>
<bug no-bug="" comments="">
    <id>DATAMONGO-969</id>
    <title ob="x" eb="" sr="">String @id field is not mapped to ObjectId when using QueryDSL .id.in(Collection&lt;String&gt;)</title>
    <desc>
        <parg ob="" eb="" sr="" id="1">
            <st ob="" eb="" sr="" id="1.1">This is similar to DATAMONGO-467 which was resolved a while back.</st>
            <st ob="" eb="" sr="" id="1.2">But in this case instead of .</st>
            <st ob="" eb="" sr="" id="1.3">eq() I am using .</st>
            <st ob="" eb="" sr="" id="1.4">in().</st>
        </parg>
        <parg ob="" eb="" sr="" id="2">
            <st ob="" eb="" sr="" id="2.1">@Document</st>
        </parg>
        <parg ob="" eb="" sr="" id="3">
            <st ob="" eb="" sr="" id="3.1">public class User {</st>
        </parg>
        <parg ob="" eb="" sr="" id="4">
            <st ob="" eb="" sr="" id="4.1">@Id String id;</st>
        </parg>
        <parg ob="" eb="" sr="" id="5">
            <st ob="" eb="" sr="" id="5.1">}</st>
        </parg>
        <parg ob="" eb="" sr="" id="6">
            <st ob="" eb="" sr="" id="6.1">Collection&lt;String&gt; collection = new ArrayList&lt;&gt;();</st>
        </parg>
        <parg ob="" eb="" sr="" id="7">
            <st ob="" eb="" sr="" id="7.1">collection.add("abcdef.....");</st>
        </parg>
        <parg ob="" eb="" sr="" id="8">
            <st ob="" eb="" sr="" id="8.1">Iterable&lt;User&gt; user = userRepository.findAll(QUser.user.id.in(collection));</st>
        </parg>
        <parg ob="" eb="" sr="" id="9">
            <st ob="x" eb="" sr="" id="9.1">This is translating to $in clause with empty collection</st>
        </parg>
    </desc>
</bug>
