<?xml version="1.0" encoding="UTF-8" standalone="yes"?>
<bug no-bug="" comments="">
    <id>DATAMONGO-392</id>
    <title ob="x" eb="" sr="">Updating an object does not write type information for objects to be updated</title>
    <desc>
        <parg ob="" eb="" sr="" id="1">
            <st ob="" eb="" sr="x" id="1.1">I'm using quite complex domain model, that consist of instantiable domain classes as well as of abstract ones.</st>
            <st ob="x" eb="" sr="" id="1.2">I used 1.0.0.</st>
            <st ob="x" eb="" sr="" id="1.3">M5 version, and the type information (under _class key) was stored with object when it was necessary to be able to read it from database later.</st>
            <st ob="" eb="" sr="" id="1.4">That worked perfectly for me till my upgrade to 1.0.0.</st>
            <st ob="x" eb="" sr="" id="1.5">RELEASE version that broke my application as it saves the objects without type information and later it is impossible to read it back to java model.</st>
            <st ob="x" eb="" sr="" id="1.6">What I found is that MappingMongoConverter.writeInternal(...) method that in turn calls addCustomTypeIfNecessary(...) (line 330) which puts type information into DBObject.</st>
            <st ob="x" eb="" sr="" id="1.7">During execution of convertToMongoType(...) (at line 851) removeTypeInfoRecursively(...) is called which clears type data saved earlier under _class key.</st>
            <st ob="" eb="" sr="" id="1.8">I had to comment out this call in order to</st>
            <st ob="" eb="" sr="" id="1.9">The first point is that there is a contradiction: why to save type information to DBObject if it is later removed by other method?</st>
            <st ob="" eb="x" sr="" id="1.10">The second point is that there should be a way to persist the type information inferred from runtime along the persisted object and not just the class definition.</st>
        </parg>
    </desc>
</bug>
