<?xml version="1.0" encoding="UTF-8" standalone="yes"?>
<bug no-bug="" comments="">
    <id>DATAMONGO-663</id>
    <title ob="" eb="x" sr="">org.springframework.data.mongodb.core.query.Field needs an equals method</title>
    <desc>
        <parg ob="" eb="" sr="" id="1">
            <st ob="x" eb="" sr="" id="1.1">The above class Field does not has an equals() method.</st>
            <st ob="x" eb="" sr="" id="1.2">But org.springframework.data.mongodb.core.query.Query has an equals method which is using the equals method of the Field class.</st>
        </parg>
        <parg ob="" eb="" sr="" id="2">
            <st ob="" eb="" sr="" id="2.1">boolean fieldsEqual = this.fieldSpec == null ? that.fieldSpec == null : this.fieldSpec.equals(that.fieldSpec);</st>
        </parg>
        <parg ob="" eb="" sr="" id="3">
            <st ob="" eb="" sr="" id="3.1">Please implement an equals on the Field method.</st>
            <st ob="" eb="" sr="" id="3.2">Purpose: For unit testing the equals method is needed.</st>
        </parg>
    </desc>
</bug>
