<?xml version="1.0" encoding="UTF-8" standalone="yes"?>
<bug no-bug="" comments="">
    <id>DATAMONGO-585</id>
    <title ob="x" eb="" sr="">Exception during authentication in multithreaded access</title>
    <desc>
        <parg ob="" eb="" sr="" id="1">
            <st ob="" eb="" sr="" id="1.1">Bug &amp; further details are here:</st>
            <st ob="" eb="" sr="" id="1.2">http://forum.springsource.org/showthread.php?132878-can-t-authenticate-twice-on-same-database</st>
            <st ob="" eb="" sr="x" id="1.3">Specifically what can be used for a test case is use a ThreadPoolExecutor, set a minpool and maxpool value of 5, add 25 objects to be executed.</st>
            <st ob="" eb="" sr="x" id="1.4">Those objects are a class which implements Runnable.</st>
            <st ob="" eb="" sr="x" id="1.5">Those objects each then perform a bunch of inserts into mongoDB using a DocumentDao which calls mongoOperations.insert.</st>
            <st ob="" eb="" sr="" id="1.6">thanks</st>
        </parg>
    </desc>
</bug>
