<?xml version="1.0" encoding="UTF-8" standalone="yes"?>
<bug no-bug="" comments="">
    <id>DATAMONGO-505</id>
    <title ob="" eb="" sr="">Conversion of associations doesn't work for collection values</title>
    <desc>
        <parg ob="" eb="" sr="" id="1">
            <st ob="" eb="" sr="x" id="1.1">Assume you have the following scenario:</st>
        </parg>
        <parg ob="" eb="" sr="" id="2">
            <st ob="" eb="" sr="" id="2.1">class Entity {</st>
        </parg>
        <parg ob="" eb="" sr="" id="3">
            <st ob="" eb="" sr="" id="3.1">Long id;</st>
        </parg>
        <parg ob="" eb="" sr="" id="4">
            <st ob="" eb="" sr="" id="4.1">@DBRef</st>
        </parg>
        <parg ob="" eb="" sr="" id="5">
            <st ob="" eb="" sr="" id="5.1">Property property;</st>
        </parg>
        <parg ob="" eb="" sr="" id="6">
            <st ob="" eb="" sr="" id="6.1">}</st>
        </parg>
        <parg ob="" eb="" sr="" id="7">
            <st ob="" eb="" sr="" id="7.1">class Property {</st>
        </parg>
        <parg ob="" eb="" sr="" id="8">
            <st ob="" eb="" sr="" id="8.1">Long id;</st>
        </parg>
        <parg ob="" eb="" sr="" id="9">
            <st ob="" eb="" sr="" id="9.1">}</st>
        </parg>
        <parg ob="" eb="" sr="" id="10">
            <st ob="" eb="" sr="" id="10.1">interface EntityRepository extends Repository&lt;Entity, Long&gt; {</st>
        </parg>
        <parg ob="" eb="" sr="" id="11">
            <st ob="" eb="" sr="" id="11.1">Entity findByPropertyIn(Property... property);</st>
        </parg>
        <parg ob="" eb="" sr="" id="12">
            <st ob="" eb="" sr="" id="12.1">}</st>
        </parg>
        <parg ob="" eb="" sr="" id="13">
            <st ob="x" eb="" sr="" id="13.1">The execution of findByProperty() will fail as the given array (or collection) is not correctly translated into a collection of DBRefs.</st>
            <st ob="x" eb="" sr="" id="13.2">The reason is that ConvertingIterator treats the value as is and wants to create a DBRef from it.</st>
            <st ob="" eb="x" sr="" id="13.3">We need to unwrap the elements and convert them into DBRef instances one by one.</st>
        </parg>
    </desc>
</bug>
