<?xml version="1.0" encoding="UTF-8" standalone="yes"?>
<bug no-bug="" comments="">
    <id>DATAMONGO-1126</id>
    <title ob="" eb="" sr="">Repository keyword query findByInId with pageable not returning correctly</title>
    <desc>
        <parg ob="" eb="" sr="" id="1">
            <st ob="" eb="" sr="x" id="1.1">I've been trying to use the In-keyword with identifiers and making the query pageable.</st>
            <st ob="x" eb="" sr="" id="1.2">The query returns results but getTotalElements() and getTotalPages() always returns 0.</st>
            <st ob="x" eb="" sr="x" id="1.3">Also when you try to get any other page than 0, no results return.</st>
            <st ob="" eb="" sr="" id="1.4">I've tried using In with another member other than id and it works as expected.</st>
            <st ob="" eb="" sr="x" id="1.5">Below is a strip down example I used for testing;</st>
            <st ob="" eb="" sr="x" id="1.6">I've created 3 types and 10 items per those types, results in a total of 30 items.</st>
        </parg>
        <parg ob="" eb="" sr="" id="2">
            <st ob="" eb="" sr="" id="2.1">@Document</st>
        </parg>
        <parg ob="" eb="" sr="" id="3">
            <st ob="" eb="" sr="" id="3.1">public class Item {</st>
        </parg>
        <parg ob="" eb="" sr="" id="4">
            <st ob="" eb="" sr="" id="4.1">@Id</st>
        </parg>
        <parg ob="" eb="" sr="" id="5">
            <st ob="" eb="" sr="" id="5.1">private String id;</st>
        </parg>
        <parg ob="" eb="" sr="" id="6">
            <st ob="" eb="" sr="" id="6.1">private String type;</st>
        </parg>
        <parg ob="" eb="" sr="" id="7">
            <st ob="" eb="" sr="" id="7.1">}</st>
        </parg>
        <parg ob="" eb="" sr="" id="8">
            <st ob="" eb="" sr="" id="8.1">public interface ItemRepository extends MongoRepository&lt;Item, String&gt; {</st>
        </parg>
        <parg ob="" eb="" sr="" id="9">
            <st ob="" eb="" sr="" id="9.1">Page&lt;Item&gt; findByIdIn(Collection ids, Pageable pageable);</st>
        </parg>
        <parg ob="" eb="" sr="" id="10">
            <st ob="" eb="" sr="" id="10.1">Page&lt;Item&gt; findByTypeIn(Collection types, Pageable pageable);</st>
        </parg>
        <parg ob="" eb="" sr="" id="11">
            <st ob="" eb="" sr="" id="11.1">}</st>
        </parg>
        <parg ob="" eb="" sr="" id="12">
            <st ob="" eb="" sr="" id="12.1">@RunWith(SpringJUnit4ClassRunner.class)</st>
        </parg>
        <parg ob="" eb="" sr="" id="13">
            <st ob="" eb="" sr="" id="13.1">@ContextConfiguration(classes = {MongoDbConfig.class})</st>
        </parg>
        <parg ob="" eb="" sr="" id="14">
            <st ob="" eb="" sr="" id="14.1">@TransactionConfiguration(defaultRollback = false)</st>
        </parg>
        <parg ob="" eb="" sr="" id="15">
            <st ob="" eb="" sr="" id="15.1">public class TestPageableIdIn {</st>
        </parg>
        <parg ob="" eb="" sr="" id="16">
            <st ob="" eb="" sr="" id="16.1">@Autowired</st>
        </parg>
        <parg ob="" eb="" sr="" id="17">
            <st ob="" eb="" sr="" id="17.1">private ItemRepository itemRepository;</st>
        </parg>
        <parg ob="" eb="" sr="" id="18">
            <st ob="" eb="" sr="" id="18.1">private List&lt;String&gt; allIds = new LinkedList&lt;&gt;();</st>
        </parg>
        <parg ob="" eb="" sr="" id="19">
            <st ob="" eb="" sr="" id="19.1">@Before</st>
        </parg>
        <parg ob="" eb="" sr="" id="20">
            <st ob="" eb="" sr="" id="20.1">public void setUp() {</st>
        </parg>
        <parg ob="" eb="" sr="" id="21">
            <st ob="" eb="" sr="" id="21.1">itemRepository.deleteAll();</st>
        </parg>
        <parg ob="" eb="" sr="" id="22">
            <st ob="" eb="" sr="" id="22.1">String[] types = {"SWORD", "SHIELD", "ARMOUR"};</st>
        </parg>
        <parg ob="" eb="" sr="" id="23">
            <st ob="" eb="" sr="" id="23.1">// 10 items per type</st>
        </parg>
        <parg ob="" eb="" sr="" id="24">
            <st ob="" eb="" sr="" id="24.1">for (String type : types) {</st>
        </parg>
        <parg ob="" eb="" sr="" id="25">
            <st ob="" eb="" sr="" id="25.1">for (int i = 0; i &lt; 10; i++) {</st>
        </parg>
        <parg ob="" eb="" sr="" id="26">
            <st ob="" eb="" sr="" id="26.1">String id = UUID.randomUUID().</st>
            <st ob="" eb="" sr="" id="26.2">toString();</st>
        </parg>
        <parg ob="" eb="" sr="" id="27">
            <st ob="" eb="" sr="" id="27.1">allIds.add(id);</st>
        </parg>
        <parg ob="" eb="" sr="" id="28">
            <st ob="" eb="" sr="" id="28.1">itemRepository.save(new Item(id, type));</st>
        </parg>
        <parg ob="" eb="" sr="" id="29">
            <st ob="" eb="" sr="" id="29.1">}</st>
        </parg>
        <parg ob="" eb="" sr="" id="30">
            <st ob="" eb="" sr="" id="30.1">}</st>
        </parg>
        <parg ob="" eb="" sr="" id="31">
            <st ob="" eb="" sr="" id="31.1">}</st>
        </parg>
        <parg ob="" eb="" sr="" id="32">
            <st ob="" eb="" sr="" id="32.1">@Test</st>
        </parg>
        <parg ob="" eb="" sr="" id="33">
            <st ob="" eb="" sr="" id="33.1">public void testPageableIdIn() {</st>
        </parg>
        <parg ob="" eb="" sr="" id="34">
            <st ob="" eb="" sr="" id="34.1">Pageable pageable = new PageRequest(0, 5);</st>
        </parg>
        <parg ob="" eb="" sr="" id="35">
            <st ob="" eb="x" sr="" id="35.1">// expect 5 Items returned, total of 10 Items(SWORDS) in 2 Pages</st>
        </parg>
        <parg ob="" eb="" sr="" id="36">
            <st ob="" eb="" sr="" id="36.1">Page&lt;Item&gt; results = itemRepository.findByTypeIn(Arrays.asList("SWORD"), pageable);</st>
        </parg>
        <parg ob="" eb="" sr="" id="37">
            <st ob="" eb="" sr="" id="37.1">Assert.assertEquals(5, results.getContent().</st>
            <st ob="" eb="" sr="" id="37.2">size());</st>
        </parg>
        <parg ob="" eb="" sr="" id="38">
            <st ob="" eb="" sr="" id="38.1">Assert.assertEquals(10, results.getTotalElements());</st>
        </parg>
        <parg ob="" eb="" sr="" id="39">
            <st ob="" eb="" sr="" id="39.1">Assert.assertEquals(2, results.getTotalPages());</st>
        </parg>
        <parg ob="" eb="" sr="" id="40">
            <st ob="" eb="x" sr="" id="40.1">// expect 5 Items returned, total of 30 Items in 6 Pages</st>
        </parg>
        <parg ob="" eb="" sr="" id="41">
            <st ob="" eb="" sr="" id="41.1">results = itemRepository.findByIdIn(allIds, pageable);</st>
        </parg>
        <parg ob="" eb="" sr="" id="42">
            <st ob="" eb="" sr="" id="42.1">Assert.assertEquals(5, results.getContent().</st>
            <st ob="" eb="" sr="" id="42.2">size());</st>
        </parg>
        <parg ob="" eb="" sr="" id="43">
            <st ob="x" eb="" sr="" id="43.1">Assert.assertEquals(30, results.getTotalElements()); // this is returning 0</st>
        </parg>
        <parg ob="" eb="" sr="" id="44">
            <st ob="x" eb="" sr="" id="44.1">Assert.assertEquals(6, results.getTotalPages());     // this is returning 0</st>
        </parg>
        <parg ob="" eb="" sr="" id="45">
            <st ob="" eb="" sr="" id="45.1">}</st>
        </parg>
        <parg ob="" eb="" sr="" id="46">
            <st ob="" eb="" sr="" id="46.1">}</st>
        </parg>
    </desc>
</bug>
