<?xml version="1.0" encoding="UTF-8" standalone="yes"?>
<bug no-bug="" comments="">
    <id>DATAMONGO-1288</id>
    <title ob="x" eb="" sr="">Update.inc(String, Number) method fails to work with AtomicInteger</title>
    <desc>
        <parg ob="" eb="" sr="" id="1">
            <st ob="x" eb="" sr="" id="1.1">Even though the org.springframework.data.mongodb.core.query.Update.inc(String, Number) method takes the parameter as Number, it doesn't actually work right with things that aren't simple primitive object wrappers.</st>
            <st ob="x" eb="" sr="x" id="1.2">For example, if you pass in an AtomicInteger, the update fails to execute, as the generated json isn't correct.</st>
        </parg>
    </desc>
</bug>
