<?xml version="1.0" encoding="UTF-8" standalone="yes"?>
<bug no-bug="" comments="">
    <id>DATAMONGO-892</id>
    <title ob="x" eb="" sr="">&lt;mongo:mapping-converter&gt; can't be configured as nested bean definition</title>
    <desc>
        <parg ob="" eb="" sr="" id="1">
            <st ob="" eb="" sr="x" id="1.1">The sample config which worked in the 1.1.1 version, but doesn't work now:</st>
        </parg>
        <parg ob="" eb="" sr="" id="2">
            <st ob="" eb="" sr="" id="2.1">&lt;beans:bean id="messageStore" class="org.springframework.integration.mongodb.store.ConfigurableMongoDbMessageStore"&gt;</st>
        </parg>
        <parg ob="" eb="" sr="" id="3">
            <st ob="" eb="" sr="" id="3.1">&lt;beans:constructor-arg ref="mongoDbFactory"/&gt;</st>
        </parg>
        <parg ob="" eb="" sr="" id="4">
            <st ob="" eb="" sr="" id="4.1">&lt;beans:constructor-arg&gt;</st>
        </parg>
        <parg ob="" eb="" sr="" id="5">
            <st ob="" eb="" sr="" id="5.1">&lt;mongo:mapping-converter&gt;</st>
        </parg>
        <parg ob="" eb="" sr="" id="6">
            <st ob="" eb="" sr="" id="6.1">&lt;mongo:custom-converters&gt;</st>
        </parg>
        <parg ob="" eb="" sr="" id="7">
            <st ob="" eb="" sr="" id="7.1">&lt;mongo:converter&gt;</st>
        </parg>
        <parg ob="" eb="" sr="" id="8">
            <st ob="" eb="" sr="" id="8.1">&lt;beans:bean class="org.springframework.integration.mongodb.store.ConfigurableMongoDbMessageGroupStoreTests$MessageReadConverter"/&gt;</st>
        </parg>
        <parg ob="" eb="" sr="" id="9">
            <st ob="" eb="" sr="" id="9.1">&lt;/mongo:converter&gt;</st>
        </parg>
        <parg ob="" eb="" sr="" id="10">
            <st ob="" eb="" sr="" id="10.1">&lt;/mongo:custom-converters&gt;</st>
        </parg>
        <parg ob="" eb="" sr="" id="11">
            <st ob="" eb="" sr="" id="11.1">&lt;/mongo:mapping-converter&gt;</st>
        </parg>
        <parg ob="" eb="" sr="" id="12">
            <st ob="" eb="" sr="" id="12.1">&lt;/beans:constructor-arg&gt;</st>
        </parg>
        <parg ob="" eb="" sr="" id="13">
            <st ob="" eb="" sr="" id="13.1">&lt;beans:constructor-arg value="testConfigurableMongoDbMessageStore"/&gt;</st>
        </parg>
        <parg ob="" eb="" sr="" id="14">
            <st ob="" eb="" sr="" id="14.1">&lt;/beans:bean&gt;</st>
        </parg>
        <parg ob="" eb="" sr="" id="15">
            <st ob="x" eb="" sr="" id="15.1">That's because MappingMongoConverterParser doesn't check if the parserContext.isNested(), registers BeanDefinition and returns null</st>
        </parg>
    </desc>
</bug>
