<?xml version="1.0" encoding="UTF-8" standalone="yes"?>
<bug no-bug="" comments="">
    <id>DATAMONGO-315</id>
    <title ob="x" eb="" sr="">MongoTemplate.findOne(query) methods ignore SortOrder on query</title>
    <desc>
        <parg ob="" eb="" sr="" id="1">
            <st ob="" eb="" sr="" id="1.1">Query query = query(where("type").</st>
            <st ob="" eb="" sr="" id="1.2">is("ad"));</st>
            <st ob="" eb="" sr="" id="1.3">query.sort().</st>
            <st ob="" eb="" sr="" id="1.4">on("rawBidPrice", Order.DESCENDING);</st>
            <st ob="" eb="" sr="" id="1.5">Ad ad = mongoTemplate.findOne(query, Ad.class);</st>
            <st ob="x" eb="" sr="" id="1.6">This does not sort the results before returning the first item.</st>
            <st ob="x" eb="" sr="" id="1.7">Looking at the code, it doesn't even call query.getSortOrder().</st>
            <st ob="" eb="" sr="" id="1.8">--------------</st>
            <st ob="" eb="" sr="" id="1.9">Workaround</st>
            <st ob="" eb="" sr="" id="1.10">Query query = query(where("type").</st>
            <st ob="" eb="" sr="" id="1.11">is("ad"));</st>
            <st ob="" eb="" sr="" id="1.12">query.sort().</st>
            <st ob="" eb="" sr="" id="1.13">on("rawBidPrice", Order.DESCENDING);</st>
            <st ob="" eb="" sr="" id="1.14">query.limit(1);</st>
            <st ob="" eb="" sr="" id="1.15">List&lt;Ad&gt; ads = mongoTemplate.find(query, Ad.class);</st>
            <st ob="" eb="" sr="" id="1.16">Ad ad = ads.isEmpty() ? null : ads.get(0);</st>
        </parg>
    </desc>
</bug>
