<?xml version="1.0" encoding="UTF-8" standalone="yes"?>
<bug no-bug="" comments="">
    <id>DATAMONGO-887</id>
    <title ob="x" eb="" sr="">Repository not instantiated when entity contains field of type TreeMap</title>
    <desc>
        <parg ob="" eb="" sr="" id="1">
            <st ob="x" eb="" sr="" id="1.1">Repository fails to instantiate when the entity contains a TreeMap with value class that does not have a convertor.</st>
            <st ob="" eb="" sr="" id="1.2">I've tested with HashMap, HashSet, TreeSet but this only seems to affect TreeMap.</st>
        </parg>
        <parg ob="" eb="" sr="" id="2">
            <st ob="" eb="" sr="" id="2.1">// Repository</st>
        </parg>
        <parg ob="" eb="" sr="" id="3">
            <st ob="" eb="" sr="" id="3.1">public interface SourceRepository extends PagingAndSortingRepository&lt;MyEntity, ObjectId&gt; {</st>
        </parg>
        <parg ob="" eb="" sr="" id="4">
            <st ob="" eb="" sr="" id="4.1">}</st>
        </parg>
        <parg ob="" eb="" sr="" id="5">
            <st ob="" eb="" sr="" id="5.1">// Entity</st>
        </parg>
        <parg ob="" eb="" sr="" id="6">
            <st ob="" eb="" sr="" id="6.1">@Document("test_collection")</st>
        </parg>
        <parg ob="" eb="" sr="" id="7">
            <st ob="" eb="" sr="" id="7.1">public class MyEntity {</st>
        </parg>
        <parg ob="" eb="" sr="" id="8">
            <st ob="" eb="" sr="" id="8.1">private TreeMap&lt;String,MyClass&gt; treeMap;</st>
        </parg>
        <parg ob="" eb="" sr="" id="9">
            <st ob="" eb="" sr="" id="9.1">}</st>
        </parg>
        <parg ob="" eb="" sr="" id="10">
            <st ob="" eb="" sr="" id="10.1">// TreeMap value class</st>
        </parg>
        <parg ob="" eb="" sr="" id="11">
            <st ob="" eb="" sr="" id="11.1">public class MyClass {</st>
        </parg>
        <parg ob="" eb="" sr="" id="12">
            <st ob="" eb="" sr="" id="12.1">private String foo = "bar";</st>
        </parg>
        <parg ob="" eb="" sr="" id="13">
            <st ob="" eb="" sr="" id="13.1">}</st>
        </parg>
        <parg ob="" eb="" sr="" id="14">
            <st ob="" eb="" sr="" id="14.1">This succeeds if i build a convertor for MyClass but it really shouldn't need one.</st>
            <st ob="" eb="" sr="" id="14.2">This is working in 1.4.0.</st>
            <st ob="" eb="" sr="" id="14.3">RELEASE but fails in version 1.4.1.</st>
            <st ob="" eb="" sr="" id="14.4">RELEASE and beyond.</st>
        </parg>
        <parg ob="" eb="" sr="" id="15">
            <st ob="x" eb="" sr="" id="15.1">Throws: java.lang.ArrayIndexOutOfBoundsException: 0</st>
        </parg>
        <parg ob="" eb="" sr="" id="16">
            <st ob="x" eb="" sr="" id="16.1">In: org.springframework.data.util.ParameterizedTypeInformation.getComponentType(ParameterizedTypeInformation.java:148)</st>
        </parg>
    </desc>
</bug>
