<?xml version="1.0" encoding="UTF-8" standalone="yes"?>
<bug no-bug="" comments="">
    <id>DATAMONGO-805</id>
    <title ob="x" eb="" sr="x">Excluding DBRef field in a query causes a MappingException</title>
    <desc>
        <parg ob="" eb="" sr="" id="1">
            <st ob="x" eb="" sr="x" id="1.1">Excluding a field in a query where the field is a DBRef as below throws a MappingException.</st>
            <st ob="" eb="" sr="" id="1.2">Query query = new Query(Criteria.where("parentField").</st>
            <st ob="" eb="" sr="" id="1.3">is("test"));</st>
            <st ob="" eb="" sr="" id="1.4">query.fields().</st>
            <st ob="" eb="" sr="" id="1.5">exclude("children");</st>
            <st ob="" eb="" sr="" id="1.6">ParentClass parentClass = mongoOperations.findOne(query, ParentClass.class);</st>
            <st ob="x" eb="" sr="" id="1.7">Exception trace:</st>
            <st ob="" eb="" sr="" id="1.8">org.springframework.data.mapping.model.MappingException: No mapping metadata found for class java.lang.Integer</st>
            <st ob="" eb="" sr="" id="1.9">	at org.springframework.data.mongodb.core.convert.MappingMongoConverter.createDBRef(MappingMongoConverter.java:729)</st>
            <st ob="" eb="" sr="" id="1.10">	at com.digitalshadows.collation.persistence.impl.CollectionNameProvidedMongoConverter.createDBRef(CollectionNameProvidedMongoConverter.java:28)</st>
            <st ob="" eb="" sr="" id="1.11">	at org.springframework.data.mongodb.core.convert.MappingMongoConverter.toDBRef(MappingMongoConverter.java:288)</st>
            <st ob="" eb="" sr="" id="1.12">	at org.springframework.data.mongodb.core.convert.QueryMapper.convertAssociation(QueryMapper.java:273)</st>
            <st ob="" eb="" sr="" id="1.13">	at org.springframework.data.mongodb.core.convert.QueryMapper.getMappedValue(QueryMapper.java:204)</st>
            <st ob="" eb="" sr="" id="1.14">	at org.springframework.data.mongodb.core.convert.QueryMapper.getMappedObject(QueryMapper.java:113)</st>
            <st ob="" eb="" sr="" id="1.15">	at org.springframework.data.mongodb.core.MongoTemplate.doFindOne(MongoTemplate.java:1439)</st>
            <st ob="" eb="" sr="" id="1.16">	at org.springframework.data.mongodb.core.MongoTemplate.findOne(MongoTemplate.java:489)</st>
            <st ob="" eb="" sr="" id="1.17">	at org.springframework.data.mongodb.core.MongoTemplate.findOne(MongoTemplate.java:484)</st>
            <st ob="" eb="" sr="" id="1.18">	at ExcludeDBRefFieldTest.testExcludeChildren(ExcludeDBRefFieldTest.java:28)</st>
            <st ob="" eb="" sr="" id="1.19">	at sun.reflect.NativeMethodAccessorImpl.invoke0(Native Method)</st>
            <st ob="" eb="" sr="" id="1.20">	at sun.reflect.NativeMethodAccessorImpl.invoke(Unknown Source)</st>
            <st ob="" eb="" sr="" id="1.21">	at sun.reflect.DelegatingMethodAccessorImpl.invoke(Unknown Source)</st>
            <st ob="" eb="" sr="" id="1.22">	at java.lang.reflect.Method.invoke(Unknown Source)</st>
            <st ob="" eb="" sr="" id="1.23">	at org.junit.runners.model.FrameworkMethod$1.runReflectiveCall(FrameworkMethod.java:45)</st>
            <st ob="" eb="" sr="" id="1.24">	at org.junit.internal.runners.model.ReflectiveCallable.run(ReflectiveCallable.java:15)</st>
            <st ob="" eb="" sr="" id="1.25">	at org.junit.runners.model.FrameworkMethod.invokeExplosively(FrameworkMethod.java:42)</st>
            <st ob="" eb="" sr="" id="1.26">	at org.junit.internal.runners.statements.InvokeMethod.evaluate(InvokeMethod.java:20)</st>
            <st ob="" eb="" sr="" id="1.27">	at org.springframework.test.context.junit4.statements.RunBeforeTestMethodCallbacks.evaluate(RunBeforeTestMethodCallbacks.java:74)</st>
            <st ob="" eb="" sr="" id="1.28">	at org.springframework.test.context.junit4.statements.RunAfterTestMethodCallbacks.evaluate(RunAfterTestMethodCallbacks.java:83)</st>
            <st ob="" eb="" sr="" id="1.29">	at org.springframework.test.context.junit4.statements.SpringRepeat.evaluate(SpringRepeat.java:72)</st>
            <st ob="" eb="" sr="" id="1.30">	at org.springframework.test.context.junit4.SpringJUnit4ClassRunner.runChild(SpringJUnit4ClassRunner.java:231)</st>
            <st ob="" eb="" sr="" id="1.31">	at org.springframework.test.context.junit4.SpringJUnit4ClassRunner.runChild(SpringJUnit4ClassRunner.java:88)</st>
            <st ob="" eb="" sr="" id="1.32">	at org.junit.runners.ParentRunner$3.run(ParentRunner.java:231)</st>
            <st ob="" eb="" sr="" id="1.33">	at org.junit.runners.ParentRunner$1.schedule(ParentRunner.java:60)</st>
            <st ob="" eb="" sr="" id="1.34">	at org.junit.runners.ParentRunner.runChildren(ParentRunner.java:229)</st>
            <st ob="" eb="" sr="" id="1.35">	at org.junit.runners.ParentRunner.access$000(ParentRunner.java:50)</st>
            <st ob="" eb="" sr="" id="1.36">	at org.junit.runners.ParentRunner$2.evaluate(ParentRunner.java:222)</st>
            <st ob="" eb="" sr="" id="1.37">	at org.springframework.test.context.junit4.statements.RunBeforeTestClassCallbacks.evaluate(RunBeforeTestClassCallbacks.java:61)</st>
            <st ob="" eb="" sr="" id="1.38">	at org.springframework.test.context.junit4.statements.RunAfterTestClassCallbacks.evaluate(RunAfterTestClassCallbacks.java:71)</st>
            <st ob="" eb="" sr="" id="1.39">	at org.junit.runners.ParentRunner.run(ParentRunner.java:300)</st>
            <st ob="" eb="" sr="" id="1.40">	at org.springframework.test.context.junit4.SpringJUnit4ClassRunner.run(SpringJUnit4ClassRunner.java:174)</st>
            <st ob="" eb="" sr="" id="1.41">	at org.eclipse.jdt.internal.junit4.runner.JUnit4TestReference.run(JUnit4TestReference.java:50)</st>
            <st ob="" eb="" sr="" id="1.42">	at org.eclipse.jdt.internal.junit.runner.TestExecution.run(TestExecution.java:38)</st>
            <st ob="" eb="" sr="" id="1.43">	at org.eclipse.jdt.internal.junit.runner.RemoteTestRunner.runTests(RemoteTestRunner.java:467)</st>
            <st ob="" eb="" sr="" id="1.44">	at org.eclipse.jdt.internal.junit.runner.RemoteTestRunner.runTests(RemoteTestRunner.java:683)</st>
            <st ob="" eb="" sr="" id="1.45">	at org.eclipse.jdt.internal.junit.runner.RemoteTestRunner.run(RemoteTestRunner.java:390)</st>
            <st ob="" eb="" sr="" id="1.46">	at org.eclipse.jdt.internal.junit.runner.RemoteTestRunner.main(RemoteTestRunner.java:197)</st>
            <st ob="" eb="" sr="x" id="1.47">I've attached a simple test case that throws the MappingException.</st>
            <st ob="" eb="" sr="" id="1.48">The workaround for this I can currently see is to use include for all the other fields instead.</st>
        </parg>
    </desc>
</bug>
