<?xml version="1.0" encoding="UTF-8" standalone="yes"?>
<bug no-bug="" comments="">
    <id>DATAMONGO-398</id>
    <title ob="" eb="" sr="">Fails to store org.osgi.service.event.Event</title>
    <desc>
        <parg ob="" eb="" sr="" id="1">
            <st ob="x" eb="" sr="x" id="1.1">When I attempt to save an object from org.apache.felix's versions of org.osgi.service.event.Event, the stack trace below occurs.</st>
            <st ob="x" eb="" sr="" id="1.2">This appears to be due to the system attempting to save the topic field in Event as event.topics.</st>
            <st ob="" eb="" sr="" id="1.3">If anyone could confirm this as a bug, or tell me what I am doing wrong that would be great.</st>
            <st ob="" eb="" sr="x" id="1.4">I am using the following dependency versions</st>
        </parg>
        <parg ob="" eb="" sr="" id="2">
            <st ob="" eb="" sr="" id="2.1">&lt;dependency&gt;</st>
        </parg>
        <parg ob="" eb="" sr="" id="3">
            <st ob="" eb="" sr="" id="3.1">&lt;groupId&gt;org.apache.felix&lt;/groupId&gt;</st>
        </parg>
        <parg ob="" eb="" sr="" id="4">
            <st ob="" eb="" sr="" id="4.1">&lt;artifactId&gt;org.osgi.core&lt;/artifactId&gt;</st>
        </parg>
        <parg ob="" eb="" sr="" id="5">
            <st ob="" eb="" sr="" id="5.1">&lt;version&gt;1.4.0&lt;/version&gt;</st>
        </parg>
        <parg ob="" eb="" sr="" id="6">
            <st ob="" eb="" sr="" id="6.1">&lt;/dependency&gt;</st>
        </parg>
        <parg ob="" eb="" sr="" id="7">
            <st ob="" eb="" sr="" id="7.1">&lt;dependency&gt;</st>
        </parg>
        <parg ob="" eb="" sr="" id="8">
            <st ob="" eb="" sr="" id="8.1">&lt;groupId&gt;org.springframework.data&lt;/groupId&gt;</st>
        </parg>
        <parg ob="" eb="" sr="" id="9">
            <st ob="" eb="" sr="" id="9.1">&lt;artifactId&gt;spring-data-mongodb&lt;/artifactId&gt;</st>
        </parg>
        <parg ob="" eb="" sr="" id="10">
            <st ob="" eb="" sr="" id="10.1">&lt;version&gt;1.0.0.</st>
            <st ob="" eb="" sr="" id="10.2">RELEASE&lt;/version&gt;</st>
        </parg>
        <parg ob="" eb="" sr="" id="11">
            <st ob="" eb="" sr="" id="11.1">&lt;/dependency&gt;</st>
        </parg>
        <parg ob="" eb="" sr="" id="12">
            <st ob="" eb="" sr="" id="12.1">&lt;dependency&gt;</st>
        </parg>
        <parg ob="" eb="" sr="" id="13">
            <st ob="" eb="" sr="" id="13.1">&lt;groupId&gt;org.apache.felix&lt;/groupId&gt;</st>
        </parg>
        <parg ob="" eb="" sr="" id="14">
            <st ob="" eb="" sr="" id="14.1">&lt;artifactId&gt;org.osgi.compendium&lt;/artifactId&gt;</st>
        </parg>
        <parg ob="" eb="" sr="" id="15">
            <st ob="" eb="" sr="" id="15.1">&lt;version&gt;1.4.0&lt;/version&gt;</st>
        </parg>
        <parg ob="" eb="" sr="" id="16">
            <st ob="" eb="" sr="" id="16.1">&lt;/dependency&gt;</st>
        </parg>
        <parg ob="" eb="" sr="" id="17">
            <st ob="" eb="" sr="" id="17.1">org.osgi.framework.BundleException: Exception in myproject.bundle.dbtest.Activator.start() of bundle myproject.bundle.dbtest.policy-db-test.</st>
        </parg>
        <parg ob="" eb="" sr="" id="18">
            <st ob="" eb="" sr="" id="18.1">	at org.eclipse.osgi.framework.internal.core.BundleContextImpl.startActivator(BundleContextImpl.java:806)</st>
        </parg>
        <parg ob="" eb="" sr="" id="19">
            <st ob="" eb="" sr="" id="19.1">	at org.eclipse.osgi.framework.internal.core.BundleContextImpl.start(BundleContextImpl.java:755)</st>
        </parg>
        <parg ob="" eb="" sr="" id="20">
            <st ob="" eb="" sr="" id="20.1">	at org.eclipse.osgi.framework.internal.core.BundleHost.startWorker(BundleHost.java:370)</st>
        </parg>
        <parg ob="" eb="" sr="" id="21">
            <st ob="" eb="" sr="" id="21.1">	at org.eclipse.osgi.framework.internal.core.AbstractBundle.start(AbstractBundle.java:284)</st>
        </parg>
        <parg ob="" eb="" sr="" id="22">
            <st ob="" eb="" sr="" id="22.1">	at org.eclipse.osgi.framework.internal.core.AbstractBundle.start(AbstractBundle.java:276)</st>
        </parg>
        <parg ob="" eb="" sr="" id="23">
            <st ob="" eb="" sr="" id="23.1">at org.eclipse.osgi.framework.internal.core.FrameworkCommandProvider.</st>
            <st ob="" eb="" sr="" id="23.2">_start(FrameworkCommandProvider.java:252)</st>
        </parg>
        <parg ob="" eb="" sr="" id="24">
            <st ob="" eb="" sr="" id="24.1">	at sun.reflect.NativeMethodAccessorImpl.invoke0(Native Method)</st>
        </parg>
        <parg ob="" eb="" sr="" id="25">
            <st ob="" eb="" sr="" id="25.1">	at sun.reflect.NativeMethodAccessorImpl.invoke(NativeMethodAccessorImpl.java:57)</st>
        </parg>
        <parg ob="" eb="" sr="" id="26">
            <st ob="" eb="" sr="" id="26.1">	at sun.reflect.DelegatingMethodAccessorImpl.invoke(DelegatingMethodAccessorImpl.java:43)</st>
        </parg>
        <parg ob="" eb="" sr="" id="27">
            <st ob="" eb="" sr="" id="27.1">	at java.lang.reflect.Method.invoke(Method.java:616)</st>
        </parg>
        <parg ob="" eb="" sr="" id="28">
            <st ob="" eb="" sr="" id="28.1">	at org.eclipse.osgi.framework.internal.core.FrameworkCommandInterpreter.execute(FrameworkCommandInterpreter.java:155)</st>
        </parg>
        <parg ob="" eb="" sr="" id="29">
            <st ob="" eb="" sr="" id="29.1">	at org.eclipse.osgi.framework.internal.core.FrameworkConsole.docommand(FrameworkConsole.java:156)</st>
        </parg>
        <parg ob="" eb="" sr="" id="30">
            <st ob="" eb="" sr="" id="30.1">	at org.eclipse.osgi.framework.internal.core.FrameworkConsole.runConsole(FrameworkConsole.java:141)</st>
        </parg>
        <parg ob="" eb="" sr="" id="31">
            <st ob="" eb="" sr="" id="31.1">	at org.eclipse.osgi.framework.internal.core.FrameworkConsole.run(FrameworkConsole.java:105)</st>
        </parg>
        <parg ob="" eb="" sr="" id="32">
            <st ob="" eb="" sr="" id="32.1">	at java.lang.Thread.run(Thread.java:679)</st>
        </parg>
        <parg ob="" eb="" sr="" id="33">
            <st ob="" eb="" sr="" id="33.1">Caused by: java.lang.IllegalArgumentException: fields stored in the db can't have . in them. (Bad Key: 'event.topics')</st>
        </parg>
        <parg ob="" eb="" sr="" id="34">
            <st ob="" eb="" sr="" id="34.1">	at com.mongodb.DBCollection.validateKey(DBCollection.java:1213)</st>
        </parg>
        <parg ob="" eb="" sr="" id="35">
            <st ob="" eb="" sr="" id="35.1">at com.mongodb.DBCollection.</st>
            <st ob="" eb="" sr="" id="35.2">_checkKeys(DBCollection.java:1181)</st>
        </parg>
        <parg ob="" eb="" sr="" id="36">
            <st ob="" eb="" sr="" id="36.1">at com.mongodb.DBCollection.</st>
            <st ob="" eb="" sr="" id="36.2">_checkKeys(DBCollection.java:1184)</st>
        </parg>
        <parg ob="" eb="" sr="" id="37">
            <st ob="" eb="" sr="" id="37.1">at com.mongodb.DBCollection.</st>
            <st ob="" eb="" sr="" id="37.2">_checkObject(DBCollection.java:1171)</st>
        </parg>
        <parg ob="" eb="" sr="" id="38">
            <st ob="" eb="" sr="" id="38.1">	at com.mongodb.DBCollection.save(DBCollection.java:718)</st>
        </parg>
        <parg ob="" eb="" sr="" id="39">
            <st ob="" eb="" sr="" id="39.1">	at com.mongodb.DBCollection.save(DBCollection.java:703)</st>
        </parg>
        <parg ob="" eb="" sr="" id="40">
            <st ob="" eb="" sr="" id="40.1">	at org.springframework.data.mongodb.core.MongoTemplate$11.doInCollection(MongoTemplate.java:790)</st>
        </parg>
        <parg ob="" eb="" sr="" id="41">
            <st ob="" eb="" sr="" id="41.1">	at org.springframework.data.mongodb.core.MongoTemplate.execute(MongoTemplate.java:368)</st>
        </parg>
        <parg ob="" eb="" sr="" id="42">
            <st ob="" eb="" sr="" id="42.1">	at org.springframework.data.mongodb.core.MongoTemplate.saveDBObject(MongoTemplate.java:784)</st>
        </parg>
        <parg ob="" eb="" sr="" id="43">
            <st ob="" eb="" sr="" id="43.1">	at org.springframework.data.mongodb.core.MongoTemplate.doSave(MongoTemplate.java:720)</st>
        </parg>
        <parg ob="" eb="" sr="" id="44">
            <st ob="" eb="" sr="" id="44.1">	at org.springframework.data.mongodb.core.MongoTemplate.save(MongoTemplate.java:707)</st>
        </parg>
        <parg ob="" eb="" sr="" id="45">
            <st ob="" eb="" sr="" id="45.1">	at org.springframework.data.mongodb.core.MongoTemplate.save(MongoTemplate.java:703)</st>
        </parg>
        <parg ob="" eb="" sr="" id="46">
            <st ob="" eb="" sr="" id="46.1">	at myproject.bundle.db.PolicyDb.updatePolicy(PolicyDb.java:32)</st>
        </parg>
        <parg ob="" eb="" sr="" id="47">
            <st ob="" eb="" sr="" id="47.1">	at myproject.bundle.dbtest.Activator.start(Activator.java:21)</st>
        </parg>
        <parg ob="" eb="" sr="" id="48">
            <st ob="" eb="" sr="" id="48.1">	at org.eclipse.osgi.framework.internal.core.BundleContextImpl$1.run(BundleContextImpl.java:783)</st>
        </parg>
        <parg ob="" eb="" sr="" id="49">
            <st ob="" eb="" sr="" id="49.1">	at java.security.AccessController.doPrivileged(Native Method)</st>
        </parg>
        <parg ob="" eb="" sr="" id="50">
            <st ob="" eb="" sr="" id="50.1">	at org.eclipse.osgi.framework.internal.core.BundleContextImpl.startActivator(BundleContextImpl.java:774)</st>
        </parg>
        <parg ob="" eb="" sr="" id="51">
            <st ob="" eb="" sr="" id="51.1">	... 14 more</st>
        </parg>
        <parg ob="" eb="" sr="" id="52">
            <st ob="" eb="" sr="" id="52.1">Nested Exception:</st>
        </parg>
        <parg ob="" eb="" sr="" id="53">
            <st ob="" eb="" sr="" id="53.1">java.lang.IllegalArgumentException: fields stored in the db can't have .</st>
            <st ob="" eb="" sr="" id="53.2">in them.</st>
            <st ob="" eb="" sr="" id="53.3">(Bad Key: 'event.topics')</st>
        </parg>
        <parg ob="" eb="" sr="" id="54">
            <st ob="" eb="" sr="" id="54.1">	at com.mongodb.DBCollection.validateKey(DBCollection.java:1213)</st>
        </parg>
        <parg ob="" eb="" sr="" id="55">
            <st ob="" eb="" sr="" id="55.1">at com.mongodb.DBCollection.</st>
            <st ob="" eb="" sr="" id="55.2">_checkKeys(DBCollection.java:1181)</st>
        </parg>
        <parg ob="" eb="" sr="" id="56">
            <st ob="" eb="" sr="" id="56.1">at com.mongodb.DBCollection.</st>
            <st ob="" eb="" sr="" id="56.2">_checkKeys(DBCollection.java:1184)</st>
        </parg>
        <parg ob="" eb="" sr="" id="57">
            <st ob="" eb="" sr="" id="57.1">at com.mongodb.DBCollection.</st>
            <st ob="" eb="" sr="" id="57.2">_checkObject(DBCollection.java:1171)</st>
        </parg>
        <parg ob="" eb="" sr="" id="58">
            <st ob="" eb="" sr="" id="58.1">	at com.mongodb.DBCollection.save(DBCollection.java:718)</st>
        </parg>
        <parg ob="" eb="" sr="" id="59">
            <st ob="" eb="" sr="" id="59.1">	at com.mongodb.DBCollection.save(DBCollection.java:703)</st>
        </parg>
        <parg ob="" eb="" sr="" id="60">
            <st ob="" eb="" sr="" id="60.1">	at org.springframework.data.mongodb.core.MongoTemplate$11.doInCollection(MongoTemplate.java:790)</st>
        </parg>
        <parg ob="" eb="" sr="" id="61">
            <st ob="" eb="" sr="" id="61.1">	at org.springframework.data.mongodb.core.MongoTemplate.execute(MongoTemplate.java:368)</st>
        </parg>
        <parg ob="" eb="" sr="" id="62">
            <st ob="" eb="" sr="" id="62.1">	at org.springframework.data.mongodb.core.MongoTemplate.saveDBObject(MongoTemplate.java:784)</st>
        </parg>
        <parg ob="" eb="" sr="" id="63">
            <st ob="" eb="" sr="" id="63.1">	at org.springframework.data.mongodb.core.MongoTemplate.doSave(MongoTemplate.java:720)</st>
        </parg>
        <parg ob="" eb="" sr="" id="64">
            <st ob="" eb="" sr="" id="64.1">	at org.springframework.data.mongodb.core.MongoTemplate.save(MongoTemplate.java:707)</st>
        </parg>
        <parg ob="" eb="" sr="" id="65">
            <st ob="" eb="" sr="" id="65.1">	at org.springframework.data.mongodb.core.MongoTemplate.save(MongoTemplate.java:703)</st>
        </parg>
        <parg ob="" eb="" sr="" id="66">
            <st ob="" eb="" sr="" id="66.1">	at myproject.bundle.db.PolicyDb.updatePolicy(PolicyDb.java:32)</st>
        </parg>
        <parg ob="" eb="" sr="" id="67">
            <st ob="" eb="" sr="" id="67.1">	at myproject.bundle.dbtest.Activator.start(Activator.java:21)</st>
        </parg>
        <parg ob="" eb="" sr="" id="68">
            <st ob="" eb="" sr="" id="68.1">	at org.eclipse.osgi.framework.internal.core.BundleContextImpl$1.run(BundleContextImpl.java:783)</st>
        </parg>
        <parg ob="" eb="" sr="" id="69">
            <st ob="" eb="" sr="" id="69.1">	at java.security.AccessController.doPrivileged(Native Method)</st>
        </parg>
        <parg ob="" eb="" sr="" id="70">
            <st ob="" eb="" sr="" id="70.1">	at org.eclipse.osgi.framework.internal.core.BundleContextImpl.startActivator(BundleContextImpl.java:774)</st>
        </parg>
        <parg ob="" eb="" sr="" id="71">
            <st ob="" eb="" sr="" id="71.1">	at org.eclipse.osgi.framework.internal.core.BundleContextImpl.start(BundleContextImpl.java:755)</st>
        </parg>
        <parg ob="" eb="" sr="" id="72">
            <st ob="" eb="" sr="" id="72.1">	at org.eclipse.osgi.framework.internal.core.BundleHost.startWorker(BundleHost.java:370)</st>
        </parg>
        <parg ob="" eb="" sr="" id="73">
            <st ob="" eb="" sr="" id="73.1">	at org.eclipse.osgi.framework.internal.core.AbstractBundle.start(AbstractBundle.java:284)</st>
        </parg>
        <parg ob="" eb="" sr="" id="74">
            <st ob="" eb="" sr="" id="74.1">	at org.eclipse.osgi.framework.internal.core.AbstractBundle.start(AbstractBundle.java:276)</st>
        </parg>
        <parg ob="" eb="" sr="" id="75">
            <st ob="" eb="" sr="" id="75.1">at org.eclipse.osgi.framework.internal.core.FrameworkCommandProvider.</st>
            <st ob="" eb="" sr="" id="75.2">_start(FrameworkCommandProvider.java:252)</st>
        </parg>
        <parg ob="" eb="" sr="" id="76">
            <st ob="" eb="" sr="" id="76.1">	at sun.reflect.NativeMethodAccessorImpl.invoke0(Native Method)</st>
        </parg>
        <parg ob="" eb="" sr="" id="77">
            <st ob="" eb="" sr="" id="77.1">	at sun.reflect.NativeMethodAccessorImpl.invoke(NativeMethodAccessorImpl.java:57)</st>
        </parg>
        <parg ob="" eb="" sr="" id="78">
            <st ob="" eb="" sr="" id="78.1">	at sun.reflect.DelegatingMethodAccessorImpl.invoke(DelegatingMethodAccessorImpl.java:43)</st>
        </parg>
        <parg ob="" eb="" sr="" id="79">
            <st ob="" eb="" sr="" id="79.1">	at java.lang.reflect.Method.invoke(Method.java:616)</st>
        </parg>
        <parg ob="" eb="" sr="" id="80">
            <st ob="" eb="" sr="" id="80.1">	at org.eclipse.osgi.framework.internal.core.FrameworkCommandInterpreter.execute(FrameworkCommandInterpreter.java:155)</st>
        </parg>
        <parg ob="" eb="" sr="" id="81">
            <st ob="" eb="" sr="" id="81.1">	at org.eclipse.osgi.framework.internal.core.FrameworkConsole.docommand(FrameworkConsole.java:156)</st>
        </parg>
        <parg ob="" eb="" sr="" id="82">
            <st ob="" eb="" sr="" id="82.1">	at org.eclipse.osgi.framework.internal.core.FrameworkConsole.runConsole(FrameworkConsole.java:141)</st>
        </parg>
        <parg ob="" eb="" sr="" id="83">
            <st ob="" eb="" sr="" id="83.1">	at org.eclipse.osgi.framework.internal.core.FrameworkConsole.run(FrameworkConsole.java:105)</st>
        </parg>
        <parg ob="" eb="" sr="" id="84">
            <st ob="" eb="" sr="" id="84.1">	at java.lang.Thread.run(Thread.java:679)</st>
        </parg>
        <parg ob="" eb="" sr="" id="85">
            <st ob="" eb="" sr="" id="85.1">Nested Exception:</st>
        </parg>
        <parg ob="" eb="" sr="" id="86">
            <st ob="" eb="" sr="" id="86.1">java.lang.IllegalArgumentException: fields stored in the db can't have .</st>
            <st ob="" eb="" sr="" id="86.2">in them.</st>
            <st ob="" eb="" sr="" id="86.3">(Bad Key: 'event.topics')</st>
        </parg>
        <parg ob="" eb="" sr="" id="87">
            <st ob="" eb="" sr="" id="87.1">	at com.mongodb.DBCollection.validateKey(DBCollection.java:1213)</st>
        </parg>
        <parg ob="" eb="" sr="" id="88">
            <st ob="" eb="" sr="" id="88.1">at com.mongodb.DBCollection.</st>
            <st ob="" eb="" sr="" id="88.2">_checkKeys(DBCollection.java:1181)</st>
        </parg>
        <parg ob="" eb="" sr="" id="89">
            <st ob="" eb="" sr="" id="89.1">at com.mongodb.DBCollection.</st>
            <st ob="" eb="" sr="" id="89.2">_checkKeys(DBCollection.java:1184)</st>
        </parg>
        <parg ob="" eb="" sr="" id="90">
            <st ob="" eb="" sr="" id="90.1">at com.mongodb.DBCollection.</st>
            <st ob="" eb="" sr="" id="90.2">_checkObject(DBCollection.java:1171)</st>
        </parg>
        <parg ob="" eb="" sr="" id="91">
            <st ob="" eb="" sr="" id="91.1">	at com.mongodb.DBCollection.save(DBCollection.java:718)</st>
        </parg>
        <parg ob="" eb="" sr="" id="92">
            <st ob="" eb="" sr="" id="92.1">	at com.mongodb.DBCollection.save(DBCollection.java:703)</st>
        </parg>
        <parg ob="" eb="" sr="" id="93">
            <st ob="" eb="" sr="" id="93.1">	at org.springframework.data.mongodb.core.MongoTemplate$11.doInCollection(MongoTemplate.java:790)</st>
        </parg>
        <parg ob="" eb="" sr="" id="94">
            <st ob="" eb="" sr="" id="94.1">	at org.springframework.data.mongodb.core.MongoTemplate.execute(MongoTemplate.java:368)</st>
        </parg>
        <parg ob="" eb="" sr="" id="95">
            <st ob="" eb="" sr="" id="95.1">	at org.springframework.data.mongodb.core.MongoTemplate.saveDBObject(MongoTemplate.java:784)</st>
        </parg>
        <parg ob="" eb="" sr="" id="96">
            <st ob="" eb="" sr="" id="96.1">	at org.springframework.data.mongodb.core.MongoTemplate.doSave(MongoTemplate.java:720)</st>
        </parg>
        <parg ob="" eb="" sr="" id="97">
            <st ob="" eb="" sr="" id="97.1">	at org.springframework.data.mongodb.core.MongoTemplate.save(MongoTemplate.java:707)</st>
        </parg>
        <parg ob="" eb="" sr="" id="98">
            <st ob="" eb="" sr="" id="98.1">	at org.springframework.data.mongodb.core.MongoTemplate.save(MongoTemplate.java:703)</st>
        </parg>
        <parg ob="" eb="" sr="" id="99">
            <st ob="" eb="" sr="" id="99.1">	at myproject.bundle.db.PolicyDb.updatePolicy(PolicyDb.java:32)</st>
        </parg>
        <parg ob="" eb="" sr="" id="100">
            <st ob="" eb="" sr="" id="100.1">	at myproject.bundle.dbtest.Activator.start(Activator.java:21)</st>
        </parg>
        <parg ob="" eb="" sr="" id="101">
            <st ob="" eb="" sr="" id="101.1">	at org.eclipse.osgi.framework.internal.core.BundleContextImpl$1.run(BundleContextImpl.java:783)</st>
        </parg>
        <parg ob="" eb="" sr="" id="102">
            <st ob="" eb="" sr="" id="102.1">	at java.security.AccessController.doPrivileged(Native Method)</st>
        </parg>
        <parg ob="" eb="" sr="" id="103">
            <st ob="" eb="" sr="" id="103.1">	at org.eclipse.osgi.framework.internal.core.BundleContextImpl.startActivator(BundleContextImpl.java:774)</st>
        </parg>
        <parg ob="" eb="" sr="" id="104">
            <st ob="" eb="" sr="" id="104.1">	at org.eclipse.osgi.framework.internal.core.BundleContextImpl.start(BundleContextImpl.java:755)</st>
        </parg>
        <parg ob="" eb="" sr="" id="105">
            <st ob="" eb="" sr="" id="105.1">	at org.eclipse.osgi.framework.internal.core.BundleHost.startWorker(BundleHost.java:370)</st>
        </parg>
        <parg ob="" eb="" sr="" id="106">
            <st ob="" eb="" sr="" id="106.1">	at org.eclipse.osgi.framework.internal.core.AbstractBundle.start(AbstractBundle.java:284)</st>
        </parg>
        <parg ob="" eb="" sr="" id="107">
            <st ob="" eb="" sr="" id="107.1">	at org.eclipse.osgi.framework.internal.core.AbstractBundle.start(AbstractBundle.java:276)</st>
        </parg>
        <parg ob="" eb="" sr="" id="108">
            <st ob="" eb="" sr="" id="108.1">at org.eclipse.osgi.framework.internal.core.FrameworkCommandProvider.</st>
            <st ob="" eb="" sr="" id="108.2">_start(FrameworkCommandProvider.java:252)</st>
        </parg>
        <parg ob="" eb="" sr="" id="109">
            <st ob="" eb="" sr="" id="109.1">	at sun.reflect.NativeMethodAccessorImpl.invoke0(Native Method)</st>
        </parg>
        <parg ob="" eb="" sr="" id="110">
            <st ob="" eb="" sr="" id="110.1">	at sun.reflect.NativeMethodAccessorImpl.invoke(NativeMethodAccessorImpl.java:57)</st>
        </parg>
        <parg ob="" eb="" sr="" id="111">
            <st ob="" eb="" sr="" id="111.1">	at sun.reflect.DelegatingMethodAccessorImpl.invoke(DelegatingMethodAccessorImpl.java:43)</st>
        </parg>
        <parg ob="" eb="" sr="" id="112">
            <st ob="" eb="" sr="" id="112.1">	at java.lang.reflect.Method.invoke(Method.java:616)</st>
        </parg>
        <parg ob="" eb="" sr="" id="113">
            <st ob="" eb="" sr="" id="113.1">	at org.eclipse.osgi.framework.internal.core.FrameworkCommandInterpreter.execute(FrameworkCommandInterpreter.java:155)</st>
        </parg>
        <parg ob="" eb="" sr="" id="114">
            <st ob="" eb="" sr="" id="114.1">	at org.eclipse.osgi.framework.internal.core.FrameworkConsole.docommand(FrameworkConsole.java:156)</st>
        </parg>
        <parg ob="" eb="" sr="" id="115">
            <st ob="" eb="" sr="" id="115.1">	at org.eclipse.osgi.framework.internal.core.FrameworkConsole.runConsole(FrameworkConsole.java:141)</st>
        </parg>
        <parg ob="" eb="" sr="" id="116">
            <st ob="" eb="" sr="" id="116.1">	at org.eclipse.osgi.framework.internal.core.FrameworkConsole.run(FrameworkConsole.java:105)</st>
        </parg>
        <parg ob="" eb="" sr="" id="117">
            <st ob="" eb="" sr="" id="117.1">	at java.lang.Thread.run(Thread.java:679)</st>
        </parg>
    </desc>
</bug>
