<?xml version="1.0" encoding="UTF-8" standalone="yes"?>
<bug no-bug="" comments="">
    <id>DATAMONGO-952</id>
    <title ob="" eb="" sr="">@Query annotation does not work with only field restrictions</title>
    <desc>
        <parg ob="" eb="" sr="" id="1">
            <st ob="x" eb="" sr="x" id="1.1">If you are using repository based queries and try to use @Query annotation to limit the fetched fields, it has zero effect.</st>
            <st ob="" eb="" sr="x" id="1.2">For example repository query:</st>
        </parg>
        <parg ob="" eb="" sr="" id="2">
            <st ob="" eb="" sr="" id="2.1">@Query(fields = "{ 'email' : 1 }")</st>
        </parg>
        <parg ob="" eb="" sr="" id="3">
            <st ob="" eb="" sr="" id="3.1">User findByEmail(String email)</st>
        </parg>
        <parg ob="" eb="" sr="" id="4">
            <st ob="x" eb="" sr="" id="4.1">The query above returns all fields of the User and the fields definition has no effect at all.</st>
            <st ob="x" eb="" sr="x" id="4.2">If you are using @Query with value attribute to define the query, then the fields limitation is applied though.</st>
        </parg>
    </desc>
</bug>
