<?xml version="1.0" encoding="UTF-8" standalone="yes"?>
<bug no-bug="" comments="">
    <id>DATAMONGO-430</id>
    <title ob="" eb="" sr="">Query criteria is not considered in the query</title>
    <desc>
        <parg ob="" eb="" sr="" id="1">
            <st ob="x" eb="" sr="x" id="1.1">When I perform a query that includes more than one criteria, only the first criteria is being considered, others are discarded.</st>
            <st ob="" eb="" sr="x" id="1.2">An example is attached; When the query is performed by MongoDB driver it works fine, but with Spring, the problem occurs.</st>
        </parg>
    </desc>
</bug>
