<?xml version="1.0" encoding="UTF-8" standalone="yes"?>
<bug no-bug="" comments="">
    <id>DATAMONGO-938</id>
    <title ob="x" eb="" sr="x">Exception when creating geo within Criteria using MapReduce</title>
    <desc>
        <parg ob="" eb="" sr="" id="1">
            <st ob="x" eb="" sr="x" id="1.1">I am getting an IllegalArgumentException when I try to query a MongoDB collection using a Criteria.within and a Box.</st>
        </parg>
        <parg ob="" eb="" sr="" id="2">
            <st ob="" eb="" sr="" id="2.1">Criteria.where("location").</st>
            <st ob="" eb="" sr="" id="2.2">within(new Box(lowerLeft, upperRight));</st>
        </parg>
        <parg ob="" eb="" sr="" id="3">
            <st ob="x" eb="" sr="" id="3.1">The exception reads:</st>
            <st ob="" eb="" sr="" id="3.2">java.lang.IllegalArgumentException: can't serialize class org.springframework.data.mongodb.core.query.GeoCommand</st>
        </parg>
    </desc>
</bug>
