<?xml version="1.0" encoding="UTF-8" standalone="yes"?>
<bug no-bug="" comments="">
    <id>DATAMONGO-987</id>
    <title ob="" eb="" sr="x">Problem with lazy loading in @DBRef when getting data using MongoTemplate</title>
    <desc>
        <parg ob="" eb="" sr="" id="1">
            <st ob="" eb="" sr="x" id="1.1">The situation is simple: if we reference on an entity class another entity (both annotated with @Document) called Parent and Child.</st>
            <st ob="" eb="" sr="x" id="1.2">Here is the code:</st>
        </parg>
        <parg ob="" eb="" sr="" id="2">
            <st ob="" eb="" sr="" id="2.1">@Document</st>
        </parg>
        <parg ob="" eb="" sr="" id="3">
            <st ob="" eb="" sr="" id="3.1">class Parent {</st>
        </parg>
        <parg ob="" eb="" sr="" id="4">
            <st ob="" eb="" sr="" id="4.1">@Id</st>
        </parg>
        <parg ob="" eb="" sr="" id="5">
            <st ob="" eb="" sr="" id="5.1">private String id;</st>
        </parg>
        <parg ob="" eb="" sr="" id="6">
            <st ob="" eb="" sr="" id="6.1">private String name;</st>
        </parg>
        <parg ob="" eb="" sr="" id="7">
            <st ob="" eb="" sr="" id="7.1">@DBref(lazy=true)</st>
        </parg>
        <parg ob="" eb="" sr="" id="8">
            <st ob="" eb="" sr="" id="8.1">private Child child;</st>
        </parg>
        <parg ob="" eb="" sr="" id="9">
            <st ob="" eb="" sr="" id="9.1">// getters and setters ommited</st>
        </parg>
        <parg ob="" eb="" sr="" id="10">
            <st ob="" eb="" sr="" id="10.1">}</st>
        </parg>
        <parg ob="" eb="" sr="" id="11">
            <st ob="" eb="" sr="" id="11.1">and the Child class</st>
        </parg>
        <parg ob="" eb="" sr="" id="12">
            <st ob="" eb="" sr="" id="12.1">@Document</st>
        </parg>
        <parg ob="" eb="" sr="" id="13">
            <st ob="" eb="" sr="" id="13.1">class Child {</st>
        </parg>
        <parg ob="" eb="" sr="" id="14">
            <st ob="" eb="" sr="" id="14.1">@Id</st>
        </parg>
        <parg ob="" eb="" sr="" id="15">
            <st ob="" eb="" sr="" id="15.1">private String id;</st>
        </parg>
        <parg ob="" eb="" sr="" id="16">
            <st ob="" eb="" sr="" id="16.1">private String name;</st>
        </parg>
        <parg ob="" eb="" sr="" id="17">
            <st ob="" eb="" sr="" id="17.1">//getters and setters ommited</st>
        </parg>
        <parg ob="" eb="" sr="" id="18">
            <st ob="" eb="" sr="" id="18.1">}</st>
        </parg>
        <parg ob="" eb="" sr="" id="19">
            <st ob="" eb="x" sr="" id="19.1">The following situation should never happen:</st>
        </parg>
        <parg ob="" eb="" sr="" id="20">
            <st ob="" eb="" sr="" id="20.1">Parent parent = new Parent();</st>
        </parg>
        <parg ob="" eb="" sr="" id="21">
            <st ob="" eb="" sr="" id="21.1">parent.setName("Daddy");</st>
        </parg>
        <parg ob="" eb="" sr="" id="22">
            <st ob="" eb="x" sr="" id="22.1">mongoTemplate.save(parent); //ok, it is persisted like we expected.</st>
        </parg>
        <parg ob="" eb="" sr="" id="23">
            <st ob="" eb="" sr="x" id="23.1">// Than we try to load this same entity from the database</st>
        </parg>
        <parg ob="" eb="" sr="" id="24">
            <st ob="" eb="" sr="" id="24.1">Criteria criteria = Criteria.where("_id").</st>
            <st ob="" eb="" sr="" id="24.2">is(parent.getId());</st>
        </parg>
        <parg ob="" eb="" sr="" id="25">
            <st ob="" eb="" sr="" id="25.1">Parent persisted = mongoTemplate.findOne(new Query(criteria), Parent.class);</st>
        </parg>
        <parg ob="" eb="" sr="" id="26">
            <st ob="" eb="x" sr="" id="26.1">// The child attribute should be null, right?</st>
        </parg>
        <parg ob="" eb="" sr="" id="27">
            <st ob="x" eb="" sr="" id="27.1">assertNull(persisted.getChild()); // it fails</st>
        </parg>
        <parg ob="" eb="" sr="" id="28">
            <st ob="" eb="" sr="" id="28.1">The null attribute is actually an enhanced class generated by CGLib.</st>
            <st ob="" eb="" sr="" id="28.2">It should not be.</st>
            <st ob="" eb="" sr="" id="28.3">This brings a lot of problems when you, by accident, persist the same entity.</st>
            <st ob="x" eb="" sr="" id="28.4">I attached a project with the JUnit test which reproduces the problem for you.</st>
        </parg>
    </desc>
</bug>
