<?xml version="1.0" encoding="UTF-8" standalone="yes"?>
<bug no-bug="" comments="">
    <id>DATAMONGO-897</id>
    <title ob="" eb="" sr="">FindAndUpdate broken when using @DbRef and interface as target</title>
    <desc>
        <parg ob="" eb="" sr="" id="1">
            <st ob="x" eb="" sr="x" id="1.1">NullPointerException is thrown when using MongoTemplate.findAndModify(...) with @DbRef and interface as @DbRef target.</st>
            <st ob="" eb="" sr="" id="1.2">See attached project for more details.</st>
            <st ob="" eb="" sr="" id="1.3">Probably regression issue since same test is passing with Spring Data Commons 1.6.3.</st>
            <st ob="" eb="" sr="" id="1.4">RELEASE and Spring Data MongoDB 1.3.3.</st>
            <st ob="" eb="" sr="" id="1.5">RELEASE.</st>
        </parg>
    </desc>
</bug>
