<?xml version="1.0" encoding="UTF-8" standalone="yes"?>
<bug no-bug="" comments="">
    <id>DATAMONGO-523</id>
    <title ob="x" eb="" sr="">@TypeAlias annotation not used with AbstractMongoConfiguration </title>
    <desc>
        <parg ob="" eb="" sr="" id="1">
            <st ob="x" eb="" sr="x" id="1.1">When using the AbstractMongoConfiguration without any further modifications regarding the converter (afterMappingMongoConverterCreation) the @TypeAlias annotation is not used when writing the _class property.</st>
            <st ob="x" eb="" sr="" id="1.2">Seems like it always uses the SimpleTypeInformationMapper.</st>
            <st ob="" eb="" sr="" id="1.3">The documentation suggests that you just annotate your @Document classes with the @TypeAlias annotations and everything should be fine.</st>
        </parg>
    </desc>
</bug>
