<?xml version="1.0" encoding="UTF-8" standalone="yes"?>
<bug no-bug="" comments="">
    <id>DATAMONGO-1027</id>
    <title ob="x" eb="" sr="">Collection inherits complex index from embedded class/object</title>
    <desc>
        <parg ob="" eb="" sr="" id="1">
            <st ob="" eb="" sr="x" id="1.1">Say I have two collections:</st>
            <st ob="" eb="" sr="x" id="1.2">Books and Author</st>
            <st ob="" eb="" sr="x" id="1.3">Author has a unique compound index and Book has a list of authors as property.</st>
            <st ob="x" eb="" sr="x" id="1.4">Now if I add different book with the same author to books, the insert is ignored because books inherits the index from authors.</st>
            <st ob="x" eb="" sr="" id="1.5">On a subsequent context restart I'm also getting a duplicate key exception:</st>
        </parg>
        <parg ob="" eb="" sr="" id="2">
            <st ob="" eb="" sr="" id="2.1">com.mongodb.MongoException$DuplicateKey: { "serverUsed" : "" , "err" : "E11000 duplicate key error index: db.books.</st>
            <st ob="" eb="" sr="" id="2.2">$name_appId_idx  dup key</st>
        </parg>
    </desc>
</bug>
