<?xml version="1.0" encoding="UTF-8" standalone="yes"?>
<bug no-bug="" comments="">
    <id>DATAMONGO-1394</id>
    <title ob="" eb="" sr="">References not handled correctly when using QueryDSL</title>
    <desc>
        <parg ob="" eb="" sr="" id="1">
            <st ob="" eb="" sr="x" id="1.1">Trying to use eq on reference's $id, with no luck.</st>
            <st ob="" eb="" sr="x" id="1.2">This is an example code:</st>
        </parg>
        <parg ob="" eb="" sr="" id="2">
            <st ob="" eb="" sr="" id="2.1">Book.java</st>
        </parg>
        <parg ob="" eb="" sr="" id="3">
            <st ob="" eb="" sr="" id="3.1">public class Book {</st>
        </parg>
        <parg ob="" eb="" sr="" id="4">
            <st ob="" eb="" sr="" id="4.1">@DBRef</st>
        </parg>
        <parg ob="" eb="" sr="" id="5">
            <st ob="" eb="" sr="" id="5.1">private Library library;</st>
        </parg>
        <parg ob="" eb="" sr="" id="6">
            <st ob="" eb="" sr="" id="6.1">}</st>
        </parg>
        <parg ob="" eb="" sr="" id="7">
            <st ob="" eb="" sr="" id="7.1">Library.java</st>
        </parg>
        <parg ob="" eb="" sr="" id="8">
            <st ob="" eb="" sr="" id="8.1">public class Library {</st>
        </parg>
        <parg ob="" eb="" sr="" id="9">
            <st ob="" eb="" sr="" id="9.1">@Id</st>
        </parg>
        <parg ob="" eb="" sr="" id="10">
            <st ob="" eb="" sr="" id="10.1">private String id;</st>
        </parg>
        <parg ob="" eb="" sr="" id="11">
            <st ob="" eb="" sr="" id="11.1">}</st>
        </parg>
        <parg ob="" eb="" sr="" id="12">
            <st ob="" eb="" sr="" id="12.1">BookService.java</st>
        </parg>
        <parg ob="" eb="" sr="" id="13">
            <st ob="" eb="" sr="" id="13.1">String library_id = [SOME_ID];</st>
        </parg>
        <parg ob="" eb="" sr="" id="14">
            <st ob="" eb="" sr="" id="14.1">QBook book = QBook.book;</st>
        </parg>
        <parg ob="" eb="" sr="" id="15">
            <st ob="" eb="" sr="" id="15.1">BooleanExpression exp = book.library.id.eq(library_id);</st>
        </parg>
        <parg ob="" eb="" sr="" id="16">
            <st ob="x" eb="" sr="" id="16.1">List&lt;Book&gt; list = bookRepository.findAll(exp);  // EMPTY</st>
        </parg>
        <parg ob="" eb="" sr="" id="17">
            <st ob="" eb="" sr="x" id="17.1">Doing:</st>
        </parg>
        <parg ob="" eb="" sr="" id="18">
            <st ob="" eb="" sr="" id="18.1">BookService.java</st>
        </parg>
        <parg ob="" eb="" sr="" id="19">
            <st ob="" eb="" sr="" id="19.1">Library library = libraryRepository.findById(library_id);</st>
        </parg>
        <parg ob="" eb="" sr="" id="20">
            <st ob="" eb="" sr="" id="20.1">QBook book = QBook.book;</st>
        </parg>
        <parg ob="" eb="" sr="" id="21">
            <st ob="" eb="" sr="" id="21.1">BooleanExpression exp = book.library.eq(library);</st>
        </parg>
        <parg ob="" eb="" sr="" id="22">
            <st ob="" eb="" sr="" id="22.1">List&lt;Book&gt; list = bookRepository.findAll(exp);  // EXPECTED ITEMS</st>
        </parg>
        <parg ob="" eb="" sr="" id="23">
            <st ob="" eb="" sr="x" id="23.1">or:</st>
        </parg>
        <parg ob="" eb="" sr="" id="24">
            <st ob="" eb="" sr="" id="24.1">BookService.java</st>
        </parg>
        <parg ob="" eb="" sr="" id="25">
            <st ob="" eb="" sr="" id="25.1">List&lt;Book&gt; list = bookRepository.findByLibraryId(library_id) // EXPECTED ITEMS</st>
        </parg>
    </desc>
</bug>
