<?xml version="1.0" encoding="UTF-8" standalone="yes"?>
<bug no-bug="" comments="">
    <id>DATAMONGO-702</id>
    <title ob="x" eb="" sr="">Spring Data MongoDB projection search, is not properly configured with respective Java Pojo</title>
    <desc>
        <parg ob="" eb="" sr="" id="1">
            <st ob="" eb="" sr="x" id="1.1">If Model Java POJO, is annotated with @Field, then during search with query.fields().</st>
            <st ob="" eb="" sr="x" id="1.2">include(field)</st>
            <st ob="x" eb="" sr="x" id="1.3">uning mongoTemplate it does not java property field as field parameter, rather it needs the name declared with name defined with @Field annotation.</st>
        </parg>
    </desc>
</bug>
