<?xml version="1.0" encoding="UTF-8" standalone="yes"?>
<bug no-bug="" comments="">
    <id>DATAMONGO-1236</id>
    <title ob="x" eb="" sr="">MongoOperations findAndModify and updateFirst do not include the _class in Map values</title>
    <desc>
        <parg ob="" eb="" sr="" id="1">
            <st ob="x" eb="" sr="x" id="1.1">When a map of type LinkedHashMap&lt;String, Object&gt;  is updated via MongoOperations findAndModify or updateFirst, the _class field is not saved for the map values.</st>
            <st ob="x" eb="x" sr="" id="1.2">Therefore, later reads of the data do not convert the value to the correct type, instead leaving it as LinkedHashMap.</st>
            <st ob="" eb="" sr="x" id="1.3">Please see attached maven project for test illustrating the problem.</st>
        </parg>
    </desc>
</bug>
