<?xml version="1.0" encoding="UTF-8" standalone="yes"?>
<bug no-bug="" comments="">
    <id>DATAMONGO-402</id>
    <title ob="x" eb="" sr="">Inner class not supported</title>
    <desc>
        <parg ob="" eb="" sr="" id="1">
            <st ob="x" eb="" sr="" id="1.1">Inner class not supported in 1.0.1.</st>
            <st ob="" eb="" sr="" id="1.2">GA.</st>
            <st ob="" eb="" sr="" id="1.3">It works fine in 1.0.0.</st>
            <st ob="" eb="" sr="" id="1.4">GA java.lang.IllegalArgumentException: No property null found for type class org.test.EnclosingClass$InsideClass</st>
            <st ob="" eb="" sr="" id="1.5">	at org.springframework.data.mapping.PropertyPath.&lt;init&gt;(PropertyPath.java:73)</st>
            <st ob="" eb="" sr="" id="1.6">	at org.springframework.data.mapping.PropertyPath.&lt;init&gt;(PropertyPath.java:92)</st>
            <st ob="" eb="" sr="" id="1.7">	at org.springframework.data.mapping.PropertyPath.create(PropertyPath.java:312)</st>
            <st ob="" eb="" sr="" id="1.8">	at org.springframework.data.mapping.PropertyPath.create(PropertyPath.java:294)</st>
            <st ob="" eb="" sr="" id="1.9">	at org.springframework.data.mapping.PropertyPath.from(PropertyPath.java:258)</st>
            <st ob="" eb="" sr="" id="1.10">	at org.springframework.data.mapping.PropertyPath.from(PropertyPath.java:239)</st>
            <st ob="" eb="" sr="" id="1.11">	at org.springframework.data.mongodb.core.convert.MappedConstructor$MappedParameter.&lt;init&gt;(MappedConstructor.java:125)</st>
            <st ob="" eb="" sr="" id="1.12">	at org.springframework.data.mongodb.core.convert.MappedConstructor.&lt;init&gt;(MappedConstructor.java:57)</st>
            <st ob="" eb="" sr="" id="1.13">	at org.springframework.data.mongodb.core.convert.MappingMongoConverter.read(MappingMongoConverter.java:212)</st>
            <st ob="" eb="" sr="" id="1.14">	at org.springframework.data.mongodb.core.convert.MappingMongoConverter.read(MappingMongoConverter.java:200)</st>
            <st ob="" eb="" sr="" id="1.15">	at org.springframework.data.mongodb.core.convert.MappingMongoConverter.getValueInternal(MappingMongoConverter.java:713)</st>
            <st ob="" eb="" sr="" id="1.16">	at org.springframework.data.mongodb.core.convert.MappingMongoConverter$1.doWithPersistentProperty(MappingMongoConverter.java:230)</st>
            <st ob="" eb="" sr="" id="1.17">	at org.springframework.data.mongodb.core.convert.MappingMongoConverter$1.doWithPersistentProperty(MappingMongoConverter.java:220)</st>
            <st ob="" eb="" sr="" id="1.18">	at org.springframework.data.mapping.model.BasicPersistentEntity.doWithProperties(BasicPersistentEntity.java:173)</st>
            <st ob="" eb="" sr="" id="1.19">	at org.springframework.data.mongodb.core.convert.MappingMongoConverter.read(MappingMongoConverter.java:220)</st>
            <st ob="" eb="" sr="" id="1.20">	at org.springframework.data.mongodb.core.convert.MappingMongoConverter.read(MappingMongoConverter.java:200)</st>
            <st ob="" eb="" sr="" id="1.21">	at org.springframework.data.mongodb.core.convert.MappingMongoConverter.read(MappingMongoConverter.java:164)</st>
            <st ob="" eb="" sr="" id="1.22">	at org.springframework.data.mongodb.core.convert.MappingMongoConverter.read(MappingMongoConverter.java:73)</st>
            <st ob="" eb="" sr="" id="1.23">	at org.springframework.data.mongodb.core.MongoTemplate$ReadDbObjectCallback.doWith(MongoTemplate.java:1693)</st>
            <st ob="" eb="" sr="" id="1.24">	at org.springframework.data.mongodb.core.MongoTemplate.executeFindOneInternal(MongoTemplate.java:1405)</st>
            <st ob="" eb="" sr="" id="1.25">	at org.springframework.data.mongodb.core.MongoTemplate.doFindOne(MongoTemplate.java:1224)</st>
            <st ob="" eb="" sr="" id="1.26">	at org.springframework.data.mongodb.core.MongoTemplate.findOne(MongoTemplate.java:455)</st>
            <st ob="" eb="" sr="" id="1.27">	at org.springframework.data.mongodb.core.MongoTemplate.findOne(MongoTemplate.java:450)</st>
            <st ob="" eb="" sr="" id="1.28">	at org.test.InnerClassTest.testInnerClass(InnerClassTest.java:43)</st>
        </parg>
    </desc>
</bug>
