<?xml version="1.0" encoding="UTF-8" standalone="yes"?>
<bug no-bug="" comments="">
    <id>DATAMONGO-1486</id>
    <title ob="x" eb="" sr="">Changes to MappingMongoConverter Result in Class Cast Exception</title>
    <desc>
        <parg ob="" eb="" sr="" id="1">
            <st ob="" eb="" sr="" id="1.1">I am upgrading our software to use Spring Boot 1.4 + Spring 4.3.</st>
            <st ob="" eb="" sr="" id="1.2">As part of this upgrade, we are also using Spring Data Mongo 1.9.2.</st>
            <st ob="" eb="" sr="" id="1.3">RELEASE.</st>
            <st ob="" eb="" sr="" id="1.4">I am assuming that is 1.9.2 (Hopper SR2)?</st>
            <st ob="" eb="" sr="x" id="1.5">We have a situation where we have a model object that looks like the following:</st>
        </parg>
        <parg ob="" eb="" sr="" id="2">
            <st ob="" eb="" sr="" id="2.1">Map&lt;Integer, Map&lt;Platform, String&gt;&gt; descriptions = new HashMap&lt;&gt;();</st>
        </parg>
        <parg ob="" eb="" sr="" id="3">
            <st ob="" eb="" sr="" id="3.1">Where "Platform is Enum", although this is not the core issue.</st>
            <st ob="" eb="" sr="x" id="3.2">When we execute the following:</st>
        </parg>
        <parg ob="" eb="" sr="" id="4">
            <st ob="" eb="" sr="" id="4.1">public void setAlternateDescriptionMap(int compositeId, Map&lt;Integer, Map&lt;Platform, String&gt;&gt; alternateDescriptionsMap) {</st>
        </parg>
        <parg ob="" eb="" sr="" id="5">
            <st ob="" eb="" sr="" id="5.1">Query query = new Query();</st>
        </parg>
        <parg ob="" eb="" sr="" id="6">
            <st ob="" eb="" sr="" id="6.1">query.addCriteria(Criteria.where("_id").</st>
            <st ob="" eb="" sr="" id="6.2">is(compositeId));</st>
        </parg>
        <parg ob="" eb="" sr="" id="7">
            <st ob="" eb="" sr="" id="7.1">Update update = new Update();</st>
        </parg>
        <parg ob="" eb="" sr="" id="8">
            <st ob="" eb="" sr="" id="8.1">update.set("alternateDescriptionMap", alternateDescriptionsMap);</st>
        </parg>
        <parg ob="" eb="" sr="" id="9">
            <st ob="" eb="" sr="" id="9.1">coreMongoTemplate.updateFirst(query, update, "product");</st>
        </parg>
        <parg ob="" eb="" sr="" id="10">
            <st ob="" eb="" sr="" id="10.1">}</st>
        </parg>
        <parg ob="" eb="" sr="" id="11">
            <st ob="x" eb="" sr="" id="11.1">We end up getting the following exception:</st>
        </parg>
        <parg ob="" eb="" sr="" id="12">
            <st ob="" eb="" sr="" id="12.1">java.lang.ClassCastException: java.lang.Integer cannot be cast to java.lang.String</st>
        </parg>
        <parg ob="" eb="" sr="" id="13">
            <st ob="" eb="" sr="" id="13.1">	at com.mongodb.DBObjectCodec.encodeMap(DBObjectCodec.java:222)</st>
        </parg>
        <parg ob="" eb="" sr="" id="14">
            <st ob="" eb="" sr="" id="14.1">	at com.mongodb.DBObjectCodec.writeValue(DBObjectCodec.java:199)</st>
        </parg>
        <parg ob="" eb="" sr="" id="15">
            <st ob="" eb="" sr="" id="15.1">	at com.mongodb.DBObjectCodec.encodeMap(DBObjectCodec.java:223)</st>
        </parg>
        <parg ob="" eb="" sr="" id="16">
            <st ob="" eb="" sr="" id="16.1">	at com.mongodb.DBObjectCodec.writeValue(DBObjectCodec.java:199)</st>
        </parg>
        <parg ob="" eb="" sr="" id="17">
            <st ob="" eb="" sr="" id="17.1">	at com.mongodb.DBObjectCodec.encode(DBObjectCodec.java:131)</st>
        </parg>
        <parg ob="" eb="" sr="" id="18">
            <st ob="" eb="" sr="" id="18.1">	at com.mongodb.DBObjectCodec.encode(DBObjectCodec.java:62)</st>
        </parg>
        <parg ob="" eb="" sr="" id="19">
            <st ob="" eb="" sr="" id="19.1">	at org.bson.codecs.BsonDocumentWrapperCodec.encode(BsonDocumentWrapperCodec.java:63)</st>
        </parg>
        <parg ob="" eb="" sr="" id="20">
            <st ob="" eb="" sr="" id="20.1">	at org.bson.codecs.BsonDocumentWrapperCodec.encode(BsonDocumentWrapperCodec.java:29)</st>
        </parg>
        <parg ob="" eb="" sr="" id="21">
            <st ob="" eb="" sr="" id="21.1">	at com.mongodb.connection.RequestMessage.addDocument(RequestMessage.java:253)</st>
        </parg>
        <parg ob="" eb="" sr="" id="22">
            <st ob="" eb="" sr="" id="22.1">	at com.mongodb.connection.RequestMessage.addDocument(RequestMessage.java:205)</st>
        </parg>
        <parg ob="" eb="" sr="" id="23">
            <st ob="" eb="" sr="" id="23.1">	at com.mongodb.connection.UpdateMessage.encodeMessageBodyWithMetadata(UpdateMessage.java:80)</st>
        </parg>
        <parg ob="" eb="" sr="" id="24">
            <st ob="" eb="" sr="" id="24.1">	at com.mongodb.connection.RequestMessage.encodeWithMetadata(RequestMessage.java:160)</st>
        </parg>
        <parg ob="" eb="" sr="" id="25">
            <st ob="" eb="" sr="" id="25.1">	at com.mongodb.connection.WriteProtocol.execute(WriteProtocol.java:89)</st>
        </parg>
        <parg ob="" eb="" sr="" id="26">
            <st ob="" eb="" sr="" id="26.1">	at com.mongodb.connection.UpdateProtocol.execute(UpdateProtocol.java:67)</st>
        </parg>
        <parg ob="" eb="" sr="" id="27">
            <st ob="" eb="" sr="" id="27.1">	at com.mongodb.connection.UpdateProtocol.execute(UpdateProtocol.java:42)</st>
        </parg>
        <parg ob="" eb="" sr="" id="28">
            <st ob="" eb="" sr="" id="28.1">	at com.mongodb.connection.DefaultServer$DefaultServerProtocolExecutor.execute(DefaultServer.java:168)</st>
        </parg>
        <parg ob="" eb="" sr="" id="29">
            <st ob="" eb="" sr="" id="29.1">	at com.mongodb.connection.DefaultServerConnection.executeProtocol(DefaultServerConnection.java:289)</st>
        </parg>
        <parg ob="" eb="" sr="" id="30">
            <st ob="" eb="" sr="" id="30.1">	at com.mongodb.connection.DefaultServerConnection.update(DefaultServerConnection.java:88)</st>
        </parg>
        <parg ob="" eb="" sr="" id="31">
            <st ob="" eb="" sr="" id="31.1">	at com.mongodb.operation.UpdateOperation.executeProtocol(UpdateOperation.java:66)</st>
        </parg>
        <parg ob="" eb="" sr="" id="32">
            <st ob="" eb="" sr="" id="32.1">	at com.mongodb.operation.BaseWriteOperation$1.call(BaseWriteOperation.java:144)</st>
        </parg>
        <parg ob="" eb="" sr="" id="33">
            <st ob="" eb="" sr="" id="33.1">	at com.mongodb.operation.BaseWriteOperation$1.call(BaseWriteOperation.java:134)</st>
        </parg>
        <parg ob="" eb="" sr="" id="34">
            <st ob="" eb="" sr="" id="34.1">	at com.mongodb.operation.OperationHelper.withConnectionSource(OperationHelper.java:232)</st>
        </parg>
        <parg ob="" eb="" sr="" id="35">
            <st ob="" eb="" sr="" id="35.1">	at com.mongodb.operation.OperationHelper.withConnection(OperationHelper.java:223)</st>
        </parg>
        <parg ob="" eb="" sr="" id="36">
            <st ob="" eb="" sr="" id="36.1">	at com.mongodb.operation.BaseWriteOperation.execute(BaseWriteOperation.java:134)</st>
        </parg>
        <parg ob="" eb="" sr="" id="37">
            <st ob="" eb="" sr="" id="37.1">	at com.mongodb.operation.BaseWriteOperation.execute(BaseWriteOperation.java:61)</st>
        </parg>
        <parg ob="" eb="" sr="" id="38">
            <st ob="" eb="" sr="" id="38.1">	at com.mongodb.Mongo.execute(Mongo.java:827)</st>
        </parg>
        <parg ob="" eb="" sr="" id="39">
            <st ob="" eb="" sr="" id="39.1">	at com.mongodb.Mongo$2.execute(Mongo.java:810)</st>
        </parg>
        <parg ob="" eb="" sr="" id="40">
            <st ob="" eb="" sr="" id="40.1">	at com.mongodb.DBCollection.executeWriteOperation(DBCollection.java:333)</st>
        </parg>
        <parg ob="" eb="" sr="" id="41">
            <st ob="" eb="" sr="" id="41.1">	at com.mongodb.DBCollection.updateImpl(DBCollection.java:495)</st>
        </parg>
        <parg ob="" eb="" sr="" id="42">
            <st ob="" eb="" sr="" id="42.1">	at com.mongodb.DBCollection.update(DBCollection.java:455)</st>
        </parg>
        <parg ob="" eb="" sr="" id="43">
            <st ob="" eb="" sr="" id="43.1">	at com.mongodb.DBCollection.update(DBCollection.java:432)</st>
        </parg>
        <parg ob="" eb="" sr="" id="44">
            <st ob="" eb="" sr="" id="44.1">	at org.springframework.data.mongodb.core.MongoTemplate$12.doInCollection(MongoTemplate.java:1153)</st>
        </parg>
        <parg ob="" eb="" sr="" id="45">
            <st ob="" eb="" sr="" id="45.1">	at org.springframework.data.mongodb.core.MongoTemplate$12.doInCollection(MongoTemplate.java:1132)</st>
        </parg>
        <parg ob="" eb="" sr="" id="46">
            <st ob="" eb="" sr="" id="46.1">	at org.springframework.data.mongodb.core.MongoTemplate.execute(MongoTemplate.java:462)</st>
        </parg>
        <parg ob="" eb="" sr="" id="47">
            <st ob="" eb="" sr="" id="47.1">	at org.springframework.data.mongodb.core.MongoTemplate.doUpdate(MongoTemplate.java:1132)</st>
        </parg>
        <parg ob="" eb="" sr="" id="48">
            <st ob="" eb="" sr="" id="48.1">	at org.springframework.data.mongodb.core.MongoTemplate.updateFirst(MongoTemplate.java:1110)</st>
        </parg>
        <parg ob="" eb="" sr="" id="49">
            <st ob="" eb="" sr="" id="49.1">	at com.build.dao.product.ProductStorageDaoImpl.setAlternateDescriptionMap(ProductStorageDaoImpl.java:1170)</st>
        </parg>
        <parg ob="" eb="" sr="" id="50">
            <st ob="" eb="" sr="" id="50.1">at com.build.dao.product.ProductStorageDaoImpl$$FastClassBySpringCGLIB$$4e03147e.</st>
            <st ob="" eb="" sr="" id="50.2">invoke(&lt;generated&gt;)</st>
        </parg>
        <parg ob="" eb="" sr="" id="51">
            <st ob="" eb="" sr="" id="51.1">	at org.springframework.cglib.proxy.MethodProxy.invoke(MethodProxy.java:204)</st>
        </parg>
        <parg ob="" eb="" sr="" id="52">
            <st ob="" eb="" sr="" id="52.1">	at org.springframework.aop.framework.CglibAopProxy$CglibMethodInvocation.invokeJoinpoint(CglibAopProxy.java:720)</st>
        </parg>
        <parg ob="" eb="" sr="" id="53">
            <st ob="" eb="" sr="" id="53.1">	at org.springframework.aop.framework.ReflectiveMethodInvocation.proceed(ReflectiveMethodInvocation.java:157)</st>
        </parg>
        <parg ob="" eb="" sr="" id="54">
            <st ob="" eb="" sr="" id="54.1">	at org.springframework.dao.support.PersistenceExceptionTranslationInterceptor.invoke(PersistenceExceptionTranslationInterceptor.java:136)</st>
        </parg>
        <parg ob="" eb="" sr="" id="55">
            <st ob="" eb="" sr="" id="55.1">	at org.springframework.aop.framework.ReflectiveMethodInvocation.proceed(ReflectiveMethodInvocation.java:179)</st>
        </parg>
        <parg ob="" eb="" sr="" id="56">
            <st ob="" eb="" sr="" id="56.1">	at org.springframework.aop.framework.CglibAopProxy$DynamicAdvisedInterceptor.intercept(CglibAopProxy.java:655)</st>
        </parg>
        <parg ob="" eb="" sr="" id="57">
            <st ob="" eb="" sr="" id="57.1">at com.build.dao.product.ProductStorageDaoImpl$$EnhancerBySpringCGLIB$$8602f8b4.</st>
            <st ob="" eb="" sr="" id="57.2">setAlternateDescriptionMap(&lt;generated&gt;)</st>
        </parg>
        <parg ob="" eb="" sr="" id="58">
            <st ob="" eb="" sr="" id="58.1">	at com.build.dao.product.ProductStorageDaoIT.testSaveAlternateDescriptionsToCacheAndFetch(ProductStorageDaoIT.java:335)</st>
        </parg>
        <parg ob="" eb="" sr="" id="59">
            <st ob="" eb="" sr="" id="59.1">	at sun.reflect.NativeMethodAccessorImpl.invoke0(Native Method)</st>
        </parg>
        <parg ob="" eb="" sr="" id="60">
            <st ob="" eb="" sr="" id="60.1">	at sun.reflect.NativeMethodAccessorImpl.invoke(NativeMethodAccessorImpl.java:62)</st>
        </parg>
        <parg ob="" eb="" sr="" id="61">
            <st ob="" eb="" sr="" id="61.1">	at sun.reflect.DelegatingMethodAccessorImpl.invoke(DelegatingMethodAccessorImpl.java:43)</st>
        </parg>
        <parg ob="" eb="" sr="" id="62">
            <st ob="" eb="" sr="" id="62.1">	at java.lang.reflect.Method.invoke(Method.java:497)</st>
        </parg>
        <parg ob="" eb="" sr="" id="63">
            <st ob="" eb="" sr="" id="63.1">	at org.junit.runners.model.FrameworkMethod$1.runReflectiveCall(FrameworkMethod.java:50)</st>
        </parg>
        <parg ob="" eb="" sr="" id="64">
            <st ob="" eb="" sr="" id="64.1">	at org.junit.internal.runners.model.ReflectiveCallable.run(ReflectiveCallable.java:12)</st>
        </parg>
        <parg ob="" eb="" sr="" id="65">
            <st ob="" eb="" sr="" id="65.1">	at org.junit.runners.model.FrameworkMethod.invokeExplosively(FrameworkMethod.java:47)</st>
        </parg>
        <parg ob="" eb="" sr="" id="66">
            <st ob="" eb="" sr="" id="66.1">	at org.junit.internal.runners.statements.InvokeMethod.evaluate(InvokeMethod.java:17)</st>
        </parg>
        <parg ob="" eb="" sr="" id="67">
            <st ob="" eb="" sr="" id="67.1">	at org.springframework.test.context.junit4.statements.RunBeforeTestMethodCallbacks.evaluate(RunBeforeTestMethodCallbacks.java:75)</st>
        </parg>
        <parg ob="" eb="" sr="" id="68">
            <st ob="" eb="" sr="" id="68.1">	at org.springframework.test.context.junit4.statements.RunAfterTestMethodCallbacks.evaluate(RunAfterTestMethodCallbacks.java:86)</st>
        </parg>
        <parg ob="" eb="" sr="" id="69">
            <st ob="" eb="" sr="" id="69.1">	at org.springframework.test.context.junit4.statements.SpringRepeat.evaluate(SpringRepeat.java:84)</st>
        </parg>
        <parg ob="" eb="" sr="" id="70">
            <st ob="" eb="" sr="" id="70.1">	at org.junit.runners.ParentRunner.runLeaf(ParentRunner.java:325)</st>
        </parg>
        <parg ob="" eb="" sr="" id="71">
            <st ob="" eb="" sr="" id="71.1">	at org.springframework.test.context.junit4.SpringJUnit4ClassRunner.runChild(SpringJUnit4ClassRunner.java:252)</st>
        </parg>
        <parg ob="" eb="" sr="" id="72">
            <st ob="" eb="" sr="" id="72.1">	at org.springframework.test.context.junit4.SpringJUnit4ClassRunner.runChild(SpringJUnit4ClassRunner.java:94)</st>
        </parg>
        <parg ob="" eb="" sr="" id="73">
            <st ob="" eb="" sr="" id="73.1">	at org.junit.runners.ParentRunner$3.run(ParentRunner.java:290)</st>
        </parg>
        <parg ob="" eb="" sr="" id="74">
            <st ob="" eb="" sr="" id="74.1">	at org.junit.runners.ParentRunner$1.schedule(ParentRunner.java:71)</st>
        </parg>
        <parg ob="" eb="" sr="" id="75">
            <st ob="" eb="" sr="" id="75.1">	at org.junit.runners.ParentRunner.runChildren(ParentRunner.java:288)</st>
        </parg>
        <parg ob="" eb="" sr="" id="76">
            <st ob="" eb="" sr="" id="76.1">	at org.junit.runners.ParentRunner.access$000(ParentRunner.java:58)</st>
        </parg>
        <parg ob="" eb="" sr="" id="77">
            <st ob="" eb="" sr="" id="77.1">	at org.junit.runners.ParentRunner$2.evaluate(ParentRunner.java:268)</st>
        </parg>
        <parg ob="" eb="" sr="" id="78">
            <st ob="" eb="" sr="" id="78.1">	at org.springframework.test.context.junit4.statements.RunBeforeTestClassCallbacks.evaluate(RunBeforeTestClassCallbacks.java:61)</st>
        </parg>
        <parg ob="" eb="" sr="" id="79">
            <st ob="" eb="" sr="" id="79.1">	at org.springframework.test.context.junit4.statements.RunAfterTestClassCallbacks.evaluate(RunAfterTestClassCallbacks.java:70)</st>
        </parg>
        <parg ob="" eb="" sr="" id="80">
            <st ob="" eb="" sr="" id="80.1">	at org.junit.runners.ParentRunner.run(ParentRunner.java:363)</st>
        </parg>
        <parg ob="" eb="" sr="" id="81">
            <st ob="" eb="" sr="" id="81.1">	at org.springframework.test.context.junit4.SpringJUnit4ClassRunner.run(SpringJUnit4ClassRunner.java:191)</st>
        </parg>
        <parg ob="" eb="" sr="" id="82">
            <st ob="" eb="" sr="" id="82.1">	at org.eclipse.jdt.internal.junit4.runner.JUnit4TestReference.run(JUnit4TestReference.java:86)</st>
        </parg>
        <parg ob="" eb="" sr="" id="83">
            <st ob="" eb="" sr="" id="83.1">	at org.eclipse.jdt.internal.junit.runner.TestExecution.run(TestExecution.java:38)</st>
        </parg>
        <parg ob="" eb="" sr="" id="84">
            <st ob="" eb="" sr="" id="84.1">	at org.eclipse.jdt.internal.junit.runner.RemoteTestRunner.runTests(RemoteTestRunner.java:459)</st>
        </parg>
        <parg ob="" eb="" sr="" id="85">
            <st ob="" eb="" sr="" id="85.1">	at org.eclipse.jdt.internal.junit.runner.RemoteTestRunner.runTests(RemoteTestRunner.java:678)</st>
        </parg>
        <parg ob="" eb="" sr="" id="86">
            <st ob="" eb="" sr="" id="86.1">	at org.eclipse.jdt.internal.junit.runner.RemoteTestRunner.run(RemoteTestRunner.java:382)</st>
        </parg>
        <parg ob="" eb="" sr="" id="87">
            <st ob="" eb="" sr="" id="87.1">	at org.eclipse.jdt.internal.junit.runner.RemoteTestRunner.main(RemoteTestRunner.java:192)</st>
        </parg>
        <parg ob="" eb="" sr="" id="88">
            <st ob="" eb="" sr="" id="88.1">We do not get this exception in spring-data-mongodb-1.9.1-RELEASE.</st>
            <st ob="" eb="" sr="" id="88.2">After a lot of debugging, It appears to be related to the code in MappingMongoConverter.convertMongoType().</st>
            <st ob="" eb="" sr="" id="88.3">It looks like the Issue DATAMONGO-1423 may have introduced this issue:</st>
            <st ob="" eb="" sr="" id="88.4">https://github.com/spring-projects/spring-data-mongodb/commit/0e60630393980cf2bb4634c8a9c1a5a50407c471</st>
            <st ob="" eb="" sr="" id="88.5">I am going to work on just overriding this default method with a custom mapper.</st>
            <st ob="" eb="" sr="" id="88.6">I suspect this code will also break in other cases where the key is mapped into anything other than a string.</st>
            <st ob="" eb="" sr="" id="88.7">Let me know if you need any further input.</st>
        </parg>
    </desc>
</bug>
