<?xml version="1.0" encoding="UTF-8" standalone="yes"?>
<bug no-bug="" comments="">
    <id>DATAMONGO-1438</id>
    <title ob="x" eb="" sr="">I get a warning in my logs since switched to Spring Data MongoDB Hopper-SR1 Release Train in Spring Boot 1.3.5</title>
    <desc>
        <parg ob="" eb="" sr="" id="1">
            <st ob="x" eb="" sr="x" id="1.1">When I start my Spring Boot 1.3.5 application with no custom conversions and with Spring Data MongoDB Release Train Hopper-SR1 I get following warning in my logs:</st>
        </parg>
        <parg ob="" eb="" sr="" id="2">
            <st ob="" eb="" sr="" id="2.1">Registering converter from class java.lang.Number to class java.lang.Number as writing converter although it doesn't convert to a Mongo supported type!</st>
            <st ob="" eb="" sr="" id="2.2">You might wanna check you annotation setup at the converter implementation.</st>
        </parg>
        <parg ob="" eb="" sr="" id="3">
            <st ob="" eb="" sr="" id="3.1">With the in Spring Boot 1.3.5 integrated version the warning is not exists.</st>
            <st ob="" eb="" sr="" id="3.2">.</st>
            <st ob="" eb="" sr="x" id="3.3">I have alle my Domain classes they are saved in MongoDB annotated with @Document (see DATAMONGO-1413)</st>
        </parg>
    </desc>
</bug>
