<?xml version="1.0" encoding="UTF-8" standalone="yes"?>
<bug no-bug="" comments="">
    <id>DATAMONGO-1307</id>
    <title ob="" eb="" sr="">Stop converting user-defined runtime exceptions to NPEs</title>
    <desc>
        <parg ob="" eb="" sr="" id="1">
            <st ob="x" eb="" sr="" id="1.1">MongoTemplate has code like this in many places:</st>
            <st ob="" eb="" sr="" id="1.2">} catch (RuntimeException ex) { throw exceptionTranslator.translateExceptionIfPossible(ex);</st>
            <st ob="x" eb="" sr="" id="1.3">MongoExceptionTranslator, however, often does NOT return an exception.</st>
            <st ob="x" eb="" sr="" id="1.4">If it encounters an unknown exception it does this:</st>
            <st ob="x" eb="" sr="" id="1.5">// If we get here, we have an exception that resulted from user code,</st>
            <st ob="x" eb="" sr="" id="1.6">// rather than the persistence provider, so we return null to indicate</st>
            <st ob="x" eb="" sr="" id="1.7">// that translation should not occur.</st>
            <st ob="x" eb="" sr="" id="1.8">return null;</st>
            <st ob="x" eb="" sr="" id="1.9">MongoTemplate then "eats" the original exception and throws a null-pointer exception instead.</st>
            <st ob="" eb="x" sr="" id="1.10">MongoTemplate should throw the original exception if it gets null back from the exception translator.</st>
        </parg>
    </desc>
</bug>
