<?xml version="1.0" encoding="UTF-8" standalone="yes"?>
<bug no-bug="" comments="">
    <id>DATAMONGO-721</id>
    <title ob="x" eb="" sr="">Polymorphic attribute type not persisted on update operations</title>
    <desc>
        <parg ob="" eb="" sr="" id="1">
            <st ob="" eb="" sr="" id="1.1">We found a problem with Spring Data for Mongo DB.</st>
            <st ob="" eb="" sr="x" id="1.2">Here is our situation: we have an entity which have an attribute which is a list of another kind of entity, like the code below.</st>
            <st ob="" eb="" sr="" id="1.3">@Document public class ParentClass { private List&lt;ChildClass&gt; list;</st>
            <st ob="" eb="" sr="" id="1.4">} the ChildClass is annotated with @Document too, but we want to store it's content as an embed document of ParentClass.</st>
            <st ob="x" eb="" sr="x" id="1.5">When using MongoTemplate class with code such as below, the _class attribute is not inserted on the embedded document, so, if one of the items of the list attribute is a subclass of ChildClass, and ChildClass is an abstract class, we begin to face instantiation problems.</st>
            <st ob="" eb="" sr="x" id="1.6">Here is one example of usage of MongoTemplate in which we found a problem.</st>
            <st ob="" eb="" sr="" id="1.7">mongoTemplate.updateFirst(Query.query(criteria), new Update().</st>
            <st ob="" eb="" sr="" id="1.8">push("list", child));</st>
            <st ob="x" eb="" sr="" id="1.9">If child is a subclass of ChildClass, the _class attribute is not added to the embedded document.</st>
        </parg>
    </desc>
</bug>
