<?xml version="1.0" encoding="UTF-8" standalone="yes"?>
<bug no-bug="" comments="">
    <id>DATAMONGO-717</id>
    <title ob="x" eb="" sr="">Application context is not properly distributed to persistent entities</title>
    <desc>
        <parg ob="" eb="" sr="" id="1">
            <st ob="x" eb="" sr="" id="1.1">The MongoMappingContext does not properly distribute the application context when set to persistent entities that have already been added.</st>
            <st ob="" eb="" sr="x" id="1.2">Current code:</st>
        </parg>
        <parg ob="" eb="" sr="" id="2">
            <st ob="" eb="" sr="" id="2.1">MongoMappingContext.java</st>
        </parg>
        <parg ob="" eb="" sr="" id="3">
            <st ob="" eb="" sr="" id="3.1">@Override</st>
        </parg>
        <parg ob="" eb="" sr="" id="4">
            <st ob="" eb="" sr="" id="4.1">protected &lt;T&gt; BasicMongoPersistentEntity&lt;T&gt; createPersistentEntity(TypeInformation&lt;T&gt; typeInformation) {</st>
        </parg>
        <parg ob="" eb="" sr="" id="5">
            <st ob="" eb="" sr="" id="5.1">BasicMongoPersistentEntity&lt;T&gt; entity = new BasicMongoPersistentEntity&lt;T&gt;(typeInformation);</st>
        </parg>
        <parg ob="" eb="" sr="" id="6">
            <st ob="" eb="" sr="" id="6.1">if (context !</st>
            <st ob="" eb="" sr="" id="6.2">= null) {</st>
        </parg>
        <parg ob="" eb="" sr="" id="7">
            <st ob="" eb="" sr="" id="7.1">entity.setApplicationContext(context);</st>
        </parg>
        <parg ob="" eb="" sr="" id="8">
            <st ob="" eb="" sr="" id="8.1">}</st>
        </parg>
        <parg ob="" eb="" sr="" id="9">
            <st ob="" eb="" sr="" id="9.1">return entity;</st>
        </parg>
        <parg ob="" eb="" sr="" id="10">
            <st ob="" eb="" sr="" id="10.1">}</st>
        </parg>
        <parg ob="" eb="" sr="" id="11">
            <st ob="" eb="" sr="" id="11.1">@Override</st>
        </parg>
        <parg ob="" eb="" sr="" id="12">
            <st ob="" eb="" sr="" id="12.1">public void setApplicationContext(ApplicationContext applicationContext) throws BeansException {</st>
        </parg>
        <parg ob="" eb="" sr="" id="13">
            <st ob="" eb="" sr="" id="13.1">this.context = applicationContext;</st>
        </parg>
        <parg ob="" eb="" sr="" id="14">
            <st ob="" eb="" sr="" id="14.1">super.setApplicationContext(applicationContext);</st>
        </parg>
        <parg ob="" eb="" sr="" id="15">
            <st ob="" eb="" sr="" id="15.1">}</st>
        </parg>
        <parg ob="" eb="" sr="" id="16">
            <st ob="" eb="" sr="" id="16.1">Possible fix:</st>
        </parg>
        <parg ob="" eb="" sr="" id="17">
            <st ob="" eb="" sr="" id="17.1">MongoMappingContext.java</st>
        </parg>
        <parg ob="" eb="" sr="" id="18">
            <st ob="" eb="" sr="" id="18.1">@Override</st>
        </parg>
        <parg ob="" eb="" sr="" id="19">
            <st ob="" eb="" sr="" id="19.1">public void setApplicationContext(ApplicationContext applicationContext) throws BeansException {</st>
        </parg>
        <parg ob="" eb="" sr="" id="20">
            <st ob="" eb="" sr="" id="20.1">this.context = applicationContext;</st>
        </parg>
        <parg ob="" eb="" sr="" id="21">
            <st ob="" eb="" sr="" id="21.1">super.setApplicationContext(applicationContext);</st>
        </parg>
        <parg ob="" eb="" sr="" id="22">
            <st ob="" eb="" sr="" id="22.1">// Send the application context to ALL the PersistentEntities, not just ones created after this point</st>
        </parg>
        <parg ob="" eb="" sr="" id="23">
            <st ob="" eb="" sr="" id="23.1">for (BasicMongoPersistentEntity entity : getPersistentEntities()) {</st>
        </parg>
        <parg ob="" eb="" sr="" id="24">
            <st ob="" eb="" sr="" id="24.1">entity.setApplicationContext(applicationContext);</st>
        </parg>
        <parg ob="" eb="" sr="" id="25">
            <st ob="" eb="" sr="" id="25.1">}</st>
        </parg>
        <parg ob="" eb="" sr="" id="26">
            <st ob="" eb="" sr="" id="26.1">}</st>
        </parg>
        <parg ob="" eb="" sr="" id="27">
            <st ob="" eb="" sr="" id="27.1">See referenced URL PoC, no_indexes branch, test: MultiTenantTest::testMultiTenantSave() for example.</st>
            <st ob="" eb="" sr="" id="27.2">UPDATE:</st>
            <st ob="" eb="" sr="" id="27.3">AbstractMongoConfiguration is calling initialize() on MongoMappingContext before it returns the object.</st>
        </parg>
        <parg ob="" eb="" sr="" id="28">
            <st ob="" eb="" sr="" id="28.1">AbstractMongoConfiguration</st>
        </parg>
        <parg ob="" eb="" sr="" id="29">
            <st ob="" eb="" sr="" id="29.1">@Bean</st>
        </parg>
        <parg ob="" eb="" sr="" id="30">
            <st ob="" eb="" sr="" id="30.1">public MongoMappingContext mongoMappingContext() throws ClassNotFoundException {</st>
        </parg>
        <parg ob="" eb="" sr="" id="31">
            <st ob="" eb="" sr="" id="31.1">MongoMappingContext mappingContext = new MongoMappingContext();</st>
        </parg>
        <parg ob="" eb="" sr="" id="32">
            <st ob="" eb="" sr="" id="32.1">mappingContext.setInitialEntitySet(getInitialEntitySet());</st>
        </parg>
        <parg ob="" eb="" sr="" id="33">
            <st ob="" eb="" sr="" id="33.1">mappingContext.setSimpleTypeHolder(customConversions().</st>
            <st ob="" eb="" sr="" id="33.2">getSimpleTypeHolder());</st>
        </parg>
        <parg ob="" eb="" sr="" id="34">
            <st ob="" eb="" sr="" id="34.1">mappingContext.initialize(); // &lt;----</st>
        </parg>
        <parg ob="" eb="" sr="" id="35">
            <st ob="" eb="" sr="" id="35.1">return mappingContext;</st>
        </parg>
        <parg ob="" eb="" sr="" id="36">
            <st ob="" eb="" sr="" id="36.1">}</st>
        </parg>
    </desc>
</bug>
