<?xml version="1.0" encoding="UTF-8" standalone="yes"?>
<bug no-bug="" comments="">
    <id>DATAMONGO-1202</id>
    <title ob="" eb="" sr="">Indexed annotation problems under generics</title>
    <desc>
        <parg ob="" eb="" sr="" id="1">
            <st ob="" eb="" sr="" id="1.1">There is a problem with the @Indexed annotation with the model classes.</st>
            <st ob="x" eb="" sr="" id="1.2">Under simple scenarios with reflexive DBRef relations works as expected, but if used in conjunction with generics it doesn't create the index expected.</st>
            <st ob="" eb="" sr="x" id="1.3">I provide a github project with two scenarios:</st>
        </parg>
        <parg ob="" eb="" sr="" id="2">
            <st ob="" eb="" sr="x" id="2.1">Employer: Very simple reflexive relation that works nicely (EmployerTest)</st>
            <st ob="" eb="" sr="x" id="2.2">Customer: A little more complex scenario using GenericCustomer as a base class to allow having many different kinds of customers.</st>
            <st ob="" eb="" sr="x" id="2.3">This scenario fails at creating the index (CustomerTest).</st>
        </parg>
        <parg ob="" eb="" sr="" id="3">
            <st ob="" eb="" sr="" id="3.1">This test runs without a Mongo server because it uses embedmongo-spring (https://github.com/jirutka/embedmongo-spring) at a random port each time the test runs.</st>
            <st ob="x" eb="" sr="" id="3.2">If you run Application it will just create indexes and put some data in customer collection assuming a MongoD is running locally at 27017</st>
        </parg>
    </desc>
</bug>
