<?xml version="1.0" encoding="UTF-8" standalone="yes"?>
<bug no-bug="" comments="">
    <id>DATAMONGO-467</id>
    <title ob="x" eb="" sr="">String @id field is not mapped to ObjectId when using QueryDSL ".id" path</title>
    <desc>
        <parg ob="" eb="" sr="" id="1">
            <st ob="" eb="" sr="x" id="1.1">Using this entity (@Document) definition with a String as the declared ID:</st>
        </parg>
        <parg ob="" eb="" sr="" id="2">
            <st ob="" eb="" sr="" id="2.1">User.class</st>
        </parg>
        <parg ob="" eb="" sr="" id="3">
            <st ob="" eb="" sr="" id="3.1">...</st>
        </parg>
        <parg ob="" eb="" sr="" id="4">
            <st ob="" eb="" sr="" id="4.1">@Id String id;</st>
        </parg>
        <parg ob="" eb="" sr="" id="5">
            <st ob="" eb="" sr="x" id="5.1">and the following query</st>
        </parg>
        <parg ob="" eb="" sr="" id="6">
            <st ob="" eb="" sr="" id="6.1">QUser.id.eq("4f43b6a384aea4e77d403709")</st>
        </parg>
        <parg ob="" eb="" sr="" id="7">
            <st ob="x" eb="" sr="" id="7.1">Always returns null for a repository find.</st>
            <st ob="x" eb="" sr="" id="7.2">Looking at the mongoDb query log (mongod -v) it appears that the spring-data-mongodb/QueryDSL layers are not translating the String 4f43b6a384aea4e77d403709 to ObjectId("4f43b6a384aea4e77d403709") as one would normally do in the mongo shell.</st>
        </parg>
    </desc>
</bug>
