<?xml version="1.0" encoding="UTF-8" standalone="yes"?>
<bug no-bug="" comments="">
    <id>DATAMONGO-1436</id>
    <title ob="" eb="" sr="">CustomConversions complains about built-in converters</title>
    <desc>
        <parg ob="" eb="" sr="" id="1">
            <st ob="x" eb="" sr="x" id="1.1">When registering any custom converters for MongoDB, the CustomConversions constructor_ adds a whole slew of hard-coded converters to the list.</st>
            <st ob="x" eb="" sr="" id="1.2">These include NumberToNumberConverterFactory, which apparently converts java.lang.Number-&gt;java.lang.Number and causes warnings to be logged.</st>
        </parg>
    </desc>
</bug>
