<?xml version="1.0" encoding="UTF-8" standalone="yes"?>
<bug no-bug="" comments="">
    <id>DATAMONGO-1078</id>
    <title ob="x" eb="" sr="">@Query annotated repository query fails to map complex Id structure.</title>
    <desc>
        <parg ob="" eb="" sr="" id="1">
            <st ob="x" eb="" sr="" id="1.1">StringBasedMongoQuery converts any complex object to the according mongo type including type restrictions via _class.</st>
            <st ob="" eb="" sr="x" id="1.2">Therefore annotated queries like:</st>
        </parg>
        <parg ob="" eb="" sr="" id="2">
            <st ob="" eb="" sr="" id="2.1">@Query("{'_id': {$in: ?</st>
            <st ob="" eb="" sr="" id="2.2">0}}")</st>
        </parg>
        <parg ob="" eb="" sr="" id="3">
            <st ob="" eb="" sr="" id="3.1">List&lt;User&gt; findByUserIds(Collection&lt;MyUserId&gt; userIds);</st>
        </parg>
        <parg ob="" eb="" sr="" id="4">
            <st ob="x" eb="" sr="" id="4.1">end up being converted to:</st>
        </parg>
        <parg ob="" eb="" sr="" id="5">
            <st ob="" eb="" sr="" id="5.1">{_id:  {$in: [ {_class:"com.sampleuser.MyUserId", userId:"....", sampleId:"...."}, ...</st>
        </parg>
        <parg ob="" eb="" sr="" id="6">
            <st ob="" eb="x" sr="" id="6.1">So we need to check for the presence of typeKey when converting id properties.</st>
        </parg>
    </desc>
</bug>
