<?xml version="1.0" encoding="UTF-8" standalone="yes"?>
<bug no-bug="" comments="">
    <id>DATAMONGO-1232</id>
    <title ob="" eb="x" sr="">IgnoreCase should escape queries</title>
    <desc>
        <parg ob="" eb="" sr="" id="1">
            <st ob="x" eb="" sr="" id="1.1">The IgnoreCase query generator is subject to a sort of "regex injection" attack, because the query generator simply slaps ^.</st>
            <st ob="x" eb="" sr="" id="1.2">.</st>
            <st ob="x" eb="" sr="" id="1.3">$ around the string and passes it directly to MongoDB.</st>
            <st ob="x" eb="" sr="" id="1.4">This fails when the string contains any sort of special characters.</st>
            <st ob="x" eb="" sr="x" id="1.5">In my case, I'm trying to perform a case-insensitive find on an e-mail address with the + sign, a legal character, but the regex interprets this as 1.</st>
            <st ob="x" eb="" sr="" id="1.6">.</st>
            <st ob="x" eb="" sr="" id="1.7">*.</st>
            <st ob="" eb="x" sr="" id="1.8">The query generator needs to properly escape regex-special characters.</st>
        </parg>
    </desc>
</bug>
