<?xml version="1.0" encoding="UTF-8" standalone="yes"?>
<bug no-bug="" comments="">
    <id>DATAMONGO-745</id>
    <title ob="x" eb="" sr="">@Query($in) and Pageable in result Page total = 0</title>
    <desc>
        <parg ob="" eb="" sr="" id="1">
            <st ob="x" eb="" sr="x" id="1.1">Hi If I used MongoRepository and anotation Quary and Pageable in response I get true result but getTotalElements == 0</st>
            <st ob="" eb="" sr="" id="1.2">@Query("{'snapshotId' : ?</st>
            <st ob="" eb="" sr="" id="1.3">0 ,'defects.id':{ $in:?</st>
            <st ob="" eb="" sr="" id="1.4">1}}")</st>
            <st ob="" eb="" sr="" id="1.5">Page&lt;Test&gt; findBySnapshotIdAndDefects(ObjectId snapshotId, List&lt;Integer&gt; defectIds, Pageable pageable);</st>
            <st ob="" eb="" sr="" id="1.6">Base Struct</st>
            <st ob="" eb="" sr="" id="1.7">{5225a5ece4b0a01629fce9c6={ "_id" :</st>
            <st ob="" eb="" sr="" id="1.8">{ "$oid" : "5225a5ece4b0a01629fce9c6"}</st>
            <st ob="" eb="" sr="" id="1.9">, "snapshotId" :</st>
            <st ob="" eb="" sr="" id="1.10">{ "$oid" : "5225a5ece4b0a01629fce9c5"}</st>
            <st ob="" eb="" sr="" id="1.11">, "defects" : [</st>
            <st ob="" eb="" sr="" id="1.12">{ "_id" : 1 }</st>
            <st ob="" eb="" sr="" id="1.13">]}</st>
        </parg>
    </desc>
</bug>
