<?xml version="1.0" encoding="UTF-8" standalone="yes"?>
<bug no-bug="" comments="">
    <id>DATAMONGO-629</id>
    <title ob="x" eb="" sr="">Different results when using count and find with the same criteria with 'id' field</title>
    <desc>
        <parg ob="" eb="" sr="" id="1">
            <st ob="" eb="" sr="x" id="1.1">Assume we have following query:</st>
        </parg>
        <parg ob="" eb="" sr="" id="2">
            <st ob="" eb="" sr="" id="2.1">Query q = query(where('id').</st>
            <st ob="" eb="" sr="" id="2.2">regex('zzz'))</st>
        </parg>
        <parg ob="" eb="" sr="" id="3">
            <st ob="x" eb="" sr="" id="3.1">mongoTemplate.find(q,java.util.HashMap.class,'test') gives following query (peeked in mongo console):</st>
        </parg>
        <parg ob="" eb="" sr="" id="4">
            <st ob="" eb="" sr="" id="4.1">{ "ts" : ISODate("2013-03-22T10:00:51.685Z"),</st>
        </parg>
        <parg ob="" eb="" sr="" id="5">
            <st ob="" eb="" sr="" id="5.1">"op" : "query",</st>
        </parg>
        <parg ob="" eb="" sr="" id="6">
            <st ob="" eb="" sr="" id="6.1">"ns" : "test.test",</st>
        </parg>
        <parg ob="" eb="" sr="" id="7">
            <st ob="" eb="" sr="" id="7.1">"query" : {</st>
        </parg>
        <parg ob="" eb="" sr="" id="8">
            <st ob="" eb="" sr="" id="8.1">"id" : /zzz/</st>
        </parg>
        <parg ob="" eb="" sr="" id="9">
            <st ob="" eb="" sr="" id="9.1">},</st>
        </parg>
        <parg ob="" eb="" sr="" id="10">
            <st ob="" eb="" sr="" id="10.1">"nscanned" : 1,</st>
        </parg>
        <parg ob="" eb="" sr="" id="11">
            <st ob="" eb="" sr="" id="11.1">"responseLength" : 20,</st>
        </parg>
        <parg ob="" eb="" sr="" id="12">
            <st ob="" eb="" sr="" id="12.1">"millis" : 0,</st>
        </parg>
        <parg ob="" eb="" sr="" id="13">
            <st ob="" eb="" sr="" id="13.1">"client" : "127.0.0.1",</st>
        </parg>
        <parg ob="" eb="" sr="" id="14">
            <st ob="" eb="" sr="" id="14.1">"user" : ""</st>
        </parg>
        <parg ob="" eb="" sr="" id="15">
            <st ob="" eb="" sr="" id="15.1">}</st>
        </parg>
        <parg ob="" eb="" sr="" id="16">
            <st ob="x" eb="" sr="" id="16.1">The same query, when used in count (mongoTemplate.count(q,'test')) gives:</st>
        </parg>
        <parg ob="" eb="" sr="" id="17">
            <st ob="" eb="" sr="" id="17.1">{</st>
        </parg>
        <parg ob="" eb="" sr="" id="18">
            <st ob="" eb="" sr="" id="18.1">"ts" : ISODate("2013-03-22T10:00:36.299Z"),</st>
        </parg>
        <parg ob="" eb="" sr="" id="19">
            <st ob="" eb="" sr="" id="19.1">"op" : "command",</st>
        </parg>
        <parg ob="" eb="" sr="" id="20">
            <st ob="" eb="" sr="" id="20.1">"ns" : "test.</st>
            <st ob="" eb="" sr="" id="20.2">$cmd",</st>
        </parg>
        <parg ob="" eb="" sr="" id="21">
            <st ob="" eb="" sr="" id="21.1">"command" : {</st>
        </parg>
        <parg ob="" eb="" sr="" id="22">
            <st ob="" eb="" sr="" id="22.1">"count" : "test",</st>
        </parg>
        <parg ob="" eb="" sr="" id="23">
            <st ob="" eb="" sr="" id="23.1">"query" : {</st>
        </parg>
        <parg ob="" eb="" sr="" id="24">
            <st ob="" eb="" sr="" id="24.1">"_id" : /zzz/</st>
        </parg>
        <parg ob="" eb="" sr="" id="25">
            <st ob="" eb="" sr="" id="25.1">}</st>
        </parg>
        <parg ob="" eb="" sr="" id="26">
            <st ob="" eb="" sr="" id="26.1">},</st>
        </parg>
        <parg ob="" eb="" sr="" id="27">
            <st ob="" eb="" sr="" id="27.1">"ntoreturn" : 1,</st>
        </parg>
        <parg ob="" eb="" sr="" id="28">
            <st ob="" eb="" sr="" id="28.1">"responseLength" : 48,</st>
        </parg>
        <parg ob="" eb="" sr="" id="29">
            <st ob="" eb="" sr="" id="29.1">"millis" : 0,</st>
        </parg>
        <parg ob="" eb="" sr="" id="30">
            <st ob="" eb="" sr="" id="30.1">"client" : "127.0.0.1",</st>
        </parg>
        <parg ob="" eb="" sr="" id="31">
            <st ob="" eb="" sr="" id="31.1">"user" : ""</st>
        </parg>
        <parg ob="" eb="" sr="" id="32">
            <st ob="" eb="" sr="" id="32.1">}</st>
        </parg>
        <parg ob="" eb="" sr="" id="33">
            <st ob="x" eb="" sr="" id="33.1">This is inconsistent since we could have records with field id and they will be retrieved properly from the db.</st>
            <st ob="x" eb="" sr="" id="33.2">Count on the other hand will give bad results since it uses _id field.</st>
            <st ob="" eb="" sr="" id="33.3">In org.springframework.data.mongodb.core.convert.QueryMapper the method determineKey, for some reason treats id and _id as the same field.</st>
            <st ob="x" eb="" sr="" id="33.4">This is probably the cause of the strange behaviour because find() method does not use QueryMapper and count() does.</st>
        </parg>
    </desc>
</bug>
