<?xml version="1.0" encoding="UTF-8" standalone="yes"?>
<bug no-bug="" comments="">
    <id>DATAMONGO-1123</id>
    <title ob="x" eb="" sr="">geoNear, does not return all matching elements, it returns only a max of 100 documents</title>
    <desc>
        <parg ob="" eb="" sr="" id="1">
            <st ob="" eb="" sr="" id="1.1">Aloha,</st>
            <st ob="" eb="" sr="x" id="1.2">I have the following query:</st>
        </parg>
        <parg ob="" eb="" sr="" id="2">
            <st ob="" eb="" sr="" id="2.1">public GeoResults&lt;MyObject&gt; findByTypeAndLocationNear(MyObjectType type, Point p, Distance distance) {</st>
        </parg>
        <parg ob="" eb="" sr="" id="3">
            <st ob="" eb="" sr="" id="3.1">final NearQuery nearQuery = NearQuery.near(p).</st>
            <st ob="" eb="" sr="" id="3.2">maxDistance(distance);</st>
        </parg>
        <parg ob="" eb="" sr="" id="4">
            <st ob="" eb="" sr="" id="4.1">log.info("{}",nearQuery.toDBObject());</st>
        </parg>
        <parg ob="" eb="" sr="" id="5">
            <st ob="" eb="" sr="" id="5.1">return mongoTemplate.geoNear(nearQuery, MyObject.class);</st>
        </parg>
        <parg ob="" eb="" sr="" id="6">
            <st ob="" eb="" sr="" id="6.1">}</st>
        </parg>
        <parg ob="" eb="" sr="" id="7">
            <st ob="" eb="" sr="" id="7.1">The geoNear method is documented like this:</st>
        </parg>
        <parg ob="" eb="" sr="" id="8">
            <st ob="" eb="" sr="" id="8.1">Returns {@link GeoResults} for all entities matching the given {@link NearQuery}.</st>
        </parg>
        <parg ob="" eb="" sr="" id="9">
            <st ob="x" eb="x" sr="" id="9.1">I expect 1000 "matching" documents But i only get 100.</st>
            <st ob="x" eb="" sr="" id="9.2">There is some default being set, that restricts the result to 100.</st>
            <st ob="" eb="" sr="" id="9.3">That should be stated in the method.</st>
            <st ob="" eb="" sr="" id="9.4">And another method having a pageable should be added.</st>
            <st ob="" eb="" sr="" id="9.5">What do you think?</st>
        </parg>
    </desc>
</bug>
