<?xml version="1.0" encoding="UTF-8" standalone="yes"?>
<bug no-bug="" comments="">
    <id>DATAMONGO-602</id>
    <title ob="x" eb="" sr="x">Querying with $in operator on the id field of type BigInteger returns zero results</title>
    <desc>
        <parg ob="" eb="" sr="" id="1">
            <st ob="" eb="" sr="x" id="1.1">There is a problem when trying to query for documents with id field is in a given list of BigInteger values.</st>
            <st ob="" eb="" sr="" id="1.2">Id field is mapped as a BigInteger.</st>
            <st ob="" eb="" sr="x" id="1.3">For example, these lines will work only if given id list contains only one item.</st>
        </parg>
        <parg ob="" eb="" sr="" id="2">
            <st ob="" eb="" sr="" id="2.1">List&lt;BigInteger&gt; profileIds = findProfileIds();</st>
        </parg>
        <parg ob="" eb="" sr="" id="3">
            <st ob="" eb="" sr="" id="3.1">Predicate predicate = QProfileDocument.profileDocument.id.in(profileIds);</st>
        </parg>
        <parg ob="" eb="" sr="" id="4">
            <st ob="" eb="" sr="" id="4.1">Iterable&lt;ProfileDocument&gt; profiles = profileRepository.findAll(predicate);</st>
        </parg>
        <parg ob="" eb="" sr="" id="5">
            <st ob="" eb="" sr="" id="5.1">The underlying MongodbQuery is different if there is only one item in profileIds.</st>
            <st ob="x" eb="" sr="" id="5.2">The query looks like this for a profileIds with multiple elements</st>
        </parg>
        <parg ob="" eb="" sr="" id="6">
            <st ob="" eb="" sr="" id="6.1">{ "_id" : { "$in" : [ "25069473312490162649510603609" , "25045916045544535958655878835"]}}</st>
        </parg>
        <parg ob="" eb="" sr="" id="7">
            <st ob="x" eb="" sr="" id="7.1">and it looks like this when there is only one item in the list.</st>
        </parg>
        <parg ob="" eb="" sr="" id="8">
            <st ob="" eb="" sr="" id="8.1">{ "_id" : { "$oid" : "5100fb776c67e7e092be6b59"}}</st>
        </parg>
        <parg ob="" eb="" sr="" id="9">
            <st ob="x" eb="" sr="" id="9.1">In the first case, query will return no results and in the second it will work and return an Iterable with one item.</st>
            <st ob="" eb="" sr="" id="9.2">As you can see, the problem is with the representation of the BigInteger.</st>
            <st ob="" eb="" sr="" id="9.3">using decimal format will not work with MongoDB.</st>
        </parg>
    </desc>
</bug>
