<?xml version="1.0" encoding="UTF-8" standalone="yes"?>
<bug no-bug="" comments="">
    <id>DATAMONGO-1289</id>
    <title ob="x" eb="" sr="x">NullPointerException when saving an object with no "id" field or @Id annotation</title>
    <desc>
        <parg ob="" eb="" sr="" id="1">
            <st ob="" eb="" sr="" id="1.1">According to the documentation:</st>
        </parg>
        <parg ob="" eb="" sr="" id="2">
            <st ob="" eb="x" sr="" id="2.1">If no field or property specified above is present in the Java class then an implicit '_id' file will be generated by the driver but not mapped to a property or field of the Java class.</st>
        </parg>
        <parg ob="" eb="" sr="" id="3">
            <st ob="x" eb="" sr="x" id="3.1">Instead of this, I'm seeing a NullPointerException when attempting to save an object that doesn't have an "id" field or an @Id annotated field.</st>
            <st ob="" eb="" sr="" id="3.2">This was working in 1.6.0, but seems to have changed at least in 1.6.2 (did not test 1.6.1) and is still not working as I expect in newer versions</st>
        </parg>
    </desc>
</bug>
