<?xml version="1.0" encoding="UTF-8" standalone="yes"?>
<bug no-bug="" comments="">
    <id>DATAMONGO-1050</id>
    <title ob="x" eb="" sr="">SimpleMongoRepository.findById(id, class)  don't return ids for nested documents.</title>
    <desc>
        <parg ob="" eb="" sr="" id="1">
            <st ob="x" eb="" sr="" id="1.1">SimpleMongoRepository.findById(id, class)  don't return ids for nested documents.</st>
            <st ob="" eb="" sr="x" id="1.2">E.g.</st>
        </parg>
        <parg ob="" eb="" sr="" id="2">
            <st ob="" eb="" sr="" id="2.1">class A {</st>
        </parg>
        <parg ob="" eb="" sr="" id="3">
            <st ob="" eb="" sr="" id="3.1">private String id; //stored in mongo as "id"</st>
        </parg>
        <parg ob="" eb="" sr="" id="4">
            <st ob="" eb="" sr="" id="4.1">private String name;</st>
        </parg>
        <parg ob="" eb="" sr="" id="5">
            <st ob="" eb="" sr="" id="5.1">}</st>
        </parg>
        <parg ob="" eb="" sr="" id="6">
            <st ob="" eb="" sr="" id="6.1">class B {</st>
        </parg>
        <parg ob="" eb="" sr="" id="7">
            <st ob="" eb="" sr="" id="7.1">private String id; // stored in mongo as "_id"</st>
        </parg>
        <parg ob="" eb="" sr="" id="8">
            <st ob="" eb="" sr="" id="8.1">private List&lt;A&gt; innerDocs;</st>
        </parg>
        <parg ob="" eb="" sr="" id="9">
            <st ob="" eb="" sr="" id="9.1">}</st>
        </parg>
        <parg ob="" eb="" sr="" id="10">
            <st ob="x" eb="" sr="" id="10.1">When it return B documents, innerDocs A objects have id == null.</st>
            <st ob="" eb="" sr="" id="10.2">If i refactor A.id to A.myId, then it start working correctly.</st>
            <st ob="" eb="" sr="" id="10.3">Saving data (save, updateFirst, etc) always save fields correctly.</st>
            <st ob="" eb="" sr="" id="10.4">A and B objects are pojos (only lombok @Data and @NoArgsConstructor is used to provide getters and setters).</st>
            <st ob="" eb="" sr="" id="10.5">Ids are created by mongo.</st>
            <st ob="" eb="" sr="" id="10.6">Could it related somehow  to ids that have 24 characters, but stored not as "_id"?</st>
            <st ob="" eb="" sr="" id="10.7">Easy workaround is to have different field name (not "id").</st>
        </parg>
    </desc>
</bug>
