<?xml version="1.0" encoding="UTF-8" standalone="yes"?>
<bug no-bug="" comments="">
    <id>CASSANDRA-3745</id>
    <title ob="x" eb="" sr="">contrib/PIG example fails when column metadata exists for CF</title>
    <desc>
        <parg ob="" eb="" sr="" id="1">
            <st ob="" eb="" sr="" id="1.1">I have a sandbox CF for prototyping and it has 17 Secondary Indexes defined.</st>
            <st ob="x" eb="" sr="x" id="1.2">When I would run the contrib/PIG example, using pig 0.8.1 and even the pig 0.8.3 jar, with Cassandra 1.0.6, I would receive the following error from the second line of the example script [ cols = FOREACH rows GENERATE flatten(columns); ]:</st>
        </parg>
        <parg ob="" eb="" sr="" id="2">
            <st ob="" eb="" sr="" id="2.1">2012-01-14 06:54:27,551 [main] ERROR org.apache.pig.tools.grunt.Grunt - ERROR 1007: Found duplicates in schema.</st>
            <st ob="" eb="" sr="" id="2.2">: 18 columns.</st>
            <st ob="" eb="" sr="" id="2.3">Please alias the columns with unique names.</st>
        </parg>
        <parg ob="" eb="" sr="" id="3">
            <st ob="" eb="" sr="x" id="3.1">I proceeded to drop all of the indexes, and tried again.</st>
            <st ob="x" eb="" sr="" id="3.2">Same error.</st>
            <st ob="x" eb="" sr="" id="3.3">On further inspection, show schema showed that the metadata still existed on the CF from the indexes.</st>
            <st ob="" eb="" sr="x" id="3.4">I ran the following:</st>
        </parg>
        <parg ob="" eb="" sr="" id="4">
            <st ob="" eb="" sr="" id="4.1">update column family user with column_metadata = [];</st>
        </parg>
        <parg ob="" eb="" sr="" id="5">
            <st ob="" eb="" sr="" id="5.1">I can now run the full contrib/pig example against my CF.</st>
        </parg>
        <parg ob="" eb="" sr="" id="6">
            <st ob="x" eb="" sr="x" id="6.1">*If I select another CF with 2 secondary indexes, the same behaviour persists:</st>
        </parg>
        <parg ob="" eb="" sr="" id="7">
            <st ob="" eb="" sr="" id="7.1">2012-01-14 08:34:31,413 [main] ERROR org.apache.pig.tools.grunt.Grunt - ERROR 1007: Found duplicates in schema.</st>
            <st ob="" eb="" sr="" id="7.2">: 3 columns.</st>
            <st ob="" eb="" sr="" id="7.3">Please alias the columns with unique names.</st>
        </parg>
        <parg ob="" eb="" sr="" id="8">
            <st ob="" eb="" sr="" id="8.1">grunt&gt; describe users;</st>
            <st ob="" eb="" sr="" id="8.2">2012-01-14 08:36:58,227 [main] INFO  org.apache.hadoop.metrics.jvm.JvmMetrics - Cannot initialize JVM Metrics with processName=JobTracker, sessionId= - already initialized users: {key: bytearray,columns: {T: (name: chararray,value: bytearray,column_family: chararray,value: bytearray,owner_id: chararray,value: bytearray)}} grunt&gt;</st>
        </parg>
        <parg ob="" eb="" sr="" id="9">
            <st ob="" eb="" sr="" id="9.1">grunt&gt; dump users;</st>
            <st ob="" eb="" sr="" id="9.2">&lt;-- removed INFO/WARN output --&gt;</st>
        </parg>
        <parg ob="" eb="" sr="" id="10">
            <st ob="" eb="" sr="" id="10.1">HadoopVersion   PigVersion      UserId  StartedAt       FinishedAt      Features</st>
            <st ob="" eb="" sr="" id="10.2">0.20.2  0.8.1   sasha   2012-01-14 08:37:24     2012-01-14 08:37:43     UNKNOWN</st>
        </parg>
        <parg ob="" eb="" sr="" id="11">
            <st ob="" eb="" sr="" id="11.1">Success!</st>
        </parg>
        <parg ob="" eb="" sr="" id="12">
            <st ob="" eb="" sr="" id="12.1">Job Stats (time in seconds):</st>
            <st ob="" eb="" sr="" id="12.2">JobId   Alias   Feature Outputs job_local_0001  users   MAP_ONLY        file:/tmp/temp-1366421017/tmp-1001688304,</st>
        </parg>
        <parg ob="" eb="" sr="" id="13">
            <st ob="" eb="" sr="" id="13.1">Input(s):</st>
            <st ob="" eb="" sr="" id="13.2">Successfully read records from: "cassandra://sdo/entity_relations"</st>
        </parg>
        <parg ob="" eb="" sr="" id="14">
            <st ob="" eb="" sr="" id="14.1">Output(s):</st>
            <st ob="" eb="" sr="" id="14.2">Successfully stored records in: "file:/tmp/temp-1366421017/tmp-1001688304"</st>
        </parg>
        <parg ob="" eb="" sr="" id="15">
            <st ob="" eb="" sr="" id="15.1">Job DAG:</st>
            <st ob="" eb="" sr="" id="15.2">job_local_0001</st>
        </parg>
        <parg ob="" eb="" sr="" id="16">
            <st ob="" eb="" sr="" id="16.1">(d1540edc-cb16-47dd-96e3-90e1657c2d77:a721966c6026ee85ef35f2108b75d3784b52bf1217f0b62564bdefe67b9504d9,{(content_id,d1540edc-cb16-47dd-96e3-90e1657c2d77:a721966c6026ee85ef35f2108b75d3784b52bf1217f0b62564bdefe67b9504d9),(owner_id,d1540edc-cb16-47dd-96e3-90e1657c2d77)})</st>
            <st ob="" eb="" sr="" id="16.2">grunt&gt;</st>
        </parg>
        <parg ob="" eb="" sr="" id="17">
            <st ob="" eb="" sr="" id="17.1">I have also tried this with PIG 0.9.1 but encounter https://issues.apache.org/jira/browse/CASSANDRA-3371</st>
        </parg>
    </desc>
</bug>
