<?xml version="1.0" encoding="UTF-8" standalone="yes"?>
<bug no-bug="" comments="">
    <id>CASSANDRA-8864</id>
    <title ob="x" eb="" sr="">NPE in CQLSSTableWriter when bulk loading data from Hadoop</title>
    <desc>
        <parg ob="" eb="" sr="" id="1">
            <st ob="" eb="" sr="" id="1.1">CASSANDRA-8280 introduced a bug in CQLSSTableWriter when used by CqlBulkRecordWriter.</st>
            <st ob="x" eb="" sr="" id="1.2">It assumes fields in the DatabaseDescriptor is set when they are not, causing NPE.</st>
        </parg>
        <parg ob="" eb="" sr="" id="2">
            <st ob="x" eb="" sr="" id="2.1">Relevant stack trace below.</st>
        </parg>
        <parg ob="" eb="" sr="" id="3">
            <st ob="" eb="" sr="" id="3.1">Error: java.lang.NullPointerException at org.apache.cassandra.config.DatabaseDescriptor.createAllDirectories(DatabaseDescriptor.java:605)</st>
            <st ob="" eb="" sr="" id="3.2">  at org.apache.cassandra.db.Keyspace.&lt;clinit&gt;(Keyspace.java:73)</st>
            <st ob="" eb="" sr="" id="3.3">  at org.apache.cassandra.cql3.statements.UpdateStatement.addUpdateForKey(UpdateStatement.java:109)</st>
            <st ob="" eb="" sr="" id="3.4">  at org.apache.cassandra.io.sstable.CQLSSTableWriter.rawAddRow(CQLSSTableWriter.java:218)</st>
            <st ob="" eb="" sr="" id="3.5">  at com.spotify.hdfs2cass.cassandra.cql.CrunchCqlBulkRecordWriter.write(CrunchCqlBulkRecordWriter.java:114)</st>
            <st ob="" eb="" sr="" id="3.6">  at com.spotify.hdfs2cass.cassandra.cql.CrunchCqlBulkRecordWriter.write(CrunchCqlBulkRecordWriter.java:51)</st>
            <st ob="" eb="" sr="" id="3.7">  at org.apache.crunch.io.CrunchOutputs.write(CrunchOutputs.java:133)</st>
            <st ob="" eb="" sr="" id="3.8">  at org.apache.crunch.impl.mr.emit.MultipleOutputEmitter.emit(MultipleOutputEmitter.java:41)</st>
            <st ob="" eb="" sr="" id="3.9">  at org.apache.crunch.MapFn.process(MapFn.java:34)</st>
        </parg>
    </desc>
</bug>
