<?xml version="1.0" encoding="UTF-8" standalone="yes"?>
<bug no-bug="" comments="">
    <id>CASSANDRA-7456</id>
    <title ob="x" eb="" sr="">Hinted Handoff: java.lang.ArithmeticException: / by zero</title>
    <desc>
        <parg ob="" eb="" sr="" id="1">
            <st ob="x" eb="" sr="" id="1.1">We are seeing this exception.</st>
            <st ob="x" eb="" sr="" id="1.2">This is similar to CASSANDRA-5990 but here the exception is coming because hintStore.getMeanRowSize() is returning zero i think.</st>
            <st ob="x" eb="" sr="" id="1.3">This is blowing up in return Math.max(2, Math.min(PAGE_SIZE, DatabaseDescriptor.getInMemoryCompactionLimit() / averageColumnSize));</st>
        </parg>
        <parg ob="" eb="" sr="" id="2">
            <st ob="" eb="" sr="" id="2.1">java.lang.ArithmeticException: / by zero</st>
            <st ob="" eb="" sr="" id="2.2">	at org.apache.cassandra.db.HintedHandOffManager.calculatePageSize(HintedHandOffManager.java:504)</st>
            <st ob="" eb="" sr="" id="2.3">	at org.apache.cassandra.db.HintedHandOffManager.doDeliverHintsToEndpoint(HintedHandOffManager.java:352)</st>
            <st ob="" eb="" sr="" id="2.4">	at org.apache.cassandra.db.HintedHandOffManager.deliverHintsToEndpoint(HintedHandOffManager.java:331)</st>
            <st ob="" eb="" sr="" id="2.5">	at org.apache.cassandra.db.HintedHandOffManager.access$300(HintedHandOffManager.java:92)</st>
            <st ob="" eb="" sr="" id="2.6">	at org.apache.cassandra.db.HintedHandOffManager$5.run(HintedHandOffManager.java:558)</st>
            <st ob="" eb="" sr="" id="2.7">	at java.util.concurrent.ThreadPoolExecutor.runWorker(ThreadPoolExecutor.java:1110)</st>
            <st ob="" eb="" sr="" id="2.8">	at java.util.concurrent.ThreadPoolExecutor$Worker.run(ThreadPoolExecutor.java:603)</st>
        </parg>
    </desc>
</bug>
