<?xml version="1.0" encoding="UTF-8" standalone="yes"?>
<bug no-bug="" comments="">
    <id>CASSANDRA-1787</id>
    <title ob="" eb="" sr="">word_count fails in multi-node setup</title>
    <desc>
        <parg ob="" eb="" sr="" id="1">
            <st ob="" eb="" sr="" id="1.1">(also affects RC1, wasn't in the "Affects Versions" list)</st>
        </parg>
        <parg ob="" eb="" sr="" id="2">
            <st ob="" eb="" sr="" id="2.1">from a user list email:</st>
        </parg>
        <parg ob="" eb="" sr="" id="3">
            <st ob="" eb="" sr="x" id="3.1">I am trying to run word_count example from contrib directory (0.7 beta</st>
            <st ob="" eb="" sr="x" id="3.2">3 and 0.7.0 rc 1).</st>
            <st ob="" eb="" sr="" id="3.3">It works fine in a single-node configuration, but fails with 2+ nodes.</st>
        </parg>
        <parg ob="" eb="" sr="" id="4">
            <st ob="" eb="" sr="" id="4.1">It fails in the assert statement, which caused problems before</st>
            <st ob="" eb="" sr="" id="4.2">(https://issues.apache.org/jira/browse/CASSANDRA-1700).</st>
        </parg>
        <parg ob="" eb="" sr="" id="5">
            <st ob="x" eb="" sr="" id="5.1">Here's a simple ring I have and error messages.</st>
            <st ob="" eb="" sr="" id="5.2">---</st>
            <st ob="" eb="" sr="" id="5.3">Address         Status State   Load            Owns    Token</st>
        </parg>
        <parg ob="" eb="" sr="" id="6">
            <st ob="" eb="" sr="" id="6.1">143797990709940316224804537595633718982</st>
            <st ob="" eb="" sr="" id="6.2">127.0.0.2       Up     Normal  40.2 KB         51.38%</st>
            <st ob="" eb="" sr="" id="6.3">61078635599166706937511052402724559481</st>
            <st ob="" eb="" sr="" id="6.4">127.0.0.1       Up     Normal  36.01 KB        48.62%</st>
            <st ob="" eb="" sr="" id="6.5">143797990709940316224804537595633718982</st>
            <st ob="" eb="" sr="" id="6.6">---</st>
            <st ob="" eb="" sr="" id="6.7">[SERVER SIDE]</st>
        </parg>
        <parg ob="" eb="" sr="" id="7">
            <st ob="" eb="" sr="" id="7.1">ERROR 17:39:57,098 Fatal exception in thread Thread[ReadStage:4,5,main] java.lang.AssertionError:</st>
            <st ob="" eb="" sr="" id="7.2">(143797990709940316224804537595633718982,61078635599166706937511052402724559481]</st>
            <st ob="" eb="" sr="" id="7.3">	at org.apache.cassandra.db.ColumnFamilyStore.getRangeSlice(ColumnFamilyStore.java:1273)</st>
            <st ob="" eb="" sr="" id="7.4">	at org.apache.cassandra.service.RangeSliceVerbHandler.doVerb(RangeSliceVerbHandler.java:48)</st>
            <st ob="" eb="" sr="" id="7.5">	at org.apache.cassandra.net.MessageDeliveryTask.run(MessageDeliveryTask.java:62)</st>
            <st ob="" eb="" sr="" id="7.6">	at java.util.concurrent.ThreadPoolExecutor$Worker.runTask(ThreadPoolExecutor.java:886)</st>
            <st ob="" eb="" sr="" id="7.7">	at java.util.concurrent.ThreadPoolExecutor$Worker.run(ThreadPoolExecutor.java:908)</st>
            <st ob="" eb="" sr="" id="7.8">	at java.lang.Thread.run(Thread.java:619)</st>
            <st ob="" eb="" sr="" id="7.9">---</st>
            <st ob="" eb="" sr="" id="7.10">[CLIENT_SIDE] java.lang.RuntimeException: org.apache.thrift.TApplicationException:</st>
            <st ob="" eb="" sr="" id="7.11">Internal error processing get_range_slices</st>
            <st ob="" eb="" sr="" id="7.12">	at org.apache.cassandra.hadoop.ColumnFamilyRecordReader$RowIterator.maybeInit(ColumnFamilyRecordReader.java:277)</st>
            <st ob="" eb="" sr="" id="7.13">	at org.apache.cassandra.hadoop.ColumnFamilyRecordReader$RowIterator.computeNext(ColumnFamilyRecordReader.java:292)</st>
            <st ob="" eb="" sr="" id="7.14">	at org.apache.cassandra.hadoop.ColumnFamilyRecordReader$RowIterator.computeNext(ColumnFamilyRecordReader.java:189)</st>
            <st ob="" eb="" sr="" id="7.15">	at com.google.common.collect.AbstractIterator.tryToComputeNext(AbstractIterator.java:136)</st>
            <st ob="" eb="" sr="" id="7.16">	at com.google.common.collect.AbstractIterator.hasNext(AbstractIterator.java:131)</st>
            <st ob="" eb="" sr="" id="7.17">	at org.apache.cassandra.hadoop.ColumnFamilyRecordReader.nextKeyValue(ColumnFamilyRecordReader.java:148)</st>
            <st ob="" eb="" sr="" id="7.18">	at org.apache.hadoop.mapred.MapTask$NewTrackingRecordReader.nextKeyValue(MapTask.java:423)</st>
            <st ob="" eb="" sr="" id="7.19">	at org.apache.hadoop.mapreduce.MapContext.nextKeyValue(MapContext.java:67)</st>
            <st ob="" eb="" sr="" id="7.20">	at org.apache.hadoop.mapreduce.Mapper.run(Mapper.java:143)</st>
            <st ob="" eb="" sr="" id="7.21">	at org.apache.hadoop.mapred.MapTask.runNewMapper(MapTask.java:621)</st>
            <st ob="" eb="" sr="" id="7.22">	at org.apache.hadoop.mapred.MapTask.run(MapTask.java:305)</st>
            <st ob="" eb="" sr="" id="7.23">	at org.apache.hadoop.mapred.LocalJobRunner$Job.run(LocalJobRunner.java:177)</st>
            <st ob="" eb="" sr="" id="7.24">Caused by: org.apache.thrift.TApplicationException: Internal error processing get_range_slices</st>
            <st ob="" eb="" sr="" id="7.25">	at org.apache.thrift.TApplicationException.read(TApplicationException.java:108)</st>
            <st ob="" eb="" sr="" id="7.26">at org.apache.cassandra.thrift.Cassandra$Client.recv_get_range_slices(Cassandra.java:724)</st>
            <st ob="" eb="" sr="" id="7.27">at org.apache.cassandra.thrift.Cassandra$Client.get_range_slices(Cassandra.java:704)</st>
            <st ob="" eb="" sr="" id="7.28">	at org.apache.cassandra.hadoop.ColumnFamilyRecordReader$RowIterator.maybeInit(ColumnFamilyRecordReader.java:255)</st>
            <st ob="" eb="" sr="" id="7.29">	... 11 more</st>
            <st ob="" eb="" sr="" id="7.30">---</st>
        </parg>
        <parg ob="" eb="" sr="" id="8">
            <st ob="" eb="" sr="" id="8.1">Looks like tokens used in ColumnFamilySplits</st>
            <st ob="" eb="" sr="" id="8.2">(ColumnFamilyInputFormat.java) are on wrapping ranges (left_token &gt; right_token).</st>
            <st ob="" eb="" sr="" id="8.3">Any ideas how to fix this?</st>
        </parg>
    </desc>
</bug>
