<?xml version="1.0" encoding="UTF-8" standalone="yes"?>
<bug no-bug="" comments="">
    <id>CASSANDRA-8210</id>
    <title ob="x" eb="" sr="">"java.lang.AssertionError: Memory was freed" exception in CompactionExecutor</title>
    <desc>
        <parg ob="" eb="" sr="" id="1">
            <st ob="" eb="" sr="" id="1.1">I have just got this problem on multiple nodes.</st>
            <st ob="" eb="" sr="" id="1.2">Cassandra 2.0.10 (DSE 4.5.2).</st>
            <st ob="" eb="" sr="" id="1.3">After looking through the history I have found that it was actually happening on all nodes since the start of large compaction process (I've loaded tons of data in the system and then turned off all load to let it compact the data).</st>
        </parg>
        <parg ob="" eb="" sr="" id="2">
            <st ob="" eb="" sr="" id="2.1">{code}</st>
            <st ob="" eb="" sr="" id="2.2">ERROR [CompactionExecutor:1196] 2014-10-28 17:14:50,124 CassandraDaemon.java (line 199) Exception in thread Thread[CompactionExecutor:1196,1,main] java.lang.AssertionError: Memory was freed</st>
            <st ob="" eb="" sr="" id="2.3">        at org.apache.cassandra.io.util.Memory.checkPosition(Memory.java:259)</st>
            <st ob="" eb="" sr="" id="2.4">        at org.apache.cassandra.io.util.Memory.getInt(Memory.java:211)</st>
            <st ob="" eb="" sr="" id="2.5">        at org.apache.cassandra.io.sstable.IndexSummary.getIndex(IndexSummary.java:79)</st>
            <st ob="" eb="" sr="" id="2.6">        at org.apache.cassandra.io.sstable.IndexSummary.getKey(IndexSummary.java:84)</st>
            <st ob="" eb="" sr="" id="2.7">        at org.apache.cassandra.io.sstable.IndexSummary.binarySearch(IndexSummary.java:58)</st>
            <st ob="" eb="" sr="" id="2.8">        at org.apache.cassandra.io.sstable.SSTableReader.getSampleIndexesForRanges(SSTableReader.java:692)</st>
            <st ob="" eb="" sr="" id="2.9">        at org.apache.cassandra.io.sstable.SSTableReader.estimatedKeysForRanges(SSTableReader.java:663)</st>
            <st ob="" eb="" sr="" id="2.10">        at org.apache.cassandra.db.compaction.AbstractCompactionStrategy.worthDroppingTombstones(AbstractCompactionStrategy.java:328)</st>
            <st ob="" eb="" sr="" id="2.11">        at org.apache.cassandra.db.compaction.LeveledCompactionStrategy.findDroppableSSTable(LeveledCompactionStrategy.java:354)</st>
            <st ob="" eb="" sr="" id="2.12">        at org.apache.cassandra.db.compaction.LeveledCompactionStrategy.getMaximalTask(LeveledCompactionStrategy.java:125)</st>
            <st ob="" eb="" sr="" id="2.13">        at org.apache.cassandra.db.compaction.LeveledCompactionStrategy.getNextBackgroundTask(LeveledCompactionStrategy.java:113)</st>
            <st ob="" eb="" sr="" id="2.14">        at org.apache.cassandra.db.compaction.CompactionManager$BackgroundCompactionTask.run(CompactionManager.java:192)</st>
            <st ob="" eb="" sr="" id="2.15">        at java.util.concurrent.Executors$RunnableAdapter.call(Executors.java:471)</st>
            <st ob="" eb="" sr="" id="2.16">        at java.util.concurrent.FutureTask.run(FutureTask.java:262)</st>
            <st ob="" eb="" sr="" id="2.17">        at java.util.concurrent.ThreadPoolExecutor.runWorker(ThreadPoolExecutor.java:1145)</st>
            <st ob="" eb="" sr="" id="2.18">        at java.util.concurrent.ThreadPoolExecutor$Worker.run(ThreadPoolExecutor.java:615)</st>
            <st ob="" eb="" sr="" id="2.19">        at java.lang.Thread.run(Thread.java:745)</st>
            <st ob="" eb="" sr="" id="2.20">{code}</st>
        </parg>
    </desc>
</bug>
