<?xml version="1.0" encoding="UTF-8" standalone="yes"?>
<bug no-bug="" comments="">
    <id>CASSANDRA-7262</id>
    <title ob="x" eb="" sr="">During streaming: java.lang.AssertionError: Reference counter -1</title>
    <desc>
        <parg ob="" eb="" sr="" id="1">
            <st ob="x" eb="" sr="" id="1.1">Got this assertion failure this weekend during repair:</st>
        </parg>
        <parg ob="" eb="" sr="" id="2">
            <st ob="" eb="" sr="" id="2.1">ERROR [STREAM-IN-/192.168.21.14] 2014-05-17 01:17:52,332 StreamSession.java (line 420) [Stream #3a3ac8a2-dd50-11e3-b3c1-6bf6dccd6457] Streaming error occurred java.lang.RuntimeException: Outgoing stream handler has been closed</st>
            <st ob="" eb="" sr="" id="2.2">        at org.apache.cassandra.streaming.ConnectionHandler.sendMessage(ConnectionHandler.java:170)</st>
            <st ob="" eb="" sr="" id="2.3">        at org.apache.cassandra.streaming.StreamSession.receive(StreamSession.java:483)</st>
            <st ob="" eb="" sr="" id="2.4">        at org.apache.cassandra.streaming.StreamSession.messageReceived(StreamSession.java:372)</st>
            <st ob="" eb="" sr="" id="2.5">        at org.apache.cassandra.streaming.ConnectionHandler$IncomingMessageHandler.run(ConnectionHandler.java:289)</st>
            <st ob="" eb="" sr="" id="2.6">        at java.lang.Thread.run(Thread.java:744)</st>
            <st ob="" eb="" sr="" id="2.7">ERROR [STREAM-IN-/192.168.21.14] 2014-05-17 01:17:52,350 CassandraDaemon.java (line 198) Exception in thread Thread[STREAM-IN-/192.168.21.14,5,RMI Runtime] java.lang.AssertionError: Reference counter -1 for /mnt/ssd1/cassandra/data/ldn_production/historical_accounts/ldn_production-historical_accounts-jb-79827-Data.db</st>
            <st ob="" eb="" sr="" id="2.8">        at org.apache.cassandra.io.sstable.SSTableReader.releaseReference(SSTableReader.java:1107)</st>
            <st ob="" eb="" sr="" id="2.9">        at org.apache.cassandra.streaming.StreamTransferTask.abort(StreamTransferTask.java:80)</st>
            <st ob="" eb="" sr="" id="2.10">        at org.apache.cassandra.streaming.StreamSession.closeSession(StreamSession.java:322)</st>
            <st ob="" eb="" sr="" id="2.11">        at org.apache.cassandra.streaming.StreamSession.onError(StreamSession.java:425)</st>
            <st ob="" eb="" sr="" id="2.12">        at org.apache.cassandra.streaming.ConnectionHandler$IncomingMessageHandler.run(ConnectionHandler.java:300)</st>
            <st ob="" eb="" sr="" id="2.13">        at java.lang.Thread.run(Thread.java:744)</st>
        </parg>
        <parg ob="" eb="" sr="" id="3">
            <st ob="x" eb="" sr="" id="3.1">followed by a few more (the reference counter got down to -3).</st>
            <st ob="" eb="" sr="" id="3.2">Got the same kind of assertion failure on one other node (in a different data centre; there are 21 nodes altogether distributed over 4 data centres).</st>
        </parg>
        <parg ob="" eb="" sr="" id="4">
            <st ob="x" eb="" sr="" id="4.1">I've attached the relevant part of the log.</st>
            <st ob="x" eb="" sr="" id="4.2">It starts quite a bit before the assertion failure at the first exception on this node ("Cannot proceed on repair because a neighbor ... is dead"), and finishes a few hours afterwards when the node was restarted.</st>
        </parg>
        <parg ob="" eb="" sr="" id="5">
            <st ob="" eb="" sr="" id="5.1">Edit: The following Reference counter assertion failures followed the 1st on a different file and have a different stack trace:</st>
            <st ob="" eb="" sr="" id="5.2">ERROR [CompactionExecutor:382] 2014-05-17 01:17:53,157 CassandraDaemon.java (line 198) Exception in thread Thread[CompactionExecutor:382,1,main] java.lang.AssertionError: Reference counter -1 for /mnt/ssd1/cassandra/data/ldn_production/historical_accounts/ldn_production-historical_accounts-jb-83888-Data.db</st>
            <st ob="" eb="" sr="" id="5.3">   at org.apache.cassandra.io.sstable.SSTableReader.releaseReference(SSTableReader.java:1107)</st>
            <st ob="" eb="" sr="" id="5.4">   at org.apache.cassandra.io.sstable.SSTableReader.releaseReferences(SSTableReader.java:1429)</st>
            <st ob="" eb="" sr="" id="5.5">   at org.apache.cassandra.db.compaction.CompactionController.close(CompactionController.java:207)</st>
            <st ob="" eb="" sr="" id="5.6">   at org.apache.cassandra.db.compaction.CompactionTask.runWith(CompactionTask.java:220)</st>
            <st ob="" eb="" sr="" id="5.7">   at org.apache.cassandra.io.util.DiskAwareRunnable.runMayThrow(DiskAwareRunnable.java:48)</st>
            <st ob="" eb="" sr="" id="5.8">   at org.apache.cassandra.utils.WrappedRunnable.run(WrappedRunnable.java:28)</st>
            <st ob="" eb="" sr="" id="5.9">   at org.apache.cassandra.db.compaction.CompactionTask.executeInternal(CompactionTask.java:60)</st>
            <st ob="" eb="" sr="" id="5.10">   at org.apache.cassandra.db.compaction.AbstractCompactionTask.execute(AbstractCompactionTask.java:59)</st>
            <st ob="" eb="" sr="" id="5.11">   at org.apache.cassandra.db.compaction.CompactionManager$BackgroundCompactionTask.run(CompactionManager.java:197)</st>
            <st ob="" eb="" sr="" id="5.12">...</st>
        </parg>
    </desc>
</bug>
