<?xml version="1.0" encoding="UTF-8" standalone="yes"?>
<bug no-bug="" comments="">
    <id>CASSANDRA-1160</id>
    <title ob="x" eb="" sr="">race with insufficiently constructed Gossiper</title>
    <desc>
        <parg ob="" eb="" sr="" id="1">
            <st ob="" eb="" sr="" id="1.1">Gossiper.start needs to be integrated into the constructor.</st>
            <st ob="x" eb="" sr="" id="1.2">Currently you can have threads using the gossiper instance before start finishes (or even starts?)</st>
            <st ob="x" eb="" sr="" id="1.3">, resulting in tracebacks like this:</st>
        </parg>
        <parg ob="" eb="" sr="" id="2">
            <st ob="" eb="" sr="" id="2.1">ERROR [GMFD:1] 2010-06-02 10:45:49,878 CassandraDaemon.java (line 78) Fatal exception in thread Thread[GMFD:1,5,main] java.lang.AssertionError</st>
            <st ob="" eb="" sr="" id="2.2">	at org.apache.cassandra.net.Header.&lt;init&gt;(Header.java:56)</st>
            <st ob="" eb="" sr="" id="2.3">	at org.apache.cassandra.net.Header.&lt;init&gt;(Header.java:74)</st>
            <st ob="" eb="" sr="" id="2.4">	at org.apache.cassandra.net.Message.&lt;init&gt;(Message.java:58)</st>
            <st ob="" eb="" sr="" id="2.5">	at org.apache.cassandra.gms.Gossiper.makeGossipDigestAckMessage(Gossiper.java:294)</st>
            <st ob="" eb="" sr="" id="2.6">	at org.apache.cassandra.gms.Gossiper$GossipDigestSynVerbHandler.doVerb(Gossiper.java:935)</st>
            <st ob="" eb="" sr="" id="2.7">	at org.apache.cassandra.net.MessageDeliveryTask.run(MessageDeliveryTask.java:40)</st>
            <st ob="" eb="" sr="" id="2.8">	at java.util.concurrent.ThreadPoolExecutor$Worker.runTask(ThreadPoolExecutor.java:886)</st>
            <st ob="" eb="" sr="" id="2.9">	at java.util.concurrent.ThreadPoolExecutor$Worker.run(ThreadPoolExecutor.java:908)</st>
            <st ob="" eb="" sr="" id="2.10">	at java.lang.Thread.run(Thread.java:619)</st>
            <st ob="" eb="" sr="" id="2.11">ERROR [GMFD:2] 2010-06-02 10:45:49,880 CassandraDaemon.java (line 78) Fatal exception in thread Thread[GMFD:2,5,main] java.lang.AssertionError</st>
            <st ob="" eb="" sr="" id="2.12">	at org.apache.cassandra.net.Header.&lt;init&gt;(Header.java:56)</st>
            <st ob="" eb="" sr="" id="2.13">	at org.apache.cassandra.net.Header.&lt;init&gt;(Header.java:74)</st>
            <st ob="" eb="" sr="" id="2.14">	at org.apache.cassandra.net.Message.&lt;init&gt;(Message.java:58)</st>
            <st ob="" eb="" sr="" id="2.15">	at org.apache.cassandra.gms.Gossiper.makeGossipDigestAckMessage(Gossiper.java:294)</st>
            <st ob="" eb="" sr="" id="2.16">	at org.apache.cassandra.gms.Gossiper$GossipDigestSynVerbHandler.doVerb(Gossiper.java:935)</st>
            <st ob="" eb="" sr="" id="2.17">	at org.apache.cassandra.net.MessageDeliveryTask.run(MessageDeliveryTask.java:40)</st>
            <st ob="" eb="" sr="" id="2.18">	at java.util.concurrent.ThreadPoolExecutor$Worker.runTask(ThreadPoolExecutor.java:886)</st>
            <st ob="" eb="" sr="" id="2.19">	at java.util.concurrent.ThreadPoolExecutor$Worker.run(ThreadPoolExecutor.java:908)</st>
            <st ob="" eb="" sr="" id="2.20">	at java.lang.Thread.run(Thread.java:619)</st>
        </parg>
    </desc>
</bug>
