<?xml version="1.0" encoding="UTF-8" standalone="yes"?>
<bug no-bug="" comments="">
    <id>CASSANDRA-7949</id>
    <title ob="x" eb="" sr="">LCS compaction low performance, many pending compactions, nodes are almost idle</title>
    <desc>
        <parg ob="" eb="" sr="" id="1">
            <st ob="" eb="" sr="" id="1.1">I've been evaluating new cluster of 15 nodes (32 core, 6x800Gb SSD disks + 2x600Gb SAS, 128Gb RAM, OEL 6.5) and I've built a simulator that creates the load similar to the load in our future product.</st>
            <st ob="" eb="" sr="x" id="1.2">Before running the simulator I had to pre-generate enough data.</st>
            <st ob="" eb="" sr="" id="1.3">This was done using Java code and DataStax Java driver.</st>
            <st ob="" eb="" sr="x" id="1.4">To avoid going deep into details, two tables have been generated.</st>
            <st ob="" eb="" sr="" id="1.5">Each table currently has about 55M rows and between few dozens and few thousands of columns in each row.</st>
        </parg>
        <parg ob="" eb="" sr="" id="2">
            <st ob="" eb="" sr="" id="2.1">This data generation process was generating massive amount of non-overlapping data.</st>
            <st ob="" eb="" sr="" id="2.2">Thus, the activity was write-only and highly parallel.</st>
            <st ob="" eb="" sr="" id="2.3">This is not the type of the traffic that the system will have ultimately to deal with, it will be mix of reads and updates to the existing data in the future.</st>
            <st ob="" eb="" sr="" id="2.4">This is just to explain the choice of LCS, not mentioning the expensive SSD disk space.</st>
        </parg>
        <parg ob="" eb="" sr="" id="3">
            <st ob="" eb="" sr="" id="3.1">At some point while generating the data I have noticed that the compactions started to pile up.</st>
            <st ob="" eb="" sr="" id="3.2">I knew that I was overloading the cluster but I still wanted the genration test to complete.</st>
            <st ob="" eb="" sr="" id="3.3">I was expecting to give the cluster enough time to finish the pending compactions and get ready for real traffic.</st>
        </parg>
        <parg ob="" eb="" sr="" id="4">
            <st ob="" eb="" sr="" id="4.1">However, after the storm of write requests have been stopped I have noticed that the number of pending compactions remained constant (and even climbed up a little bit) on all nodes.</st>
            <st ob="" eb="" sr="" id="4.2">After trying to tune some parameters (like setting the compaction bandwidth cap to 0) I have noticed a strange pattern: the nodes were compacting one of the CFs in a single stream using virtually no CPU and no disk I/O.</st>
            <st ob="" eb="" sr="" id="4.3">This process was taking hours.</st>
            <st ob="" eb="" sr="" id="4.4">After that it would be followed by a short burst of few dozens of compactions running in parallel (CPU at 2000%, some disk I/O - up to 10-20%) and then getting stuck again for many hours doing one compaction at time.</st>
            <st ob="x" eb="" sr="" id="4.5">So it looks like this:</st>
        </parg>
        <parg ob="" eb="" sr="" id="5">
            <st ob="" eb="" sr="" id="5.1"># nodetool compactionstats pending tasks: 3351 compaction type        keyspace           table       completed           total      unit  progress</st>
            <st ob="" eb="" sr="" id="5.2">Compaction      myks     table_list1     66499295588   1910515889913     bytes     3.48%</st>
            <st ob="" eb="" sr="" id="5.3">Active compaction remaining time :        n/a</st>
        </parg>
        <parg ob="" eb="" sr="" id="6">
            <st ob="" eb="" sr="" id="6.1"># df -h</st>
        </parg>
        <parg ob="" eb="" sr="" id="7">
            <st ob="" eb="" sr="" id="7.1">...</st>
            <st ob="" eb="" sr="" id="7.2">/dev/sdb        1.5T  637G  854G  43% /cassandra-data/disk1</st>
            <st ob="" eb="" sr="" id="7.3">/dev/sdc        1.5T  425G  1.1T  29% /cassandra-data/disk2</st>
            <st ob="" eb="" sr="" id="7.4">/dev/sdd        1.5T  429G  1.1T  29% /cassandra-data/disk3</st>
        </parg>
        <parg ob="" eb="" sr="" id="8">
            <st ob="" eb="" sr="" id="8.1"># find .</st>
            <st ob="" eb="" sr="" id="8.2">-name **table_list1**Data** | grep -v snapshot | wc -l</st>
            <st ob="" eb="" sr="" id="8.3">1310</st>
        </parg>
        <parg ob="" eb="" sr="" id="9">
            <st ob="x" eb="" sr="" id="9.1">Among these files I see:</st>
        </parg>
        <parg ob="" eb="" sr="" id="10">
            <st ob="" eb="" sr="" id="10.1">1043 files of 161Mb (my sstable size is 160Mb)</st>
            <st ob="" eb="" sr="" id="10.2">9 large files - 3 between 1 and 2Gb, 3 of 5-8Gb, 55Gb, 70Gb and 370Gb</st>
            <st ob="" eb="" sr="" id="10.3">263 files of various sized - between few dozens of Kb and 160Mb</st>
        </parg>
        <parg ob="" eb="" sr="" id="11">
            <st ob="" eb="" sr="" id="11.1">I've been running the heavy load for about 1,5days and it's been close to 3 days after that and the number of pending compactions does not go down.</st>
        </parg>
        <parg ob="" eb="" sr="" id="12">
            <st ob="" eb="" sr="" id="12.1">I have applied one of the not-so-obvious recommendations to disable multithreaded compactions and that seems to be helping a bit - I see some nodes started to have fewer pending compactions.</st>
            <st ob="" eb="" sr="" id="12.2">About half of the cluster, in fact.</st>
            <st ob="" eb="" sr="" id="12.3">But even there I see they are sitting idle most of the time lazily compacting in one stream with CPU at ~140% and occasionally doing the bursts of compaction work for few minutes.</st>
        </parg>
        <parg ob="" eb="" sr="" id="13">
            <st ob="" eb="" sr="" id="13.1">I am wondering if this is really a bug or something in the LCS logic that would manifest itself only in such an edge case scenario where I have loaded lots of unique data quickly.</st>
        </parg>
        <parg ob="" eb="" sr="" id="14">
            <st ob="" eb="" sr="" id="14.1">By the way, I see this pattern only for one of two tables - the one that has about 4 times more data than another (space-wise, number of rows is the same).</st>
            <st ob="" eb="" sr="" id="14.2">Looks like all these pending compactions are really only for that larger table.</st>
        </parg>
        <parg ob="" eb="" sr="" id="15">
            <st ob="" eb="" sr="" id="15.1">I'll be attaching the relevant logs shortly.</st>
        </parg>
    </desc>
</bug>
