<?xml version="1.0" encoding="UTF-8" standalone="yes"?>
<bug no-bug="" comments="">
    <id>CASSANDRA-8703</id>
    <title ob="" eb="" sr="">incremental repair vs. bitrot</title>
    <desc>
        <parg ob="" eb="" sr="" id="1">
            <st ob="" eb="" sr="" id="1.1">Incremental repair is a great improvement in Cassandra, but it does not contain a feature that non-incremental repair does : protection against bitrot.</st>
        </parg>
        <parg ob="" eb="" sr="" id="2">
            <st ob="" eb="" sr="" id="2.1">Scenario :</st>
        </parg>
        <parg ob="" eb="" sr="" id="3">
            <st ob="" eb="" sr="" id="3.1">1) repair SSTable, marking it repaired</st>
            <st ob="" eb="" sr="" id="3.2">2) cosmic ray hits hard drive, corrupting a record in SSTable</st>
            <st ob="" eb="" sr="" id="3.3">3) range is actually unrepaired as of the time that SSTable was repaired, but thinks it is repaired</st>
        </parg>
        <parg ob="" eb="" sr="" id="4">
            <st ob="" eb="" sr="" id="4.1">From my understanding, if bitrot is detected (via eg the CRC on the read path) then all SSTables containing the corrupted range needs to be marked unrepaired on all replicas.</st>
            <st ob="" eb="" sr="" id="4.2">Per marcuse@IRC, the naive/simplest response would be to just trigger a full repair in this case.</st>
        </parg>
        <parg ob="" eb="" sr="" id="5">
            <st ob="" eb="" sr="" id="5.1">I am concerned about incremental repair as an operational default while it does not handle this case.</st>
            <st ob="" eb="" sr="" id="5.2">As an aside, this would also seem to require a new CRC on the uncompressed read path, as otherwise one cannot detect the corruption without periodic checksumming of SSTables.</st>
            <st ob="" eb="" sr="" id="5.3">Alternately, a "nodetool checksum" function which verified table checksums, marking ranges unrepaired on failure, and which could be run every gc_grace_seconds would seem to meet the requirement.</st>
        </parg>
    </desc>
</bug>
