<?xml version="1.0" encoding="UTF-8" standalone="yes"?>
<bug no-bug="" comments="">
    <id>CASSANDRA-8502</id>
    <title ob="x" eb="" sr="">Static columns returning null for pages after first</title>
    <desc>
        <parg ob="" eb="" sr="" id="1">
            <st ob="x" eb="x" sr="x" id="1.1">When paging is used for a query containing a static column, the first page contains the right value for the static column, but subsequent pages have null null for the static column instead of the expected value.</st>
        </parg>
        <parg ob="" eb="" sr="" id="2">
            <st ob="" eb="" sr="x" id="2.1">Repro steps:</st>
        </parg>
        <parg ob="" eb="" sr="" id="3">
            <st ob="" eb="" sr="x" id="3.1">- Create a table with a static column</st>
            <st ob="" eb="" sr="x" id="3.2">- Create a partition with 500 cells</st>
            <st ob="" eb="" sr="x" id="3.3">- Using cqlsh, query that partition</st>
        </parg>
        <parg ob="" eb="" sr="" id="4">
            <st ob="" eb="" sr="" id="4.1">Actual result:</st>
            <st ob="x" eb="x" sr="" id="4.2">- You will see that first, the static column appears as expected, but if you press a key after "---MORE---", the static columns will appear as null.</st>
        </parg>
        <parg ob="" eb="" sr="" id="5">
            <st ob="" eb="" sr="x" id="5.1">See the attached file for a repro of the output.</st>
        </parg>
        <parg ob="" eb="" sr="" id="6">
            <st ob="" eb="" sr="" id="6.1">I am using a single node cluster.</st>
        </parg>
    </desc>
</bug>
