<?xml version="1.0" encoding="UTF-8" standalone="yes"?>
<bug no-bug="" comments="">
    <id>CASSANDRA-9744</id>
    <title ob="" eb="" sr="">unrealistic pending compactions displayed</title>
    <desc>
        <parg ob="" eb="" sr="" id="1">
            <st ob="" eb="" sr="" id="1.1">Hi there,</st>
        </parg>
        <parg ob="" eb="" sr="" id="2">
            <st ob="" eb="" sr="" id="2.1">I am on 2.1.7.</st>
            <st ob="" eb="" sr="" id="2.2">I am using DateTieredCompactionStrategy with the following parameters:</st>
            <st ob="" eb="" sr="" id="2.3">min_threshold 16 max_threshold 16 base_time_seconds 300 max_stable_age_days 0.05</st>
        </parg>
        <parg ob="" eb="" sr="" id="3">
            <st ob="" eb="" sr="" id="3.1">Apart from that, nothing exotic.</st>
            <st ob="" eb="" sr="" id="3.2">I dump an sstable of about 18M every 12 sec I would say.</st>
        </parg>
        <parg ob="" eb="" sr="" id="4">
            <st ob="x" eb="" sr="x" id="4.1">Maybe 1 hour after creating my cluster, I can see that:</st>
            <st ob="x" eb="" sr="" id="4.2">1. the number of SSTables has constantly been below 60.</st>
            <st ob="x" eb="" sr="" id="4.3">2. Most of the time, I have between 1 and 4 pending compaction.</st>
            <st ob="x" eb="" sr="" id="4.4">3. I occasionaly have a large number of pending compactions (30-40) for a short period of time (a few min)</st>
            <st ob="x" eb="" sr="" id="4.5">4. I witness on 1 node 1610 pending compaction, on another node 367 pending compaction, for a short period of time (a few min)</st>
        </parg>
        <parg ob="" eb="" sr="" id="5">
            <st ob="" eb="" sr="" id="5.1">Item 4 makes me thing there is a bug as I don't see how I can have that many pending compaction with less than 50 sstable.</st>
        </parg>
    </desc>
</bug>
