<?xml version="1.0" encoding="UTF-8" standalone="yes"?>
<bug no-bug="" comments="">
    <id>CASSANDRA-9612</id>
    <title ob="x" eb="" sr="x">Assertion error while running `nodetool cfstats`</title>
    <desc>
        <parg ob="" eb="" sr="" id="1">
            <st ob="" eb="" sr="" id="1.1">&gt; nodetool cfstats sync.entity</st>
            <st ob="" eb="" sr="" id="1.2">{code}</st>
            <st ob="" eb="" sr="" id="1.3">Keyspace: sync</st>
            <st ob="" eb="" sr="" id="1.4">Read Count: 2916573</st>
            <st ob="" eb="" sr="" id="1.5">Read Latency: 0.26340278573517617 ms.</st>
            <st ob="" eb="" sr="" id="1.6">Write Count: 2356495</st>
            <st ob="" eb="" sr="" id="1.7">Write Latency: 0.03296340242606074 ms.</st>
            <st ob="" eb="" sr="" id="1.8">Pending Flushes: 0</st>
            <st ob="" eb="" sr="" id="1.9">Table: entity</st>
            <st ob="" eb="" sr="" id="1.10">SSTable count: 919</st>
            <st ob="" eb="" sr="" id="1.11">SSTables in each level: [50/4, 11/10, 101/100, 756, 0, 0, 0, 0, 0]</st>
            <st ob="" eb="" sr="" id="1.12">Space used (live): 146265014558</st>
            <st ob="" eb="" sr="" id="1.13">Space used (total): 146265014558</st>
            <st ob="" eb="" sr="" id="1.14">Space used by snapshots (total): 0</st>
            <st ob="" eb="" sr="" id="1.15">Off heap memory used (total): 97950899</st>
            <st ob="" eb="" sr="" id="1.16">SSTable Compression Ratio: 0.1870809135227128 error: /var/lib/cassandra/data2/sync/entity-f73d1360770e11e49f1d673dc3e50a5f/sync-entity-tmplink-ka-516810-Data.db</st>
            <st ob="" eb="" sr="" id="1.17">-- StackTrace -- java.lang.AssertionError: /var/lib/cassandra/data2/sync/entity-f73d1360770e11e49f1d673dc3e50a5f/sync-entity-tmplink-ka-516810-Data.db</st>
            <st ob="" eb="" sr="" id="1.18">	at org.apache.cassandra.io.sstable.SSTableReader.getApproximateKeyCount(SSTableReader.java:270)</st>
            <st ob="" eb="" sr="" id="1.19">	at org.apache.cassandra.metrics.ColumnFamilyMetrics$9.value(ColumnFamilyMetrics.java:296)</st>
            <st ob="" eb="" sr="" id="1.20">	at org.apache.cassandra.metrics.ColumnFamilyMetrics$9.value(ColumnFamilyMetrics.java:290)</st>
            <st ob="" eb="" sr="" id="1.21">	at com.yammer.metrics.reporting.JmxReporter$Gauge.getValue(JmxReporter.java:63)</st>
            <st ob="" eb="" sr="" id="1.22">	at sun.reflect.GeneratedMethodAccessor8.invoke(Unknown Source)</st>
            <st ob="" eb="" sr="" id="1.23">	at sun.reflect.DelegatingMethodAccessorImpl.invoke(DelegatingMethodAccessorImpl.java:43)</st>
            <st ob="" eb="" sr="" id="1.24">	at java.lang.reflect.Method.invoke(Method.java:606)</st>
            <st ob="" eb="" sr="" id="1.25">	at sun.reflect.misc.Trampoline.invoke(MethodUtil.java:75)</st>
            <st ob="" eb="" sr="" id="1.26">	at sun.reflect.GeneratedMethodAccessor2.invoke(Unknown Source)</st>
            <st ob="" eb="" sr="" id="1.27">	at sun.reflect.DelegatingMethodAccessorImpl.invoke(DelegatingMethodAccessorImpl.java:43)</st>
            <st ob="" eb="" sr="" id="1.28">	at java.lang.reflect.Method.invoke(Method.java:606)</st>
            <st ob="" eb="" sr="" id="1.29">	at sun.reflect.misc.MethodUtil.invoke(MethodUtil.java:279)</st>
            <st ob="" eb="" sr="" id="1.30">	at com.sun.jmx.mbeanserver.StandardMBeanIntrospector.invokeM2(StandardMBeanIntrospector.java:112)</st>
            <st ob="" eb="" sr="" id="1.31">	at com.sun.jmx.mbeanserver.StandardMBeanIntrospector.invokeM2(StandardMBeanIntrospector.java:46)</st>
            <st ob="" eb="" sr="" id="1.32">	at com.sun.jmx.mbeanserver.MBeanIntrospector.invokeM(MBeanIntrospector.java:237)</st>
            <st ob="" eb="" sr="" id="1.33">	at com.sun.jmx.mbeanserver.PerInterface.getAttribute(PerInterface.java:83)</st>
            <st ob="" eb="" sr="" id="1.34">	at com.sun.jmx.mbeanserver.MBeanSupport.getAttribute(MBeanSupport.java:206)</st>
            <st ob="" eb="" sr="" id="1.35">	at com.sun.jmx.interceptor.DefaultMBeanServerInterceptor.getAttribute(DefaultMBeanServerInterceptor.java:647)</st>
            <st ob="" eb="" sr="" id="1.36">	at com.sun.jmx.mbeanserver.JmxMBeanServer.getAttribute(JmxMBeanServer.java:678)</st>
            <st ob="" eb="" sr="" id="1.37">	at javax.management.remote.rmi.RMIConnectionImpl.doOperation(RMIConnectionImpl.java:1464)</st>
            <st ob="" eb="" sr="" id="1.38">	at javax.management.remote.rmi.RMIConnectionImpl.access$300(RMIConnectionImpl.java:97)</st>
            <st ob="" eb="" sr="" id="1.39">	at javax.management.remote.rmi.RMIConnectionImpl$PrivilegedOperation.run(RMIConnectionImpl.java:1328)</st>
            <st ob="" eb="" sr="" id="1.40">	at javax.management.remote.rmi.RMIConnectionImpl.doPrivilegedOperation(RMIConnectionImpl.java:1420)</st>
            <st ob="" eb="" sr="" id="1.41">	at javax.management.remote.rmi.RMIConnectionImpl.getAttribute(RMIConnectionImpl.java:657)</st>
            <st ob="" eb="" sr="" id="1.42">	at sun.reflect.GeneratedMethodAccessor14.invoke(Unknown Source)</st>
            <st ob="" eb="" sr="" id="1.43">	at sun.reflect.DelegatingMethodAccessorImpl.invoke(DelegatingMethodAccessorImpl.java:43)</st>
            <st ob="" eb="" sr="" id="1.44">	at java.lang.reflect.Method.invoke(Method.java:606)</st>
            <st ob="" eb="" sr="" id="1.45">	at sun.rmi.server.UnicastServerRef.dispatch(UnicastServerRef.java:322)</st>
            <st ob="" eb="" sr="" id="1.46">	at sun.rmi.transport.Transport$2.run(Transport.java:202)</st>
            <st ob="" eb="" sr="" id="1.47">	at sun.rmi.transport.Transport$2.run(Transport.java:199)</st>
            <st ob="" eb="" sr="" id="1.48">	at java.security.AccessController.doPrivileged(Native Method)</st>
            <st ob="" eb="" sr="" id="1.49">	at sun.rmi.transport.Transport.serviceCall(Transport.java:198)</st>
            <st ob="" eb="" sr="" id="1.50">	at sun.rmi.transport.tcp.TCPTransport.handleMessages(TCPTransport.java:567)</st>
            <st ob="" eb="" sr="" id="1.51">	at sun.rmi.transport.tcp.TCPTransport$ConnectionHandler.run0(TCPTransport.java:828)</st>
            <st ob="" eb="" sr="" id="1.52">	at sun.rmi.transport.tcp.TCPTransport$ConnectionHandler.access$400(TCPTransport.java:619)</st>
            <st ob="" eb="" sr="" id="1.53">	at sun.rmi.transport.tcp.TCPTransport$ConnectionHandler$1.run(TCPTransport.java:684)</st>
            <st ob="" eb="" sr="" id="1.54">	at sun.rmi.transport.tcp.TCPTransport$ConnectionHandler$1.run(TCPTransport.java:681)</st>
            <st ob="" eb="" sr="" id="1.55">	at java.security.AccessController.doPrivileged(Native Method)</st>
            <st ob="" eb="" sr="" id="1.56">	at sun.rmi.transport.tcp.TCPTransport$ConnectionHandler.run(TCPTransport.java:681)</st>
            <st ob="" eb="" sr="" id="1.57">	at java.util.concurrent.ThreadPoolExecutor.runWorker(ThreadPoolExecutor.java:1145)</st>
            <st ob="" eb="" sr="" id="1.58">	at java.util.concurrent.ThreadPoolExecutor$Worker.run(ThreadPoolExecutor.java:615)</st>
            <st ob="" eb="" sr="" id="1.59">	at java.lang.Thread.run(Thread.java:745)</st>
            <st ob="" eb="" sr="" id="1.60">{code}</st>
        </parg>
    </desc>
</bug>
