<?xml version="1.0" encoding="UTF-8" standalone="yes"?>
<bug no-bug="" comments="">
    <id>CASSANDRA-5438</id>
    <title ob="x" eb="" sr="">possibly wrong stream id when cassandra reports an error</title>
    <desc>
        <parg ob="" eb="" sr="" id="1">
            <st ob="" eb="" sr="x" id="1.1">I use the binary protocol.</st>
            <st ob="" eb="" sr="x" id="1.2">I send a correct prepare request on stream 6 (packets 7 and 9 in the attached pcap).</st>
            <st ob="" eb="" sr="x" id="1.3">Then I send a malformed execute request on stream 7 (packets 13 and 15).</st>
            <st ob="x" eb="" sr="" id="1.4">The server responds with an error response (packet 17).</st>
            <st ob="x" eb="" sr="" id="1.5">The stream id field of the response contains 0.</st>
            <st ob="" eb="x" sr="" id="1.6">Shouldn't it contain 7, the id of the execute request?</st>
        </parg>
        <parg ob="" eb="" sr="" id="2">
            <st ob="" eb="" sr="" id="2.1">The pcap file is here: https://www.dropbox.com/s/lvo2kie7k3owvf8/cassandra_1.2.3.pcap</st>
        </parg>
    </desc>
</bug>
