<?xml version="1.0" encoding="UTF-8" standalone="yes"?>
<bug no-bug="" comments="">
    <id>CASSANDRA-9291</id>
    <title ob="x" eb="" sr="">Too many tombstones in schema_columns from creating too many CFs</title>
    <desc>
        <parg ob="" eb="" sr="" id="1">
            <st ob="x" eb="" sr="x" id="1.1">When creating lots of columnfamilies (about 200) the system.schema_columns gets filled with tombstones and therefore prevents clients using the binary protocol of connecting.</st>
        </parg>
        <parg ob="" eb="" sr="" id="2">
            <st ob="x" eb="" sr="" id="2.1">Clients already connected continue normal operation (reading and inserting).</st>
        </parg>
        <parg ob="" eb="" sr="" id="3">
            <st ob="x" eb="" sr="" id="3.1">Log messages are:</st>
        </parg>
        <parg ob="" eb="" sr="" id="4">
            <st ob="x" eb="" sr="" id="4.1">For the first tries (sorry for the lack of precision):</st>
            <st ob="" eb="" sr="" id="4.2">bq.</st>
            <st ob="" eb="" sr="" id="4.3">ERROR [main] 2015-04-22 00:01:38,527 SliceQueryFilter.java (line 200) Scanned over 100000 tombstones in system.schema_columns; query aborted (see tombstone_failure_threshold)</st>
        </parg>
        <parg ob="" eb="" sr="" id="5">
            <st ob="x" eb="" sr="" id="5.1">For each client that tries to connect but fails with timeout:</st>
        </parg>
        <parg ob="" eb="" sr="" id="6">
            <st ob="" eb="" sr="" id="6.1">bq.</st>
            <st ob="" eb="" sr="" id="6.2">WARN [ReadStage:35] 2015-04-27 15:40:10,600 SliceQueryFilter.java (line 231) Read 395 live and 1217 tombstoned cells in system.schema_columns (see tombstone_warn_threshold).</st>
            <st ob="" eb="" sr="" id="6.3">2147283441 columns was requested, slices=[-] bq.</st>
            <st ob="" eb="" sr="" id="6.4">WARN [ReadStage:40] 2015-04-27 15:40:10,609 SliceQueryFilter.java (line 231) Read 395 live and 1217 tombstoned cells in system.schema_columns (see tombstone_warn_threshold).</st>
            <st ob="" eb="" sr="" id="6.5">2147283441 columns was requested, slices=[-] bq.</st>
            <st ob="" eb="" sr="" id="6.6">WARN [ReadStage:61] 2015-04-27 15:40:10,670 SliceQueryFilter.java (line 231) Read 395 live and 1217 tombstoned cells in system.schema_columns (see tombstone_warn_threshold).</st>
            <st ob="" eb="" sr="" id="6.7">2147283441 columns was requested, slices=[-] bq.</st>
            <st ob="" eb="" sr="" id="6.8">WARN [ReadStage:51] 2015-04-27 15:40:10,670 SliceQueryFilter.java (line 231) Read 395 live and 1217 tombstoned cells in system.schema_columns (see tombstone_warn_threshold).</st>
            <st ob="" eb="" sr="" id="6.9">2147283441 columns was requested, slices=[-] bq.</st>
            <st ob="" eb="" sr="" id="6.10">WARN [ReadStage:55] 2015-04-27 15:40:10,675 SliceQueryFilter.java (line 231) Read 395 live and 1217 tombstoned cells in system.schema_columns (see tombstone_warn_threshold).</st>
            <st ob="" eb="" sr="" id="6.11">2147283441 columns was requested, slices=[-] bq.</st>
            <st ob="" eb="" sr="" id="6.12">WARN [ReadStage:35] 2015-04-27 15:40:10,707 SliceQueryFilter.java (line 231) Read 1146 live and 3534 tombstoned cells in system.schema_columns (see tombstone_warn_threshold).</st>
            <st ob="" eb="" sr="" id="6.13">2147282894 columns was requested, slices=[-] bq.</st>
            <st ob="" eb="" sr="" id="6.14">WARN [ReadStage:40] 2015-04-27 15:40:10,708 SliceQueryFilter.java (line 231) Read 1146 live and 3534 tombstoned cells in system.schema_columns (see tombstone_warn_threshold).</st>
            <st ob="" eb="" sr="" id="6.15">2147282894 columns was requested, slices=[-] bq.</st>
            <st ob="" eb="" sr="" id="6.16">WARN [ReadStage:43] 2015-04-27 15:40:10,715 SliceQueryFilter.java (line 231) Read 395 live and 1217 tombstoned cells in system.schema_columns (see tombstone_warn_threshold).</st>
            <st ob="" eb="" sr="" id="6.17">2147283441 columns was requested, slices=[-] bq.</st>
            <st ob="" eb="" sr="" id="6.18">WARN [ReadStage:51] 2015-04-27 15:40:10,736 SliceQueryFilter.java (line 231) Read 1146 live and 3534 tombstoned cells in system.schema_columns (see tombstone_warn_threshold).</st>
            <st ob="" eb="" sr="" id="6.19">2147282894 columns was requested, slices=[-] bq.</st>
            <st ob="" eb="" sr="" id="6.20">WARN [ReadStage:61] 2015-04-27 15:40:10,736 SliceQueryFilter.java (line 231) Read 1146 live and 3534 tombstoned cells in system.schema_columns (see tombstone_warn_threshold).</st>
            <st ob="" eb="" sr="" id="6.21">2147282894 columns was requested, slices=[-] bq.</st>
            <st ob="" eb="" sr="" id="6.22">WARN [ReadStage:35] 2015-04-27 15:40:10,750 SliceQueryFilter.java (line 231) Read 864 live and 2664 tombstoned cells in system.schema_columns (see tombstone_warn_threshold).</st>
            <st ob="" eb="" sr="" id="6.23">2147281748 columns was requested, slices=[-] bq.</st>
            <st ob="" eb="" sr="" id="6.24">WARN [ReadStage:40] 2015-04-27 15:40:10,751 SliceQueryFilter.java (line 231) Read 864 live and 2664 tombstoned cells in system.schema_columns (see tombstone_warn_threshold).</st>
            <st ob="" eb="" sr="" id="6.25">2147281748 columns was requested, slices=[-] bq.</st>
            <st ob="" eb="" sr="" id="6.26">WARN [ReadStage:55] 2015-04-27 15:40:10,759 SliceQueryFilter.java (line 231) Read 1146 live and 3534 tombstoned cells in system.schema_columns (see tombstone_warn_threshold).</st>
            <st ob="" eb="" sr="" id="6.27">2147282894 columns was requested, slices=[-] bq.</st>
            <st ob="" eb="" sr="" id="6.28">WARN [ReadStage:51] 2015-04-27 15:40:10,821 SliceQueryFilter.java (line 231) Read 864 live and 2664 tombstoned cells in system.schema_columns (see tombstone_warn_threshold).</st>
            <st ob="" eb="" sr="" id="6.29">2147281748 columns was requested, slices=[-] bq.</st>
            <st ob="" eb="" sr="" id="6.30">WARN [ReadStage:61] 2015-04-27 15:40:10,822 SliceQueryFilter.java (line 231) Read 864 live and 2664 tombstoned cells in system.schema_columns (see tombstone_warn_threshold).</st>
            <st ob="" eb="" sr="" id="6.31">2147281748 columns was requested, slices=[-] bq.</st>
            <st ob="" eb="" sr="" id="6.32">WARN [ReadStage:43] 2015-04-27 15:40:10,827 SliceQueryFilter.java (line 231) Read 1146 live and 3534 tombstoned cells in system.schema_columns (see tombstone_warn_threshold).</st>
            <st ob="" eb="" sr="" id="6.33">2147282894 columns was requested, slices=[-] bq.</st>
            <st ob="" eb="" sr="" id="6.34">WARN [ReadStage:55] 2015-04-27 15:40:10,838 SliceQueryFilter.java (line 231) Read 864 live and 2664 tombstoned cells in system.schema_columns (see tombstone_warn_threshold).</st>
            <st ob="" eb="" sr="" id="6.35">2147281748 columns was requested, slices=[-] bq.</st>
            <st ob="" eb="" sr="" id="6.36">WARN [ReadStage:62] 2015-04-27 15:40:10,846 SliceQueryFilter.java (line 231) Read 395 live and 1217 tombstoned cells in system.schema_columns (see tombstone_warn_threshold).</st>
            <st ob="" eb="" sr="" id="6.37">2147283441 columns was requested, slices=[-] bq.</st>
            <st ob="" eb="" sr="" id="6.38">WARN [ReadStage:43] 2015-04-27 15:40:10,862 SliceQueryFilter.java (line 231) Read 864 live and 2664 tombstoned cells in system.schema_columns (see tombstone_warn_threshold).</st>
            <st ob="" eb="" sr="" id="6.39">2147281748 columns was requested, slices=[-] bq.</st>
            <st ob="" eb="" sr="" id="6.40">WARN [ReadStage:62] 2015-04-27 15:40:10,898 SliceQueryFilter.java (line 231) Read 1146 live and 3534 tombstoned cells in system.schema_columns (see tombstone_warn_threshold).</st>
            <st ob="" eb="" sr="" id="6.41">2147282894 columns was requested, slices=[-] bq.</st>
            <st ob="" eb="" sr="" id="6.42">WARN [ReadStage:62] 2015-04-27 15:40:10,970 SliceQueryFilter.java (line 231) Read 864 live and 2664 tombstoned cells in system.schema_columns (see tombstone_warn_threshold).</st>
            <st ob="" eb="" sr="" id="6.43">2147281748 columns was requested, slices=[-]</st>
        </parg>
        <parg ob="" eb="" sr="" id="7">
            <st ob="" eb="" sr="" id="7.1">This happens independently of values in:</st>
            <st ob="" eb="" sr="" id="7.2">tombstone_warn_threshold, tombstone_failure_threshold</st>
        </parg>
        <parg ob="" eb="" sr="" id="8">
            <st ob="" eb="" sr="" id="8.1">Thrift doesn't seem to be vulnerable to this, as cqlsh connects every time.</st>
        </parg>
        <parg ob="" eb="" sr="" id="9">
            <st ob="" eb="" sr="" id="9.1">Binary protocol tested with Java (and Clojure), Python, C++ all fail to connect.</st>
        </parg>
        <parg ob="" eb="" sr="" id="10">
            <st ob="" eb="" sr="x" id="10.1">Included in attachment are a cql script to replicate (with 500 CFs) and a sstablemetadata output of a system.schema_columns sstable before (clean cluster) and after importing the schema.</st>
        </parg>
    </desc>
</bug>
