<?xml version="1.0" encoding="UTF-8" standalone="yes"?>
<bug no-bug="" comments="">
    <id>CASSANDRA-8513</id>
    <title ob="x" eb="" sr="">SSTableScanner may not acquire reference, but will still release it when closed</title>
    <desc>
        <parg ob="" eb="" sr="" id="1">
            <st ob="x" eb="" sr="" id="1.1">getRangeSlice and related methods do not require a reference to perform a safe read, so during one it is possible for SSTableScanner to fail to acquire a reference to the table it's being created on.</st>
            <st ob="x" eb="" sr="" id="1.2">In this case it doesn't fail, but it also doesn't log that no reference was acquired; on close, it still releases the reference that it never held.</st>
        </parg>
        <parg ob="" eb="" sr="" id="2">
            <st ob="" eb="" sr="" id="2.1">We can fix this one of two ways: we can tell the scanner if we require a reference to be acquired; or we can track if one was obtained.</st>
            <st ob="" eb="" sr="" id="2.2">The former is a bit more invasive but probably better, since we probably care if we fail to grab one in cases where we need it, and probably don't want to grab one otherwise.</st>
        </parg>
    </desc>
</bug>
