<?xml version="1.0" encoding="UTF-8" standalone="yes"?>
<bug no-bug="" comments="">
    <id>CASSANDRA-8161</id>
    <title ob="x" eb="" sr="">Spin loop when streaming tries to acquire SSTable references</title>
    <desc>
        <parg ob="" eb="" sr="" id="1">
            <st ob="x" eb="" sr="x" id="1.1">When streaming files, stream session tries to acquire references on SSTables to stream.</st>
            <st ob="x" eb="" sr="" id="1.2">When there are multiple sessions trying to stream same part of SSTables, they sometimes wait a *very* long time (nealy dead lock) on trying to acquire references.</st>
        </parg>
        <parg ob="" eb="" sr="" id="2">
            <st ob="" eb="" sr="" id="2.1">I think we need something we've done to AtomicSortedColulmns in CASSANDRA-7546 to reduce contention.</st>
        </parg>
    </desc>
</bug>
