<?xml version="1.0" encoding="UTF-8" standalone="yes"?>
<bug no-bug="" comments="">
    <id>CASSANDRA-7560</id>
    <title ob="x" eb="" sr="x">'nodetool repair -pr' leads to indefinitely hanging AntiEntropySession</title>
    <desc>
        <parg ob="" eb="" sr="" id="1">
            <st ob="x" eb="" sr="x" id="1.1">Running {{nodetool repair -pr}} will sometimes hang on one of the resulting AntiEntropySessions.</st>
        </parg>
        <parg ob="" eb="" sr="" id="2">
            <st ob="x" eb="" sr="" id="2.1">The system logs will show the repair command starting</st>
        </parg>
        <parg ob="" eb="" sr="" id="3">
            <st ob="" eb="" sr="" id="3.1">{noformat}</st>
            <st ob="" eb="" sr="" id="3.2">INFO [Thread-3079] 2014-07-15 02:22:56,514 StorageService.java (line 2569) Starting repair command #1, repairing 256 ranges for keyspace x</st>
            <st ob="" eb="" sr="" id="3.3">{noformat}</st>
        </parg>
        <parg ob="" eb="" sr="" id="4">
            <st ob="x" eb="" sr="" id="4.1">You can then see a few AntiEntropySessions completing with:</st>
        </parg>
        <parg ob="" eb="" sr="" id="5">
            <st ob="" eb="" sr="" id="5.1">{noformat}</st>
            <st ob="" eb="" sr="" id="5.2">INFO [AntiEntropySessions:2] 2014-07-15 02:28:12,766 RepairSession.java (line 282) [repair #eefb3c30-0bc6-11e4-83f7-a378978d0c49] session completed successfully</st>
            <st ob="" eb="" sr="" id="5.3">{noformat}</st>
        </parg>
        <parg ob="" eb="" sr="" id="6">
            <st ob="x" eb="" sr="" id="6.1">Finally we reach an AntiEntropySession at some point that hangs just before requesting the merkle trees for the next column family in line for repair.</st>
            <st ob="x" eb="" sr="" id="6.2">So we first see the previous CF being finished and the whole repair sessions hangs here with no visible progress or errors on this or any of the related nodes.</st>
        </parg>
        <parg ob="" eb="" sr="" id="7">
            <st ob="" eb="" sr="" id="7.1">{noformat}</st>
            <st ob="" eb="" sr="" id="7.2">INFO [AntiEntropyStage:1] 2014-07-15 02:38:20,325 RepairSession.java (line 221) [repair #8f85c1b0-0bc8-11e4-83f7-a378978d0c49] previous_cf is fully synced</st>
            <st ob="" eb="" sr="" id="7.3">{noformat}</st>
        </parg>
        <parg ob="" eb="" sr="" id="8">
            <st ob="" eb="" sr="" id="8.1">Notes:</st>
            <st ob="" eb="" sr="" id="8.2">* Single DC 6 node cluster with an average load of 86 GB per node.</st>
            <st ob="x" eb="" sr="" id="8.3">* This appears to be random; it does not always happen on the same CF or on the same session.</st>
        </parg>
    </desc>
</bug>
