<?xml version="1.0" encoding="UTF-8" standalone="yes"?>
<bug no-bug="" comments="">
    <id>CASSANDRA-9676</id>
    <title ob="x" eb="" sr="">CQLSSTableWriter gives java.lang.AssertionError: Empty partition in C* 2.0.15</title>
    <desc>
        <parg ob="" eb="" sr="" id="1">
            <st ob="" eb="" sr="" id="1.1">I've the same issue as described in https://issues.apache.org/jira/browse/CASSANDRA-9071</st>
            <st ob="x" eb="" sr="" id="1.2">As I can understand it happens during the buffer flush, which size regulated by the withBufferSizeInMB() method call in</st>
            <st ob="" eb="" sr="" id="1.3">{code}</st>
            <st ob="" eb="" sr="" id="1.4">CQLSSTableWriter</st>
            <st ob="" eb="" sr="" id="1.5">.</st>
            <st ob="" eb="" sr="" id="1.6">builder()</st>
            <st ob="" eb="" sr="" id="1.7">.</st>
            <st ob="" eb="" sr="" id="1.8">inDirectory(createOutputDir())</st>
            <st ob="" eb="" sr="" id="1.9">.</st>
            <st ob="" eb="" sr="" id="1.10">forTable(metadata.schema)</st>
            <st ob="" eb="" sr="" id="1.11">.</st>
            <st ob="" eb="" sr="" id="1.12">using(insertStatement)</st>
            <st ob="" eb="" sr="" id="1.13">.</st>
            <st ob="" eb="" sr="" id="1.14">withBufferSizeInMB(128)</st>
            <st ob="" eb="" sr="" id="1.15">.</st>
            <st ob="" eb="" sr="" id="1.16">build()</st>
            <st ob="" eb="" sr="" id="1.17">{code}</st>
            <st ob="x" eb="" sr="" id="1.18">For example, when I use 128 Mb buffer, it fails after 210 000 csv lines processed.</st>
            <st ob="x" eb="" sr="" id="1.19">On 3Mb buffer it fails after 10 000 lines.</st>
        </parg>
    </desc>
</bug>
