<?xml version="1.0" encoding="UTF-8" standalone="yes"?>
<bug no-bug="" comments="">
    <id>CASSANDRA-8155</id>
    <title ob="" eb="" sr="">confusing error when erroneously querying map secondary index</title>
    <desc>
        <parg ob="" eb="" sr="" id="1">
            <st ob="x" eb="" sr="x" id="1.1">With a secondary index on values, attempting to query by key returns an error message of "list index out of range".</st>
        </parg>
        <parg ob="" eb="" sr="" id="2">
            <st ob="" eb="" sr="" id="2.1">This is kinda a similar issue to CASSANDRA-8147 (but that scenario results in no error when there probably should be one).</st>
        </parg>
        <parg ob="" eb="" sr="" id="3">
            <st ob="" eb="" sr="x" id="3.1">To repro:</st>
            <st ob="" eb="" sr="" id="3.2">{noformat} cqlsh:test&gt; CREATE TABLE test.foo (</st>
            <st ob="" eb="" sr="" id="3.3">...     id1 text,</st>
            <st ob="" eb="" sr="" id="3.4">...     id2 text,</st>
            <st ob="" eb="" sr="" id="3.5">...     categories map&lt;text, text&gt;,</st>
            <st ob="" eb="" sr="" id="3.6">...     PRIMARY KEY (id1, id2));</st>
            <st ob="" eb="" sr="" id="3.7">cqlsh:test&gt; CREATE INDEX foo_categories_idx ON test.foo (categories);</st>
            <st ob="" eb="" sr="" id="3.8">cqlsh:test&gt; insert into foo (id1, id2, categories) values ('foo', 'bar', {'firstkey':'one', 'secondkey':'two'});</st>
            <st ob="" eb="" sr="" id="3.9">{noformat}</st>
            <st ob="" eb="" sr="x" id="3.10">Now try to query the existing values index by key:</st>
            <st ob="" eb="" sr="" id="3.11">{noformat} cqlsh:test&gt; select * from foo where categories contains key 'firstkey';</st>
            <st ob="" eb="" sr="" id="3.12">list index out of range</st>
            <st ob="" eb="" sr="" id="3.13">{noformat}</st>
        </parg>
    </desc>
</bug>
