<?xml version="1.0" encoding="UTF-8" standalone="yes"?>
<bug no-bug="" comments="">
    <id>CASSANDRA-9898</id>
    <title ob="x" eb="" sr="x">cqlsh crashes if it load a utf-8 file.</title>
    <desc>
        <parg ob="" eb="" sr="" id="1">
            <st ob="x" eb="" sr="x" id="1.1">cqlsh crashes when it load a cql script file encoded in utf-8.</st>
        </parg>
        <parg ob="" eb="" sr="" id="2">
            <st ob="" eb="" sr="x" id="2.1">This is a reproduction procedure.</st>
        </parg>
        <parg ob="" eb="" sr="" id="3">
            <st ob="" eb="" sr="" id="3.1">{noformat}</st>
            <st ob="" eb="" sr="" id="3.2">$cat .</st>
            <st ob="" eb="" sr="" id="3.3">/test.cql</st>
            <st ob="" eb="" sr="" id="3.4">// 日本語のコメント use system;</st>
            <st ob="" eb="" sr="" id="3.5">select * from system.peers;</st>
        </parg>
        <parg ob="" eb="" sr="" id="4">
            <st ob="" eb="" sr="" id="4.1">$cqlsh --version cqlsh 5.0.1</st>
        </parg>
        <parg ob="" eb="" sr="" id="5">
            <st ob="" eb="" sr="" id="5.1">$cqlsh -f .</st>
            <st ob="" eb="" sr="" id="5.2">/test.cql</st>
            <st ob="" eb="" sr="" id="5.3">Traceback (most recent call last):</st>
            <st ob="" eb="" sr="" id="5.4">File ".</st>
            <st ob="" eb="" sr="" id="5.5">/cqlsh", line 2459, in &lt;module&gt; main(*read_options(sys.argv[1:], os.environ))</st>
            <st ob="" eb="" sr="" id="5.6">File ".</st>
            <st ob="" eb="" sr="" id="5.7">/cqlsh", line 2451, in main shell.cmdloop()</st>
            <st ob="" eb="" sr="" id="5.8">File ".</st>
            <st ob="" eb="" sr="" id="5.9">/cqlsh", line 940, in cmdloop line = self.get_input_line(self.prompt)</st>
            <st ob="" eb="" sr="" id="5.10">File ".</st>
            <st ob="" eb="" sr="" id="5.11">/cqlsh", line 909, in get_input_line self.lastcmd = self.stdin.readline()</st>
            <st ob="" eb="" sr="" id="5.12">File "/System/Library/Frameworks/Python.framework/Versions/2.7/lib/python2.7/codecs.py", line 675, in readline return self.reader.readline(size)</st>
            <st ob="" eb="" sr="" id="5.13">File "/System/Library/Frameworks/Python.framework/Versions/2.7/lib/python2.7/codecs.py", line 530, in readline data = self.read(readsize, firstline=True)</st>
            <st ob="" eb="" sr="" id="5.14">File "/System/Library/Frameworks/Python.framework/Versions/2.7/lib/python2.7/codecs.py", line 477, in read newchars, decodedbytes = self.decode(data, self.errors)</st>
            <st ob="" eb="" sr="" id="5.15">UnicodeDecodeError: 'ascii' codec can't decode byte 0xe6 in position 3: ordinal not in range(128)</st>
            <st ob="" eb="" sr="" id="5.16">{noformat}</st>
        </parg>
    </desc>
</bug>
