<?xml version="1.0" encoding="UTF-8" standalone="yes"?>
<bug no-bug="" comments="">
    <id>CASSANDRA-9033</id>
    <title ob="x" eb="" sr="">Upgrading from 2.1.1 to 2.1.3 with LCS  and many sstable files makes nodes unresponsive</title>
    <desc>
        <parg ob="" eb="" sr="" id="1">
            <st ob="" eb="" sr="" id="1.1">We have an Event Log table using LCS that has grown fast.</st>
            <st ob="" eb="" sr="" id="1.2">There are more than 100K sstable files that are around 1KB.</st>
            <st ob="" eb="" sr="" id="1.3">Increasing compactors and adjusting compaction throttling upward doesn't make a difference.</st>
            <st ob="" eb="" sr="" id="1.4">It has been running great though until we upgraded to 2.1.3.</st>
            <st ob="x" eb="" sr="" id="1.5">Those nodes needed more RAM for the stack (12 GB) to even have a prayer of responding to queries.</st>
            <st ob="x" eb="" sr="" id="1.6">They bog down and become unresponsive.</st>
            <st ob="x" eb="" sr="" id="1.7">There are no GC messages that I can see, and no compaction either.</st>
        </parg>
        <parg ob="" eb="" sr="" id="2">
            <st ob="" eb="" sr="" id="2.1">The only work-around I have found is to decommission, blow away the big CF and rejoin.</st>
            <st ob="" eb="" sr="" id="2.2">That happens in about 20 minutes and everything is freaking happy again.</st>
            <st ob="" eb="" sr="" id="2.3">The size of the files is more like what I'd expect as well.</st>
        </parg>
        <parg ob="" eb="" sr="" id="3">
            <st ob="" eb="" sr="x" id="3.1">Our schema:</st>
        </parg>
        <parg ob="" eb="" sr="" id="4">
            <st ob="" eb="" sr="" id="4.1">{code} cqlsh&gt; describe columnfamily data.stories</st>
        </parg>
        <parg ob="" eb="" sr="" id="5">
            <st ob="" eb="" sr="" id="5.1">CREATE TABLE data.stories ( id timeuuid PRIMARY KEY, action_data timeuuid, action_name text, app_id timeuuid, app_instance_id timeuuid, data map&lt;text, text&gt;, objects set&lt;timeuuid&gt;, time_stamp timestamp, user_id timeuuid</st>
            <st ob="" eb="" sr="" id="5.2">) WITH bloom_filter_fp_chance = 0.01</st>
            <st ob="" eb="" sr="" id="5.3">AND caching = '{"keys":"ALL", "rows_per_partition":"NONE"}'</st>
            <st ob="" eb="" sr="" id="5.4">AND comment = 'Stories represent the timeline and are placed in the dashboard for the brand manager to see'</st>
            <st ob="" eb="" sr="" id="5.5">AND compaction = {'min_threshold': '4', 'class': 'org.apache.cassandra.db.compaction.SizeTieredCompactionStrategy', 'max_threshold': '32'}</st>
            <st ob="" eb="" sr="" id="5.6">AND compression = {'sstable_compression': 'org.apache.cassandra.io.compress.LZ4Compressor'}</st>
            <st ob="" eb="" sr="" id="5.7">AND dclocal_read_repair_chance = 0.1</st>
            <st ob="" eb="" sr="" id="5.8">AND default_time_to_live = 0</st>
            <st ob="" eb="" sr="" id="5.9">AND gc_grace_seconds = 864000</st>
            <st ob="" eb="" sr="" id="5.10">AND max_index_interval = 2048</st>
            <st ob="" eb="" sr="" id="5.11">AND memtable_flush_period_in_ms = 0</st>
            <st ob="" eb="" sr="" id="5.12">AND min_index_interval = 128</st>
            <st ob="" eb="" sr="" id="5.13">AND read_repair_chance = 0.0</st>
            <st ob="" eb="" sr="" id="5.14">AND speculative_retry = '99.0PERCENTILE';</st>
        </parg>
        <parg ob="" eb="" sr="" id="6">
            <st ob="" eb="" sr="" id="6.1">cqlsh&gt;</st>
            <st ob="" eb="" sr="" id="6.2">{code}</st>
        </parg>
        <parg ob="" eb="" sr="" id="7">
            <st ob="" eb="" sr="" id="7.1">There were no log entries that stood out.</st>
            <st ob="x" eb="" sr="" id="7.2">It pretty much consisted of "x is down" "x is up" repeated ad infinitum.</st>
            <st ob="x" eb="" sr="" id="7.3">I have attached the zipped system.log that has the situation after the upgrade and then after I stopped, removed system, system_traces, OpsCenter, and data/stories-/* and restarted.</st>
        </parg>
        <parg ob="" eb="" sr="" id="8">
            <st ob="" eb="" sr="" id="8.1">It has rejoined the cluster now and is busy read-repairing to recover its data.</st>
        </parg>
        <parg ob="" eb="" sr="" id="9">
            <st ob="x" eb="" sr="" id="9.1">On another note, we see a lot of this during repair now (on all the nodes):</st>
        </parg>
        <parg ob="" eb="" sr="" id="10">
            <st ob="" eb="" sr="" id="10.1">{code}</st>
            <st ob="" eb="" sr="" id="10.2">ERROR [AntiEntropySessions:5] 2015-03-24 20:03:10,207 RepairSession.java:303 - [repair #c5043c40-d260-11e4-a2f2-8bb3e2bbdb35] session completed with the following error java.io.IOException: Failed during snapshot creation.</st>
            <st ob="" eb="" sr="" id="10.3">        at org.apache.cassandra.repair.RepairSession.failedSnapshot(RepairSession.java:344) ~[apache-cassandra-2.1.3.jar:2.1.3]</st>
            <st ob="" eb="" sr="" id="10.4">        at org.apache.cassandra.repair.RepairJob$2.onFailure(RepairJob.java:146) ~[apache-cassandra-2.1.3.jar:2.1.3]</st>
            <st ob="" eb="" sr="" id="10.5">        at com.google.common.util.concurrent.Futures$4.run(Futures.java:1172) ~[guava-16.0.jar:na]</st>
            <st ob="" eb="" sr="" id="10.6">        at java.util.concurrent.ThreadPoolExecutor.runWorker(ThreadPoolExecutor.java:1145) [na:1.7.0_55]</st>
            <st ob="" eb="" sr="" id="10.7">        at java.util.concurrent.ThreadPoolExecutor$Worker.run(ThreadPoolExecutor.java:615) [na:1.7.0_55]</st>
            <st ob="" eb="" sr="" id="10.8">        at java.lang.Thread.run(Thread.java:745) [na:1.7.0_55]</st>
            <st ob="" eb="" sr="" id="10.9">ERROR [AntiEntropySessions:5] 2015-03-24 20:03:10,208 CassandraDaemon.java:167 - Exception in thread Thread[AntiEntropySessions:5,5,RMI Runtime] java.lang.RuntimeException: java.io.IOException: Failed during snapshot creation.</st>
            <st ob="" eb="" sr="" id="10.10">        at com.google.common.base.Throwables.propagate(Throwables.java:160) ~[guava-16.0.jar:na]</st>
            <st ob="" eb="" sr="" id="10.11">        at org.apache.cassandra.utils.WrappedRunnable.run(WrappedRunnable.java:32) ~[apache-cassandra-2.1.3.jar:2.1.3]</st>
            <st ob="" eb="" sr="" id="10.12">        at java.util.concurrent.Executors$RunnableAdapter.call(Executors.java:471) ~[na:1.7.0_55]</st>
            <st ob="" eb="" sr="" id="10.13">        at java.util.concurrent.FutureTask.run(FutureTask.java:262) ~[na:1.7.0_55]</st>
            <st ob="" eb="" sr="" id="10.14">        at java.util.concurrent.ThreadPoolExecutor.runWorker(ThreadPoolExecutor.java:1145) ~[na:1.7.0_55]</st>
            <st ob="" eb="" sr="" id="10.15">        at java.util.concurrent.ThreadPoolExecutor$Worker.run(ThreadPoolExecutor.java:615) [na:1.7.0_55]</st>
            <st ob="" eb="" sr="" id="10.16">        at java.lang.Thread.run(Thread.java:745) [na:1.7.0_55]</st>
            <st ob="" eb="" sr="" id="10.17">Caused by: java.io.IOException: Failed during snapshot creation.</st>
            <st ob="" eb="" sr="" id="10.18">        at org.apache.cassandra.repair.RepairSession.failedSnapshot(RepairSession.java:344) ~[apache-cassandra-2.1.3.jar:2.1.3]</st>
            <st ob="" eb="" sr="" id="10.19">        at org.apache.cassandra.repair.RepairJob$2.onFailure(RepairJob.java:146) ~[apache-cassandra-2.1.3.jar:2.1.3]</st>
            <st ob="" eb="" sr="" id="10.20">        at com.google.common.util.concurrent.Futures$4.run(Futures.java:1172) ~[guava-16.0.jar:na]</st>
            <st ob="" eb="" sr="" id="10.21">... 3 common frames omitted</st>
            <st ob="" eb="" sr="" id="10.22">ERROR [RepairJobTask:2] 2015-03-24 20:03:20,227 RepairJob.java:145 - Error occurred during snapshot phase java.lang.RuntimeException: Could not create snapshot at /10.0.2.144</st>
            <st ob="" eb="" sr="" id="10.23">        at org.apache.cassandra.repair.SnapshotTask$SnapshotCallback.onFailure(SnapshotTask.java:77) ~[apache-cassandra-2.1.3.jar:2.1.3]</st>
            <st ob="" eb="" sr="" id="10.24">        at org.apache.cassandra.net.MessagingService$5$1.run(MessagingService.java:349) ~[apache-cassandra-2.1.3.jar:2.1.3]</st>
            <st ob="" eb="" sr="" id="10.25">        at java.util.concurrent.Executors$RunnableAdapter.call(Executors.java:471) ~[na:1.7.0_55]</st>
            <st ob="" eb="" sr="" id="10.26">        at java.util.concurrent.FutureTask.run(FutureTask.java:262) ~[na:1.7.0_55]</st>
            <st ob="" eb="" sr="" id="10.27">        at java.util.concurrent.ThreadPoolExecutor.runWorker(ThreadPoolExecutor.java:1145) [na:1.7.0_55]</st>
            <st ob="" eb="" sr="" id="10.28">        at java.util.concurrent.ThreadPoolExecutor$Worker.run(ThreadPoolExecutor.java:615) [na:1.7.0_55]</st>
            <st ob="" eb="" sr="" id="10.29">        at java.lang.Thread.run(Thread.java:745) [na:1.7.0_55]</st>
            <st ob="" eb="" sr="" id="10.30">{code}</st>
        </parg>
        <parg ob="" eb="" sr="" id="11">
            <st ob="" eb="" sr="" id="11.1">I am thinking that this means that my work-around for blowing away and rebuilding the CF may not be working anymore.</st>
            <st ob="" eb="" sr="" id="11.2">I don't know of another way to force LCS compaction.</st>
            <st ob="x" eb="" sr="" id="11.3">The node doesn't ever seem to recover enough to compact on its own.</st>
        </parg>
    </desc>
</bug>
