<?xml version="1.0" encoding="UTF-8" standalone="yes"?>
<bug no-bug="" comments="">
    <id>CASSANDRA-8153</id>
    <title ob="x" eb="" sr="x">PreparedStatements broken when column family is recreated</title>
    <desc>
        <parg ob="" eb="" sr="" id="1">
            <st ob="" eb="" sr="x" id="1.1">The scenario:</st>
            <st ob="" eb="" sr="x" id="1.2">1. Create a PreparedStatement which references some column family.</st>
            <st ob="" eb="" sr="x" id="1.3">2. Cache the PreparedStatement instance (afaik this is standard practice).</st>
            <st ob="x" eb="" sr="x" id="1.4">3. Execute the statement - it works.</st>
            <st ob="" eb="" sr="x" id="1.5">4. Drop the column family.</st>
            <st ob="" eb="" sr="x" id="1.6">5. Recreate the column family.</st>
            <st ob="x" eb="" sr="x" id="1.7">6. Execute the statement - it fails (and will forever fail).</st>
        </parg>
        <parg ob="" eb="" sr="" id="2">
            <st ob="" eb="" sr="" id="2.1">This scenario worked properly on earlier versions.</st>
            <st ob="x" eb="" sr="" id="2.2">As of 2.1.0, it's broken - the prepared statement seems to be bound to the deleted column family and is not re-bound to the new one.</st>
            <st ob="" eb="" sr="" id="2.3">At a glance, this may be caused by CASSANDRA-5202.</st>
        </parg>
        <parg ob="" eb="" sr="" id="3">
            <st ob="" eb="" sr="" id="3.1">Workaround: client code must invalidate its PreparedStatement cache when a DROP query is executed (on column family, keyspace, and possibly others).</st>
        </parg>
        <parg ob="" eb="" sr="" id="4">
            <st ob="" eb="" sr="" id="4.1">The best fix would be to keep the cf_ids as an internal implementation detail, and make sure the query (which references the column family by name) continues to work by re-resolving the cf to the new one, rather than breaking client code due to this implementation detail.</st>
        </parg>
        <parg ob="" eb="" sr="" id="5">
            <st ob="" eb="" sr="" id="5.1">An alternative fix would be to document this code-breaking change and instruct clients to implement the workaround in their prepared statement caches.</st>
        </parg>
        <parg ob="" eb="" sr="" id="6">
            <st ob="" eb="" sr="" id="6.1">I'm not familiar with any of these internals (other than the several hours I spent trying to figure out why my unit tests started failing), so if anything in this report is incorrect, feel free to correct it :-)</st>
        </parg>
    </desc>
</bug>
