<?xml version="1.0" encoding="UTF-8" standalone="yes"?>
<bug no-bug="" comments="">
    <id>CASSANDRA-9733</id>
    <title ob="x" eb="" sr=""> InsertUpdateIfCondition.testConditionalDelete is failing on trunk</title>
    <desc>
        <parg ob="" eb="" sr="" id="1">
            <st ob="x" eb="" sr="" id="1.1">{{InsertUpdateIfCondition.testConditionalDelete}} is failing on trunk.</st>
        </parg>
        <parg ob="" eb="" sr="" id="2">
            <st ob="" eb="" sr="" id="2.1">It looks that it got unnoticed because cassci was not running the test due to the fact that the class name does not contains {{Test}}.</st>
        </parg>
    </desc>
</bug>
