<?xml version="1.0" encoding="UTF-8" standalone="yes"?>
<bug no-bug="" comments="">
    <id>CASSANDRA-7379</id>
    <title ob="x" eb="" sr="x">updating a row with compound key with a null value removes the entire row</title>
    <desc>
        <parg ob="" eb="" sr="" id="1">
            <st ob="" eb="" sr="x" id="1.1">create a table</st>
        </parg>
        <parg ob="" eb="" sr="" id="2">
            <st ob="" eb="" sr="" id="2.1">CREATE TABLE relation ( u1 bigint, u2 bigint, mf int,</st>
            <st ob="" eb="" sr="" id="2.2">PRIMARY KEY (u1, u2));</st>
        </parg>
        <parg ob="" eb="" sr="" id="3">
            <st ob="" eb="" sr="x" id="3.1">insert value:</st>
            <st ob="" eb="" sr="" id="3.2">UPDATE relation SET mf = 1 WHERE u1 = 1 and u2 = 2;</st>
        </parg>
        <parg ob="" eb="" sr="" id="4">
            <st ob="" eb="" sr="" id="4.1">SELECT * from relation ;</st>
        </parg>
        <parg ob="" eb="" sr="" id="5">
            <st ob="" eb="" sr="" id="5.1">u1 | u2 | mf</st>
            <st ob="" eb="" sr="" id="5.2">----+----+----</st>
            <st ob="" eb="" sr="" id="5.3">1 |  2 |  1</st>
        </parg>
        <parg ob="" eb="" sr="" id="6">
            <st ob="" eb="" sr="x" id="6.1">insert null value:</st>
            <st ob="" eb="" sr="" id="6.2">UPDATE relation SET mf = null WHERE u1 = 1 and u2 = 2;</st>
        </parg>
        <parg ob="" eb="" sr="" id="7">
            <st ob="" eb="" sr="" id="7.1">SELECT * from relation ;</st>
        </parg>
        <parg ob="" eb="" sr="" id="8">
            <st ob="" eb="" sr="" id="8.1">(0 rows) &lt;--- WRONG!</st>
        </parg>
        <parg ob="" eb="" sr="" id="9">
            <st ob="x" eb="" sr="" id="9.1">The INSERT statement however works:</st>
            <st ob="" eb="" sr="" id="9.2">INSERT INTO relation (u1, u2, mf) VALUES (1, 2, null);</st>
        </parg>
        <parg ob="" eb="" sr="" id="10">
            <st ob="" eb="" sr="" id="10.1">SELECT * from relation ;</st>
        </parg>
        <parg ob="" eb="" sr="" id="11">
            <st ob="" eb="" sr="" id="11.1">u1 | u2 | mf</st>
            <st ob="" eb="" sr="" id="11.2">----+----+------</st>
            <st ob="" eb="" sr="" id="11.3">1 |  2 | null</st>
        </parg>
        <parg ob="" eb="" sr="" id="12">
            <st ob="" eb="" sr="" id="12.1">(1 rows)</st>
        </parg>
    </desc>
</bug>
