<?xml version="1.0" encoding="UTF-8" standalone="yes"?>
<bug no-bug="" comments="">
    <id>CASSANDRA-7205</id>
    <title ob="x" eb="" sr="">Node never know a table has been DROP or CREATE if its gossip is disabled while executing this query</title>
    <desc>
        <parg ob="" eb="" sr="" id="1">
            <st ob="x" eb="" sr="" id="1.1">I'm using Cassandra 2.0.6 and I have 8 nodes.</st>
            <st ob="x" eb="" sr="" id="1.2">I'm doing some tests by using operations below:</st>
        </parg>
        <parg ob="" eb="" sr="" id="2">
            <st ob="" eb="" sr="x" id="2.1">disable gossip of node A;</st>
            <st ob="" eb="" sr="x" id="2.2">check the status by nodetool in other node, node A is Down now;</st>
            <st ob="" eb="" sr="x" id="2.3">use cqlsh connecting an "Up" node and create a table;</st>
            <st ob="" eb="" sr="x" id="2.4">enable gossip of node A;</st>
            <st ob="" eb="" sr="x" id="2.5">check the status, all nodes are "Up" now.</st>
        </parg>
        <parg ob="" eb="" sr="" id="3">
            <st ob="x" eb="" sr="" id="3.1">Then I find that node A doesn't know this table has been created.</st>
            <st ob="x" eb="" sr="" id="3.2">Both its own cql shell and nodetool cfstats tell me the table doesn't exist.</st>
            <st ob="x" eb="" sr="" id="3.3">Even waiting for a few minutes to get the "eventual consistency" final status, node A still doesn't know this table.</st>
            <st ob="" eb="" sr="" id="3.4">And I find if each node knows there is a table but I drop it when one node's gossip is disabled, this node will never know the table has been dropped.</st>
        </parg>
        <parg ob="" eb="" sr="" id="4">
            <st ob="" eb="" sr="" id="4.1">Is this a bug?</st>
        </parg>
    </desc>
</bug>
