<?xml version="1.0" encoding="UTF-8" standalone="yes"?>
<bug no-bug="" comments="">
    <id>CASSANDRA-10776</id>
    <title ob="x" eb="" sr="">Prepare of statements after table creation fail with unconfigured column family</title>
    <desc>
        <parg ob="" eb="" sr="" id="1">
            <st ob="" eb="" sr="" id="1.1">Cassandra 2.1.8</st>
        </parg>
        <parg ob="" eb="" sr="" id="2">
            <st ob="" eb="" sr="" id="2.1">We have multiple app instances trying to create the same table using IF NOT EXISTS.</st>
        </parg>
        <parg ob="" eb="" sr="" id="3">
            <st ob="" eb="" sr="" id="3.1">We check for schema agreement via the Java Driver before and after every statement.</st>
        </parg>
        <parg ob="" eb="" sr="" id="4">
            <st ob="x" eb="" sr="" id="4.1">After creating the table we then prepare statements and we sometimes get:</st>
        </parg>
        <parg ob="" eb="" sr="" id="5">
            <st ob="" eb="" sr="" id="5.1">{code} com.datastax.driver.core.exceptions.InvalidQueryException: unconfigured columnfamily locks</st>
            <st ob="" eb="" sr="" id="5.2">	at com.datastax.driver.core.exceptions.InvalidQueryException.copy(InvalidQueryException.java:50) ~[cassandra-driver-core-2.1.8.jar:na]</st>
            <st ob="" eb="" sr="" id="5.3">	at com.datastax.driver.core.DriverThrowables.propagateCause(DriverThrowables.java:37) ~[cassandra-driver-core-2.1.8.jar:na]</st>
            <st ob="" eb="" sr="" id="5.4">	at com.datastax.driver.core.AbstractSession.prepare(AbstractSession.java:79) ~[cassandra-driver-core-2.1.8.jar:na]</st>
            <st ob="" eb="" sr="" id="5.5">	at uk.sky.cirrus.locking.CassandraLockingMechanism.init(CassandraLockingMechanism.java:69) ~[main/:na]</st>
            <st ob="" eb="" sr="" id="5.6">	at uk.sky.cirrus.locking.Lock.acquire(Lock.java:35) [main/:na]</st>
            <st ob="" eb="" sr="" id="5.7">	at uk.sky.cirrus.CqlMigratorImpl.migrate(CqlMigratorImpl.java:83) [main/:na]</st>
            <st ob="" eb="" sr="" id="5.8">	at uk.sky.cirrus.locking.LockVerificationTest.lambda$shouldManageContentionsForSchemaMigrate$0(LockVerificationTest.java:90) [test/:na]</st>
            <st ob="" eb="" sr="" id="5.9">	at java.util.concurrent.FutureTask.run(FutureTask.java:266) ~[na:1.8.0_60]</st>
            <st ob="" eb="" sr="" id="5.10">	at java.util.concurrent.ThreadPoolExecutor.runWorker(ThreadPoolExecutor.java:1142) ~[na:1.8.0_60]</st>
            <st ob="" eb="" sr="" id="5.11">	at java.util.concurrent.ThreadPoolExecutor$Worker.run(ThreadPoolExecutor.java:617) ~[na:1.8.0_60]</st>
            <st ob="" eb="" sr="" id="5.12">	at java.lang.Thread.run(Thread.java:745) ~[na:1.8.0_60]</st>
            <st ob="" eb="" sr="" id="5.13">{code}</st>
        </parg>
        <parg ob="" eb="" sr="" id="6">
            <st ob="x" eb="" sr="" id="6.1">Looking at the server logs we get:</st>
        </parg>
        <parg ob="" eb="" sr="" id="7">
            <st ob="" eb="" sr="" id="7.1">{code} ava.lang.RuntimeException: org.apache.cassandra.exceptions.ConfigurationException: Column family ID mismatch (found 90bbb372-9446-11e5-b1ca-8119a6964819; expected 90b87f20-9446-11e5-b1ca-8119a6964819)</st>
            <st ob="" eb="" sr="" id="7.2">	at org.apache.cassandra.config.CFMetaData.reload(CFMetaData.java:1145) ~[main/:na]</st>
            <st ob="" eb="" sr="" id="7.3">	at org.apache.cassandra.db.DefsTables.updateColumnFamily(DefsTables.java:422) ~[main/:na]</st>
            <st ob="" eb="" sr="" id="7.4">	at org.apache.cassandra.db.DefsTables.mergeColumnFamilies(DefsTables.java:295) ~[main/:na]</st>
            <st ob="" eb="" sr="" id="7.5">	at org.apache.cassandra.db.DefsTables.mergeSchemaInternal(DefsTables.java:194) ~[main/:na]</st>
            <st ob="" eb="" sr="" id="7.6">	at org.apache.cassandra.db.DefsTables.mergeSchema(DefsTables.java:166) ~[main/:na]</st>
            <st ob="" eb="" sr="" id="7.7">	at org.apache.cassandra.db.DefinitionsUpdateVerbHandler$1.runMayThrow(DefinitionsUpdateVerbHandler.java:49) ~[main/:na]</st>
            <st ob="" eb="" sr="" id="7.8">	at org.apache.cassandra.utils.WrappedRunnable.run(WrappedRunnable.java:28) ~[main/:na]</st>
            <st ob="" eb="" sr="" id="7.9">	at java.util.concurrent.Executors$RunnableAdapter.call(Executors.java:511) ~[na:1.8.0_60]</st>
            <st ob="" eb="" sr="" id="7.10">	at java.util.concurrent.FutureTask.run(FutureTask.java:266) ~[na:1.8.0_60]</st>
            <st ob="" eb="" sr="" id="7.11">	at java.util.concurrent.ThreadPoolExecutor.runWorker(ThreadPoolExecutor.java:1142) ~[na:1.8.0_60]</st>
            <st ob="" eb="" sr="" id="7.12">	at java.util.concurrent.ThreadPoolExecutor$Worker.run(ThreadPoolExecutor.java:617) [na:1.8.0_60]</st>
            <st ob="" eb="" sr="" id="7.13">	at java.lang.Thread.run(Thread.java:745) [na:1.8.0_60]</st>
            <st ob="" eb="" sr="" id="7.14">{code}</st>
        </parg>
        <parg ob="" eb="" sr="" id="8">
            <st ob="" eb="" sr="" id="8.1">We found this issue which is marked as resolved:</st>
            <st ob="" eb="" sr="" id="8.2">https://issues.apache.org/jira/browse/CASSANDRA-8387</st>
        </parg>
        <parg ob="" eb="" sr="" id="9">
            <st ob="x" eb="" sr="" id="9.1">Does the IF NOT EXISTS just check the local node?</st>
        </parg>
    </desc>
</bug>
