<?xml version="1.0" encoding="UTF-8" standalone="yes"?>
<bug no-bug="" comments="">
    <id>CASSANDRA-8663</id>
    <title ob="x" eb="x" sr="">cqlsh is showing the integer value for ConsistencyLevel not name </title>
    <desc>
        <parg ob="" eb="" sr="" id="1">
            <st ob="x" eb="x" sr="x" id="1.1">When you use issues the {{CONSISTENCY;}} command in {{cqlsh}}, it is showing the integer value for the current consistency level, not the name of that consistency level.</st>
        </parg>
        <parg ob="" eb="" sr="" id="2">
            <st ob="" eb="" sr="x" id="2.1">Example:</st>
            <st ob="" eb="" sr="" id="2.2">{noformat} cqlsh&gt; CONSISTENCY QUORUM;</st>
            <st ob="" eb="" sr="" id="2.3">Consistency level set to QUORUM.</st>
            <st ob="" eb="" sr="" id="2.4">cqlsh&gt; CONSISTENCY;</st>
            <st ob="" eb="" sr="" id="2.5">Current consistency level is 4.</st>
            <st ob="" eb="" sr="" id="2.6">{noformat}</st>
        </parg>
        <parg ob="" eb="" sr="" id="3">
            <st ob="" eb="" sr="" id="3.1">The output can be confusing for some who might think that it refers to the number of nodes required for acknowledge when performing an operation.</st>
            <st ob="" eb="" sr="" id="3.2">The name of the current consistency level would be more clear.</st>
        </parg>
        <parg ob="" eb="" sr="" id="4">
            <st ob="" eb="" sr="x" id="4.1">More examples:</st>
            <st ob="" eb="" sr="" id="4.2">https://gist.github.com/lenards/e97ce13347e7ad454b86</st>
        </parg>
        <parg ob="" eb="" sr="" id="5">
            <st ob="" eb="" sr="" id="5.1">Thank you.</st>
        </parg>
    </desc>
</bug>
