<?xml version="1.0" encoding="UTF-8" standalone="yes"?>
<bug no-bug="" comments="">
    <id>CASSANDRA-10279</id>
    <title ob="" eb="" sr="">Inconsistent update/delete behavior for static lists vs lists</title>
    <desc>
        <parg ob="" eb="" sr="" id="1">
            <st ob="x" eb="" sr="" id="1.1">Partial list deletions (either in the form of {{UPDATE list = list - \[...]}} or {{DELETE list\[index]}} form) work fine in regular list columns, but do nothing or throw bad index error when applied to *static* list columns.</st>
        </parg>
        <parg ob="" eb="" sr="" id="2">
            <st ob="" eb="" sr="x" id="2.1">Example:</st>
            <st ob="" eb="" sr="" id="2.2">{code:sql} create table t_lists ( id int, dt int, ls list&lt;ascii&gt;, sls list&lt;ascii&gt; static, primary key(id, dt)</st>
            <st ob="" eb="" sr="" id="2.3">);</st>
            <st ob="" eb="" sr="" id="2.4">cqlsh:test&gt; update t_lists set ls = ['foo', 'bar', 'baz'], sls = ['chico', 'harpo', 'zeppo', 'groucho'] where id=1 and dt=1;</st>
            <st ob="" eb="" sr="" id="2.5">cqlsh:test&gt; select * from t_lists;</st>
        </parg>
        <parg ob="" eb="" sr="" id="3">
            <st ob="" eb="" sr="" id="3.1">id | dt | sls                                    | ls</st>
            <st ob="" eb="" sr="" id="3.2">----+----+----------------------------------------+-----------------------</st>
            <st ob="" eb="" sr="" id="3.3">1 |  1 | ['chico', 'harpo', 'zeppo', 'groucho'] | ['foo', 'bar', 'baz']</st>
        </parg>
        <parg ob="" eb="" sr="" id="4">
            <st ob="" eb="" sr="" id="4.1">(1 rows)</st>
            <st ob="" eb="" sr="" id="4.2">cqlsh:test&gt; delete ls[2] from t_lists where id = 1 and dt = 1; -- works cqlsh:test&gt; delete sls[2] from t_lists where id = 1; -- errors</st>
            <st ob="" eb="" sr="" id="4.3">InvalidRequest: code=2200 [Invalid query] message="Attempted to delete an element from a list which is null" cqlsh:test&gt; select * from t_lists;</st>
        </parg>
        <parg ob="" eb="" sr="" id="5">
            <st ob="" eb="" sr="" id="5.1">id | dt | sls                                    | ls</st>
            <st ob="" eb="" sr="" id="5.2">----+----+----------------------------------------+----------------</st>
            <st ob="" eb="" sr="" id="5.3">1 |  1 | ['chico', 'harpo', 'zeppo', 'groucho'] | ['foo', 'bar']</st>
        </parg>
        <parg ob="" eb="" sr="" id="6">
            <st ob="" eb="" sr="" id="6.1">(1 rows)</st>
        </parg>
        <parg ob="" eb="" sr="" id="7">
            <st ob="" eb="" sr="" id="7.1">cqlsh:test&gt; update t_lists set ls = ls - ['bar'] where id=1 and dt=1; -- works cqlsh:test&gt; update t_lists set sls = sls - ['zeppo'] where id=1; -- fails silently cqlsh:test&gt; select * from t_lists;</st>
        </parg>
        <parg ob="" eb="" sr="" id="8">
            <st ob="" eb="" sr="" id="8.1">id | dt | sls                                    | ls</st>
            <st ob="" eb="" sr="" id="8.2">----+----+----------------------------------------+---------</st>
            <st ob="" eb="" sr="" id="8.3">1 |  1 | ['chico', 'harpo', 'zeppo', 'groucho'] | ['foo']</st>
        </parg>
        <parg ob="" eb="" sr="" id="9">
            <st ob="" eb="" sr="" id="9.1">(1 rows)</st>
        </parg>
        <parg ob="" eb="" sr="" id="10">
            <st ob="" eb="" sr="" id="10.1">{code}</st>
        </parg>
    </desc>
</bug>
