<?xml version="1.0" encoding="UTF-8" standalone="yes"?>
<bug no-bug="" comments="">
    <id>CASSANDRA-8571</id>
    <title ob="" eb="" sr="">Free space management does not work very well</title>
    <desc>
        <parg ob="" eb="" sr="" id="1">
            <st ob="" eb="" sr="" id="1.1">Hi all,</st>
        </parg>
        <parg ob="" eb="" sr="" id="2">
            <st ob="" eb="" sr="" id="2.1">We've got a cluster of 2.1.2 with 18 nodes equipped with 3x 480GB SSD each (JBODs).</st>
            <st ob="" eb="" sr="" id="2.2">We mostly use LCS.</st>
        </parg>
        <parg ob="" eb="" sr="" id="3">
            <st ob="x" eb="" sr="" id="3.1">Recently, our nodes starts failing with 'no space left on device'.</st>
            <st ob="" eb="" sr="" id="3.2">It all started with our mistake - we let our LCS accumulate too much in L0.</st>
        </parg>
        <parg ob="" eb="" sr="" id="4">
            <st ob="x" eb="" sr="" id="4.1">As a result, STCS woke up and we end with some big sstables on each node (let's say 5-10 sstables, 20-50gb each).</st>
        </parg>
        <parg ob="" eb="" sr="" id="5">
            <st ob="" eb="" sr="" id="5.1">During normal operation we keep our disks about 50% full.</st>
            <st ob="" eb="" sr="" id="5.2">This gives about 200 GB free space on each of them.</st>
            <st ob="" eb="" sr="" id="5.3">This was too little for compacting all accumulated L0 sstables at once.</st>
            <st ob="x" eb="" sr="" id="5.4">Cassandra kept trying to do that and keep failing...</st>
        </parg>
        <parg ob="" eb="" sr="" id="6">
            <st ob="" eb="" sr="" id="6.1">Evantually, we managed to stabilized the situation (with some crazy code hacking, manually moving sstables etc..</st>
            <st ob="" eb="" sr="" id="6.2">.)</st>
            <st ob="" eb="" sr="" id="6.3">.</st>
            <st ob="" eb="" sr="" id="6.4">However, there are a few things that would be more than helpful in recovering from such situations more automatically...</st>
        </parg>
        <parg ob="" eb="" sr="" id="7">
            <st ob="x" eb="" sr="" id="7.1">First, please look at DiskAwareRunnable.runMayThrow().</st>
            <st ob="x" eb="" sr="" id="7.2">This methods initiates (local) variable: writeSize.</st>
            <st ob="" eb="x" sr="" id="7.3">I believe we should check somewhere here if we have enough space on a chosen disk.</st>
            <st ob="x" eb="" sr="" id="7.4">The problem is that writeSize is never read... Am I missing something here?</st>
        </parg>
        <parg ob="" eb="" sr="" id="8">
            <st ob="" eb="" sr="" id="8.1">Btw, while in STCS we first look for the least overloaded disk, and then (if there are more than one such disks) for the one with the most free space (please note the sort order in Directories.getWriteableLocation()).</st>
            <st ob="" eb="" sr="" id="8.2">That's often suboptimal (it's usually better to wait for the bigger disk than to compact fewer sstables now), but probably not crucial.</st>
        </parg>
        <parg ob="" eb="" sr="" id="9">
            <st ob="x" eb="" sr="" id="9.1">Second, the strategy (used by LCS) that we first choose target disk and then use it for whole compaction is not the best one.</st>
            <st ob="x" eb="" sr="" id="9.2">For big compactions (eg.</st>
            <st ob="x" eb="" sr="" id="9.3">after some massive operations like bootstrap or repair; or after some issues with LCS like in our case) on small drives (eg.</st>
            <st ob="x" eb="" sr="" id="9.4">JBOD of SSDs) these will never succeed.</st>
            <st ob="" eb="x" sr="" id="9.5">Much better strategy would be to choose target drive for each output sstable separately, or at least round robin them.</st>
        </parg>
        <parg ob="" eb="" sr="" id="10">
            <st ob="" eb="" sr="" id="10.1">Third, it would be helpful if the default check for MAX_COMPACTING_L0 in LeveledManifest.getCandidatesFor() would be expanded to support also limit for total space.</st>
            <st ob="" eb="" sr="" id="10.2">After fallback STCS in L0 you end up with very big sstables and 32 of them is just too much for one compaction on a small drives.</st>
        </parg>
        <parg ob="" eb="" sr="" id="11">
            <st ob="" eb="" sr="" id="11.1">We finally used some hack similar the last option (as it was the easiest one to implement in a hurry), but any improvents described above would save us from all this.</st>
        </parg>
        <parg ob="" eb="" sr="" id="12">
            <st ob="" eb="" sr="" id="12.1">Thanks,</st>
            <st ob="" eb="" sr="" id="12.2">BR</st>
        </parg>
    </desc>
</bug>
