<?xml version="1.0" encoding="UTF-8" standalone="yes"?>
<bug no-bug="" comments="">
    <id>CASSANDRA-6499</id>
    <title ob="x" eb="" sr="">Shuffle fails if PasswordAuthenticator is enabled</title>
    <desc>
        <parg ob="" eb="" sr="" id="1">
            <st ob="x" eb="" sr="x" id="1.1">If you attempt to run shuffle whilst authenticator: org.apache.cassandra.auth.PasswordAuthenticator is set in the cassandra.yaml you get the following error:</st>
        </parg>
        <parg ob="" eb="" sr="" id="2">
            <st ob="" eb="" sr="" id="2.1">Exception in thread "main" java.lang.RuntimeException: InvalidRequestException(why:You have not logged in)</st>
            <st ob="" eb="" sr="" id="2.2">        at org.apache.cassandra.tools.Shuffle.executeCqlQuery(Shuffle.java:516)</st>
            <st ob="" eb="" sr="" id="2.3">        at org.apache.cassandra.tools.Shuffle.shuffle(Shuffle.java:359)</st>
            <st ob="" eb="" sr="" id="2.4">        at org.apache.cassandra.tools.Shuffle.main(Shuffle.java:681)</st>
            <st ob="" eb="" sr="" id="2.5">Caused by: InvalidRequestException(why:You have not logged in)</st>
            <st ob="" eb="" sr="" id="2.6">        at org.apache.cassandra.thrift.Cassandra$execute_cql3_query_result.read(Cassandra.java:37849)</st>
            <st ob="" eb="" sr="" id="2.7">        at org.apache.thrift.TServiceClient.receiveBase(TServiceClient.java:78)</st>
            <st ob="" eb="" sr="" id="2.8">at org.apache.cassandra.thrift.Cassandra$Client.recv_execute_cql3_query(Cassandra.java:1562)</st>
            <st ob="" eb="" sr="" id="2.9">at org.apache.cassandra.thrift.Cassandra$Client.execute_cql3_query(Cassandra.java:1547)</st>
            <st ob="" eb="" sr="" id="2.10">at org.apache.cassandra.tools.CassandraClient.execute_cql_query(Shuffle.java:736)</st>
            <st ob="" eb="" sr="" id="2.11">        at org.apache.cassandra.tools.Shuffle.executeCqlQuery(Shuffle.java:502)</st>
            <st ob="" eb="" sr="" id="2.12">        ... 2 more</st>
        </parg>
        <parg ob="" eb="" sr="" id="3">
            <st ob="" eb="" sr="" id="3.1">I've logged this as Minor as I wouldn't really recommend using shuffle in production.</st>
        </parg>
    </desc>
</bug>
