<?xml version="1.0" encoding="UTF-8" standalone="yes"?>
<bug no-bug="" comments="">
    <id>CASSANDRA-6977</id>
    <title ob="x" eb="" sr="x">attempting to create 10K column families fails with 100 node cluster</title>
    <desc>
        <parg ob="" eb="" sr="" id="1">
            <st ob="" eb="" sr="x" id="1.1">During this test we are attempting to create a total of 1K keyspaces with 10 column families each to bring the total column families to 10K.</st>
            <st ob="" eb="" sr="" id="1.2">With a 5 node cluster this operation can be completed; however, it fails with 100 nodes.</st>
            <st ob="x" eb="" sr="" id="1.3">Please see the two charts.</st>
            <st ob="x" eb="" sr="" id="1.4">For the 5 node case the time required to create each keyspace and subsequent 10 column families increases linearly until the number of keyspaces is 1K.</st>
            <st ob="x" eb="" sr="" id="1.5">For a 100 node cluster there is a sudden increase in latency between 450 keyspaces and 550 keyspaces.</st>
            <st ob="x" eb="" sr="" id="1.6">The test ends when the test script times out.</st>
            <st ob="x" eb="" sr="" id="1.7">After the test script times out it is impossible to reconnect to the cluster with the datastax python driver because it cannot connect to the host:</st>
            <st ob="" eb="" sr="" id="1.8">cassandra.cluster.NoHostAvailable: ('Unable to connect to any servers', {'10.199.5.98': OperationTimedOut()}</st>
        </parg>
        <parg ob="" eb="" sr="" id="2">
            <st ob="" eb="" sr="x" id="2.1">It was found that running the following stress command does work from the same machine the test script runs on.</st>
        </parg>
        <parg ob="" eb="" sr="" id="3">
            <st ob="" eb="" sr="" id="3.1">cassandra-stress -d 10.199.5.98 -l 2 -e QUORUM -L3 -b -o INSERT</st>
        </parg>
        <parg ob="" eb="" sr="" id="4">
            <st ob="" eb="" sr="" id="4.1">It should be noted that this test was initially done with DSE 4.0 and c* version 2.0.5.24 and in that case it was not possible to run stress against the cluster even locally on a node due to not finding the host.</st>
        </parg>
        <parg ob="" eb="" sr="" id="5">
            <st ob="x" eb="" sr="" id="5.1">Attached are system logs from one of the nodes, charts showing schema creation latency for 5 and 100 node clusters and virtualvm tracer data for cpu, memory, num_threads and gc runs, tpstat output and the test script.</st>
        </parg>
        <parg ob="" eb="" sr="" id="6">
            <st ob="" eb="" sr="" id="6.1">The test script was on an m1.large aws instance outside of the cluster under test.</st>
        </parg>
    </desc>
</bug>
