<?xml version="1.0" encoding="UTF-8" standalone="yes"?>
<bug no-bug="" comments="">
    <id>CB-1497</id>
    <title ob="" eb="" sr="">Fails Archiving CordovaLib in iOS</title>
    <desc>
        <parg ob="" eb="" sr="" id="1">
            <st ob="" eb="" sr="" id="1.1">Trying to get an app out for iOS 6 ASAP.</st>
            <st ob="x" eb="x" sr="" id="1.2">After cloning the git repo, building the CordovaLib project works for debugging, but when trying to Archive it, the error below occurs.</st>
            <st ob="x" eb="" sr="" id="1.3">It seems like it's unable to find the library after compiling it.</st>
            <st ob="x" eb="" sr="" id="1.4">When included in our own project, same thing occurs.</st>
        </parg>
        <parg ob="" eb="" sr="" id="2">
            <st ob="" eb="" sr="" id="2.1">SetOwnerAndGroup "user:staff" /Users/user/Library/Developer/Xcode/DerivedData/CordovaLib-azquqjfgcqqlhiehsxsutxwlcxbe/Build/Intermediates/ArchiveIntermediates/CordovaLib/IntermediateBuildFilesPath/UninstalledProducts/libCordova.</st>
            <st ob="" eb="" sr="" id="2.2">a cd /docs/misc/incubator-cordova-ios/CordovaLib setenv PATH "/Applications/Xcode.app/Contents/Developer/Platforms/iPhoneOS.</st>
            <st ob="" eb="" sr="" id="2.3">platform/Developer/usr/bin:/Applications/Xcode.app/Contents/Developer/usr/bin:/usr/bin:/bin:/usr/sbin:/sbin"</st>
            <st ob="" eb="" sr="" id="2.4">/usr/sbin/chown -RH "user:staff" /Users/user/Library/Developer/Xcode/DerivedData/CordovaLib-azquqjfgcqqlhiehsxsutxwlcxbe/Build/Intermediates/ArchiveIntermediates/CordovaLib/IntermediateBuildFilesPath/UninstalledProducts/libCordova.</st>
            <st ob="" eb="" sr="" id="2.5">a</st>
        </parg>
        <parg ob="" eb="" sr="" id="3">
            <st ob="" eb="" sr="" id="3.1">chown: /Users/user/Library/Developer/Xcode/DerivedData/CordovaLib-azquqjfgcqqlhiehsxsutxwlcxbe/Build/Intermediates/ArchiveIntermediates/CordovaLib/IntermediateBuildFilesPath/UninstalledProducts/libCordova.</st>
            <st ob="" eb="" sr="" id="3.2">a: No such file or directory</st>
            <st ob="" eb="" sr="" id="3.3">Command /usr/sbin/chown failed with exit code 1</st>
        </parg>
    </desc>
</bug>
