<?xml version="1.0" encoding="UTF-8" standalone="yes"?>
<bug no-bug="" comments="">
    <id>CB-1006</id>
    <title ob="x" eb="" sr="">1.9.0 instant crash on app start : Symbol not found: _NSURLIsExcludedFromBackupKey</title>
    <desc>
        <parg ob="" eb="" sr="" id="1">
            <st ob="x" eb="" sr="" id="1.1">App used to work on 1.8.1, but on 1.9.0, it is crashing on start on some devices (5.1 ok, 6.0-beta2 ok) but 5.0.1 appears to instant crash!</st>
        </parg>
        <parg ob="" eb="" sr="" id="2">
            <st ob="" eb="" sr="" id="2.1">--- CRASH REPORT ---</st>
        </parg>
        <parg ob="" eb="" sr="" id="3">
            <st ob="" eb="" sr="" id="3.1">Incident Identifier: 53046A3B-2D69-4B3C-B819-EFDEDEEE8B33</st>
            <st ob="" eb="" sr="" id="3.2">CrashReporter Key: 27779d947ecf4392cc7e1c208f8c6f871a377abf</st>
            <st ob="" eb="" sr="" id="3.3">Hardware Model: iPad1,1</st>
            <st ob="" eb="" sr="" id="3.4">Process: Beelink [3418]</st>
            <st ob="" eb="" sr="" id="3.5">Path: /var/mobile/Applications/B37C314A-97B3-443F-947E-5AE08443AC68/Beelink.app/Beelink</st>
            <st ob="" eb="" sr="" id="3.6">Identifier: Beelink</st>
            <st ob="" eb="" sr="" id="3.7">Version: ???</st>
            <st ob="" eb="" sr="" id="3.8">(???)</st>
            <st ob="" eb="" sr="" id="3.9">Code Type: ARM (Native)</st>
            <st ob="" eb="" sr="" id="3.10">Parent Process: launchd [1]</st>
        </parg>
        <parg ob="" eb="" sr="" id="4">
            <st ob="" eb="" sr="" id="4.1">Date/Time: 2012-07-04 13:49:06.622 +0200</st>
            <st ob="" eb="" sr="" id="4.2">OS Version: iPhone OS 5.0.1 (9A405)</st>
            <st ob="" eb="" sr="" id="4.3">Report Version: 104</st>
        </parg>
        <parg ob="" eb="" sr="" id="5">
            <st ob="" eb="" sr="" id="5.1">Exception Type: EXC_BREAKPOINT (SIGTRAP)</st>
            <st ob="" eb="" sr="" id="5.2">Exception Codes: 0x00000001, 0xe7ffdefe</st>
            <st ob="" eb="" sr="" id="5.3">Crashed Thread: 0</st>
        </parg>
        <parg ob="" eb="" sr="" id="6">
            <st ob="" eb="" sr="" id="6.1">Dyld Error Message:</st>
            <st ob="" eb="" sr="" id="6.2">Symbol not found: _NSURLIsExcludedFromBackupKey</st>
            <st ob="" eb="" sr="" id="6.3">Referenced from: /var/mobile/Applications/B37C314A-97B3-443F-947E-5AE08443AC68/Beelink.app/Beelink</st>
            <st ob="" eb="" sr="" id="6.4">Expected in: /System/Library/Frameworks/CoreFoundation.framework/CoreFoundation in /var/mobile/Applications/B37C314A-97B3-443F-947E-5AE08443AC68/Beelink.app/Beelink</st>
            <st ob="" eb="" sr="" id="6.5">Dyld Version: 199.5</st>
        </parg>
        <parg ob="" eb="" sr="" id="7">
            <st ob="" eb="" sr="" id="7.1">Binary Images:</st>
            <st ob="" eb="" sr="" id="7.2">0x1000 - 0x4ffff +Beelink armv7 &lt;2c550f7b38093fa9ae109b1ad9ba6a24&gt; /var/mobile/Applications/B37C314A-97B3-443F-947E-5AE08443AC68/Beelink.app/Beelink</st>
            <st ob="" eb="" sr="" id="7.3">0x2fe4a000 - 0x2fe6bfff dyld armv7 /usr/lib/dyld</st>
            <st ob="" eb="" sr="" id="7.4">0x303da000 - 0x3044afff CoreImage armv7 /System/Library/Frameworks/CoreImage.framework/CoreImage</st>
            <st ob="" eb="" sr="" id="7.5">0x3044b000 - 0x3044efff CoreTime armv7 /System/Library/PrivateFrameworks/CoreTime.framework/CoreTime</st>
            <st ob="" eb="" sr="" id="7.6">0x3044f000 - 0x30474fff OpenCL armv7 /System/Library/PrivateFrameworks/OpenCL.framework/OpenCL</st>
            <st ob="" eb="" sr="" id="7.7">0x3049f000 - 0x304b5fff DictionaryServices armv7 &lt;5bbab664f97932a79a1566fda3a4383e&gt; /System/Library/PrivateFrameworks/DictionaryServices.framework/DictionaryServices</st>
            <st ob="" eb="" sr="" id="7.8">0x304c0000 - 0x304c5fff libcopyfile.dylib armv7 &lt;9072462f28af3665875b3ecaba002c00&gt; /usr/lib/system/libcopyfile.dylib</st>
            <st ob="" eb="" sr="" id="7.9">0x30552000 - 0x30587fff SystemConfiguration armv7 &lt;753be0ebdcb13b24b1a4adcdc94d6bd9&gt; /System/Library/Frameworks/SystemConfiguration.framework/SystemConfiguration</st>
            <st ob="" eb="" sr="" id="7.10">0x30593000 - 0x305dcfff libc++.1.</st>
            <st ob="" eb="" sr="" id="7.11">dylib armv7 /usr/lib/libc++.1.</st>
            <st ob="" eb="" sr="" id="7.12">dylib</st>
            <st ob="" eb="" sr="" id="7.13">0x305dd000 - 0x305e4fff MailServices armv7/System/Library/PrivateFrameworks/MailServices.</st>
            <st ob="" eb="" sr="" id="7.14">framework/MailServices</st>
            <st ob="" eb="" sr="" id="7.15">0x305ec000 - 0x305f8fff libz.1.</st>
            <st ob="" eb="" sr="" id="7.16">dylib armv7 /usr/lib/libz.1.</st>
            <st ob="" eb="" sr="" id="7.17">dylib</st>
            <st ob="" eb="" sr="" id="7.18">0x30609000 - 0x30615fff CoreVideo armv7 &lt;474c89eb09fe3464851a20d76052341b&gt; /System/Library/Frameworks/CoreVideo.framework/CoreVideo</st>
            <st ob="" eb="" sr="" id="7.19">0x30616000 - 0x30619fff CaptiveNetwork armv7/System/Library/PrivateFrameworks/CaptiveNetwork.</st>
            <st ob="" eb="" sr="" id="7.20">framework/CaptiveNetwork</st>
            <st ob="" eb="" sr="" id="7.21">0x30621000 - 0x30627fff liblockdown.dylib armv7 /usr/lib/liblockdown.</st>
            <st ob="" eb="" sr="" id="7.22">dylib</st>
            <st ob="" eb="" sr="" id="7.23">0x30642000 - 0x30661fff libSystem.B.dylib armv7 &lt;31a0ffbb18bf3a28b46fd286733e7d9f&gt; /usr/lib/libSystem.</st>
            <st ob="" eb="" sr="" id="7.24">B.dylib</st>
            <st ob="" eb="" sr="" id="7.25">0x307a3000 - 0x307a4fff libremovefile.dylib armv7 &lt;9c8cee9652453241ac1fc99eab05c40a&gt; /usr/lib/system/libremovefile.dylib</st>
            <st ob="" eb="" sr="" id="7.26">0x307ec000 - 0x30843fff CoreAudio armv7 &lt;2e4975a2156e328585f2a478e80704fc&gt; /System/Library/Frameworks/CoreAudio.framework/CoreAudio</st>
            <st ob="" eb="" sr="" id="7.27">0x30844000 - 0x308f0fff MediaControlSender armv7 &lt;4c0982b21ecf35aead8e0bef55d842b0&gt; /System/Library/PrivateFrameworks/MediaControlSender.framework/MediaControlSender</st>
            <st ob="" eb="" sr="" id="7.28">0x30b14000 - 0x30bcffff AVFoundation armv7/System/Library/Frameworks/AVFoundation.</st>
            <st ob="" eb="" sr="" id="7.29">framework/AVFoundation</st>
            <st ob="" eb="" sr="" id="7.30">0x30c0e000 - 0x30c59fff CoreLocation armv7/System/Library/Frameworks/CoreLocation.</st>
            <st ob="" eb="" sr="" id="7.31">framework/CoreLocation</st>
            <st ob="" eb="" sr="" id="7.32">0x30c5a000 - 0x3119efff FaceCoreLight armv7/System/Library/PrivateFrameworks/FaceCoreLight.</st>
            <st ob="" eb="" sr="" id="7.33">framework/FaceCoreLight</st>
            <st ob="" eb="" sr="" id="7.34">0x3119f000 - 0x311b0fff DataAccessExpress armv7 &lt;6bc443b0f87e338698cac9e5a96e8f8f&gt; /System/Library/PrivateFrameworks/DataAccessExpress.framework/DataAccessExpress</st>
            <st ob="" eb="" sr="" id="7.35">0x311b1000 - 0x311f4fff libcommonCrypto.dylib armv7 /usr/lib/system/libcommonCrypto.dylib</st>
            <st ob="" eb="" sr="" id="7.36">0x31226000 - 0x31227fff libsystem_sandbox.</st>
            <st ob="" eb="" sr="" id="7.37">dylib armv7 /usr/lib/system/libsystem_sandbox.</st>
            <st ob="" eb="" sr="" id="7.38">dylib</st>
            <st ob="" eb="" sr="" id="7.39">0x31228000 - 0x312cefff AddressBookUI armv7/System/Library/Frameworks/AddressBookUI.</st>
            <st ob="" eb="" sr="" id="7.40">framework/AddressBookUI</st>
            <st ob="" eb="" sr="" id="7.41">0x31447000 - 0x3145afff Notes armv7 /System/Library/PrivateFrameworks/Notes.framework/Notes</st>
            <st ob="" eb="" sr="" id="7.42">0x3149e000 - 0x314dbfff FTServices armv7/System/Library/PrivateFrameworks/FTServices.</st>
            <st ob="" eb="" sr="" id="7.43">framework/FTServices</st>
            <st ob="" eb="" sr="" id="7.44">0x31500000 - 0x31540fff libGLImage.dylib armv7 &lt;9440420d838a382caa175399d74a5044&gt; /System/Library/Frameworks/OpenGLES.framework/libGLImage.dylib</st>
            <st ob="" eb="" sr="" id="7.45">0x315b2000 - 0x315e7fff DataAccess armv7 &lt;432578d415dd3398b3487f003b3100ac&gt; /System/Library/PrivateFrameworks/DataAccess.framework/DataAccess</st>
            <st ob="" eb="" sr="" id="7.46">0x31676000 - 0x31685fff OpenGLES armv7 &lt;6d1afb451f50310895ec59864739e781&gt; /System/Library/Frameworks/OpenGLES.framework/OpenGLES</st>
            <st ob="" eb="" sr="" id="7.47">0x31686000 - 0x31690fff libvMisc.dylib armv7/System/Library/Frameworks/Accelerate.</st>
            <st ob="" eb="" sr="" id="7.48">framework/Frameworks/vecLib.</st>
            <st ob="" eb="" sr="" id="7.49">framework/libvMisc.</st>
            <st ob="" eb="" sr="" id="7.50">dylib</st>
            <st ob="" eb="" sr="" id="7.51">0x31739000 - 0x31742fff libMobileGestalt.dylib armv7 /usr/lib/libMobileGestalt.</st>
            <st ob="" eb="" sr="" id="7.52">dylib</st>
            <st ob="" eb="" sr="" id="7.53">0x31755000 - 0x318d3fff Foundation armv7 /System/Library/Frameworks/Foundation.framework/Foundation</st>
            <st ob="" eb="" sr="" id="7.54">0x3190a000 - 0x31abbfff MediaPlayer armv7 /System/Library/Frameworks/MediaPlayer.framework/MediaPlayer</st>
            <st ob="" eb="" sr="" id="7.55">0x31ad0000 - 0x31c8cfff MusicLibrary armv7 &lt;7be04d376ebc3d419ad408284cef681d&gt; /System/Library/PrivateFrameworks/MusicLibrary.framework/MusicLibrary</st>
            <st ob="" eb="" sr="" id="7.56">0x31c8d000 - 0x31c91fff IOMobileFramebuffer armv7/System/Library/PrivateFrameworks/IOMobileFramebuffer.</st>
            <st ob="" eb="" sr="" id="7.57">framework/IOMobileFramebuffer</st>
            <st ob="" eb="" sr="" id="7.58">0x31ce5000 - 0x31dd5fff QuartzCore armv7 /System/Library/Frameworks/QuartzCore.framework/QuartzCore</st>
            <st ob="" eb="" sr="" id="7.59">0x31f3a000 - 0x32003fff Celestial armv7 /System/Library/PrivateFrameworks/Celestial.framework/Celestial</st>
            <st ob="" eb="" sr="" id="7.60">0x3208a000 - 0x320cefff MobileCoreServices armv7 &lt;9a79a2d389ba35389a30782ed01c46dd&gt; /System/Library/Frameworks/MobileCoreServices.framework/MobileCoreServices</st>
            <st ob="" eb="" sr="" id="7.61">0x320cf000 - 0x3210bfff AppSupport armv7/System/Library/PrivateFrameworks/AppSupport.</st>
            <st ob="" eb="" sr="" id="7.62">framework/AppSupport</st>
            <st ob="" eb="" sr="" id="7.63">0x3210c000 - 0x32138fff libtidy.A.dylib armv7 /usr/lib/libtidy.</st>
            <st ob="" eb="" sr="" id="7.64">A.dylib</st>
            <st ob="" eb="" sr="" id="7.65">0x32167000 - 0x3219afff MIME armv7 &lt;0c29ae0826c53ebbaf9424b389016b68&gt; /System/Library/PrivateFrameworks/MIME.framework/MIME</st>
            <st ob="" eb="" sr="" id="7.66">0x321cd000 - 0x321d2fff libsystem_dnssd.</st>
            <st ob="" eb="" sr="" id="7.67">dylib armv7 &lt;4d8b38f1cb603f0d8af78c56c485f05a&gt; /usr/lib/system/libsystem_dnssd.</st>
            <st ob="" eb="" sr="" id="7.68">dylib</st>
            <st ob="" eb="" sr="" id="7.69">0x32232000 - 0x3227bfff ManagedConfiguration armv7 &lt;05711081dd883c58a844c5f9c251e8c9&gt; /System/Library/PrivateFrameworks/ManagedConfiguration.framework/ManagedConfiguration</st>
            <st ob="" eb="" sr="" id="7.70">0x3231c000 - 0x3231dfff libsystem_blocks.</st>
            <st ob="" eb="" sr="" id="7.71">dylib armv7 &lt;4bb9797771d037879bec814fe750d86d&gt; /usr/lib/system/libsystem_blocks.</st>
            <st ob="" eb="" sr="" id="7.72">dylib</st>
            <st ob="" eb="" sr="" id="7.73">0x3231e000 - 0x3232dfff SpringBoardServices armv7 &lt;79f1564c1b23303eb3b7db67f9375228&gt; /System/Library/PrivateFrameworks/SpringBoardServices.framework/SpringBoardServices</st>
            <st ob="" eb="" sr="" id="7.74">0x3232e000 - 0x3233afff libCRFSuite.dylib armv7 /usr/lib/libCRFSuite.</st>
            <st ob="" eb="" sr="" id="7.75">dylib</st>
            <st ob="" eb="" sr="" id="7.76">0x3233b000 - 0x3234afff MobileDeviceLink armv7 &lt;09c637a85e3d3af488e59ced95a5a916&gt; /System/Library/PrivateFrameworks/MobileDeviceLink.framework/MobileDeviceLink</st>
            <st ob="" eb="" sr="" id="7.77">0x324e4000 - 0x324e8fff AggregateDictionary armv7/System/Library/PrivateFrameworks/AggregateDictionary.</st>
            <st ob="" eb="" sr="" id="7.78">framework/AggregateDictionary</st>
            <st ob="" eb="" sr="" id="7.79">0x324e9000 - 0x32743fff MediaToolbox armv7/System/Library/PrivateFrameworks/MediaToolbox.</st>
            <st ob="" eb="" sr="" id="7.80">framework/MediaToolbox</st>
            <st ob="" eb="" sr="" id="7.81">0x32783000 - 0x327e6fff IMCore armv7 /System/Library/PrivateFrameworks/IMCore.framework/IMCore</st>
            <st ob="" eb="" sr="" id="7.82">0x32f30000 - 0x32f30fff liblangid.dylib armv7 &lt;342170169bf232a0888912f5ef97112d&gt; /usr/lib/liblangid.</st>
            <st ob="" eb="" sr="" id="7.83">dylib</st>
            <st ob="" eb="" sr="" id="7.84">0x32f31000 - 0x33001fff WebKit armv7 &lt;74661b1bf4613aafb827bfe0134ed92b&gt; /System/Library/PrivateFrameworks/WebKit.framework/WebKit</st>
            <st ob="" eb="" sr="" id="7.85">0x33002000 - 0x330d9fff CFNetwork armv7 &lt;6fbc9f187eaa30009780e70288c9f289&gt; /System/Library/Frameworks/CFNetwork.framework/CFNetwork</st>
            <st ob="" eb="" sr="" id="7.86">0x330da000 - 0x330defff FTClientServices armv7 &lt;8f823e791c9e37b4b47323bb0286e86c&gt; /System/Library/PrivateFrameworks/FTClientServices.framework/FTClientServices</st>
            <st ob="" eb="" sr="" id="7.87">0x33120000 - 0x33123fff libcompiler_rt.</st>
            <st ob="" eb="" sr="" id="7.88">dylib armv7 &lt;414332f9a55238bab2cbec323e0fc8da&gt; /usr/lib/system/libcompiler_rt.</st>
            <st ob="" eb="" sr="" id="7.89">dylib</st>
            <st ob="" eb="" sr="" id="7.90">0x33124000 - 0x33127fff libsystem_network.</st>
            <st ob="" eb="" sr="" id="7.91">dylib armv7 /usr/lib/system/libsystem_network.</st>
            <st ob="" eb="" sr="" id="7.92">dylib</st>
            <st ob="" eb="" sr="" id="7.93">0x331c2000 - 0x331c3fff CoreSurface armv7/System/Library/PrivateFrameworks/CoreSurface.</st>
            <st ob="" eb="" sr="" id="7.94">framework/CoreSurface</st>
            <st ob="" eb="" sr="" id="7.95">0x331c6000 - 0x331c6fff libCVMSPluginSupport.dylib armv7 &lt;85582e1094633fccb52b50ca13c5a5d0&gt; /System/Library/Frameworks/OpenGLES.framework/libCVMSPluginSupport.dylib</st>
            <st ob="" eb="" sr="" id="7.96">0x331dd000 - 0x331fdfff libxslt.1.</st>
            <st ob="" eb="" sr="" id="7.97">dylib armv7 /usr/lib/libxslt.1.</st>
            <st ob="" eb="" sr="" id="7.98">dylib</st>
            <st ob="" eb="" sr="" id="7.99">0x331fe000 - 0x3320dfff GenerationalStorage armv7/System/Library/PrivateFrameworks/GenerationalStorage.</st>
            <st ob="" eb="" sr="" id="7.100">framework/GenerationalStorage</st>
            <st ob="" eb="" sr="" id="7.101">0x3320e000 - 0x3320efff libunwind.dylib armv7 /usr/lib/system/libunwind.dylib</st>
            <st ob="" eb="" sr="" id="7.102">0x3329a000 - 0x332a1fff AssetsLibraryServices armv7/System/Library/PrivateFrameworks/AssetsLibraryServices.</st>
            <st ob="" eb="" sr="" id="7.103">framework/AssetsLibraryServices</st>
            <st ob="" eb="" sr="" id="7.104">0x332a2000 - 0x33350fff Message armv7 &lt;0d844e0108b1301bb08a74df3e3589b5&gt; /System/Library/PrivateFrameworks/Message.framework/Message</st>
            <st ob="" eb="" sr="" id="7.105">0x33351000 - 0x33356fff CrashReporterSupport armv7/System/Library/PrivateFrameworks/CrashReporterSupport.</st>
            <st ob="" eb="" sr="" id="7.106">framework/CrashReporterSupport</st>
            <st ob="" eb="" sr="" id="7.107">0x335ab000 - 0x335b2fff ProtocolBuffer armv7 &lt;6ca7dca9370132a2a592356bf9f2170b&gt; /System/Library/PrivateFrameworks/ProtocolBuffer.framework/ProtocolBuffer</st>
            <st ob="" eb="" sr="" id="7.108">0x335b3000 - 0x335effff IMFoundation armv7/System/Library/PrivateFrameworks/IMCore.</st>
            <st ob="" eb="" sr="" id="7.109">framework/Frameworks/IMFoundation.</st>
            <st ob="" eb="" sr="" id="7.110">framework/IMFoundation</st>
            <st ob="" eb="" sr="" id="7.111">0x335f0000 - 0x33641fff libstdc++.6.</st>
            <st ob="" eb="" sr="" id="7.112">dylib armv7 /usr/lib/libstdc++.6.</st>
            <st ob="" eb="" sr="" id="7.113">dylib</st>
            <st ob="" eb="" sr="" id="7.114">0x33642000 - 0x337dafff CoreData armv7 /System/Library/Frameworks/CoreData.framework/CoreData</st>
            <st ob="" eb="" sr="" id="7.115">0x337db000 - 0x3382cfff CoreText armv7 &lt;23150093d39b393e9bc5f8230176df47&gt; /System/Library/Frameworks/CoreText.framework/CoreText</st>
            <st ob="" eb="" sr="" id="7.116">0x3399b000 - 0x339dafff QuickLook armv7 /System/Library/Frameworks/QuickLook.framework/QuickLook</st>
            <st ob="" eb="" sr="" id="7.117">0x33a30000 - 0x33a32fff MobileInstallation armv7 &lt;4ccf76f0e6cb3cd7b4e0087c2f284a1d&gt; /System/Library/PrivateFrameworks/MobileInstallation.framework/MobileInstallation</st>
            <st ob="" eb="" sr="" id="7.118">0x33a33000 - 0x33a39fff MobileKeyBag armv7/System/Library/PrivateFrameworks/MobileKeyBag.</st>
            <st ob="" eb="" sr="" id="7.119">framework/MobileKeyBag</st>
            <st ob="" eb="" sr="" id="7.120">0x33a3a000 - 0x33a95fff StoreServices armv7 &lt;1463a9f90fbd3d349544cf016e1ddd46&gt; /System/Library/PrivateFrameworks/StoreServices.framework/StoreServices</st>
            <st ob="" eb="" sr="" id="7.121">0x33b97000 - 0x33c71fff vImage armv7 &lt;42a5e58ff1b9350cad90de36bd3ceb09&gt; /System/Library/Frameworks/Accelerate.framework/Frameworks/vImage.</st>
            <st ob="" eb="" sr="" id="7.122">framework/vImage</st>
            <st ob="" eb="" sr="" id="7.123">0x33c72000 - 0x33d89fff CoreFoundation armv7/System/Library/Frameworks/CoreFoundation.</st>
            <st ob="" eb="" sr="" id="7.124">framework/CoreFoundation</st>
            <st ob="" eb="" sr="" id="7.125">0x33d8a000 - 0x33d8efff libcache.dylib armv7 &lt;4511f0ec5b713636aaade7245a12553c&gt; /usr/lib/system/libcache.dylib</st>
            <st ob="" eb="" sr="" id="7.126">0x33e33000 - 0x33e49fff libmis.dylib armv7 /usr/lib/libmis.</st>
            <st ob="" eb="" sr="" id="7.127">dylib</st>
            <st ob="" eb="" sr="" id="7.128">0x33fa5000 - 0x33fe1fff iCalendar armv7 &lt;59d80290d8733df8a6310da65b497fc9&gt; /System/Library/PrivateFrameworks/iCalendar.framework/iCalendar</st>
            <st ob="" eb="" sr="" id="7.129">0x33fe2000 - 0x33fecfff libbz2.1.0.</st>
            <st ob="" eb="" sr="" id="7.130">dylib armv7 &lt;28583efb9f1b38e7ae83c667b07dbd08&gt; /usr/lib/libbz2.1.0.</st>
            <st ob="" eb="" sr="" id="7.131">dylib</st>
            <st ob="" eb="" sr="" id="7.132">0x34095000 - 0x3484cfff WebCore armv7 &lt;7137e0ea008f3a3e8ae9e57f96d34d1d&gt; /System/Library/PrivateFrameworks/WebCore.framework/WebCore</st>
            <st ob="" eb="" sr="" id="7.133">0x3495a000 - 0x3497dfff PrintKit armv7 &lt;279fb51deec3377ab9f820af2da4d915&gt; /System/Library/PrivateFrameworks/PrintKit.framework/PrintKit</st>
            <st ob="" eb="" sr="" id="7.134">0x34ad1000 - 0x34ad5fff libAccessibility.dylib armv7 /usr/lib/libAccessibility.</st>
            <st ob="" eb="" sr="" id="7.135">dylib</st>
            <st ob="" eb="" sr="" id="7.136">0x34b2f000 - 0x34b34fff ApplePushService armv7 &lt;2e620a6e8ee8387ba2771cfd7870c90e&gt; /System/Library/PrivateFrameworks/ApplePushService.framework/ApplePushService</st>
            <st ob="" eb="" sr="" id="7.137">0x34b57000 - 0x34be4fff libsystem_c.</st>
            <st ob="" eb="" sr="" id="7.138">dylib armv7 &lt;1707c3cf3c5b3045af4bed38ff8420a6&gt; /usr/lib/system/libsystem_c.</st>
            <st ob="" eb="" sr="" id="7.139">dylib</st>
            <st ob="" eb="" sr="" id="7.140">0x34c5b000 - 0x34d7ffff JavaScriptCore armv7 &lt;24ff2747b3973aecb9c37960eba5ff4d&gt; /System/Library/PrivateFrameworks/JavaScriptCore.framework/JavaScriptCore</st>
            <st ob="" eb="" sr="" id="7.141">0x34d95000 - 0x3522efff UIKit armv7 &lt;97b527cd6fba35c6bb39263e0f362223&gt; /System/Library/Frameworks/UIKit.framework/UIKit</st>
            <st ob="" eb="" sr="" id="7.142">0x35233000 - 0x352cbfff EventKit armv7 /System/Library/Frameworks/EventKit.framework/EventKit</st>
            <st ob="" eb="" sr="" id="7.143">0x352cc000 - 0x352cffff ActorKit armv7 &lt;8c167170891238b3940f9f54105b6eb9&gt; /System/Library/PrivateFrameworks/ActorKit.framework/ActorKit</st>
            <st ob="" eb="" sr="" id="7.144">0x352ef000 - 0x35328fff VideoToolbox armv7 &lt;49f9f09f23f7396b94a29bb1280759fe&gt; /System/Library/PrivateFrameworks/VideoToolbox.framework/VideoToolbox</st>
            <st ob="" eb="" sr="" id="7.145">0x35337000 - 0x3534dfff EAP8021X armv7 &lt;16801802d86e3c479f3034034192faed&gt; /System/Library/PrivateFrameworks/EAP8021X.framework/EAP8021X</st>
            <st ob="" eb="" sr="" id="7.146">0x3536c000 - 0x353b5fff CoreMedia armv7 /System/Library/Frameworks/CoreMedia.framework/CoreMedia</st>
            <st ob="" eb="" sr="" id="7.147">0x353f4000 - 0x353f4fff libkeymgr.dylib armv7 &lt;791bb8b832943b2392c0c35228f52e09&gt; /usr/lib/system/libkeymgr.dylib</st>
            <st ob="" eb="" sr="" id="7.148">0x3543e000 - 0x35504fff libobjc.A.dylib armv7 /usr/lib/libobjc.</st>
            <st ob="" eb="" sr="" id="7.149">A.dylib</st>
            <st ob="" eb="" sr="" id="7.150">0x3550b000 - 0x3551cfff libxpc.dylib armv7 &lt;7d49e385ee5d3e7eb08d06525abd6435&gt; /usr/lib/system/libxpc.dylib</st>
            <st ob="" eb="" sr="" id="7.151">0x3555b000 - 0x3555cfff libdnsinfo.dylib armv7 /usr/lib/system/libdnsinfo.dylib</st>
            <st ob="" eb="" sr="" id="7.152">0x3556c000 - 0x3556dfff libdyld.dylib armv7 /usr/lib/system/libdyld.dylib</st>
            <st ob="" eb="" sr="" id="7.153">0x3561e000 - 0x35697fff ProofReader armv7 &lt;09d057676f6837cd9e7a735444b67e77&gt; /System/Library/PrivateFrameworks/ProofReader.framework/ProofReader</st>
            <st ob="" eb="" sr="" id="7.154">0x3569a000 - 0x3569afff libgcc_s.1.</st>
            <st ob="" eb="" sr="" id="7.155">dylib armv7 &lt;69d8dab7388b33d38b30708fd6b6a340&gt; /usr/lib/libgcc_s.1.</st>
            <st ob="" eb="" sr="" id="7.156">dylib</st>
            <st ob="" eb="" sr="" id="7.157">0x356cd000 - 0x356d0fff libmacho.dylib armv7 &lt;3237bc9c109e3354bc4b38b957243f31&gt; /usr/lib/system/libmacho.dylib</st>
            <st ob="" eb="" sr="" id="7.158">0x356d1000 - 0x356defff libbsm.0.</st>
            <st ob="" eb="" sr="" id="7.159">dylib armv7 /usr/lib/libbsm.0.</st>
            <st ob="" eb="" sr="" id="7.160">dylib</st>
            <st ob="" eb="" sr="" id="7.161">0x358be000 - 0x358c9fff GraphicsServices armv7 &lt;4ec745ffb2e039faab4b39a30268f707&gt; /System/Library/PrivateFrameworks/GraphicsServices.framework/GraphicsServices</st>
            <st ob="" eb="" sr="" id="7.162">0x358ca000 - 0x35907fff IOKit armv7 /System/Library/Frameworks/IOKit.framework/Versions/A/IOKit</st>
            <st ob="" eb="" sr="" id="7.163">0x35a75000 - 0x35a86fff AirTraffic armv7 &lt;187da49948ed3897aeac049cab658528&gt; /System/Library/PrivateFrameworks/AirTraffic.framework/AirTraffic</st>
            <st ob="" eb="" sr="" id="7.164">0x35a87000 - 0x35aaafff Bom armv7 &lt;0e6087f75a81345ea81751197ccb712c&gt; /System/Library/PrivateFrameworks/Bom.framework/Bom</st>
            <st ob="" eb="" sr="" id="7.165">0x35aab000 - 0x35c88fff AudioToolbox armv7/System/Library/Frameworks/AudioToolbox.</st>
            <st ob="" eb="" sr="" id="7.166">framework/AudioToolbox</st>
            <st ob="" eb="" sr="" id="7.167">0x35ca7000 - 0x35d2afff CoreMotion armv7 /System/Library/Frameworks/CoreMotion.framework/CoreMotion</st>
            <st ob="" eb="" sr="" id="7.168">0x35d2b000 - 0x35d31fff IAP armv7 /System/Library/PrivateFrameworks/IAP.framework/IAP</st>
            <st ob="" eb="" sr="" id="7.169">0x35d32000 - 0x35ff3fff libLAPACK.dylib armv7 &lt;5490a87fe5153771b9c67940292842ba&gt; /System/Library/Frameworks/Accelerate.framework/Frameworks/vecLib.</st>
            <st ob="" eb="" sr="" id="7.170">framework/libLAPACK.</st>
            <st ob="" eb="" sr="" id="7.171">dylib</st>
            <st ob="" eb="" sr="" id="7.172">0x35ff4000 - 0x3603efff CoreTelephony armv7 &lt;1f4cacb552533c948122cb180f4192b3&gt; /System/Library/Frameworks/CoreTelephony.framework/CoreTelephony</st>
            <st ob="" eb="" sr="" id="7.173">0x36049000 - 0x36050fff libc++abi.dylib armv7 /usr/lib/libc++abi.dylib</st>
            <st ob="" eb="" sr="" id="7.174">0x36051000 - 0x360d0fff libsqlite3.dylib armv7 /usr/lib/libsqlite3.</st>
            <st ob="" eb="" sr="" id="7.175">dylib</st>
            <st ob="" eb="" sr="" id="7.176">0x362df000 - 0x362e5fff libnotify.dylib armv7 &lt;1e374857ac68370095ddbafe94f021a1&gt; /usr/lib/system/libnotify.dylib</st>
            <st ob="" eb="" sr="" id="7.177">0x362e7000 - 0x362fdfff libsystem_kernel.</st>
            <st ob="" eb="" sr="" id="7.178">dylib armv7 /usr/lib/system/libsystem_kernel.</st>
            <st ob="" eb="" sr="" id="7.179">dylib</st>
            <st ob="" eb="" sr="" id="7.180">0x36300000 - 0x36323fff MobileSync armv7/System/Library/PrivateFrameworks/MobileSync.</st>
            <st ob="" eb="" sr="" id="7.181">framework/MobileSync</st>
            <st ob="" eb="" sr="" id="7.182">0x36328000 - 0x3632afff libCoreVMClient.dylib armv7 &lt;6ddb7cf8a93830628787a5b83eea0f1d&gt; /System/Library/Frameworks/OpenGLES.framework/libCoreVMClient.dylib</st>
            <st ob="" eb="" sr="" id="7.183">0x3632b000 - 0x36333fff MobileWiFi armv7/System/Library/PrivateFrameworks/MobileWiFi.</st>
            <st ob="" eb="" sr="" id="7.184">framework/MobileWiFi</st>
            <st ob="" eb="" sr="" id="7.185">0x36340000 - 0x3638afff libvDSP.dylib armv7/System/Library/Frameworks/Accelerate.</st>
            <st ob="" eb="" sr="" id="7.186">framework/Frameworks/vecLib.</st>
            <st ob="" eb="" sr="" id="7.187">framework/libvDSP.</st>
            <st ob="" eb="" sr="" id="7.188">dylib</st>
            <st ob="" eb="" sr="" id="7.189">0x36398000 - 0x363cffff Security armv7 /System/Library/Frameworks/Security.framework/Security</st>
            <st ob="" eb="" sr="" id="7.190">0x363d2000 - 0x363effff libsystem_info.</st>
            <st ob="" eb="" sr="" id="7.191">dylib armv7 &lt;1e36ab94661c372bab5a801d68c79353&gt; /usr/lib/system/libsystem_info.</st>
            <st ob="" eb="" sr="" id="7.192">dylib</st>
            <st ob="" eb="" sr="" id="7.193">0x36402000 - 0x365befff ImageIO armv7 /System/Library/Frameworks/ImageIO.framework/ImageIO</st>
            <st ob="" eb="" sr="" id="7.194">0x365e7000 - 0x36621fff iTunesStore armv7/System/Library/PrivateFrameworks/iTunesStore.</st>
            <st ob="" eb="" sr="" id="7.195">framework/iTunesStore</st>
            <st ob="" eb="" sr="" id="7.196">0x3672d000 - 0x36741fff PersistentConnection armv7 &lt;81eb1b3e08cf3d7196313307ad60649d&gt; /System/Library/PrivateFrameworks/PersistentConnection.framework/PersistentConnection</st>
            <st ob="" eb="" sr="" id="7.197">0x36742000 - 0x36887fff CoreGraphics armv7 &lt;641fb6e558f239588a8bd05dbefff99a&gt; /System/Library/Frameworks/CoreGraphics.framework/CoreGraphics</st>
            <st ob="" eb="" sr="" id="7.198">0x3688b000 - 0x3695cfff HomeSharing armv7/System/Library/PrivateFrameworks/HomeSharing.</st>
            <st ob="" eb="" sr="" id="7.199">framework/HomeSharing</st>
            <st ob="" eb="" sr="" id="7.200">0x36e19000 - 0x36e1afff DataMigration armv7/System/Library/PrivateFrameworks/DataMigration.</st>
            <st ob="" eb="" sr="" id="7.201">framework/DataMigration</st>
            <st ob="" eb="" sr="" id="7.202">0x36f2d000 - 0x36f31fff Marco armv7 &lt;526949ce76323de09ee69812383c2953&gt; /System/Library/PrivateFrameworks/Marco.framework/Marco</st>
            <st ob="" eb="" sr="" id="7.203">0x37002000 - 0x37018fff libdispatch.dylib armv7 /usr/lib/system/libdispatch.dylib</st>
            <st ob="" eb="" sr="" id="7.204">0x3708f000 - 0x3708ffff vecLib armv7 &lt;106ef8294b0d3c2d89e9230527846227&gt; /System/Library/Frameworks/Accelerate.framework/Frameworks/vecLib.</st>
            <st ob="" eb="" sr="" id="7.205">framework/vecLib</st>
            <st ob="" eb="" sr="" id="7.206">0x371d5000 - 0x371d9fff libGFXShared.dylib armv7 &lt;0a36fb9d60a43479943bafb2f81313b1&gt; /System/Library/Frameworks/OpenGLES.framework/libGFXShared.dylib</st>
            <st ob="" eb="" sr="" id="7.207">0x371da000 - 0x371defff IOSurface armv7 &lt;0f003f50b18e3dbf87607d819e0ac6b9&gt; /System/Library/PrivateFrameworks/IOSurface.framework/IOSurface</st>
            <st ob="" eb="" sr="" id="7.208">0x371f2000 - 0x371fdfff AccountSettings armv7 &lt;090bb6a4f97433089b5cabc6a40c619a&gt; /System/Library/PrivateFrameworks/AccountSettings.framework/AccountSettings</st>
            <st ob="" eb="" sr="" id="7.209">0x37257000 - 0x37304fff libxml2.2.</st>
            <st ob="" eb="" sr="" id="7.210">dylib armv7 &lt;78462273eb5b38d1a0873b02f0e35e23&gt; /usr/lib/libxml2.2.</st>
            <st ob="" eb="" sr="" id="7.211">dylib</st>
            <st ob="" eb="" sr="" id="7.212">0x37336000 - 0x3737bfff GeoServices armv7 &lt;6c9eb6372f723a57852cfc9ed7b78e31&gt; /System/Library/PrivateFrameworks/GeoServices.framework/GeoServices</st>
            <st ob="" eb="" sr="" id="7.213">0x37390000 - 0x373a7fff WebBookmarks armv7/System/Library/PrivateFrameworks/WebBookmarks.</st>
            <st ob="" eb="" sr="" id="7.214">framework/WebBookmarks</st>
            <st ob="" eb="" sr="" id="7.215">0x373b5000 - 0x374fefff libicucore.A.dylib armv7 &lt;1bc960f75d633190a09b093209a9f0c5&gt; /usr/lib/libicucore.</st>
            <st ob="" eb="" sr="" id="7.216">A.dylib</st>
            <st ob="" eb="" sr="" id="7.217">0x37573000 - 0x37577fff CertUI armv7 &lt;9d24f62513913888b2ac55f1db27b908&gt; /System/Library/PrivateFrameworks/CertUI.framework/CertUI</st>
            <st ob="" eb="" sr="" id="7.218">0x37590000 - 0x3763afff libBLAS.dylib armv7 &lt;9aabff01422f3cb8960f93d11d2b6de1&gt; /System/Library/Frameworks/Accelerate.framework/Frameworks/vecLib.</st>
            <st ob="" eb="" sr="" id="7.219">framework/libBLAS.</st>
            <st ob="" eb="" sr="" id="7.220">dylib</st>
            <st ob="" eb="" sr="" id="7.221">0x37663000 - 0x37678fff libresolv.9.</st>
            <st ob="" eb="" sr="" id="7.222">dylib armv7 &lt;97d6ebbb53ae3e0480f51771c9665613&gt; /usr/lib/libresolv.9.</st>
            <st ob="" eb="" sr="" id="7.223">dylib</st>
            <st ob="" eb="" sr="" id="7.224">0x3767c000 - 0x37682fff MobileIcons armv7 &lt;2f4c13053206306996726629b0b7eb01&gt; /System/Library/PrivateFrameworks/MobileIcons.framework/MobileIcons</st>
            <st ob="" eb="" sr="" id="7.225">0x376b7000 - 0x377a5fff libiconv.2.</st>
            <st ob="" eb="" sr="" id="7.226">dylib armv7 &lt;6e858938edb93162ba8cf25702f08b16&gt; /usr/lib/libiconv.2.</st>
            <st ob="" eb="" sr="" id="7.227">dylib</st>
            <st ob="" eb="" sr="" id="7.228">0x377af000 - 0x377b5fff liblaunch.dylib armv7 &lt;09f21c3e774c30b1aab1b56c2d6efbc3&gt; /usr/lib/system/liblaunch.dylib</st>
            <st ob="" eb="" sr="" id="7.229">0x37d92000 - 0x37dbbfff AppleAccount armv7/System/Library/PrivateFrameworks/AppleAccount.</st>
            <st ob="" eb="" sr="" id="7.230">framework/AppleAccount</st>
            <st ob="" eb="" sr="" id="7.231">0x37ecd000 - 0x37efdfff ContentIndex armv7/System/Library/PrivateFrameworks/ContentIndex.</st>
            <st ob="" eb="" sr="" id="7.232">framework/ContentIndex</st>
            <st ob="" eb="" sr="" id="7.233">0x37efe000 - 0x37f05fff MediaRemote armv7 &lt;3deff2252a8231e7b0135a517b8391ba&gt; /System/Library/PrivateFrameworks/MediaRemote.framework/MediaRemote</st>
            <st ob="" eb="" sr="" id="7.234">0x37f2e000 - 0x37f2efff Accelerate armv7 /System/Library/Frameworks/Accelerate.framework/Accelerate</st>
            <st ob="" eb="" sr="" id="7.235">0x37f49000 - 0x37f92fff AddressBook armv7 &lt;0a858565acd03f28a1bc69a650b64a7b&gt; /System/Library/Frameworks/AddressBook.framework/AddressBook</st>
            <st ob="" eb="" sr="" id="7.236">0x38012000 - 0x38076fff MessageUI armv7 /System/Library/Frameworks/MessageUI.framework/MessageUI</st>
        </parg>
    </desc>
</bug>
