<?xml version="1.0" encoding="UTF-8" standalone="yes"?>
<bug no-bug="" comments="">
    <id>CB-1277</id>
    <title ob="x" eb="" sr="">create shell script fails when located in a directory that contains spaces</title>
    <desc>
        <parg ob="" eb="" sr="" id="1">
            <st ob="" eb="" sr="x" id="1.1">I copied the "bin" directory from the install into a directory named:</st>
            <st ob="" eb="" sr="x" id="1.2">/Users/drake/iphone dev/cordova_bin</st>
        </parg>
        <parg ob="" eb="" sr="" id="2">
            <st ob="x" eb="" sr="x" id="2.1">When running the "create" script from that directory it fails with "cp" error messages.</st>
        </parg>
        <parg ob="" eb="" sr="" id="3">
            <st ob="" eb="" sr="" id="3.1">I tweaked the script by replacing all instances of $BINDIR with "$BINDIR" (just added double quotes around it and this worked.</st>
        </parg>
    </desc>
</bug>
