<?xml version="1.0" encoding="UTF-8" standalone="yes"?>
<bug no-bug="" comments="">
    <id>CB-1819</id>
    <title ob="x" eb="" sr="x">Weinre target loading error when loading target js in browser</title>
    <desc>
        <parg ob="" eb="" sr="" id="1">
            <st ob="" eb="" sr="" id="1.1">Error when loading target created by the following build in Firefox:</st>
            <st ob="" eb="" sr="" id="1.2">weinre: 2.0.0-pre-H8EOSCLN-incubating build: H8EOSCLN  - Note this version was the one loaded by Node NPM.</st>
        </parg>
        <parg ob="" eb="" sr="" id="2">
            <st ob="x" eb="" sr="x" id="2.1">Loading target-script-min.js#anonymous" in the browser gives this error:</st>
        </parg>
        <parg ob="" eb="" sr="" id="3">
            <st ob="" eb="" sr="" id="3.1">Error: TypeError: func is undefined</st>
        </parg>
        <parg ob="" eb="" sr="" id="4">
            <st ob="" eb="" sr="" id="4.1">On this line: hookedFunction.displayName = func.displayName || func.name;</st>
        </parg>
        <parg ob="" eb="" sr="" id="5">
            <st ob="" eb="" sr="" id="5.1">In the module: HookLib</st>
        </parg>
        <parg ob="" eb="" sr="" id="6">
            <st ob="" eb="" sr="x" id="6.1">This error occurs when clicking the bookmarklet on a website as well.</st>
            <st ob="" eb="" sr="" id="6.2">It doesnt occur when the target is packaged in a cordova app and run on a phone.</st>
        </parg>
    </desc>
</bug>
