<?xml version="1.0" encoding="UTF-8" standalone="yes"?>
<bug no-bug="" comments="">
    <id>CB-10093</id>
    <title ob="x" eb="" sr="x">No file path is returned when selecting picture from third party apps</title>
    <desc>
        <parg ob="" eb="" sr="" id="1">
            <st ob="" eb="" sr="x" id="1.1">1) Camera.getPicture with</st>
            <st ob="" eb="" sr="x" id="1.2">- source type: PHOTOLIBRARY</st>
            <st ob="" eb="" sr="x" id="1.3">- destination type: FILE_URI</st>
        </parg>
        <parg ob="" eb="" sr="" id="2">
            <st ob="" eb="" sr="x" id="2.1">2) On the photo library, open other apps from menu (e.g. gallery/file manager/One Drive, etc)</st>
            <st ob="" eb="" sr="x" id="2.2">3) Select any picture.</st>
        </parg>
        <parg ob="" eb="" sr="" id="3">
            <st ob="" eb="" sr="" id="3.1">Actual result:</st>
            <st ob="x" eb="" sr="" id="3.2">No file path for the picture selected is returned to the camera plugin.</st>
        </parg>
        <parg ob="" eb="" sr="" id="4">
            <st ob="" eb="" sr="" id="4.1">Note: Was working previously on plugin version 1.2.0.</st>
        </parg>
        <parg ob="" eb="" sr="" id="5">
            <st ob="x" eb="" sr="" id="5.1">Logs with logcat:</st>
            <st ob="" eb="" sr="" id="5.2">D/Documents(29453): onActivityResult() code=-1</st>
            <st ob="" eb="" sr="" id="5.3">V/WindowManager(  543): rotationForOrientationLw(orient=1, last=0); user=0</st>
            <st ob="" eb="" sr="" id="5.4">D/CordovaInterfaceImpl(15585): Sending activity result to plugin</st>
            <st ob="" eb="" sr="" id="5.5">D/CameraLauncher(15585): File locaton is:</st>
            <st ob="" eb="" sr="" id="5.6">I/Timeline(15585): Timeline: Activity_idle id: android.os.BinderProxy@16b7c72d time:10419445</st>
            <st ob="" eb="" sr="" id="5.7">W/System.</st>
            <st ob="" eb="" sr="" id="5.8">err(15585): java.io.FileNotFoundException: /storage/emulated/0/Android/data/com.</st>
            <st ob="" eb="" sr="" id="5.9">likemindnetworks.apps.teamDental/cache: open failed: EISDIR (Is a directory)</st>
            <st ob="" eb="" sr="" id="5.10">W/System.err(15585): 	at libcore.io.IoBridge.open(IoBridge.java:456)</st>
            <st ob="" eb="" sr="" id="5.11">W/System.err(15585): 	at java.io.FileOutputStream.&lt;init&gt;(FileOutputStream.java:87)</st>
            <st ob="" eb="" sr="" id="5.12">W/System.err(15585): 	at java.io.FileOutputStream.&lt;init&gt;(FileOutputStream.java:127)</st>
            <st ob="" eb="" sr="" id="5.13">W/System.err(15585): 	at java.io.FileOutputStream.&lt;init&gt;(FileOutputStream.java:116)</st>
            <st ob="" eb="" sr="" id="5.14">W/System.err(15585): 	at org.apache.cordova.camera.CameraLauncher.ouputModifiedBitmap(CameraLauncher.java:595)</st>
            <st ob="" eb="" sr="" id="5.15">W/System.err(15585): 	at org.apache.cordova.camera.CameraLauncher.processResultFromGallery(CameraLauncher.java:703)</st>
            <st ob="" eb="" sr="" id="5.16">W/System.err(15585): 	at org.apache.cordova.camera.CameraLauncher.access$000(CameraLauncher.java:66)</st>
            <st ob="" eb="" sr="" id="5.17">W/System.err(15585): 	at org.apache.cordova.camera.CameraLauncher$1.run(CameraLauncher.java:800)</st>
            <st ob="" eb="" sr="" id="5.18">W/System.err(15585): 	at java.util.concurrent.ThreadPoolExecutor.runWorker(ThreadPoolExecutor.java:1112)</st>
            <st ob="" eb="" sr="" id="5.19">W/System.err(15585): 	at java.util.concurrent.ThreadPoolExecutor$Worker.run(ThreadPoolExecutor.java:587)</st>
            <st ob="" eb="" sr="" id="5.20">W/System.err(15585): 	at java.lang.Thread.run(Thread.java:818)</st>
            <st ob="" eb="" sr="" id="5.21">W/System.err(15585): Caused by: android.system.ErrnoException: open failed: EISDIR (Is a directory)</st>
            <st ob="" eb="" sr="" id="5.22">W/System.err(15585): 	at libcore.io.Posix.open(Native Method)</st>
            <st ob="" eb="" sr="" id="5.23">W/System.err(15585): 	at libcore.io.BlockGuardOs.open(BlockGuardOs.java:186)</st>
            <st ob="" eb="" sr="" id="5.24">W/System.err(15585): 	at libcore.io.IoBridge.open(IoBridge.java:442)</st>
            <st ob="" eb="" sr="" id="5.25">W/System.err(15585): 	... 10 more</st>
        </parg>
    </desc>
</bug>
