<?xml version="1.0" encoding="UTF-8" standalone="yes"?>
<bug no-bug="" comments="">
    <id>CB-10258</id>
    <title ob="x" eb="" sr="">cordova-plugin-screen-orientation seems dead while it's incompatible with cordova-ios@4.0.x</title>
    <desc>
        <parg ob="" eb="" sr="" id="1">
            <st ob="x" eb="" sr="" id="1.1">cordova-plugin-screen-orientation github seems dead, the issues are piling up and it's now incompatible with the new and great cordova-ios@4.0.x (CDVShared.h is now gone).</st>
            <st ob="" eb="" sr="" id="1.2">This plugin should be core as it's widely used.</st>
        </parg>
        <parg ob="" eb="" sr="" id="2">
            <st ob="" eb="" sr="" id="2.1">see: https://github.com/gbenvenuti/cordova-plugin-screen-orientation/issues/80 and the other repo issues...</st>
        </parg>
        <parg ob="" eb="" sr="" id="3">
            <st ob="" eb="" sr="" id="3.1">The code is quite small and seems simple...for an Objective C coder :(</st>
            <st ob="" eb="" sr="" id="3.2">Note that android/crosswalk doesn't need it because of the W3C API.</st>
        </parg>
    </desc>
</bug>
