<?xml version="1.0" encoding="UTF-8" standalone="yes"?>
<bug no-bug="" comments="">
    <id>CB-10309</id>
    <title ob="x" eb="" sr="">App crash when using camera plugin to access gallery on Android Moto E</title>
    <desc>
        <parg ob="" eb="" sr="" id="1">
            <st ob="" eb="" sr="x" id="1.1">Currently i am using cordova-plugin-camera 2.0.0 and trying to add some photos from gallery.</st>
            <st ob="x" eb="" sr="" id="1.2">On almost all android and iOS devices it works great but on Motorola Moto E it crashes app.</st>
            <st ob="" eb="" sr="" id="1.3">I am also using crosswalk for higher performance.</st>
            <st ob="" eb="" sr="x" id="1.4">I searched for this problem using logs i have found this branch of plugin https://github.com/apache/cordova-plugin-camera/compare/CB-8438cordova-plugin-camera.</st>
            <st ob="" eb="" sr="" id="1.5">It seems that this fixes are already merged to plugin but it still crashes my app on that specific device.</st>
        </parg>
        <parg ob="" eb="" sr="" id="2">
            <st ob="x" eb="" sr="" id="2.1">Here are logs</st>
        </parg>
        <parg ob="" eb="" sr="" id="3">
            <st ob="" eb="" sr="" id="3.1">ERROR:	AndroidRuntime : FATAL EXCEPTION: pool-4-thread-2 undefined	ERROR:	AndroidRuntime : Process: com.ionicframework.withionic734372, PID: 22807 undefined	ERROR:	AndroidRuntime : java.lang.NullPointerException: Attempt to invoke virtual method 'void org.apache.cordova.CallbackContext.error(java.lang.String)' on a null object reference</st>
            <st ob="" eb="" sr="" id="3.2">undefined	ERROR:	AndroidRuntime : at org.apache.cordova.camera.CameraLauncher.failPicture(CameraLauncher.java:1165)</st>
            <st ob="" eb="" sr="" id="3.3">undefined	ERROR:	AndroidRuntime : at org.apache.cordova.camera.CameraLauncher.processPicture(CameraLauncher.java:1154)</st>
            <st ob="" eb="" sr="" id="3.4">undefined	ERROR:	AndroidRuntime : at org.apache.cordova.camera.CameraLauncher.processResultFromGallery(CameraLauncher.java:681)</st>
            <st ob="" eb="" sr="" id="3.5">undefined	ERROR:	AndroidRuntime : at org.apache.cordova.camera.CameraLauncher.access$000(CameraLauncher.java:66)</st>
            <st ob="" eb="" sr="" id="3.6">undefined	ERROR:	AndroidRuntime : at org.apache.cordova.camera.CameraLauncher$1.run(CameraLauncher.java:787)</st>
            <st ob="" eb="" sr="" id="3.7">undefined	ERROR:	AndroidRuntime : at java.util.concurrent.ThreadPoolExecutor.runWorker(ThreadPoolExecutor.java:1112)</st>
            <st ob="" eb="" sr="" id="3.8">undefined	ERROR:	AndroidRuntime : at java.util.concurrent.ThreadPoolExecutor$Worker.run(ThreadPoolExecutor.java:587)</st>
            <st ob="" eb="" sr="" id="3.9">undefined	ERROR:	AndroidRuntime : at java.lang.Thread.run(Thread.java:818)</st>
            <st ob="" eb="" sr="" id="3.10">undefined	WARN:	ActivityManager : Force finishing activity 1 com.ionicframework.withionic734372/.</st>
            <st ob="" eb="" sr="" id="3.11">MainActivity undefined	INFO:	OpenGLRenderer : Initialized EGL, version 1.4</st>
        </parg>
        <parg ob="" eb="" sr="" id="4">
            <st ob="x" eb="" sr="" id="4.1">Here is my code</st>
        </parg>
        <parg ob="" eb="" sr="" id="5">
            <st ob="" eb="" sr="" id="5.1">navigator.camera.getPicture(cameraSuccess, cameraError, { quality: 50, encodingType: 0, targetWidth: 800, targetHeight: 600, destinationType: Camera.DestinationType.DATA_URL, sourceType: Camera.PictureSourceType.SAVEDPHOTOALBUM</st>
            <st ob="" eb="" sr="" id="5.2">});</st>
        </parg>
    </desc>
</bug>
