<?xml version="1.0" encoding="UTF-8" standalone="yes"?>
<bug no-bug="" comments="">
    <id>CB-3294</id>
    <title ob="" eb="" sr="">ajax.open('POST', '/mm', true) fails on iOS Safari with weinre</title>
    <desc>
        <parg ob="" eb="" sr="" id="1">
            <st ob="" eb="" sr="" id="1.1">Wanting to debug my web application on the iPad.</st>
        </parg>
        <parg ob="" eb="" sr="" id="2">
            <st ob="x" eb="" sr="" id="2.1">However, including the weinre target script makes ajax.open fail.</st>
            <st ob="" eb="" sr="" id="2.2">It works on the desktop tough.</st>
        </parg>
        <parg ob="" eb="" sr="" id="3">
            <st ob="x" eb="" sr="" id="3.1">Following error is catched by my code and printed on console:</st>
        </parg>
        <parg ob="" eb="" sr="" id="4">
            <st ob="" eb="" sr="" id="4.1">Internal failure, TypeError: Function.caller used to retrieve strict caller file: undefined line: undefined stack: getTrace@http://192.168.1.102:8080/target/target-script-min.js:1033</st>
            <st ob="" eb="" sr="" id="4.2">StackTrace@http://192.168.1.102:8080/target/target-script-min.js:1008 before@http://192.168.1.102:8080/target/target-script-min.js:2868 callBeforeHooks@http://192.168.1.102:8080/target/target-script-min.js:561 open@http://192.168.1.102:8080/target/target-script-min.js:545</st>
            <st ob="" eb="" sr="" id="4.3">_ajax@http://192.168.1.102:8833/shell/iface.js:100</st>
        </parg>
        <parg ob="" eb="" sr="" id="5">
            <st ob="" eb="" sr="x" id="5.1">shell/iface.js looks like this:</st>
        </parg>
        <parg ob="" eb="" sr="" id="6">
            <st ob="" eb="" sr="" id="6.1">var ajax = new XMLHttpRequest( );</st>
        </parg>
        <parg ob="" eb="" sr="" id="7">
            <st ob="" eb="" sr="" id="7.1">ajax.open(   // &lt;-- this is line 100</st>
            <st ob="" eb="" sr="" id="7.2">'POST',</st>
            <st ob="" eb="" sr="" id="7.3">'/mm', true</st>
            <st ob="" eb="" sr="" id="7.4">);</st>
        </parg>
        <parg ob="" eb="" sr="" id="8">
            <st ob="" eb="" sr="" id="8.1">I tried to remove "use strict" from my code, but it makes no difference.</st>
            <st ob="" eb="" sr="" id="8.2">Removing the weinre target script makes this part of the code work again.</st>
        </parg>
        <parg ob="" eb="" sr="" id="9">
            <st ob="" eb="" sr="" id="9.1">weinre --help usage:   weinre [options] version: 2.0.0-pre-HA5N9T49</st>
        </parg>
    </desc>
</bug>
