<?xml version="1.0" encoding="UTF-8" standalone="yes"?>
<bug no-bug="" comments="">
    <id>CB-4478</id>
    <title ob="x" eb="" sr="x">InAppBrowser: Tapping same link twice in view doesn't load</title>
    <desc>
        <parg ob="" eb="" sr="" id="1">
            <st ob="" eb="" sr="x" id="1.1">In my Cordova app I have three links at the bottom of a settings page like so:</st>
        </parg>
        <parg ob="" eb="" sr="" id="2">
            <st ob="" eb="" sr="" id="2.1">FAQ</st>
            <st ob="" eb="" sr="" id="2.2">Terms and Service</st>
            <st ob="" eb="" sr="" id="2.3">Privacy Policy</st>
        </parg>
        <parg ob="" eb="" sr="" id="3">
            <st ob="" eb="" sr="x" id="3.1">For the implementation I have a function called webView(url) that calls window.open(url, "_blank", "location=yes"); that all three pass through to open an InAppBrowser.</st>
        </parg>
        <parg ob="" eb="" sr="" id="4">
            <st ob="" eb="" sr="x" id="4.1">When I click on FAQ it shows up correctly, I press done and come back successfully.</st>
            <st ob="" eb="" sr="x" id="4.2">I click on Privacy Policy and works correctly as well.</st>
            <st ob="" eb="" sr="x" id="4.3">However, if I click FAQ right after I just viewed FAQ, nothing happens.</st>
            <st ob="" eb="" sr="" id="4.4">This only happens on iOS and not on Android (Android works perfectly).</st>
        </parg>
    </desc>
</bug>
