<?xml version="1.0" encoding="UTF-8" standalone="yes"?>
<bug no-bug="" comments="">
    <id>CB-4343</id>
    <title ob="x" eb="" sr="x">"platform add blackberry10" balks when project &lt;name&gt; includes space characters</title>
    <desc>
        <parg ob="" eb="" sr="" id="1">
            <st ob="" eb="" sr="" id="1.1">Reproduced for blackberry10 &amp; android.</st>
            <st ob="" eb="" sr="" id="1.2">Testing against CLI doc, which specifies a project name of "Hello World".</st>
            <st ob="" eb="" sr="" id="1.3">Errors appended, which also note don't tell you the source of the problem.</st>
            <st ob="" eb="" sr="" id="1.4">But the workaround is to remove the space character from the www/config.xml file's &lt;name&gt; tag.</st>
        </parg>
        <parg ob="" eb="" sr="" id="2">
            <st ob="" eb="" sr="" id="2.1">Ulothrix:hello sierra$  cordova platform add blackberry10</st>
            <st ob="" eb="" sr="" id="2.2">[Error: An error occured during creation of blackberry10 sub-project.</st>
            <st ob="" eb="" sr="" id="2.3">BAR filename can only contain alpha-numeric, '.'</st>
            <st ob="" eb="" sr="" id="2.4">, '-' and '_' characters</st>
        </parg>
        <parg ob="" eb="" sr="" id="3">
            <st ob="" eb="" sr="" id="3.1">Usage: create &lt;project path&gt; [package name [BAR filename]]</st>
            <st ob="" eb="" sr="" id="3.2">Options:</st>
            <st ob="" eb="" sr="" id="3.3">-h, --help      output usage information</st>
            <st ob="" eb="" sr="" id="3.4">]</st>
        </parg>
    </desc>
</bug>
