<?xml version="1.0" encoding="UTF-8" standalone="yes"?>
<bug no-bug="" comments="">
    <id>CB-5514</id>
    <title ob="x" eb="" sr="">platform specific config.xml gets duplicate 'name' and 'description' entries</title>
    <desc>
        <parg ob="" eb="" sr="" id="1">
            <st ob="x" eb="" sr="x" id="1.1">When generating cordova project from scratch, CLI builder adds user provided config.xml to default config.xml, which results in duplicate /widget/name and /widget/description tags, i.e.</st>
        </parg>
        <parg ob="" eb="" sr="" id="2">
            <st ob="" eb="" sr="" id="2.1">&lt;widget id="id3" version="1.0.1" xmlns="http://www.w3.org/ns/widgets" xmlns:cdv="http://cordova.apache.org/ns/1.0"&gt;</st>
            <st ob="" eb="" sr="" id="2.2">&lt;name&gt;Hello Cordova&lt;/name&gt;</st>
            <st ob="" eb="" sr="" id="2.3">&lt;description&gt;</st>
            <st ob="" eb="" sr="" id="2.4">A sample Apache Cordova application that responds to the deviceready event.</st>
            <st ob="" eb="" sr="" id="2.5">&lt;/description&gt;</st>
        </parg>
        <parg ob="" eb="" sr="" id="3">
            <st ob="" eb="" sr="" id="3.1">....</st>
            <st ob="x" eb="" sr="" id="3.2">more content here:</st>
            <st ob="" eb="" sr="" id="3.3">&lt;name&gt;name3&lt;/name&gt;</st>
            <st ob="" eb="" sr="" id="3.4">&lt;description&gt;</st>
            <st ob="" eb="" sr="" id="3.5">33333333</st>
            <st ob="" eb="" sr="" id="3.6">&lt;/description&gt;</st>
        </parg>
    </desc>
</bug>
