<?xml version="1.0" encoding="UTF-8" standalone="yes"?>
<bug no-bug="" comments="">
    <id>CB-5146</id>
    <title ob="x" eb="" sr="x">While installing new plugin (ios) via cli plugin files not found inside plugin folder of xcode project</title>
    <desc>
        <parg ob="" eb="" sr="" id="1">
            <st ob="" eb="" sr="x" id="1.1">I am try to instal new plugin ie notification , but plugin successfully installed but plugin files (objective c file ) found inside plugins folder(root),  but not found inside xcode project</st>
        </parg>
    </desc>
</bug>
