<?xml version="1.0" encoding="UTF-8" standalone="yes"?>
<bug no-bug="" comments="">
    <id>CB-5004</id>
    <title ob="x" eb="" sr="">Can't build Android from multiple platforms</title>
    <desc>
        <parg ob="" eb="" sr="" id="1">
            <st ob="" eb="" sr="" id="1.1">We're starting to set up Apache Cordova in a heterogeneous development environment -- several Macs and PCs running a combination of Linux, Windows 7 and OS X, with the code being synched via DVCS (GitHub).</st>
        </parg>
        <parg ob="" eb="" sr="" id="2">
            <st ob="" eb="" sr="" id="2.1">With the Windows Phone and iOS platforms, it's fairly straightforward.</st>
            <st ob="" eb="" sr="" id="2.2">Create the platform on the development OS that supports it, and only use that single development OS for the mobile app platform.</st>
            <st ob="" eb="" sr="" id="2.3">With Android, however, we're running into some weirdness with the build.</st>
            <st ob="" eb="" sr="" id="2.4">Here's the scenario:</st>
        </parg>
        <parg ob="" eb="" sr="" id="3">
            <st ob="" eb="" sr="x" id="3.1">1. On a Windows machine, drop down to the command line and run "cordova platforms add android".</st>
            <st ob="" eb="" sr="x" id="3.2">Build to your heart's content and commit the changes to Git.</st>
            <st ob="" eb="" sr="x" id="3.3">2. On a Linux or OS X machine, pull the sources down and attempt a "cordova build android".</st>
            <st ob="x" eb="" sr="" id="3.4">--&gt; build fails due to the build script being a .bat file.</st>
        </parg>
        <parg ob="" eb="" sr="" id="4">
            <st ob="" eb="" sr="" id="4.1">It would be great if the call to "cordova platforms add android" could emit the proper build scripts for Windows, Linux and OS X regardless of what platform it's being run on.</st>
            <st ob="" eb="" sr="" id="4.2">That way work that's being done on one machine could be continued on another machine without having to remove / recreate the android platform.</st>
        </parg>
    </desc>
</bug>
