<?xml version="1.0" encoding="UTF-8" standalone="yes"?>
<bug no-bug="" comments="">
    <id>CB-5659</id>
    <title ob="x" eb="" sr="">inappbrowser/plugins fail with no exception if iframe.src is set after the location.hash is changed</title>
    <desc>
        <parg ob="" eb="" sr="" id="1">
            <st ob="x" eb="" sr="" id="1.1">tldr; Inappbrowser dies -- but only if both the hash is changed and then an iframe source is loaded.</st>
            <st ob="x" eb="" sr="" id="1.2">Seems to kill plugins.</st>
        </parg>
        <parg ob="" eb="" sr="" id="2">
            <st ob="" eb="" sr="" id="2.1">Wow this took a while to figure out how to reproduce.</st>
            <st ob="" eb="" sr="" id="2.2">There are five steps, and it can be reproduced in the example cordova project.</st>
            <st ob="" eb="" sr="" id="2.3">Execute the JS through the safari remote debugger, or include it in the app.init after deviceready.</st>
            <st ob="" eb="" sr="" id="2.4">Oh and this exact code requires jquery, is that fine?</st>
        </parg>
        <parg ob="" eb="" sr="" id="3">
            <st ob="" eb="" sr="x" id="3.1">1) Execute code:</st>
            <st ob="" eb="" sr="" id="3.2">{code}</st>
            <st ob="" eb="" sr="" id="3.3">$body = $("body");</st>
            <st ob="" eb="" sr="" id="3.4">$body.empty();</st>
            <st ob="" eb="" sr="" id="3.5">$iframe = $("&lt;iframe /&gt;");</st>
            <st ob="" eb="" sr="" id="3.6">$iframe.appendTo($body);</st>
            <st ob="" eb="" sr="" id="3.7">$iframe.attr('src', 'http://apache.org');</st>
            <st ob="" eb="" sr="" id="3.8">{code}</st>
            <st ob="" eb="" sr="" id="3.9">And the result is as expected -- iframe displays with content.</st>
        </parg>
        <parg ob="" eb="" sr="" id="4">
            <st ob="" eb="" sr="x" id="4.1">2) Execute code:</st>
            <st ob="" eb="" sr="" id="4.2">{code} var ref = window.open('http://apache.org', '_blank', 'location=yes');</st>
            <st ob="" eb="" sr="" id="4.3">ref.addEventListener('loadstart', function(evt) { alert('start: ' + evt.url); });</st>
            <st ob="" eb="" sr="" id="4.4">ref.addEventListener('loadstop', function(evt) { alert('stop: ' + evt.url); });</st>
            <st ob="" eb="" sr="" id="4.5">ref.addEventListener('exit', function(evt) { alert(evt.type); });</st>
            <st ob="" eb="" sr="" id="4.6">{code}</st>
            <st ob="" eb="" sr="" id="4.7">And the result is as expected -- events fire and browser pops in with content as expected.</st>
            <st ob="" eb="" sr="" id="4.8">Click "Done" to dismiss the browser.</st>
        </parg>
        <parg ob="" eb="" sr="" id="5">
            <st ob="" eb="" sr="x" id="5.1">3) Execute code:</st>
            <st ob="" eb="" sr="" id="5.2">{code} window.location.hash = 'test';</st>
            <st ob="" eb="" sr="" id="5.3">{code}</st>
            <st ob="x" eb="" sr="x" id="5.4">4) Repeat steps 1 -- another iframe will again display as expected.</st>
        </parg>
        <parg ob="" eb="" sr="" id="6">
            <st ob="x" eb="" sr="x" id="6.1">5) Repeat steps 2 -- but this time, no events fire and browser doesn't pop up.</st>
        </parg>
        <parg ob="" eb="" sr="" id="7">
            <st ob="x" eb="" sr="" id="7.1">Conclusion: Inappbrowser dies if both the hash is changed and then an iframe source is loaded.</st>
        </parg>
        <parg ob="" eb="" sr="" id="8">
            <st ob="" eb="" sr="" id="8.1">Seems to be related to:</st>
            <st ob="" eb="" sr="" id="8.2">https://issues.apache.org/jira/browse/CB-2602 https://issues.apache.org/jira/browse/CB-2102 (maybe?)</st>
        </parg>
        <parg ob="" eb="" sr="" id="9">
            <st ob="" eb="" sr="" id="9.1">What can I do to help with this?</st>
        </parg>
    </desc>
</bug>
