<?xml version="1.0" encoding="UTF-8" standalone="yes"?>
<bug no-bug="" comments="">
    <id>CB-5936</id>
    <title ob="x" eb="" sr="">`cordova build` is not deleting the 'build' folder in platforms/ios</title>
    <desc>
        <parg ob="" eb="" sr="" id="1">
            <st ob="" eb="" sr="" id="1.1">It appears if `cordova build` doesn't execute properly a first time, then all subsequent times it does not finish with the desired behaviour.</st>
            <st ob="" eb="" sr="" id="1.2">Let me be explain further and why I think this happens.</st>
        </parg>
        <parg ob="" eb="" sr="" id="2">
            <st ob="" eb="" sr="" id="2.1">I started with a new project, first adding in a couple of cordova plugins (in order to replicate, it doesn't matter which).</st>
            <st ob="" eb="" sr="" id="2.2">I then added in the iOS platform and performed `cordova build` which was fine and built as expected - all plugins installed fine.</st>
        </parg>
        <parg ob="" eb="" sr="" id="3">
            <st ob="" eb="" sr="" id="3.1">I then altered a plugin and unbeknown to me at the time, I introduced an error to this plugin which meant a plugin could not compile (I was blindly coding at the time - silly of me, I know).</st>
            <st ob="" eb="" sr="" id="3.2">Without knowing this, I executed `cordova build` again.</st>
            <st ob="" eb="" sr="" id="3.3">It then failed, because presumably xcodebuild could not complete due to my source file which could not compile - and as a result, `cordova build` executed prematurely with an exit code something other than '0'.</st>
            <st ob="" eb="" sr="" id="3.4">This is expected behaviour thus far.</st>
        </parg>
        <parg ob="" eb="" sr="" id="4">
            <st ob="" eb="" sr="x" id="4.1">So I altered my plugin, updated my project with the new plugin code and thought I was good to go again - I then executed `cordova build` again in order to fully build my Cordova project.</st>
            <st ob="x" eb="" sr="" id="4.2">The CLI said this executed fine, but in reality it did not since no plugins were loaded.</st>
            <st ob="x" eb="" sr="" id="4.3">I opened the *root* 'config.xml' (i.e. one under the Xcode project, _not_ in www) and the &lt;feature&gt; tags had not been added (and so the app did not run) which is the indicator to say which plugins are in your project.</st>
        </parg>
        <parg ob="" eb="" sr="" id="5">
            <st ob="" eb="" sr="" id="5.1">After digging around, to fix this I had to remove 'build' in .</st>
            <st ob="" eb="" sr="" id="5.2">/platforms/ios/ - then after executing `cordova build` again, it started building fine - and the &lt;feature&gt; tags were being added back in for each of my installed plugins.</st>
        </parg>
        <parg ob="" eb="" sr="" id="6">
            <st ob="" eb="" sr="" id="6.1">After doing some investigation, I have found the issue why (and it should be a fairly quick fix).</st>
            <st ob="" eb="" sr="" id="6.2">These are the steps (with using a broken plugin) to replicate</st>
            <st ob="" eb="" sr="" id="6.3">1) As part of `cordova build` I _think_ the build script will copy the default cordova www to all platforms temporarily (i.e. the index.html with no plugins except LocalStorage) which includes the basic config.xml with no plugins.</st>
            <st ob="" eb="" sr="" id="6.4">2) The iOS project is then compiled with xcodebuild and as a result, the config.xml from the default www is copied to the root of the Xcode project (remembering this is the basic ‘config.xml’ with no plugins).</st>
            <st ob="" eb="" sr="" id="6.5">3) It then attempts to compile the Xcode project - but with the broken plugin added, xcodebuild fails - and the basic config.xml is left there.</st>
            <st ob="" eb="" sr="" id="6.6">4) At some point, the ‘build’ folder is created in .</st>
            <st ob="" eb="" sr="" id="6.7">/platforms/ios/ which contains a build of the cordova project.</st>
            <st ob="" eb="" sr="" id="6.8">5) Observe config.xml and notice that no &lt;feature&gt; tags are added.</st>
        </parg>
        <parg ob="" eb="" sr="" id="7">
            <st ob="" eb="" sr="" id="7.1">After fixing the broken plugin, delete the build folder and execute `cordova build` again and you will see the &lt;feature&gt; tags are added back in.</st>
        </parg>
        <parg ob="" eb="" sr="" id="8">
            <st ob="" eb="" sr="" id="8.1">After that extremely long-winded explanation, in short, I think `cordova build` needs to remove the ‘build’ folder as part of the cleanup step, as it seems to get some data from here - and if that contains a broken plugin, then it’s going to cause problems in future.</st>
        </parg>
        <parg ob="" eb="" sr="" id="9">
            <st ob="" eb="" sr="" id="9.1">I think that the Cordova uses the build folder to get some necessary files without the expense of having to copy them from somewhere further down the directory structure (as an efficiency step).</st>
            <st ob="" eb="" sr="" id="9.2">So hopefully this is clear why it might cause a problem doing this.</st>
            <st ob="" eb="" sr="" id="9.3">If it's necessary to keep 'cordova build' the same, then maybe we can include, say, a -c flag which does a clean and build and deletes the 'build' folder and cleans up the project before building it from scratch again.</st>
        </parg>
        <parg ob="" eb="" sr="" id="10">
            <st ob="" eb="" sr="" id="10.1">If you need further explanations, I’m happy to provide.</st>
            <st ob="" eb="" sr="" id="10.2">I hope that makes sense!</st>
        </parg>
    </desc>
</bug>
