<?xml version="1.0" encoding="UTF-8" standalone="yes"?>
<bug no-bug="" comments="">
    <id>CB-5675</id>
    <title ob="x" eb="" sr="">Can't get rid of  &lt;name&gt;Hello Cordova&lt;/name&gt;  from config.xml</title>
    <desc>
        <parg ob="" eb="" sr="" id="1">
            <st ob="x" eb="" sr="x" id="1.1">config_parser.js merges your www/config.xml in on top of cordova/defaults.xml to produce your platform/&lt;project&gt;/config.xml.</st>
        </parg>
        <parg ob="" eb="" sr="" id="2">
            <st ob="" eb="" sr="" id="2.1">I don't like seeing "Hello Cordova" in there as the name of the project in addition to the one that I gave it.</st>
            <st ob="" eb="" sr="" id="2.2">Same with the description.</st>
            <st ob="" eb="" sr="" id="2.3">I am concerned that it confuses Xcode as well.</st>
        </parg>
        <parg ob="" eb="" sr="" id="3">
            <st ob="" eb="" sr="x" id="3.1">So I changed the SINGLETONS array in config_parser.</st>
            <st ob="" eb="" sr="x" id="3.2">merge_with() from:</st>
            <st ob="" eb="" sr="" id="3.3">["content", "author"] to:</st>
            <st ob="" eb="" sr="" id="3.4">["content", "author","description","name"]</st>
            <st ob="" eb="" sr="" id="3.5">Which seems to have fixed my problem.</st>
        </parg>
    </desc>
</bug>
