<?xml version="1.0" encoding="UTF-8" standalone="yes"?>
<bug no-bug="" comments="">
    <id>CB-5716</id>
    <title ob="x" eb="" sr="x">Got null NATIVE_URI while set saveToPhotoAlbum true</title>
    <desc>
        <parg ob="" eb="" sr="" id="1">
            <st ob="" eb="" sr="x" id="1.1">for camera.getPicture, if set sourceType : Camera.PictureSourceType.CAMERA saveToPhotoAlbum: true destinationType : Camera.DestinationType.NATIVE_URL</st>
        </parg>
        <parg ob="" eb="" sr="" id="2">
            <st ob="x" eb="x" sr="" id="2.1">we only got null return value, I was assuming I should get image saved at photo album and get valid uri back</st>
        </parg>
    </desc>
</bug>
