<?xml version="1.0" encoding="UTF-8" standalone="yes"?>
<bug no-bug="" comments="">
    <id>CB-5074</id>
    <title ob="x" eb="" sr="">Battery status plugin permission not added for Android?</title>
    <desc>
        <parg ob="" eb="" sr="" id="1">
            <st ob="" eb="" sr="" id="1.1">The documentation for the Events http://cordova.apache.org/docs/en/3.1.0/cordova_events_events.md.html#Events says that for Android it needs the following permission:</st>
            <st ob="" eb="" sr="" id="1.2">{code}</st>
            <st ob="" eb="" sr="" id="1.3">&lt;uses-permission android:name="android.permission.BROADCAST_STICKY" /&gt;</st>
            <st ob="" eb="" sr="" id="1.4">{code}</st>
        </parg>
        <parg ob="" eb="" sr="" id="2">
            <st ob="x" eb="" sr="" id="2.1">But after we added the v3.1 *corova-plugin-battery-status* plugin via CLI we noticed this permission had not been set in the AndroidManifest.xml</st>
        </parg>
        <parg ob="" eb="" sr="" id="3">
            <st ob="" eb="" sr="" id="3.1">And when we went back to look at the plugin.xml for the corova-plugin-battery-status the necessary Android permission is not there.</st>
            <st ob="" eb="" sr="" id="3.2">https://github.com/apache/cordova-plugin-battery-status/blob/master/plugin.xml</st>
        </parg>
        <parg ob="" eb="" sr="" id="4">
            <st ob="" eb="" sr="" id="4.1">So is the permission needed or not?</st>
            <st ob="" eb="" sr="" id="4.2">The documentation and battery plugin's plugin.xml seem to be in disagreement</st>
        </parg>
    </desc>
</bug>
