<?xml version="1.0" encoding="UTF-8" standalone="yes"?>
<bug no-bug="" comments="">
    <id>CB-6749</id>
    <title ob="x" eb="" sr="">Unable to open asset URL: file:///android_asset/www/plugins/org.apache.cordova.inappbrowser/www/inappbrowser.js</title>
    <desc>
        <parg ob="" eb="" sr="" id="1">
            <st ob="x" eb="" sr="" id="1.1">I am having an issue on android where the InAppBrowser plugin wasn't working at all.</st>
            <st ob="x" eb="" sr="" id="1.2">Turns out I was getting this error:</st>
            <st ob="" eb="" sr="" id="1.3">Unable to open asset URL: file:///android_asset/www/plugins/org.</st>
            <st ob="" eb="" sr="" id="1.4">apache.cordova.inappbrowser/www/inappbrowser.js</st>
        </parg>
        <parg ob="" eb="" sr="" id="2">
            <st ob="" eb="" sr="" id="2.1">I edited the {{platforms/android/assets/www/cordova_plugins.js}} to load {{plugins/org.</st>
            <st ob="" eb="" sr="" id="2.2">apache.cordova.inappbrowser/www/InAppBrowser.js}} instead and now it works.</st>
            <st ob="" eb="" sr="" id="2.3">Perhaps you should fix this as it seems like android's file system is case sensitive.</st>
        </parg>
    </desc>
</bug>
