<?xml version="1.0" encoding="UTF-8" standalone="yes"?>
<bug no-bug="" comments="">
    <id>CB-6993</id>
    <title ob="x" eb="" sr="">Official and third-party plugins not installing correctly</title>
    <desc>
        <parg ob="" eb="" sr="" id="1">
            <st ob="x" eb="" sr="" id="1.1">Most plugins I have come across (including, as one example, the official Dialogs plugin) include the line:</st>
        </parg>
        <parg ob="" eb="" sr="" id="2">
            <st ob="" eb="" sr="" id="2.1">{code}</st>
            <st ob="" eb="" sr="" id="2.2">&lt;config-file target="res/xml/config.xml" parent="/*"&gt;</st>
            <st ob="" eb="" sr="" id="2.3">{code}</st>
        </parg>
        <parg ob="" eb="" sr="" id="3">
            <st ob="" eb="" sr="" id="3.1">in their *plugin.xml*.</st>
        </parg>
        <parg ob="" eb="" sr="" id="4">
            <st ob="" eb="" sr="x" id="4.1">However, according to your plugin docs, the line should read:</st>
        </parg>
        <parg ob="" eb="" sr="" id="5">
            <st ob="" eb="" sr="" id="5.1">{code}</st>
            <st ob="" eb="" sr="" id="5.2">&lt;config-file target="config.xml" parent="/*"&gt;</st>
            <st ob="" eb="" sr="" id="5.3">{code}</st>
        </parg>
        <parg ob="" eb="" sr="" id="6">
            <st ob="" eb="" sr="" id="6.1">I don't know if it's something wrong with my setup or what, but the latter is the only one that works for me.</st>
            <st ob="" eb="" sr="x" id="6.2">Any plugins using the former (res/xml/config.xml) do not have the corresponding *feature* tag added to any XML file - meaning the official plugins aren't working for me.</st>
            <st ob="" eb="" sr="" id="6.3">Whereas, if I change it to the latter format, the feature tag is correctly copied into res/xml/config.xml when I run *cordova build*.</st>
        </parg>
        <parg ob="" eb="" sr="" id="7">
            <st ob="" eb="" sr="" id="7.1">Is this correct behaviour and the official plugins need updating?</st>
            <st ob="" eb="" sr="" id="7.2">Or am I doing something wrong, and either syntax should work?</st>
        </parg>
        <parg ob="" eb="" sr="" id="8">
            <st ob="" eb="" sr="" id="8.1">Thanks very much.</st>
        </parg>
        <parg ob="" eb="" sr="" id="9">
            <st ob="" eb="" sr="" id="9.1">UPDATE: I am also pretty sure that the former syntax was working previously, on the same version (3.4.0-0.1.0) that I am using now.</st>
            <st ob="" eb="" sr="" id="9.2">Which leads me to believe something must have changed on my end, although I have no idea what.</st>
            <st ob="" eb="" sr="" id="9.3">Any ideas??</st>
        </parg>
    </desc>
</bug>
