<?xml version="1.0" encoding="UTF-8" standalone="yes"?>
<bug no-bug="" comments="">
    <id>CB-6168</id>
    <title ob="x" eb="" sr="">URL Scheme error : Application error : Protocol Not Supported</title>
    <desc>
        <parg ob="" eb="" sr="" id="1">
            <st ob="x" eb="" sr="x" id="1.1">I am implementing URL SCHEME for iOS and Android using phoneGap (Cordova version 3.3.1-0.3.1) I have done with all the steps and Its working fine on iOS but for android it is showing error like :</st>
            <st ob="x" eb="" sr="" id="1.2">Application Error :</st>
            <st ob="x" eb="" sr="" id="1.3">protocol isn't supported (mycoolapp://)</st>
        </parg>
        <parg ob="" eb="" sr="" id="2">
            <st ob="" eb="" sr="" id="2.1">So please help me for the same.</st>
        </parg>
    </desc>
</bug>
