<?xml version="1.0" encoding="UTF-8" standalone="yes"?>
<bug no-bug="" comments="">
    <id>CB-6175</id>
    <title ob="x" eb="" sr="">Cannot add inAppBrowser plugin for android platform</title>
    <desc>
        <parg ob="" eb="" sr="" id="1">
            <st ob="" eb="" sr="" id="1.1">Steps to reproduce:</st>
        </parg>
        <parg ob="" eb="" sr="" id="2">
            <st ob="" eb="" sr="" id="2.1">cordova -v</st>
            <st ob="" eb="" sr="" id="2.2">3.4.0-0.1.3</st>
        </parg>
        <parg ob="" eb="" sr="" id="3">
            <st ob="" eb="" sr="" id="3.1">cordova create test cd test cordova platform add android cordova plugin add org.apache.cordova.inappbrowser</st>
        </parg>
        <parg ob="" eb="" sr="" id="4">
            <st ob="" eb="" sr="" id="4.1">Error: ENOENT, no such file or directory '/xxx/test/plugins/org.apache.cordova.inappbrowser/www/inappbrowser.js' at Object.fs.openSync (fs.js:427:18)</st>
            <st ob="" eb="" sr="" id="4.2">at Object.fs.readFileSync (fs.js:284:15)</st>
            <st ob="" eb="" sr="" id="4.3">at /.../node_modules/cordova/node_modules/plugman/src/prepare.js:182:36 at Array.forEach (native)</st>
            <st ob="" eb="" sr="" id="4.4">at /.../node_modules/cordova/node_modules/plugman/src/prepare.js:162:19 at Array.forEach (native)</st>
            <st ob="" eb="" sr="" id="4.5">at Object.handlePrepare (/.../node_modules/cordova/node_modules/plugman/src/prepare.js:128:24)</st>
            <st ob="" eb="" sr="" id="4.6">at /.../node_modules/cordova/node_modules/plugman/src/install.js:420:33 at _fulfilled (/.../node_modules/cordova/node_modules/q/q.js:798:54)</st>
            <st ob="" eb="" sr="" id="4.7">at self.promiseDispatch.done (/.../node_modules/cordova/node_modules/q/q.js:827:30)</st>
        </parg>
        <parg ob="" eb="" sr="" id="5">
            <st ob="" eb="" sr="" id="5.1">(replaced cordova installation directory with /.../, project directory with /xxx/)</st>
        </parg>
        <parg ob="" eb="" sr="" id="6">
            <st ob="" eb="" sr="" id="6.1">I have installed cordova locally with npm  (into /.../ directory)</st>
        </parg>
        <parg ob="" eb="" sr="" id="7">
            <st ob="" eb="" sr="" id="7.1">npm install cordova@3.4.0-0.1.3 and set PATH to /.../node_modules/cordova/bin</st>
        </parg>
        <parg ob="" eb="" sr="" id="8">
            <st ob="" eb="" sr="" id="8.1">same is reproducible with 3.4.0-rc2</st>
        </parg>
    </desc>
</bug>
