<?xml version="1.0" encoding="UTF-8" standalone="yes"?>
<bug no-bug="" comments="">
    <id>CB-7865</id>
    <title ob="x" eb="" sr="">[Contacts] pickContact does not return contact id and photo</title>
    <desc>
        <parg ob="" eb="" sr="" id="1">
            <st ob="x" eb="" sr="" id="1.1">pickContact function of Contact plugin does not return contact image (photo) and id.</st>
            <st ob="" eb="" sr="" id="1.2">I did some debugging - didSelectPerson handler of ABPeoplePickerNavigationController:</st>
            <st ob="x" eb="" sr="" id="1.3">- ABRecordGetRecordID(person)   returns always -1</st>
            <st ob="x" eb="" sr="" id="1.4">- in CDVContact.extractPhotos method ABPersonHasImageData returns always false, even for contacts which has photos</st>
        </parg>
    </desc>
</bug>
