<?xml version="1.0" encoding="UTF-8" standalone="yes"?>
<bug no-bug="" comments="">
    <id>CB-7888</id>
    <title ob="x" eb="" sr="">Undocumented option 'body' in FileTransferError.</title>
    <desc>
        <parg ob="" eb="" sr="" id="1">
            <st ob="x" eb="" sr="" id="1.1">The FileTransferError javascript layer has a option 'body' which I couldn't find any reference to in the documentation.</st>
        </parg>
        <parg ob="" eb="" sr="" id="2">
            <st ob="" eb="" sr="" id="2.1">https://github.com/apache/cordova-plugin-file-transfer/blob/master/www/FileTransferError.js</st>
        </parg>
        <parg ob="" eb="" sr="" id="3">
            <st ob="" eb="" sr="" id="3.1">http://plugins.cordova.io/#/package/org.apache.cordova.file-transfer</st>
        </parg>
        <parg ob="" eb="" sr="" id="4">
            <st ob="x" eb="" sr="" id="4.1">Looking at the Android source, it looks like the body will contain the stream response in UTF-8.</st>
            <st ob="x" eb="" sr="" id="4.2">Looks like the docs are out of sync.</st>
        </parg>
        <parg ob="" eb="" sr="" id="5">
            <st ob="" eb="" sr="" id="5.1">If some one can confirm this, I can send a PR to fix the documentation.</st>
        </parg>
    </desc>
</bug>
