<?xml version="1.0" encoding="UTF-8" standalone="yes"?>
<bug no-bug="" comments="">
    <id>CB-7969</id>
    <title ob="x" eb="" sr="">plugin add ... makes it install for all platform when plugin.xml only supports 1 platform</title>
    <desc>
        <parg ob="" eb="" sr="" id="1">
            <st ob="x" eb="" sr="" id="1.1">plugin add ... makes it installed for all platform when plugin.xml only supports 1 platform</st>
        </parg>
        <parg ob="" eb="" sr="" id="2">
            <st ob="" eb="" sr="" id="2.1">$ cordova platform add blackberry10</st>
            <st ob="" eb="" sr="" id="2.2">$ cordova platform add browser --usegit</st>
            <st ob="" eb="" sr="" id="2.3">$ cordova plugin add com.blackberry.notification</st>
            <st ob="" eb="" sr="" id="2.4">$ cordova build browser -d</st>
        </parg>
        <parg ob="" eb="" sr="" id="3">
            <st ob="x" eb="" sr="" id="3.1">See the output include the plugin when build 'browser'.</st>
        </parg>
        <parg ob="" eb="" sr="" id="4">
            <st ob="x" eb="" sr="" id="4.1">Now examine plugins\browser.json and the "installed_plugins" section, you will see it got added there.</st>
        </parg>
        <parg ob="" eb="" sr="" id="5">
            <st ob="x" eb="" sr="" id="5.1">Now examine plugins\com.blackberry.notification\plugin.xml and see that the element plugin.platform[name]="blackberry10" exists, but no other platform is supported and not default platform config is provided.</st>
        </parg>
        <parg ob="" eb="" sr="" id="6">
            <st ob="" eb="" sr="" id="6.1">So why was it installed for the "browser" platform ?</st>
        </parg>
        <parg ob="" eb="" sr="" id="7">
            <st ob="" eb="x" sr="" id="7.1">I think it is expected it only gets installed into the "blackberry10" platform.</st>
        </parg>
    </desc>
</bug>
