<?xml version="1.0" encoding="UTF-8" standalone="yes"?>
<bug no-bug="" comments="">
    <id>CB-7032</id>
    <title ob="x" eb="" sr="">File Transfer upload fails to fire success function on Android</title>
    <desc>
        <parg ob="" eb="" sr="" id="1">
            <st ob="x" eb="" sr="" id="1.1">The upload function fails to trigger the success function despite it successfully uploading the file to the server.</st>
            <st ob="x" eb="" sr="" id="1.2">The debug logs indicate that the native code in FileTransfer.java has executed successfully though, as the debug logs prints the response code and headers, in addition to these lines:</st>
        </parg>
        <parg ob="" eb="" sr="" id="2">
            <st ob="" eb="" sr="" id="2.1">{code:Title=FileTransfer.java}</st>
            <st ob="" eb="" sr="" id="2.2">Log.d(LOG_TAG, "got response from server");</st>
            <st ob="" eb="" sr="" id="2.3">Log.d(LOG_TAG, responseString.substring(0, Math.min(256, responseString.length())));</st>
            <st ob="" eb="" sr="" id="2.4">{code}</st>
        </parg>
    </desc>
</bug>
