<?xml version="1.0" encoding="UTF-8" standalone="yes"?>
<bug no-bug="" comments="">
    <id>CB-7836</id>
    <title ob="" eb="" sr="">Control output .apk filename</title>
    <desc>
        <parg ob="" eb="" sr="" id="1">
            <st ob="" eb="" sr="" id="1.1">ohai cordova :D</st>
        </parg>
        <parg ob="" eb="" sr="" id="2">
            <st ob="" eb="" sr="x" id="2.1">I go to create a cordova-android project with: {{cordova create hello com.example.hello HelloWorld}}.</st>
        </parg>
        <parg ob="" eb="" sr="" id="3">
            <st ob="" eb="x" sr="" id="3.1">My expectation is that the final output of the .apk filename will be {{HelloWorld.apk}}.</st>
        </parg>
        <parg ob="" eb="" sr="" id="4">
            <st ob="x" eb="" sr="" id="4.1">It always comes out as {{CordovaApp.apk}}.</st>
        </parg>
        <parg ob="" eb="" sr="" id="5">
            <st ob="" eb="" sr="" id="5.1">Pretty sure I used to be able to control the output file name in a previous cordova version.</st>
        </parg>
        <parg ob="" eb="" sr="" id="6">
            <st ob="" eb="" sr="" id="6.1">Can haz that back plz?</st>
        </parg>
        <parg ob="" eb="" sr="" id="7">
            <st ob="" eb="" sr="" id="7.1">[Here|https://gist.github.com/sebv/9854f5443e2095ade2b6]'s a gist of project creation output for details.</st>
        </parg>
        <parg ob="" eb="" sr="" id="8">
            <st ob="" eb="" sr="" id="8.1">P.S. y'all are awesome</st>
        </parg>
    </desc>
</bug>
