<?xml version="1.0" encoding="UTF-8" standalone="yes"?>
<bug no-bug="" comments="">
    <id>CB-7080</id>
    <title ob="" eb="" sr="">App resume broken when app is launched from Play Store or cordova CLI</title>
    <desc>
        <parg ob="" eb="" sr="" id="1">
            <st ob="x" eb="" sr="" id="1.1">There is a long lasting issue related to Android activities being launched a second time in certain scenarios, this causes issues in Cordova apps (Cordova events do not get fired).</st>
        </parg>
        <parg ob="" eb="" sr="" id="2">
            <st ob="" eb="" sr="" id="2.1">Bug is reported at Android here:</st>
            <st ob="" eb="" sr="" id="2.2">https://code.google.com/p/android/issues/detail?id=26658 https://code.google.com/p/android/issues/detail?id=2373</st>
        </parg>
        <parg ob="" eb="" sr="" id="3">
            <st ob="" eb="" sr="" id="3.1">Some further discussion in the Phonegap boards here:</st>
            <st ob="" eb="" sr="" id="3.2">https://groups.google.com/forum/#!topic/phonegap/F06WJZl12NI</st>
        </parg>
        <parg ob="" eb="" sr="" id="4">
            <st ob="" eb="" sr="" id="4.1">and a workaround here:</st>
            <st ob="" eb="" sr="" id="4.2">http://stackoverflow.com/questions/4341600/how-to-prevent-multiple-instances-of-an-activity-when-it-is-launched-with-differ/7748416#7748416</st>
        </parg>
        <parg ob="" eb="" sr="" id="5">
            <st ob="" eb="" sr="" id="5.1">Steps to reproduce:</st>
            <st ob="" eb="" sr="x" id="5.2">1) Install and launch app via "cordova run" or from the Play Store</st>
            <st ob="" eb="" sr="x" id="5.3">2) Tap home button</st>
            <st ob="" eb="" sr="x" id="5.4">3) Tap app icon to resume app</st>
            <st ob="x" eb="" sr="" id="5.5">4) Second activity is launched, no "resume" or "deviceready" events are fired.</st>
            <st ob="x" eb="" sr="" id="5.6">As such the app cannot continue to run as we're waiting on these events to fire first.</st>
        </parg>
        <parg ob="" eb="" sr="" id="6">
            <st ob="" eb="" sr="" id="6.1">This is a long standing issue and whilst it looks like there will be no fix in Android, it seems it can be fixed using the workaround from the Cordova side of things.</st>
            <st ob="" eb="" sr="" id="6.2">I'm quite astounded that this issue has not been reported before.</st>
        </parg>
        <parg ob="" eb="" sr="" id="7">
            <st ob="" eb="" sr="" id="7.1">There seems to be a loosely related issue here:</st>
            <st ob="" eb="" sr="" id="7.2">https://issues.apache.org/jira/browse/CB-3949</st>
        </parg>
        <parg ob="" eb="" sr="" id="8">
            <st ob="x" eb="" sr="" id="8.1">As it stands, on first install from the Play Store, once the user has finished using the app and decides to go back to it, the app will appear frozen, since the deviceready event does not fire.</st>
            <st ob="" eb="" sr="" id="8.2">The user must kill the app and start it again but most would not consider doing this before uninstalling the app and forgetting about it.</st>
        </parg>
    </desc>
</bug>
