<?xml version="1.0" encoding="UTF-8" standalone="yes"?>
<bug no-bug="" comments="">
    <id>CB-7006</id>
    <title ob="x" eb="" sr="">Empty file is created on file transfer if server response is 304.</title>
    <desc>
        <parg ob="" eb="" sr="" id="1">
            <st ob="" eb="" sr="" id="1.1">Hi,</st>
            <st ob="" eb="" sr="x" id="1.2">I want to use file transfer plugin with "If-Modified-Since" HTTP header.</st>
            <st ob="x" eb="" sr="x" id="1.3">When receiving 304 status code from server (file not changed), It seems that file transfer plugin overwrites the current file on device by... new empty one.</st>
            <st ob="" eb="" sr="" id="1.4">As plugin does not verify HTTP response status code, and HTTP 304 response contains an empty body content, maybe that's a point to check to avoid overwriting already present data ?</st>
        </parg>
    </desc>
</bug>
