<?xml version="1.0" encoding="UTF-8" standalone="yes"?>
<bug no-bug="" comments="">
    <id>CB-7439</id>
    <title ob="x" eb="" sr="">Android Javascript androidExec online events callback messages delayed</title>
    <desc>
        <parg ob="" eb="" sr="" id="1">
            <st ob="" eb="" sr="x" id="1.1">I have an app where I'm calling:</st>
        </parg>
        <parg ob="" eb="" sr="" id="2">
            <st ob="" eb="" sr="" id="2.1">{noformat} navigator.notification.confirm</st>
            <st ob="" eb="" sr="" id="2.2">{noformat}</st>
        </parg>
        <parg ob="" eb="" sr="" id="3">
            <st ob="" eb="" sr="" id="3.1">from org.apache.cordova.dialogs 0.2.9.</st>
            <st ob="x" eb="" sr="" id="3.2">The dialog is displayed fine, however on my Android test devices upon pressing a dialog button my callback function sometimes isn't executed.</st>
            <st ob="" eb="" sr="" id="3.3">My iOS test devices are fine.</st>
        </parg>
        <parg ob="" eb="" sr="" id="4">
            <st ob="" eb="" sr="" id="4.1">I believe I've tracked this down to an issue with Android's JS implementation, however I don't have quite enough knowledge of Cordova to ascertain the root cause or fix it properly.</st>
        </parg>
        <parg ob="" eb="" sr="" id="5">
            <st ob="" eb="" sr="" id="5.1">Naturally, navigator.notification.confirm calls androidExec.</st>
            <st ob="" eb="" sr="" id="5.2">This in turn makes a native API call.</st>
            <st ob="" eb="" sr="" id="5.3">The thing I'm unsure about is the following events:</st>
        </parg>
        <parg ob="" eb="" sr="" id="6">
            <st ob="" eb="" sr="" id="6.1">{noformat}</st>
            <st ob="" eb="" sr="" id="6.2">// The network module takes care of firing online and offline events.</st>
            <st ob="" eb="" sr="" id="6.3">// It currently fires them only on document though, so we bridge them</st>
            <st ob="" eb="" sr="" id="6.4">// to window here (while first listening for exec()-releated online/offline</st>
            <st ob="" eb="" sr="" id="6.5">// events).</st>
            <st ob="" eb="" sr="" id="6.6">window.addEventListener('online', pollOnceFromOnlineEvent, false);</st>
            <st ob="" eb="" sr="" id="6.7">window.addEventListener('offline', pollOnceFromOnlineEvent, false);</st>
            <st ob="" eb="" sr="" id="6.8">cordova.addWindowEventHandler('online');</st>
            <st ob="" eb="" sr="" id="6.9">cordova.addWindowEventHandler('offline');</st>
            <st ob="" eb="" sr="" id="6.10">document.addEventListener('online', proxyEvent, false);</st>
            <st ob="" eb="" sr="" id="6.11">document.addEventListener('offline', proxyEvent, false);</st>
            <st ob="" eb="" sr="" id="6.12">{noformat}</st>
        </parg>
        <parg ob="" eb="" sr="" id="7">
            <st ob="x" eb="" sr="" id="7.1">When I press one of the confirm dialog buttons the event listener pollOnceFromOnlineEvent is called, which retrieves messages from the native API and processes them accordingly.</st>
            <st ob="x" eb="" sr="" id="7.2">However it seems the online event doesn't always work.</st>
            <st ob="" eb="" sr="" id="7.3">I'm not sure why we're using the online event in the first place though.</st>
            <st ob="" eb="" sr="" id="7.4">.</st>
        </parg>
        <parg ob="" eb="" sr="" id="8">
            <st ob="" eb="" sr="" id="8.1">Now, there's a nasty side-effect as well.</st>
            <st ob="x" eb="" sr="" id="8.2">In androidExec itself, after making the native API call, we actually call processMessages, so we may get our callback, but delayed!</st>
        </parg>
        <parg ob="" eb="" sr="" id="9">
            <st ob="" eb="x" sr="" id="9.1">What should happen:</st>
        </parg>
        <parg ob="" eb="" sr="" id="10">
            <st ob="" eb="x" sr="" id="10.1">{quote} call confirm() --&gt; calls androidExec --&gt; calls processMessages (no messages) --&gt; user button press --&gt; online event --&gt; calls pollOnceFromOnlineEvent --&gt; calls processMessages --&gt; calls callback</st>
            <st ob="" eb="x" sr="" id="10.2">{quote}</st>
        </parg>
        <parg ob="" eb="" sr="" id="11">
            <st ob="x" eb="" sr="" id="11.1">What actually happens is:</st>
        </parg>
        <parg ob="" eb="" sr="" id="12">
            <st ob="x" eb="" sr="" id="12.1">{quote} call confirm() --&gt; calls androidExec --&gt; calls processMessages (no messages) --&gt; user button press --&gt; NO online event</st>
        </parg>
        <parg ob="" eb="" sr="" id="13">
            <st ob="x" eb="" sr="" id="13.1">.</st>
            <st ob="x" eb="" sr="" id="13.2">.</st>
            <st ob="x" eb="" sr="" id="13.3">time passes .</st>
            <st ob="x" eb="" sr="" id="13.4">.</st>
        </parg>
        <parg ob="" eb="" sr="" id="14">
            <st ob="x" eb="" sr="" id="14.1">call confirm() --&gt; calls androidExec --&gt; calls processMessages (got message!!)</st>
            <st ob="x" eb="" sr="" id="14.2">--&gt; calls callback --&gt; user button press --&gt; NO online event</st>
        </parg>
        <parg ob="" eb="" sr="" id="15">
            <st ob="x" eb="" sr="" id="15.1">.</st>
            <st ob="x" eb="" sr="" id="15.2">.</st>
            <st ob="x" eb="" sr="" id="15.3">and the bad cycle continues.</st>
            <st ob="x" eb="" sr="" id="15.4">{quote}</st>
        </parg>
        <parg ob="" eb="" sr="" id="16">
            <st ob="" eb="" sr="" id="16.1">I believe some points to consider are:</st>
        </parg>
        <parg ob="" eb="" sr="" id="17">
            <st ob="" eb="" sr="" id="17.1">* Is the online event being used properly</st>
            <st ob="" eb="" sr="" id="17.2">* The android JS implementation seems to support polling mode - should we be using this?</st>
            <st ob="" eb="" sr="" id="17.3">* Should androidExec be processing messages immediately after the native API call?</st>
        </parg>
        <parg ob="" eb="" sr="" id="18">
            <st ob="" eb="" sr="" id="18.1">I've put this as an issue with 3.5.0, as that's what my app is running and can readily repro it, however it also existed on 3.4.x.</st>
        </parg>
    </desc>
</bug>
