<?xml version="1.0" encoding="UTF-8" standalone="yes"?>
<bug no-bug="" comments="">
    <id>CB-7872</id>
    <title ob="x" eb="" sr="">[XCode][6.1] XCode 6.1's xcrun PackageApplication fails at packaging / resigning Cordova applications</title>
    <desc>
        <parg ob="" eb="" sr="" id="1">
            <st ob="" eb="" sr="" id="1.1">Pull request: https://github.com/apache/cordova-ios/pull/115</st>
        </parg>
        <parg ob="" eb="" sr="" id="2">
            <st ob="x" eb="" sr="" id="2.1">XCode 6.1's "xcrun" PackageApplication fails at packaging and codesigning as the only deprecated ResourceRules.plist path is missing from build target configuration, which represents a bug in XCode 6.1.</st>
        </parg>
        <parg ob="" eb="" sr="" id="3">
            <st ob="x" eb="" sr="" id="3.1">This means that any automated command-line builds via cordova build ios --device will fail if  CODE_SIGN_RESOURCE_RULES_PATH has not been set.</st>
        </parg>
        <parg ob="" eb="" sr="" id="4">
            <st ob="" eb="" sr="" id="4.1">Consult this StackOverflow thread for details:</st>
            <st ob="" eb="" sr="" id="4.2">http://stackoverflow.com/questions/26516442/how-do-we-manually-fix-resourcerules-plist-cannot-read-resources-error-after/26563642#26563642</st>
        </parg>
    </desc>
</bug>
