<?xml version="1.0" encoding="UTF-8" standalone="yes"?>
<bug no-bug="" comments="">
    <id>CB-8720</id>
    <title ob="x" eb="" sr="x">Launch Application in Portrait mode up side down. Status bar is coming in down and never recovers</title>
    <desc>
        <parg ob="" eb="" sr="" id="1">
            <st ob="" eb="" sr="x" id="1.1">I've following in config.xml</st>
        </parg>
        <parg ob="" eb="" sr="" id="2">
            <st ob="" eb="" sr="" id="2.1">&lt;preference name="StatusBarOverlaysWebView" value="false" /&gt;</st>
            <st ob="" eb="" sr="" id="2.2">&lt;preference name="StatusBarBackgroundColor" value="#2263A6" /&gt;</st>
            <st ob="" eb="" sr="" id="2.3">&lt;preference name="StatusBarStyle" value="lightcontent" /&gt;</st>
        </parg>
        <parg ob="" eb="" sr="" id="3">
            <st ob="" eb="" sr="" id="3.1">Status bar plugin version : 0.1.10</st>
            <st ob="" eb="" sr="" id="3.2">Cordova iOS version : 3.5.0 iOS version: 7.1 iPadmini</st>
        </parg>
        <parg ob="" eb="" sr="" id="4">
            <st ob="" eb="" sr="x" id="4.1">Launch cordova app in portrait upside down orientation .</st>
            <st ob="x" eb="" sr="" id="4.2">Status bar band is appearing at bottom and a white space is shown at actual status bar.</st>
            <st ob="" eb="" sr="" id="4.3">This only happens when application in launched in portrait upside down orientation and always reproducible.I believe it can be duplicated in all iOS devices, but I've only iPad mini devices.</st>
        </parg>
    </desc>
</bug>
