<?xml version="1.0" encoding="UTF-8" standalone="yes"?>
<bug no-bug="" comments="">
    <id>CB-8174</id>
    <title ob="" eb="" sr="">Adding Icons does not work properly on BlackBerry10 platform</title>
    <desc>
        <parg ob="" eb="" sr="" id="1">
            <st ob="" eb="" sr="x" id="1.1">Let's assume I created a fresh project with the following commands:</st>
            <st ob="" eb="" sr="" id="1.2">{code} cd /tmp cordova create test cd test cordova platform add blackberry10</st>
            <st ob="" eb="" sr="" id="1.3">{code}</st>
        </parg>
        <parg ob="" eb="" sr="" id="2">
            <st ob="" eb="" sr="" id="2.1">I now want to add an icon to this application.</st>
            <st ob="" eb="" sr="" id="2.2">The documentation (http://cordova.apache.org/docs/en/4.0.0/config_ref_images.md.html#Icons%20and%20Splash%20Screens) suggests to add an icon directive to the config.xml, so I'll do that.</st>
            <st ob="" eb="" sr="x" id="2.3">As the documentation suggests, I reference "res/bb10/icon-86.png" and "res/bb10/icon-150.png".</st>
            <st ob="" eb="" sr="x" id="2.4">I have no created any files in the file system yet.</st>
        </parg>
        <parg ob="" eb="" sr="" id="3">
            <st ob="x" eb="" sr="x" id="3.1">When I now run "cordova build", I get several errors:</st>
            <st ob="" eb="" sr="" id="3.2">{code}</st>
            <st ob="" eb="" sr="" id="3.3">OliverSalzburg@OLIVER-PC /d/temp/test</st>
            <st ob="" eb="" sr="" id="3.4">$ cordova build cp: no such file or directory: d:\temp\test\res\bb10\icon-86.png</st>
        </parg>
        <parg ob="" eb="" sr="" id="4">
            <st ob="" eb="" sr="" id="4.1">cp: no such file or directory: d:\temp\test\res\bb10\icon-150.png</st>
        </parg>
        <parg ob="" eb="" sr="" id="5">
            <st ob="" eb="" sr="" id="5.1">Running command: d:\temp\test\platforms\blackberry10\cordova\build.bat</st>
            <st ob="" eb="" sr="" id="5.2">[INFO]    Populating application source</st>
            <st ob="" eb="" sr="" id="5.3">[INFO]    Parsing config.xml</st>
            <st ob="" eb="" sr="" id="5.4">[INFO]    Generating output files</st>
            <st ob="" eb="" sr="" id="5.5">[INFO]    Error: Attribute image: file cannot be found in the list of packaged files: res/bb10/icon-86.png</st>
            <st ob="" eb="" sr="" id="5.6">[ERROR]   Native Packager exception occurred</st>
            <st ob="" eb="" sr="" id="5.7">[INFO]    Error: Attribute image: file cannot be found in the list of packaged files: res/bb10/icon-86.png</st>
            <st ob="" eb="" sr="" id="5.8">[ERROR]   Native Packager exception occurred</st>
            <st ob="" eb="" sr="" id="5.9">An error has occurred</st>
            <st ob="" eb="" sr="" id="5.10">Error: d:\temp\test\platforms\blackberry10\cordova\build.bat: Command failed with exit code 2 at ChildProcess.whenDone (c:\Users\OliverSalzburg.HARTWIG\AppData\Roaming\npm\node_modules\cordova\node_modules\cordova-lib\src\cordova\superspawn.js:135:23</st>
            <st ob="" eb="" sr="" id="5.11">)</st>
            <st ob="" eb="" sr="" id="5.12">at ChildProcess.emit (events.js:98:17)</st>
            <st ob="" eb="" sr="" id="5.13">at maybeClose (child_process.js:756:16)</st>
            <st ob="" eb="" sr="" id="5.14">at Process.ChildProcess.</st>
            <st ob="" eb="" sr="" id="5.15">_handle.onexit (child_process.js:823:5)</st>
            <st ob="" eb="" sr="" id="5.16">{code}</st>
        </parg>
        <parg ob="" eb="" sr="" id="6">
            <st ob="x" eb="" sr="" id="6.1">The build process expects to see the referenced files relative to the project root.</st>
            <st ob="" eb="" sr="x" id="6.2">So I'm creating them at the location that cp complained about:</st>
            <st ob="" eb="" sr="" id="6.3">{code} mkdir -p res/bb10 touch res/bb10/icon-86.png touch res/bb10/icon-150.png</st>
            <st ob="" eb="" sr="" id="6.4">{code}</st>
        </parg>
        <parg ob="" eb="" sr="" id="7">
            <st ob="" eb="" sr="" id="7.1">Now I build again:</st>
            <st ob="" eb="" sr="" id="7.2">{code}</st>
            <st ob="" eb="" sr="" id="7.3">$ cordova build</st>
            <st ob="" eb="" sr="" id="7.4">Running command: d:\temp\test\platforms\blackberry10\cordova\build.bat</st>
            <st ob="" eb="" sr="" id="7.5">[INFO]    Populating application source</st>
            <st ob="" eb="" sr="" id="7.6">[INFO]    Parsing config.xml</st>
            <st ob="" eb="" sr="" id="7.7">[INFO]    Generating output files</st>
            <st ob="" eb="" sr="" id="7.8">[INFO]    Error: Attribute image: file cannot be found in the list of packaged files: res/bb10/icon-86.png</st>
            <st ob="" eb="" sr="" id="7.9">[ERROR]   Native Packager exception occurred</st>
            <st ob="" eb="" sr="" id="7.10">[INFO]    Error: Attribute image: file cannot be found in the list of packaged files: res/bb10/icon-86.png</st>
            <st ob="" eb="" sr="" id="7.11">[ERROR]   Native Packager exception occurred</st>
            <st ob="" eb="" sr="" id="7.12">An error has occurred</st>
            <st ob="" eb="" sr="" id="7.13">Error: d:\temp\test\platforms\blackberry10\cordova\build.bat: Command failed with exit code 2 at ChildProcess.whenDone (c:\Users\OliverSalzburg.HARTWIG\AppData\Roaming\npm\node_modules\cordova\node_modules\cordova-lib\src\cordova\superspawn.js:135:23</st>
            <st ob="" eb="" sr="" id="7.14">)</st>
            <st ob="" eb="" sr="" id="7.15">at ChildProcess.emit (events.js:98:17)</st>
            <st ob="" eb="" sr="" id="7.16">at maybeClose (child_process.js:756:16)</st>
            <st ob="" eb="" sr="" id="7.17">at Process.ChildProcess.</st>
            <st ob="" eb="" sr="" id="7.18">_handle.onexit (child_process.js:823:5)</st>
            <st ob="" eb="" sr="" id="7.19">{code}</st>
        </parg>
        <parg ob="" eb="" sr="" id="8">
            <st ob="x" eb="" sr="" id="8.1">The package will still complain, because the images still don't exist in the location where it expects it.</st>
        </parg>
        <parg ob="" eb="" sr="" id="9">
            <st ob="x" eb="" sr="" id="9.1">If I'm not misunderstanding, the packager complains here because it didn't find the images relative to the platforms www directory.</st>
            <st ob="x" eb="" sr="" id="9.2">So it's actually looking in platforms/blackberry10/www/res/bb10 for the files.</st>
            <st ob="" eb="" sr="" id="9.3">However, the files obviously don't exist there, because the www directory is re-created during build.</st>
            <st ob="" eb="" sr="" id="9.4">For the files to exist there, they would have to exist in the projects root www directory.</st>
        </parg>
        <parg ob="" eb="" sr="" id="10">
            <st ob="" eb="" sr="" id="10.1">So, something isn't right here.</st>
            <st ob="" eb="x" sr="" id="10.2">Either the documentation should say that the icons have to placed in the www directory or the build process should copy them there and place the correct entries in the platforms config.xml.</st>
        </parg>
    </desc>
</bug>
