<?xml version="1.0" encoding="UTF-8" standalone="yes"?>
<bug no-bug="" comments="">
    <id>CB-8268</id>
    <title ob="x" eb="" sr="x">App crashes when croping a picture taken from camera</title>
    <desc>
        <parg ob="" eb="" sr="" id="1">
            <st ob="x" eb="" sr="" id="1.1">Some photo editors seem to make an app freeze when cropping a picture taken by camera with {{allowEdit=true}}.</st>
        </parg>
        <parg ob="" eb="" sr="" id="2">
            <st ob="" eb="" sr="" id="2.1">My mobile phone shows two photo editor apps to crop pictures, Crop photo and Crop picture.</st>
            <st ob="" eb="" sr="" id="2.2">Actually Crop photo works perfect.</st>
            <st ob="x" eb="" sr="x" id="2.3">But if the Crop picture is chosen, it prompts to set range to crop the picture then save it but the editor app stop responding and it ends up making the entire Cordova app unresponsive.</st>
            <st ob="x" eb="" sr="" id="2.4">Adding that, the Cordova app cannot be reopened regardless of an  attempt to kill the hanged process, unless device is rebooted.</st>
        </parg>
        <parg ob="" eb="" sr="" id="3">
            <st ob="" eb="" sr="" id="3.1">But strangely the app can crop pictures without any problem when the pictures are retrieved from photo albums (so it's when sourceType is set to PHOTOLIBRARY or SAVEDPHOTOALBUM) and the cropped picture is finely sent to Cordova app.</st>
        </parg>
        <parg ob="" eb="" sr="" id="4">
            <st ob="" eb="" sr="" id="4.1">Unfortunately I have not identified the reason of this due to limited time at this moment but raise this issue.</st>
        </parg>
    </desc>
</bug>
