<?xml version="1.0" encoding="UTF-8" standalone="yes"?>
<bug no-bug="" comments="">
    <id>CB-8662</id>
    <title ob="" eb="" sr="">Latest release of Cordova breaks http via proxy</title>
    <desc>
        <parg ob="" eb="" sr="" id="1">
            <st ob="" eb="" sr="x" id="1.1">I work behind a squid firewall and need the HTTP_PROXY settings in the npm config to work.</st>
            <st ob="x" eb="" sr="x" id="1.2">After upgrading cordova to version 4.3.0 any package add's or upgrades using cordova would fail with the following error :-</st>
            <st ob="x" eb="" sr="" id="1.3">TypeError: Request path contains unescaped characters.</st>
        </parg>
        <parg ob="" eb="" sr="" id="2">
            <st ob="" eb="" sr="" id="2.1">After a bit of searching I found this thread which sounded like my problem :- https://github.com/npm/npm/issues/4569</st>
        </parg>
        <parg ob="" eb="" sr="" id="3">
            <st ob="" eb="" sr="" id="3.1">I followed the instructions and downloaded the latest tunnel-agent and copied the files over the ones in my nodejs install directory.</st>
            <st ob="x" eb="" sr="" id="3.2">It seems that the new cordova package provides an updated request module which is not compatible with the tunnel-agent.</st>
            <st ob="" eb="" sr="" id="3.3">After this manual upgrade every thing works ok.</st>
        </parg>
    </desc>
</bug>
