<?xml version="1.0" encoding="UTF-8" standalone="yes"?>
<bug no-bug="" comments="">
    <id>CB-8945</id>
    <title ob="" eb="" sr="">hyphen in project id not allowed for iOS</title>
    <desc>
        <parg ob="" eb="" sr="" id="1">
            <st ob="" eb="" sr="" id="1.1">I have been using a hyphen in my file name for years which means it is set up in various  development environments like Apple.</st>
            <st ob="x" eb="" sr="" id="1.2">Now I am getting an error App id contains a reserved word, or is not a valid identifier.</st>
        </parg>
        <parg ob="" eb="" sr="" id="2">
            <st ob="" eb="" sr="" id="2.1">Is this a known bug?</st>
            <st ob="" eb="" sr="" id="2.2">Is this now a permanent change?</st>
        </parg>
    </desc>
</bug>
