<?xml version="1.0" encoding="UTF-8" standalone="yes"?>
<bug no-bug="" comments="">
    <id>CB-9189</id>
    <title ob="x" eb="" sr="">java.lang.NullPointerException on select from library</title>
    <desc>
        <parg ob="" eb="" sr="" id="1">
            <st ob="" eb="" sr="" id="1.1">I'm getting multiple crash reports via google play.</st>
            <st ob="" eb="" sr="" id="1.2">I'm unable to replicate myself but I think it could be related to CyanogenMod.</st>
        </parg>
        <parg ob="" eb="" sr="" id="2">
            <st ob="" eb="" sr="" id="2.1">Android 5.0 (LG Leon 4G LTE (c50))</st>
            <st ob="" eb="" sr="" id="2.2">{code} java.lang.RuntimeException: Unable to resume activity {com.minds.mobile/com.minds.mobile.MainActivity}: java.lang.RuntimeException: Failure delivering result ResultInfo{who=null, request=18, result=-1, data=Intent { dat=content://com.google.android.apps.photos.contentprovider/0/1/https://lh3.googleusercontent.com/xZgV-3YvXmuR6W7uEAJOLuHHSI0nrkzZTGESgcggVi_ovpv8qkc=s0-d/ACTUAL flg=0x1 (has clip) }} to activity {com.minds.mobile/com.minds.mobile.MainActivity}: java.lang.NullPointerException: Attempt to invoke virtual method 'void org.apache.cordova.CallbackContext.success(java.lang.String)' on a null object reference</st>
            <st ob="" eb="" sr="" id="2.3">at android.app.ActivityThread.performResumeActivity(ActivityThread.java:3040)</st>
            <st ob="" eb="" sr="" id="2.4">at android.app.ActivityThread.handleResumeActivity(ActivityThread.java:3071)</st>
            <st ob="" eb="" sr="" id="2.5">at android.app.ActivityThread.handleLaunchActivity(ActivityThread.java:2410)</st>
            <st ob="" eb="" sr="" id="2.6">at android.app.ActivityThread.access$800(ActivityThread.java:155)</st>
            <st ob="" eb="" sr="" id="2.7">at android.app.ActivityThread$H.handleMessage(ActivityThread.java:1323)</st>
            <st ob="" eb="" sr="" id="2.8">at android.os.Handler.dispatchMessage(Handler.java:102)</st>
            <st ob="" eb="" sr="" id="2.9">at android.os.Looper.loop(Looper.java:135)</st>
            <st ob="" eb="" sr="" id="2.10">at android.app.ActivityThread.main(ActivityThread.java:5376)</st>
            <st ob="" eb="" sr="" id="2.11">at java.lang.reflect.Method.invoke(Native Method)</st>
            <st ob="" eb="" sr="" id="2.12">at java.lang.reflect.Method.invoke(Method.java:372)</st>
            <st ob="" eb="" sr="" id="2.13">at com.android.internal.os.ZygoteInit$MethodAndArgsCaller.run(ZygoteInit.java:908)</st>
            <st ob="" eb="" sr="" id="2.14">at com.android.internal.os.ZygoteInit.main(ZygoteInit.java:703)</st>
            <st ob="" eb="" sr="" id="2.15">Caused by: java.lang.RuntimeException: Failure delivering result ResultInfo{who=null, request=18, result=-1, data=Intent { dat=content://com.google.android.apps.photos.contentprovider/0/1/https://lh3.googleusercontent.com/xZgV-3YvXmuR6W7uEAJOLuHHSI0nrkzZTGESgcggVi_ovpv8qkc=s0-d/ACTUAL flg=0x1 (has clip) }} to activity {com.minds.mobile/com.minds.mobile.MainActivity}: java.lang.NullPointerException: Attempt to invoke virtual method 'void org.apache.cordova.CallbackContext.success(java.lang.String)' on a null object reference</st>
            <st ob="" eb="" sr="" id="2.16">at android.app.ActivityThread.deliverResults(ActivityThread.java:3645)</st>
            <st ob="" eb="" sr="" id="2.17">at android.app.ActivityThread.performResumeActivity(ActivityThread.java:3026)</st>
            <st ob="" eb="" sr="" id="2.18">... 11 more</st>
            <st ob="" eb="" sr="" id="2.19">Caused by: java.lang.NullPointerException: Attempt to invoke virtual method 'void org.apache.cordova.CallbackContext.success(java.lang.String)' on a null object reference</st>
            <st ob="" eb="" sr="" id="2.20">at org.apache.cordova.camera.CameraLauncher.processResultFromGallery(CameraLauncher.java:613)</st>
            <st ob="" eb="" sr="" id="2.21">at org.apache.cordova.camera.CameraLauncher.onActivityResult(CameraLauncher.java:695)</st>
            <st ob="" eb="" sr="" id="2.22">at org.apache.cordova.CordovaInterfaceImpl.onActivityResult(CordovaInterfaceImpl.java:120)</st>
            <st ob="" eb="" sr="" id="2.23">at org.apache.cordova.CordovaActivity.onActivityResult(CordovaActivity.java:321)</st>
            <st ob="" eb="" sr="" id="2.24">at android.app.Activity.dispatchActivityResult(Activity.java:6223)</st>
            <st ob="" eb="" sr="" id="2.25">at android.app.ActivityThread.deliverResults(ActivityThread.java:3641)</st>
            <st ob="" eb="" sr="" id="2.26">... 12 more</st>
            <st ob="" eb="" sr="" id="2.27">{code}</st>
        </parg>
        <parg ob="" eb="" sr="" id="3">
            <st ob="" eb="" sr="" id="3.1">Android 4.4 (Moto G)</st>
            <st ob="" eb="" sr="" id="3.2">{code} java.lang.RuntimeException: Unable to resume activity {com.minds.mobile/com.minds.mobile.MainActivity}: java.lang.RuntimeException: Failure delivering result ResultInfo{who=null, request=18, result=-1, data=Intent { dat=content://media/external/images/media/31135 flg=0x1 }} to activity {com.minds.mobile/com.minds.mobile.MainActivity}: java.lang.NullPointerException</st>
            <st ob="" eb="" sr="" id="3.3">at android.app.ActivityThread.performResumeActivity(ActivityThread.java:2812)</st>
            <st ob="" eb="" sr="" id="3.4">at android.app.ActivityThread.handleResumeActivity(ActivityThread.java:2845)</st>
            <st ob="" eb="" sr="" id="3.5">at android.app.ActivityThread.handleLaunchActivity(ActivityThread.java:2262)</st>
            <st ob="" eb="" sr="" id="3.6">at android.app.ActivityThread.access$800(ActivityThread.java:139)</st>
            <st ob="" eb="" sr="" id="3.7">at android.app.ActivityThread$H.handleMessage(ActivityThread.java:1210)</st>
            <st ob="" eb="" sr="" id="3.8">at android.os.Handler.dispatchMessage(Handler.java:102)</st>
            <st ob="" eb="" sr="" id="3.9">at android.os.Looper.loop(Looper.java:136)</st>
            <st ob="" eb="" sr="" id="3.10">at android.app.ActivityThread.main(ActivityThread.java:5086)</st>
            <st ob="" eb="" sr="" id="3.11">at java.lang.reflect.Method.invokeNative(Native Method)</st>
            <st ob="" eb="" sr="" id="3.12">at java.lang.reflect.Method.invoke(Method.java:515)</st>
            <st ob="" eb="" sr="" id="3.13">at com.android.internal.os.ZygoteInit$MethodAndArgsCaller.run(ZygoteInit.java:785)</st>
            <st ob="" eb="" sr="" id="3.14">at com.android.internal.os.ZygoteInit.main(ZygoteInit.java:601)</st>
            <st ob="" eb="" sr="" id="3.15">at dalvik.system.NativeStart.main(Native Method)</st>
            <st ob="" eb="" sr="" id="3.16">Caused by: java.lang.RuntimeException: Failure delivering result ResultInfo{who=null, request=18, result=-1, data=Intent { dat=content://media/external/images/media/31135 flg=0x1 }} to activity {com.minds.mobile/com.minds.mobile.MainActivity}: java.lang.NullPointerException</st>
            <st ob="" eb="" sr="" id="3.17">at android.app.ActivityThread.deliverResults(ActivityThread.java:3432)</st>
            <st ob="" eb="" sr="" id="3.18">at android.app.ActivityThread.performResumeActivity(ActivityThread.java:2788)</st>
            <st ob="" eb="" sr="" id="3.19">... 12 more</st>
            <st ob="" eb="" sr="" id="3.20">Caused by: java.lang.NullPointerException</st>
            <st ob="" eb="" sr="" id="3.21">at org.apache.cordova.camera.CameraLauncher.processResultFromGallery(CameraLauncher.java:613)</st>
            <st ob="" eb="" sr="" id="3.22">at org.apache.cordova.camera.CameraLauncher.onActivityResult(CameraLauncher.java:695)</st>
            <st ob="" eb="" sr="" id="3.23">at org.apache.cordova.CordovaInterfaceImpl.onActivityResult(CordovaInterfaceImpl.java:120)</st>
            <st ob="" eb="" sr="" id="3.24">at org.apache.cordova.CordovaActivity.onActivityResult(CordovaActivity.java:321)</st>
            <st ob="" eb="" sr="" id="3.25">at android.app.Activity.dispatchActivityResult(Activity.java:5446)</st>
            <st ob="" eb="" sr="" id="3.26">at android.app.ActivityThread.deliverResults(ActivityThread.java:3428)</st>
            <st ob="" eb="" sr="" id="3.27">... 13 more</st>
            <st ob="" eb="" sr="" id="3.28">{code}</st>
        </parg>
        <parg ob="" eb="" sr="" id="4">
            <st ob="" eb="" sr="" id="4.1">Android 5.0 (HTC One)</st>
            <st ob="" eb="" sr="" id="4.2">{code} java.lang.RuntimeException: Unable to resume activity {com.minds.mobile/com.minds.mobile.MainActivity}: java.lang.RuntimeException: Failure delivering result ResultInfo{who=null, request=18, result=-1, data=Intent { dat=content: flg=0x1 }} to activity {com.minds.mobile/com.minds.mobile.MainActivity}: java.lang.NullPointerException: Attempt to invoke virtual method 'void org.apache.cordova.CallbackContext.success(java.lang.String)' on a null object reference</st>
            <st ob="" eb="" sr="" id="4.3">at android.app.ActivityThread.performResumeActivity(ActivityThread.java:3224)</st>
            <st ob="" eb="" sr="" id="4.4">at android.app.ActivityThread.handleResumeActivity(ActivityThread.java:3257)</st>
            <st ob="" eb="" sr="" id="4.5">at android.app.ActivityThread.handleLaunchActivity(ActivityThread.java:2479)</st>
            <st ob="" eb="" sr="" id="4.6">at android.app.ActivityThread.access$800(ActivityThread.java:144)</st>
            <st ob="" eb="" sr="" id="4.7">at android.app.ActivityThread$H.handleMessage(ActivityThread.java:1359)</st>
            <st ob="" eb="" sr="" id="4.8">at android.os.Handler.dispatchMessage(Handler.java:102)</st>
            <st ob="" eb="" sr="" id="4.9">at android.os.Looper.loop(Looper.java:155)</st>
            <st ob="" eb="" sr="" id="4.10">at android.app.ActivityThread.main(ActivityThread.java:5696)</st>
            <st ob="" eb="" sr="" id="4.11">at java.lang.reflect.Method.invoke(Native Method)</st>
            <st ob="" eb="" sr="" id="4.12">at java.lang.reflect.Method.invoke(Method.java:372)</st>
            <st ob="" eb="" sr="" id="4.13">at com.android.internal.os.ZygoteInit$MethodAndArgsCaller.run(ZygoteInit.java:1028)</st>
            <st ob="" eb="" sr="" id="4.14">at com.android.internal.os.ZygoteInit.main(ZygoteInit.java:823)</st>
            <st ob="" eb="" sr="" id="4.15">Caused by: java.lang.RuntimeException: Failure delivering result ResultInfo{who=null, request=18, result=-1, data=Intent { dat=content: flg=0x1 }} to activity {com.minds.mobile/com.minds.mobile.MainActivity}: java.lang.NullPointerException: Attempt to invoke virtual method 'void org.apache.cordova.CallbackContext.success(java.lang.String)' on a null object reference</st>
            <st ob="" eb="" sr="" id="4.16">at android.app.ActivityThread.deliverResults(ActivityThread.java:3881)</st>
            <st ob="" eb="" sr="" id="4.17">at android.app.ActivityThread.performResumeActivity(ActivityThread.java:3197)</st>
            <st ob="" eb="" sr="" id="4.18">... 11 more</st>
            <st ob="" eb="" sr="" id="4.19">Caused by: java.lang.NullPointerException: Attempt to invoke virtual method 'void org.apache.cordova.CallbackContext.success(java.lang.String)' on a null object reference</st>
            <st ob="" eb="" sr="" id="4.20">at org.apache.cordova.camera.CameraLauncher.processResultFromGallery(CameraLauncher.java:613)</st>
            <st ob="" eb="" sr="" id="4.21">at org.apache.cordova.camera.CameraLauncher.onActivityResult(CameraLauncher.java:695)</st>
            <st ob="" eb="" sr="" id="4.22">at org.apache.cordova.CordovaInterfaceImpl.onActivityResult(CordovaInterfaceImpl.java:120)</st>
            <st ob="" eb="" sr="" id="4.23">at org.apache.cordova.CordovaActivity.onActivityResult(CordovaActivity.java:321)</st>
            <st ob="" eb="" sr="" id="4.24">at android.app.Activity.dispatchActivityResult(Activity.java:6160)</st>
            <st ob="" eb="" sr="" id="4.25">at android.app.ActivityThread.deliverResults(ActivityThread.java:3877)</st>
            <st ob="" eb="" sr="" id="4.26">... 12 more</st>
            <st ob="" eb="" sr="" id="4.27">{code}</st>
        </parg>
        <parg ob="" eb="" sr="" id="5">
            <st ob="" eb="" sr="" id="5.1">Android 5.1 (OnePlus One) - Cyanogen</st>
            <st ob="" eb="" sr="" id="5.2">{code} java.lang.RuntimeException: Unable to resume activity {com.minds.mobile/com.minds.mobile.MainActivity}: java.lang.RuntimeException: Failure delivering result ResultInfo{who=null, request=18, result=-1, data=Intent { dat=content://com.android.providers.media.documents/document/image:32282 flg=0x1 }} to activity {com.minds.mobile/com.minds.mobile.MainActivity}: java.lang.NullPointerException: Attempt to invoke virtual method 'void org.apache.cordova.CallbackContext.success(java.lang.String)' on a null object reference</st>
            <st ob="" eb="" sr="" id="5.3">at android.app.ActivityThread.performResumeActivity(ActivityThread.java:3017)</st>
            <st ob="" eb="" sr="" id="5.4">at android.app.ActivityThread.handleResumeActivity(ActivityThread.java:3048)</st>
            <st ob="" eb="" sr="" id="5.5">at android.app.ActivityThread.handleLaunchActivity(ActivityThread.java:2423)</st>
            <st ob="" eb="" sr="" id="5.6">at android.app.ActivityThread.access$900(ActivityThread.java:154)</st>
            <st ob="" eb="" sr="" id="5.7">at android.app.ActivityThread$H.handleMessage(ActivityThread.java:1321)</st>
            <st ob="" eb="" sr="" id="5.8">at android.os.Handler.dispatchMessage(Handler.java:102)</st>
            <st ob="" eb="" sr="" id="5.9">at android.os.Looper.loop(Looper.java:135)</st>
            <st ob="" eb="" sr="" id="5.10">at android.app.ActivityThread.main(ActivityThread.java:5293)</st>
            <st ob="" eb="" sr="" id="5.11">at java.lang.reflect.Method.invoke(Native Method)</st>
            <st ob="" eb="" sr="" id="5.12">at java.lang.reflect.Method.invoke(Method.java:372)</st>
            <st ob="" eb="" sr="" id="5.13">at com.android.internal.os.ZygoteInit$MethodAndArgsCaller.run(ZygoteInit.java:904)</st>
            <st ob="" eb="" sr="" id="5.14">at com.android.internal.os.ZygoteInit.main(ZygoteInit.java:699)</st>
            <st ob="" eb="" sr="" id="5.15">Caused by: java.lang.RuntimeException: Failure delivering result ResultInfo{who=null, request=18, result=-1, data=Intent { dat=content://com.android.providers.media.documents/document/image:32282 flg=0x1 }} to activity {com.minds.mobile/com.minds.mobile.MainActivity}: java.lang.NullPointerException: Attempt to invoke virtual method 'void org.apache.cordova.CallbackContext.success(java.lang.String)' on a null object reference</st>
            <st ob="" eb="" sr="" id="5.16">at android.app.ActivityThread.deliverResults(ActivityThread.java:3605)</st>
            <st ob="" eb="" sr="" id="5.17">at android.app.ActivityThread.performResumeActivity(ActivityThread.java:3003)</st>
            <st ob="" eb="" sr="" id="5.18">... 11 more</st>
            <st ob="" eb="" sr="" id="5.19">Caused by: java.lang.NullPointerException: Attempt to invoke virtual method 'void org.apache.cordova.CallbackContext.success(java.lang.String)' on a null object reference</st>
            <st ob="" eb="" sr="" id="5.20">at org.apache.cordova.camera.CameraLauncher.processResultFromGallery(CameraLauncher.java:613)</st>
            <st ob="" eb="" sr="" id="5.21">at org.apache.cordova.camera.CameraLauncher.onActivityResult(CameraLauncher.java:695)</st>
            <st ob="" eb="" sr="" id="5.22">at org.apache.cordova.CordovaInterfaceImpl.onActivityResult(CordovaInterfaceImpl.java:120)</st>
            <st ob="" eb="" sr="" id="5.23">at org.apache.cordova.CordovaActivity.onActivityResult(CordovaActivity.java:321)</st>
            <st ob="" eb="" sr="" id="5.24">at android.app.Activity.dispatchActivityResult(Activity.java:6192)</st>
            <st ob="" eb="" sr="" id="5.25">at android.app.ActivityThread.deliverResults(ActivityThread.java:3601)</st>
            <st ob="" eb="" sr="" id="5.26">... 12 more</st>
            <st ob="" eb="" sr="" id="5.27">{code}</st>
        </parg>
    </desc>
</bug>
