<?xml version="1.0" encoding="UTF-8" standalone="yes"?>
<bug no-bug="" comments="">
    <id>CB-9664</id>
    <title ob="x" eb="" sr="">"backbutton" event not fired for Windows Phone, app exits ["backclick" on WinJS.Application... as workaround]</title>
    <desc>
        <parg ob="" eb="" sr="" id="1">
            <st ob="x" eb="" sr="" id="1.1">The "backbutton" event is not fired for Windows, the app exits instead.</st>
        </parg>
        <parg ob="" eb="" sr="" id="2">
            <st ob="" eb="" sr="" id="2.1">Reproduce as follows:</st>
        </parg>
        <parg ob="" eb="" sr="" id="3">
            <st ob="" eb="" sr="x" id="3.1">1. Run the commands:</st>
            <st ob="" eb="" sr="" id="3.2">cordova create test cd test cordova platform add windows</st>
        </parg>
        <parg ob="" eb="" sr="" id="4">
            <st ob="" eb="" sr="x" id="4.1">2. Edit www/js/index.js and insert the following lines after "app.receivedEvent('deviceready');":</st>
            <st ob="" eb="" sr="" id="4.2">document.addEventListener('backbutton',function(e) { alert('Back button');</st>
            <st ob="" eb="" sr="" id="4.3">}, false);</st>
            <st ob="" eb="" sr="" id="4.4">if (window.WinJS &amp;&amp; window.WinJS.Application) { window.alert = navigator.notification.alert;</st>
            <st ob="" eb="" sr="" id="4.5">WinJS.Application.addEventListener("backclick", function (e) { alert('Back button from *WinJS*');</st>
            <st ob="" eb="" sr="" id="4.6">// Prevent the default behavior by returning true.</st>
            <st ob="" eb="" sr="" id="4.7">e.preventDefault() doesn't cancel the external code.</st>
            <st ob="" eb="" sr="" id="4.8">return true;</st>
            <st ob="" eb="" sr="" id="4.9">});</st>
            <st ob="" eb="" sr="" id="4.10">}</st>
        </parg>
        <parg ob="" eb="" sr="" id="5">
            <st ob="" eb="" sr="x" id="5.1">3. Run command:</st>
            <st ob="" eb="" sr="" id="5.2">cordova build windows</st>
        </parg>
        <parg ob="" eb="" sr="" id="6">
            <st ob="" eb="" sr="x" id="6.1">4. Open Visual Studio 2015 with platforms\windows\CordovaApp.sln, select "CordovaApp.Phone (Windows Phone 8.1)" as "Startup Project".</st>
            <st ob="" eb="" sr="x" id="6.2">Run the "Emulator 8.1 WVGA" to test.</st>
        </parg>
        <parg ob="" eb="" sr="" id="7">
            <st ob="" eb="" sr="x" id="7.1">5. Press Back button on emulator device.</st>
            <st ob="x" eb="" sr="" id="7.2">The message "Back button from *WinJS*" will be shown and not "Back button".</st>
        </parg>
        <parg ob="" eb="" sr="" id="8">
            <st ob="" eb="" sr="" id="8.1">The additional lines to add "backclick" event using WinJS.Application is a workaround that I found to work as a replacement.</st>
            <st ob="" eb="" sr="" id="8.2">If those lines are removed, the app will effectively exit when the Back button is pressed.</st>
            <st ob="" eb="" sr="" id="8.3">It works just fine with e.g. Android (test with "cordova platform add android" and "cordova run android") to verify.</st>
        </parg>
    </desc>
</bug>
