<?xml version="1.0" encoding="UTF-8" standalone="yes"?>
<bug no-bug="" comments="">
    <id>CB-9230</id>
    <title ob="x" eb="" sr="">`cordova run ios` launches the emulator rather than talking to my device</title>
    <desc>
        <parg ob="" eb="" sr="" id="1">
            <st ob="" eb="x" sr="" id="1.1">It used to be that `{{cordova emulate ios}}` started in the emulator, and `{{cordova run ios}}` started on my iPhone plugged in over USB.</st>
        </parg>
        <parg ob="" eb="" sr="" id="2">
            <st ob="x" eb="" sr="" id="2.1">Sometime in the last few months, I noticed that I have to now add --device (`{{cordova run --device ios}}`) to make it launch on the device; otherwise, `{{cordova run}}` just starts the emulator same as `{{cordova emulate}}` does.</st>
        </parg>
    </desc>
</bug>
