<?xml version="1.0" encoding="UTF-8" standalone="yes"?>
<bug no-bug="" comments="">
    <id>CB-9110</id>
    <title ob="" eb="" sr="">Android 5 Using Internal Storage - Cordova File Plugin</title>
    <desc>
        <parg ob="" eb="" sr="" id="1">
            <st ob="" eb="" sr="x" id="1.1">I'm using a Samsung Galaxy S6 (Android 5) for testing.</st>
            <st ob="x" eb="" sr="" id="1.2">fileEntry.file failing only when using "Internal Storage" to select an image.</st>
            <st ob="" eb="" sr="x" id="1.3">If I use the "Gallery" or "Images", it works correctly.</st>
        </parg>
        <parg ob="" eb="" sr="" id="2">
            <st ob="x" eb="" sr="" id="2.1">Please see below for code snippet.</st>
        </parg>
        <parg ob="" eb="" sr="" id="3">
            <st ob="" eb="" sr="" id="3.1">Thanks</st>
            <st ob="" eb="" sr="" id="3.2">{code:javascript} navigator.camera.getPicture( function (imageURI) { window.resolveLocalFileSystemURL( imageURI, function (fileEntry) {</st>
        </parg>
        <parg ob="" eb="" sr="" id="4">
            <st ob="" eb="" sr="x" id="4.1">//THIS LINE IS WHERE IT'S FAILING BUT ONLY WHEN USING THE "INTERNAL STORAGE" OPTION FOR SELECTING A FILE fileEntry.file(function (myFile) { console.log("SUCCESS");</st>
            <st ob="" eb="" sr="" id="4.2">}, function (error) { console.log("FAIL");</st>
            <st ob="" eb="" sr="" id="4.3">});</st>
            <st ob="" eb="" sr="" id="4.4">}, function () { });</st>
            <st ob="" eb="" sr="" id="4.5">}, function () { },</st>
            <st ob="" eb="" sr="" id="4.6">{ quality: 50, destinationType: navigator.camera.DestinationType.FILE_URI, sourceType: navigator.camera.PictureSourceType.PHOTOLIBRARY</st>
            <st ob="" eb="" sr="" id="4.7">});</st>
            <st ob="" eb="" sr="" id="4.8">{code}</st>
        </parg>
    </desc>
</bug>
