<?xml version="1.0" encoding="UTF-8" standalone="yes"?>
<bug no-bug="" comments="">
    <id>DERBY-4748</id>
    <title ob="x" eb="" sr="">StringIndexOutOfBoundsException on syntax error (invalid COMMIT)</title>
    <desc>
        <parg ob="" eb="" sr="" id="1">
            <st ob="" eb="" sr="x" id="1.1">Start the network server on port 1527 on localhost.</st>
        </parg>
        <parg ob="" eb="" sr="" id="2">
            <st ob="" eb="" sr="x" id="2.1">Run ant on the following:</st>
        </parg>
        <parg ob="" eb="" sr="" id="3">
            <st ob="" eb="" sr="" id="3.1">&lt;project default="all"&gt; 
  &lt;property environment="env" /&gt; 
  &lt;path id="derby.classpath.id"&gt; 
    &lt;fileset dir="${env.DERBY_LIB"&gt; 
      &lt;include name="derbynet.jar" /&gt; 
      &lt;include name="derbyclient.jar" /&gt; 
    &lt;/fileset&gt; 
  &lt;/path&gt;</st>
        </parg>
        <parg ob="" eb="" sr="" id="4">
            <st ob="" eb="" sr="" id="4.1">&lt;target name="all"&gt; 
    &lt;sql driver="org.apache.derby.jdbc.ClientDriver" 
         
url="jdbc:derby://localhost:1527/derbyDB;create=true;user=derbyuser;passsword=derbypwd" 
         userid="derbyuser" 
         password="derbypwd" 
         classpathref="derby.classpath.id" 
         onerror="continue"&gt;
create table mytable1 (mycol varchar(255)); 
commit; 
    &lt;/sql&gt; 
  &lt;/target&gt; 
&lt;/project&gt;</st>
        </parg>
        <parg ob="" eb="" sr="" id="5">
            <st ob="x" eb="x" sr="" id="5.1">On 10.5.3, I get</st>
            <st ob="" eb="" sr="" id="5.2">      [sql] Executing commands </st>
            <st ob="" eb="" sr="" id="5.3">      [sql] Failed to execute:  commit </st>
            <st ob="" eb="" sr="" id="5.4">      [sql] java.sql.SQLSyntaxErrorException: Syntax error: Encountered </st>
            <st ob="" eb="" sr="" id="5.5">"commit" </st>
            <st ob="" eb="" sr="" id="5.6"> at line 1, column 1. </st>
            <st ob="" eb="" sr="" id="5.7">      [sql] 1 of 2 SQL statements executed successfully </st>
        </parg>
        <parg ob="" eb="" sr="" id="6">
            <st ob="x" eb="" sr="" id="6.1">but on 10.6.1, I get
     [sql] Executing commands</st>
        </parg>
        <parg ob="" eb="" sr="" id="7">
            <st ob="" eb="" sr="" id="7.1">BUILD FAILED </st>
            <st ob="" eb="" sr="" id="7.2">java.lang.StringIndexOutOfBoundsException: String index out of range: 6 </st>
            <st ob="" eb="" sr="" id="7.3">        at java.lang.String.charAt(String.java:686) </st>
            <st ob="" eb="" sr="" id="7.4">        at org.apache.derby.client.am.Statement.isolateAnyInitialIdentifier(Unknown Source) </st>
            <st ob="" eb="" sr="" id="7.5">        at org.apache.derby.client.am.Statement.getStatementToken(Unknown Source) </st>
            <st ob="" eb="" sr="" id="7.6">        at org.apache.derby.client.am.Statement.parseSqlAndSetSqlModes(Unknown Source) </st>
            <st ob="" eb="" sr="" id="7.7">....</st>
        </parg>
    </desc>
</bug>
