<?xml version="1.0" encoding="UTF-8" standalone="yes"?>
<bug no-bug="" comments="">
    <id>DERBY-5638</id>
    <title ob="x" eb="" sr="x">intermittent test failure in test_05_ClobNegative when running full largedata._Suite; LobLimitsTestjava.sql.SQLException: Table/View 'BLOBTBL' already exists in Schema 'APP'.</title>
    <desc>
        <parg ob="" eb="" sr="" id="1">
            <st ob="x" eb="" sr="" id="1.1">I've seen the following failure when running the largedata suite:</st>
        </parg>
        <parg ob="" eb="" sr="" id="2">
            <st ob="" eb="" sr="" id="2.1">(emb)largedata.Derby5624Test.testDERBY_5624 used 518403 ms .</st>
            <st ob="" eb="" sr="" id="2.2">(emb)largedata.LobLimitsTest.test_01_Blob used 2422 ms .</st>
            <st ob="" eb="" sr="" id="2.3">(emb)largedata.LobLimitsTest.test_02_BlobNegative used 31 ms .</st>
            <st ob="" eb="" sr="" id="2.4">(emb)largedata.LobLimitsTest.test_03_Clob1 used 2375 ms .</st>
            <st ob="" eb="" sr="" id="2.5">(emb)largedata.LobLimitsTest.test_04_Clob2 used 3234 ms .</st>
            <st ob="" eb="" sr="" id="2.6">(emb)largedata.LobLimitsTest.test_05_ClobNegative used 516 ms .</st>
            <st ob="" eb="" sr="" id="2.7">(net)largedata.LobLimitsTest.test_01_Blob used 5360 ms .</st>
            <st ob="" eb="" sr="" id="2.8">(net)largedata.LobLimitsTest.test_02_BlobNegative used 32 ms .</st>
            <st ob="" eb="" sr="" id="2.9">(net)largedata.LobLimitsTest.test_03_Clob1 used 2078 ms .</st>
            <st ob="" eb="" sr="" id="2.10">(net)largedata.LobLimitsTest.test_04_Clob2 used 2390 ms .</st>
            <st ob="" eb="" sr="" id="2.11">(net)largedata.LobLimitsTest.test_05_ClobNegative used 938 ms .</st>
            <st ob="" eb="" sr="" id="2.12">(emb)largedata.LobLimitsTest.test_01_Blob used 9188238 ms .</st>
            <st ob="" eb="" sr="" id="2.13">(emb)largedata.LobLimitsTest.test_02_BlobNegative used 109 ms .</st>
            <st ob="" eb="" sr="" id="2.14">(emb)largedata.LobLimitsTest.test_03_Clob1 used 8116714 ms .</st>
            <st ob="" eb="" sr="" id="2.15">(emb)largedata.LobLimitsTest.test_04_Clob2 used 2164002 ms .</st>
            <st ob="" eb="" sr="" id="2.16">(emb)largedata.LobLimitsTest.test_05_ClobNegative used 685745 ms E</st>
            <st ob="" eb="" sr="" id="2.17">Time: 22,320.138</st>
            <st ob="" eb="" sr="" id="2.18">There was 1 error:</st>
            <st ob="" eb="" sr="" id="2.19">1) LobLimitsTestjava.sql.SQLException: Table/View 'BLOBTBL' already exists in Schema 'APP'.</st>
            <st ob="" eb="" sr="" id="2.20">	at org.apache.derby.client.am.SQLExceptionFactory40.getSQLException(Unknown Source)</st>
            <st ob="" eb="" sr="" id="2.21">	at org.apache.derby.client.am.SqlException.getSQLException(Unknown Source)</st>
            <st ob="" eb="" sr="" id="2.22">	at org.apache.derby.client.am.Statement.execute(Unknown Source)</st>
            <st ob="" eb="" sr="" id="2.23">	at org.apache.derbyTesting.functionTests.tests.largedata.LobLimitsTest.setupTables(LobLimitsTest.java:107)</st>
            <st ob="" eb="" sr="" id="2.24">	at org.apache.derbyTesting.functionTests.tests.largedata.LobLimitsTest$1.decorateSQL(LobLimitsTest.java:141)</st>
            <st ob="" eb="" sr="" id="2.25">	at org.apache.derbyTesting.junit.CleanDatabaseTestSetup.setUp(CleanDatabaseTestSetup.java:112)</st>
            <st ob="" eb="" sr="" id="2.26">	at junit.extensions.TestSetup$1.protect(TestSetup.java:20)</st>
            <st ob="" eb="" sr="" id="2.27">	at junit.extensions.TestSetup.run(TestSetup.java:25)</st>
            <st ob="" eb="" sr="" id="2.28">	at org.apache.derbyTesting.junit.BaseTestSetup.run(BaseTestSetup.java:57)</st>
            <st ob="" eb="" sr="" id="2.29">	at junit.extensions.TestDecorator.basicRun(TestDecorator.java:24)</st>
            <st ob="" eb="" sr="" id="2.30">	at junit.extensions.TestSetup$1.protect(TestSetup.java:21)</st>
            <st ob="" eb="" sr="" id="2.31">	at junit.extensions.TestSetup.run(TestSetup.java:25)</st>
            <st ob="" eb="" sr="" id="2.32">	at junit.extensions.TestDecorator.basicRun(TestDecorator.java:24)</st>
            <st ob="" eb="" sr="" id="2.33">	at junit.extensions.TestSetup$1.protect(TestSetup.java:21)</st>
            <st ob="" eb="" sr="" id="2.34">	at junit.extensions.TestSetup.run(TestSetup.java:25)</st>
            <st ob="" eb="" sr="" id="2.35">	at org.apache.derbyTesting.junit.BaseTestSetup.run(BaseTestSetup.java:57)</st>
            <st ob="" eb="" sr="" id="2.36">	at junit.extensions.TestDecorator.basicRun(TestDecorator.java:24)</st>
            <st ob="" eb="" sr="" id="2.37">	at junit.extensions.TestSetup$1.protect(TestSetup.java:21)</st>
            <st ob="" eb="" sr="" id="2.38">	at junit.extensions.TestSetup.run(TestSetup.java:25)</st>
            <st ob="" eb="" sr="" id="2.39">Caused by: org.apache.derby.client.am.SqlException: Table/View 'BLOBTBL' already exists in Schema 'APP'.</st>
            <st ob="" eb="" sr="" id="2.40">	at org.apache.derby.client.am.Statement.completeSqlca(Unknown Source)</st>
            <st ob="" eb="" sr="" id="2.41">	at org.apache.derby.client.am.Statement.completeExecuteImmediate(Unknown Source)</st>
            <st ob="" eb="" sr="" id="2.42">	at org.apache.derby.client.net.NetStatementReply.parseEXCSQLIMMreply(Unknown Source)</st>
            <st ob="" eb="" sr="" id="2.43">	at org.apache.derby.client.net.NetStatementReply.readExecuteImmediate(Unknown Source)</st>
            <st ob="" eb="" sr="" id="2.44">	at org.apache.derby.client.net.StatementReply.readExecuteImmediate(Unknown Source)</st>
            <st ob="" eb="" sr="" id="2.45">at org.apache.derby.client.net.NetStatement.readExecuteImmediate_(Unknown Source)</st>
            <st ob="" eb="" sr="" id="2.46">	at org.apache.derby.client.am.Statement.readExecuteImmediate(Unknown Source)</st>
            <st ob="" eb="" sr="" id="2.47">	at org.apache.derby.client.am.Statement.flowExecute(Unknown Source)</st>
            <st ob="" eb="" sr="" id="2.48">	at org.apache.derby.client.am.Statement.executeX(Unknown Source)</st>
            <st ob="" eb="" sr="" id="2.49">	... 26 more</st>
        </parg>
        <parg ob="" eb="" sr="" id="3">
            <st ob="" eb="" sr="" id="3.1">Unfortunately, when this happens, there seems to be no 'fail' directory created.</st>
            <st ob="" eb="" sr="" id="3.2">The derby.log in the system directory looks very innocent (just some start up and shutting down of the database), and the serverConsoleOutput.log only has the typical 'failed to find db 'wombat' messages'.</st>
        </parg>
        <parg ob="" eb="" sr="" id="4">
            <st ob="x" eb="" sr="" id="4.1">Note, when this happens, the suite exits, so that instead of the expected 20 (or 21 on windows, see DERBY-5624 for reason for skipping on Linux default installs with 1024 max open files) we only get 15 (or 16) tests run - if the test doesn't fail it goes on to run the last 5 fixtures again for network server.</st>
        </parg>
    </desc>
</bug>
