<?xml version="1.0" encoding="UTF-8" standalone="yes"?>
<bug no-bug="" comments="">
    <id>DERBY-6094</id>
    <title ob="x" eb="" sr="">Derby ignores DriverManager.setLoginTimeout()</title>
    <desc>
        <parg ob="" eb="" sr="" id="1">
            <st ob="x" eb="" sr="" id="1.1">If you set a login timeout using the DriverManager, Derby ignores the setting.</st>
            <st ob="" eb="" sr="" id="1.2">I will attach a test case which shows this.</st>
        </parg>
    </desc>
</bug>
