<?xml version="1.0" encoding="UTF-8" standalone="yes"?>
<bug no-bug="" comments="">
    <id>DERBY-5911</id>
    <title ob="x" eb="" sr="">WHERE condition getting pushed into sub-query with FETCH</title>
    <desc>
        <parg ob="" eb="" sr="" id="1">
            <st ob="x" eb="" sr="" id="1.1">Derby pushes query conditions down into subqueries with FETCH limits, thus creating wrong results.</st>
            <st ob="" eb="" sr="x" id="1.2">Take the following snippet:</st>
        </parg>
        <parg ob="" eb="" sr="" id="2">
            <st ob="" eb="" sr="" id="2.1">CREATE TABLE COFFEES (COF_NAME VARCHAR(254),PRICE INTEGER);
    
    INSERT INTO COFFEES (COF_NAME,PRICE) VALUES ('Colombian',       5);
    INSERT INTO COFFEES (COF_NAME,PRICE) VALUES ('French_Roast',    5);
    INSERT INTO COFFEES (COF_NAME,PRICE) VALUES ('Colombian_Decaf', 20);
    
    select COF_NAME, PRICE from COFFEES order by COF_NAME fetch next 2 rows only;
    
    select * from (
      select COF_NAME, PRICE from COFFEES order by COF_NAME fetch next 2 rows only
    ) t where t.PRICE &lt; 10;</st>
        </parg>
        <parg ob="" eb="" sr="" id="3">
            <st ob="x" eb="" sr="" id="3.1">The first query correctly returns the rows (Colombian,5), (Colombian_Decaf,20).</st>
        </parg>
        <parg ob="" eb="" sr="" id="4">
            <st ob="x" eb="" sr="" id="4.1">The second query (which filters the result of the first one) returns (Colombian,5), (French_Roast,5).</st>
            <st ob="" eb="x" sr="" id="4.2">The row (French_Roast,5) should not be there since it is not a result of the first query.</st>
            <st ob="x" eb="" sr="" id="4.3">It shows up because (supposedly) the filter condition has been evaluated before the fetch limit.</st>
        </parg>
    </desc>
</bug>
