<?xml version="1.0" encoding="UTF-8" standalone="yes"?>
<bug no-bug="" comments="">
    <id>DERBY-5252</id>
    <title ob="" eb="x" sr="">make GrantRevokeTest pass in non-English locale</title>
    <desc>
        <parg ob="" eb="" sr="" id="1">
            <st ob="" eb="" sr="" id="1.1">D:\derby\test&gt;java junit.textui.TestRunner org.apache.derbyTesting.functionTests</st>
            <st ob="" eb="" sr="" id="1.2">.</st>
            <st ob="" eb="" sr="" id="1.3">tests.lang.GrantRevokeTest</st>
            <st ob="" eb="" sr="" id="1.4">.......................F.F..</st>
            <st ob="" eb="" sr="" id="1.5">F.F.........</st>
            <st ob="" eb="" sr="" id="1.6">Time: 10.563</st>
            <st ob="" eb="" sr="" id="1.7">There were 4 failures:</st>
            <st ob="" eb="" sr="" id="1.8">1 testGrantOnNonexistantFunction(org.apache.derbyTesting.functionTests.tests.la</st>
            <st ob="" eb="" sr="" id="1.9">ng.GrantRevokeTest)junit.framework.ComparisonFailure: null expected:&lt;'S1.</st>
            <st ob="" eb="" sr="" id="1.10">NOSUCH'</st>
            <st ob="" eb="" sr="" id="1.11">[is not recognized as a function.]</st>
            <st ob="" eb="" sr="" id="1.12">&gt; but was:&lt;'S1.</st>
            <st ob="" eb="" sr="" id="1.13">NOSUCH' [未被识别为函数。]&gt;</st>
            <st ob="" eb="" sr="" id="1.14">at org.apache.derbyTesting.functionTests.tests.lang.GrantRevokeTest.test</st>
            <st ob="" eb="" sr="" id="1.15">GrantOnNonexistantFunction(GrantRevokeTest.java:627)</st>
            <st ob="" eb="" sr="" id="1.16">at sun.reflect.NativeMethodAccessorImpl.invoke0(Native Method)</st>
            <st ob="" eb="" sr="" id="1.17">at sun.reflect.NativeMethodAccessorImpl.invoke(NativeMethodAccessorImpl.</st>
            <st ob="" eb="" sr="" id="1.18">java:39)</st>
            <st ob="" eb="" sr="" id="1.19">at sun.reflect.DelegatingMethodAccessorImpl.invoke(DelegatingMethodAcces</st>
            <st ob="" eb="" sr="" id="1.20">sorImpl.java:25)</st>
            <st ob="" eb="" sr="" id="1.21">at org.apache.derbyTesting.junit.BaseTestCase.runBare(BaseTestCase.java:</st>
            <st ob="" eb="" sr="" id="1.22">112)</st>
            <st ob="" eb="" sr="" id="1.23">at junit.extensions.TestDecorator.basicRun(TestDecorator.java:24)</st>
            <st ob="" eb="" sr="" id="1.24">at junit.extensions.TestSetup$1.</st>
            <st ob="" eb="" sr="" id="1.25">protect(TestSetup.java:23)</st>
            <st ob="" eb="" sr="" id="1.26">at junit.extensions.TestSetup.run(TestSetup.java:27)</st>
            <st ob="" eb="" sr="" id="1.27">at org.apache.derbyTesting.junit.BaseTestSetup.run(BaseTestSetup.java:57</st>
            <st ob="" eb="" sr="" id="1.28">)</st>
            <st ob="" eb="" sr="" id="1.29">at junit.extensions.TestDecorator.basicRun(TestDecorator.java:24)</st>
            <st ob="" eb="" sr="" id="1.30">at junit.extensions.TestSetup$1.</st>
            <st ob="" eb="" sr="" id="1.31">protect(TestSetup.java:23)</st>
            <st ob="" eb="" sr="" id="1.32">at junit.extensions.TestSetup.run(TestSetup.java:27)</st>
            <st ob="" eb="" sr="" id="1.33">at org.apache.derbyTesting.junit.BaseTestSetup.run(BaseTestSetup.java:57</st>
            <st ob="" eb="" sr="" id="1.34">)</st>
            <st ob="" eb="" sr="" id="1.35">at junit.extensions.TestDecorator.basicRun(TestDecorator.java:24)</st>
            <st ob="" eb="" sr="" id="1.36">at junit.extensions.TestSetup$1.</st>
            <st ob="" eb="" sr="" id="1.37">protect(TestSetup.java:23)</st>
            <st ob="" eb="" sr="" id="1.38">at junit.extensions.TestSetup.run(TestSetup.java:27)</st>
            <st ob="" eb="" sr="" id="1.39">at junit.extensions.TestDecorator.basicRun(TestDecorator.java:24)</st>
            <st ob="" eb="" sr="" id="1.40">at junit.extensions.TestSetup$1.</st>
            <st ob="" eb="" sr="" id="1.41">protect(TestSetup.java:23)</st>
            <st ob="" eb="" sr="" id="1.42">at junit.extensions.TestSetup.run(TestSetup.java:27)</st>
            <st ob="" eb="" sr="" id="1.43">at org.apache.derbyTesting.junit.BaseTestSetup.run(BaseTestSetup.java:57</st>
            <st ob="" eb="" sr="" id="1.44">)</st>
            <st ob="" eb="" sr="" id="1.45">at junit.extensions.TestDecorator.basicRun(TestDecorator.java:24)</st>
            <st ob="" eb="" sr="" id="1.46">at junit.extensions.TestSetup$1.</st>
            <st ob="" eb="" sr="" id="1.47">protect(TestSetup.java:23)</st>
            <st ob="" eb="" sr="" id="1.48">at junit.extensions.TestSetup.run(TestSetup.java:27)</st>
            <st ob="" eb="" sr="" id="1.49">at org.apache.derbyTesting.junit.BaseTestSetup.run(BaseTestSetup.java:57</st>
            <st ob="" eb="" sr="" id="1.50">)</st>
            <st ob="" eb="" sr="" id="1.51">at junit.extensions.TestDecorator.basicRun(TestDecorator.java:24)</st>
            <st ob="" eb="" sr="" id="1.52">at junit.extensions.TestSetup$1.</st>
            <st ob="" eb="" sr="" id="1.53">protect(TestSetup.java:23)</st>
            <st ob="" eb="" sr="" id="1.54">at junit.extensions.TestSetup.run(TestSetup.java:27)</st>
            <st ob="" eb="" sr="" id="1.55">at junit.extensions.TestDecorator.basicRun(TestDecorator.java:24)</st>
            <st ob="" eb="" sr="" id="1.56">at junit.extensions.TestSetup$1.</st>
            <st ob="" eb="" sr="" id="1.57">protect(TestSetup.java:23)</st>
            <st ob="" eb="" sr="" id="1.58">at junit.extensions.TestSetup.run(TestSetup.java:27)</st>
            <st ob="" eb="" sr="" id="1.59">2 testGrantOnNonexistantFunctionForProcedure(org.apache.derbyTesting.functionTe</st>
            <st ob="" eb="" sr="" id="1.60">sts.tests.lang.GrantRevokeTest)junit.framework.ComparisonFailure: null expected:</st>
            <st ob="" eb="" sr="" id="1.61">&lt;'S1.</st>
            <st ob="" eb="" sr="" id="1.62">P1' [is not recognized as a function.]</st>
            <st ob="" eb="" sr="" id="1.63">&gt; but was:&lt;'S1.</st>
            <st ob="" eb="" sr="" id="1.64">P1' [未被识别为函数。]</st>
            <st ob="" eb="" sr="" id="1.65">&gt;</st>
            <st ob="" eb="" sr="" id="1.66">at org.apache.derbyTesting.functionTests.tests.lang.GrantRevokeTest.test</st>
            <st ob="" eb="" sr="" id="1.67">GrantOnNonexistantFunctionForProcedure(GrantRevokeTest.java:636)</st>
            <st ob="" eb="" sr="" id="1.68">at sun.reflect.NativeMethodAccessorImpl.invoke0(Native Method)</st>
            <st ob="" eb="" sr="" id="1.69">at sun.reflect.NativeMethodAccessorImpl.invoke(NativeMethodAccessorImpl.</st>
            <st ob="" eb="" sr="" id="1.70">java:39)</st>
            <st ob="" eb="" sr="" id="1.71">at sun.reflect.DelegatingMethodAccessorImpl.invoke(DelegatingMethodAcces</st>
            <st ob="" eb="" sr="" id="1.72">sorImpl.java:25)</st>
            <st ob="" eb="" sr="" id="1.73">at org.apache.derbyTesting.junit.BaseTestCase.runBare(BaseTestCase.java:</st>
            <st ob="" eb="" sr="" id="1.74">112)</st>
            <st ob="" eb="" sr="" id="1.75">at junit.extensions.TestDecorator.basicRun(TestDecorator.java:24)</st>
            <st ob="" eb="" sr="" id="1.76">at junit.extensions.TestSetup$1.</st>
            <st ob="" eb="" sr="" id="1.77">protect(TestSetup.java:23)</st>
            <st ob="" eb="" sr="" id="1.78">at junit.extensions.TestSetup.run(TestSetup.java:27)</st>
            <st ob="" eb="" sr="" id="1.79">at org.apache.derbyTesting.junit.BaseTestSetup.run(BaseTestSetup.java:57</st>
            <st ob="" eb="" sr="" id="1.80">)</st>
            <st ob="" eb="" sr="" id="1.81">at junit.extensions.TestDecorator.basicRun(TestDecorator.java:24)</st>
            <st ob="" eb="" sr="" id="1.82">at junit.extensions.TestSetup$1.</st>
            <st ob="" eb="" sr="" id="1.83">protect(TestSetup.java:23)</st>
            <st ob="" eb="" sr="" id="1.84">at junit.extensions.TestSetup.run(TestSetup.java:27)</st>
            <st ob="" eb="" sr="" id="1.85">at org.apache.derbyTesting.junit.BaseTestSetup.run(BaseTestSetup.java:57</st>
            <st ob="" eb="" sr="" id="1.86">)</st>
            <st ob="" eb="" sr="" id="1.87">at junit.extensions.TestDecorator.basicRun(TestDecorator.java:24)</st>
            <st ob="" eb="" sr="" id="1.88">at junit.extensions.TestSetup$1.</st>
            <st ob="" eb="" sr="" id="1.89">protect(TestSetup.java:23)</st>
            <st ob="" eb="" sr="" id="1.90">at junit.extensions.TestSetup.run(TestSetup.java:27)</st>
            <st ob="" eb="" sr="" id="1.91">at junit.extensions.TestDecorator.basicRun(TestDecorator.java:24)</st>
            <st ob="" eb="" sr="" id="1.92">at junit.extensions.TestSetup$1.</st>
            <st ob="" eb="" sr="" id="1.93">protect(TestSetup.java:23)</st>
            <st ob="" eb="" sr="" id="1.94">at junit.extensions.TestSetup.run(TestSetup.java:27)</st>
            <st ob="" eb="" sr="" id="1.95">at org.apache.derbyTesting.junit.BaseTestSetup.run(BaseTestSetup.java:57</st>
            <st ob="" eb="" sr="" id="1.96">)</st>
            <st ob="" eb="" sr="" id="1.97">at junit.extensions.TestDecorator.basicRun(TestDecorator.java:24)</st>
            <st ob="" eb="" sr="" id="1.98">at junit.extensions.TestSetup$1.</st>
            <st ob="" eb="" sr="" id="1.99">protect(TestSetup.java:23)</st>
            <st ob="" eb="" sr="" id="1.100">at junit.extensions.TestSetup.run(TestSetup.java:27)</st>
            <st ob="" eb="" sr="" id="1.101">at org.apache.derbyTesting.junit.BaseTestSetup.run(BaseTestSetup.java:57</st>
            <st ob="" eb="" sr="" id="1.102">)</st>
            <st ob="" eb="" sr="" id="1.103">at junit.extensions.TestDecorator.basicRun(TestDecorator.java:24)</st>
            <st ob="" eb="" sr="" id="1.104">at junit.extensions.TestSetup$1.</st>
            <st ob="" eb="" sr="" id="1.105">protect(TestSetup.java:23)</st>
            <st ob="" eb="" sr="" id="1.106">at junit.extensions.TestSetup.run(TestSetup.java:27)</st>
            <st ob="" eb="" sr="" id="1.107">at junit.extensions.TestDecorator.basicRun(TestDecorator.java:24)</st>
            <st ob="" eb="" sr="" id="1.108">at junit.extensions.TestSetup$1.</st>
            <st ob="" eb="" sr="" id="1.109">protect(TestSetup.java:23)</st>
            <st ob="" eb="" sr="" id="1.110">at junit.extensions.TestSetup.run(TestSetup.java:27)</st>
            <st ob="" eb="" sr="" id="1.111">3 testGrantOnNonexistantProcedure(org.apache.derbyTesting.functionTests.tests.l</st>
            <st ob="" eb="" sr="" id="1.112">ang.GrantRevokeTest)junit.framework.ComparisonFailure: null expected:&lt;'S1.</st>
            <st ob="" eb="" sr="" id="1.113">NOSUCH</st>
            <st ob="" eb="" sr="" id="1.114">' [is not recognized as a procedure.]</st>
            <st ob="" eb="" sr="" id="1.115">&gt; but was:&lt;'S1.</st>
            <st ob="" eb="" sr="" id="1.116">NOSUCH' [未被识别为过程。]&gt;</st>
            <st ob="" eb="" sr="" id="1.117">at org.apache.derbyTesting.functionTests.tests.lang.GrantRevokeTest.test</st>
            <st ob="" eb="" sr="" id="1.118">GrantOnNonexistantProcedure(GrantRevokeTest.java:653)</st>
            <st ob="" eb="" sr="" id="1.119">at sun.reflect.NativeMethodAccessorImpl.invoke0(Native Method)</st>
            <st ob="" eb="" sr="" id="1.120">at sun.reflect.NativeMethodAccessorImpl.invoke(NativeMethodAccessorImpl.</st>
            <st ob="" eb="" sr="" id="1.121">java:39)</st>
            <st ob="" eb="" sr="" id="1.122">at sun.reflect.DelegatingMethodAccessorImpl.invoke(DelegatingMethodAcces</st>
            <st ob="" eb="" sr="" id="1.123">sorImpl.java:25)</st>
            <st ob="" eb="" sr="" id="1.124">at org.apache.derbyTesting.junit.BaseTestCase.runBare(BaseTestCase.java:</st>
            <st ob="" eb="" sr="" id="1.125">112)</st>
            <st ob="" eb="" sr="" id="1.126">at junit.extensions.TestDecorator.basicRun(TestDecorator.java:24)</st>
            <st ob="" eb="" sr="" id="1.127">at junit.extensions.TestSetup$1.</st>
            <st ob="" eb="" sr="" id="1.128">protect(TestSetup.java:23)</st>
            <st ob="" eb="" sr="" id="1.129">at junit.extensions.TestSetup.run(TestSetup.java:27)</st>
            <st ob="" eb="" sr="" id="1.130">at org.apache.derbyTesting.junit.BaseTestSetup.run(BaseTestSetup.java:57</st>
            <st ob="" eb="" sr="" id="1.131">)</st>
            <st ob="" eb="" sr="" id="1.132">at junit.extensions.TestDecorator.basicRun(TestDecorator.java:24)</st>
            <st ob="" eb="" sr="" id="1.133">at junit.extensions.TestSetup$1.</st>
            <st ob="" eb="" sr="" id="1.134">protect(TestSetup.java:23)</st>
            <st ob="" eb="" sr="" id="1.135">at junit.extensions.TestSetup.run(TestSetup.java:27)</st>
            <st ob="" eb="" sr="" id="1.136">at org.apache.derbyTesting.junit.BaseTestSetup.run(BaseTestSetup.java:57</st>
            <st ob="" eb="" sr="" id="1.137">)</st>
            <st ob="" eb="" sr="" id="1.138">at junit.extensions.TestDecorator.basicRun(TestDecorator.java:24)</st>
            <st ob="" eb="" sr="" id="1.139">at junit.extensions.TestSetup$1.</st>
            <st ob="" eb="" sr="" id="1.140">protect(TestSetup.java:23)</st>
            <st ob="" eb="" sr="" id="1.141">at junit.extensions.TestSetup.run(TestSetup.java:27)</st>
            <st ob="" eb="" sr="" id="1.142">at junit.extensions.TestDecorator.basicRun(TestDecorator.java:24)</st>
            <st ob="" eb="" sr="" id="1.143">at junit.extensions.TestSetup$1.</st>
            <st ob="" eb="" sr="" id="1.144">protect(TestSetup.java:23)</st>
            <st ob="" eb="" sr="" id="1.145">at junit.extensions.TestSetup.run(TestSetup.java:27)</st>
            <st ob="" eb="" sr="" id="1.146">at org.apache.derbyTesting.junit.BaseTestSetup.run(BaseTestSetup.java:57</st>
            <st ob="" eb="" sr="" id="1.147">)</st>
            <st ob="" eb="" sr="" id="1.148">at junit.extensions.TestDecorator.basicRun(TestDecorator.java:24)</st>
            <st ob="" eb="" sr="" id="1.149">at junit.extensions.TestSetup$1.</st>
            <st ob="" eb="" sr="" id="1.150">protect(TestSetup.java:23)</st>
            <st ob="" eb="" sr="" id="1.151">at junit.extensions.TestSetup.run(TestSetup.java:27)</st>
            <st ob="" eb="" sr="" id="1.152">at org.apache.derbyTesting.junit.BaseTestSetup.run(BaseTestSetup.java:57</st>
            <st ob="" eb="" sr="" id="1.153">)</st>
            <st ob="" eb="" sr="" id="1.154">at junit.extensions.TestDecorator.basicRun(TestDecorator.java:24)</st>
            <st ob="" eb="" sr="" id="1.155">at junit.extensions.TestSetup$1.</st>
            <st ob="" eb="" sr="" id="1.156">protect(TestSetup.java:23)</st>
            <st ob="" eb="" sr="" id="1.157">at junit.extensions.TestSetup.run(TestSetup.java:27)</st>
            <st ob="" eb="" sr="" id="1.158">at junit.extensions.TestDecorator.basicRun(TestDecorator.java:24)</st>
            <st ob="" eb="" sr="" id="1.159">at junit.extensions.TestSetup$1.</st>
            <st ob="" eb="" sr="" id="1.160">protect(TestSetup.java:23)</st>
            <st ob="" eb="" sr="" id="1.161">at junit.extensions.TestSetup.run(TestSetup.java:27)</st>
            <st ob="" eb="" sr="" id="1.162">4 testGrantOnNonexistantProcedureForFunction(org.apache.derbyTesting.functionTe</st>
            <st ob="" eb="" sr="" id="1.163">sts.tests.lang.GrantRevokeTest)junit.framework.ComparisonFailure: null expected:</st>
            <st ob="" eb="" sr="" id="1.164">&lt;'S1.</st>
            <st ob="" eb="" sr="" id="1.165">F2' [is not recognized as a procedure.]</st>
            <st ob="" eb="" sr="" id="1.166">&gt; but was:&lt;'S1.</st>
            <st ob="" eb="" sr="" id="1.167">F2' [未被识别为过程。</st>
            <st ob="" eb="" sr="" id="1.168">]&gt;</st>
            <st ob="" eb="" sr="" id="1.169">at org.apache.derbyTesting.functionTests.tests.lang.GrantRevokeTest.test</st>
            <st ob="" eb="" sr="" id="1.170">GrantOnNonexistantProcedureForFunction(GrantRevokeTest.java:662)</st>
            <st ob="" eb="" sr="" id="1.171">at sun.reflect.NativeMethodAccessorImpl.invoke0(Native Method)</st>
            <st ob="" eb="" sr="" id="1.172">at sun.reflect.NativeMethodAccessorImpl.invoke(NativeMethodAccessorImpl.</st>
            <st ob="" eb="" sr="" id="1.173">java:39)</st>
            <st ob="" eb="" sr="" id="1.174">at sun.reflect.DelegatingMethodAccessorImpl.invoke(DelegatingMethodAcces</st>
            <st ob="" eb="" sr="" id="1.175">sorImpl.java:25)</st>
            <st ob="" eb="" sr="" id="1.176">at org.apache.derbyTesting.junit.BaseTestCase.runBare(BaseTestCase.java:</st>
            <st ob="" eb="" sr="" id="1.177">112)</st>
            <st ob="" eb="" sr="" id="1.178">at junit.extensions.TestDecorator.basicRun(TestDecorator.java:24)</st>
            <st ob="" eb="" sr="" id="1.179">at junit.extensions.TestSetup$1.</st>
            <st ob="" eb="" sr="" id="1.180">protect(TestSetup.java:23)</st>
            <st ob="" eb="" sr="" id="1.181">at junit.extensions.TestSetup.run(TestSetup.java:27)</st>
            <st ob="" eb="" sr="" id="1.182">at org.apache.derbyTesting.junit.BaseTestSetup.run(BaseTestSetup.java:57</st>
            <st ob="" eb="" sr="" id="1.183">)</st>
            <st ob="" eb="" sr="" id="1.184">at junit.extensions.TestDecorator.basicRun(TestDecorator.java:24)</st>
            <st ob="" eb="" sr="" id="1.185">at junit.extensions.TestSetup$1.</st>
            <st ob="" eb="" sr="" id="1.186">protect(TestSetup.java:23)</st>
            <st ob="" eb="" sr="" id="1.187">at junit.extensions.TestSetup.run(TestSetup.java:27)</st>
            <st ob="" eb="" sr="" id="1.188">at org.apache.derbyTesting.junit.BaseTestSetup.run(BaseTestSetup.java:57</st>
            <st ob="" eb="" sr="" id="1.189">)</st>
            <st ob="" eb="" sr="" id="1.190">at junit.extensions.TestDecorator.basicRun(TestDecorator.java:24)</st>
            <st ob="" eb="" sr="" id="1.191">at junit.extensions.TestSetup$1.</st>
            <st ob="" eb="" sr="" id="1.192">protect(TestSetup.java:23)</st>
            <st ob="" eb="" sr="" id="1.193">at junit.extensions.TestSetup.run(TestSetup.java:27)</st>
            <st ob="" eb="" sr="" id="1.194">at junit.extensions.TestDecorator.basicRun(TestDecorator.java:24)</st>
            <st ob="" eb="" sr="" id="1.195">at junit.extensions.TestSetup$1.</st>
            <st ob="" eb="" sr="" id="1.196">protect(TestSetup.java:23)</st>
            <st ob="" eb="" sr="" id="1.197">at junit.extensions.TestSetup.run(TestSetup.java:27)</st>
            <st ob="" eb="" sr="" id="1.198">at org.apache.derbyTesting.junit.BaseTestSetup.run(BaseTestSetup.java:57</st>
            <st ob="" eb="" sr="" id="1.199">)</st>
            <st ob="" eb="" sr="" id="1.200">at junit.extensions.TestDecorator.basicRun(TestDecorator.java:24)</st>
            <st ob="" eb="" sr="" id="1.201">at junit.extensions.TestSetup$1.</st>
            <st ob="" eb="" sr="" id="1.202">protect(TestSetup.java:23)</st>
            <st ob="" eb="" sr="" id="1.203">at junit.extensions.TestSetup.run(TestSetup.java:27)</st>
            <st ob="" eb="" sr="" id="1.204">at org.apache.derbyTesting.junit.BaseTestSetup.run(BaseTestSetup.java:57</st>
            <st ob="" eb="" sr="" id="1.205">)</st>
            <st ob="" eb="" sr="" id="1.206">at junit.extensions.TestDecorator.basicRun(TestDecorator.java:24)</st>
            <st ob="" eb="" sr="" id="1.207">at junit.extensions.TestSetup$1.</st>
            <st ob="" eb="" sr="" id="1.208">protect(TestSetup.java:23)</st>
            <st ob="" eb="" sr="" id="1.209">at junit.extensions.TestSetup.run(TestSetup.java:27)</st>
            <st ob="" eb="" sr="" id="1.210">at junit.extensions.TestDecorator.basicRun(TestDecorator.java:24)</st>
            <st ob="" eb="" sr="" id="1.211">at junit.extensions.TestSetup$1.</st>
            <st ob="" eb="" sr="" id="1.212">protect(TestSetup.java:23)</st>
            <st ob="" eb="" sr="" id="1.213">at junit.extensions.TestSetup.run(TestSetup.java:27)</st>
        </parg>
        <parg ob="" eb="" sr="" id="2">
            <st ob="" eb="" sr="" id="2.1">FAILURES!!!</st>
            <st ob="" eb="" sr="" id="2.2">Tests run: 36,  Failures: 4,  Errors: 0</st>
        </parg>
        <parg ob="" eb="" sr="" id="3">
            <st ob="" eb="" sr="" id="3.1">D:\derby\test&gt;</st>
        </parg>
    </desc>
</bug>
