<?xml version="1.0" encoding="UTF-8" standalone="yes"?>
<bug no-bug="" comments="">
    <id>DERBY-5546</id>
    <title ob="x" eb="" sr="">ResultSet#updateBigDecimal on a REAL column does not do underflow checking</title>
    <desc>
        <parg ob="" eb="" sr="" id="1">
            <st ob="x" eb="" sr="" id="1.1">In contrast, ResultSet#updateBigDecimal on a FLOAT or DOUBLE column gives the expected error on underflow.</st>
            <st ob="" eb="" sr="x" id="1.2">Cf. the attached repro program MissingUnderflowCheck.</st>
        </parg>
    </desc>
</bug>
