<?xml version="1.0" encoding="UTF-8" standalone="yes"?>
<bug no-bug="" comments="">
    <id>DERBY-4647</id>
    <title ob="x" eb="" sr="">BaseTestCase.execJavaCmd() does not work with weme 6.2</title>
    <desc>
        <parg ob="" eb="" sr="" id="1">
            <st ob="x" eb="" sr="" id="1.1">Spawning a java process with BaseTestCase.execJavaCmd() does not work with weme 6.2, I think because the boot classpath does not get passed.</st>
            <st ob="" eb="" sr="" id="1.2">This issue came up in DERBY-4179.</st>
            <st ob="" eb="" sr="" id="1.3">After this issue is fixed, BootLockTest should be enabled for weme.</st>
        </parg>
        <parg ob="" eb="" sr="" id="2">
            <st ob="x" eb="" sr="" id="2.1">The error is actually
.</st>
            <st ob="" eb="" sr="" id="2.2">JVMJ9VM011W Unable to load jclfoun10_24: The specified module could not be foun
d.
JVMEXEX013E Internal VM error: Failed to create Java VM
JVMEXEX014I Run C:\cygwin\ibmsvn\ntsoftware\weme6.2\bin\j9.exe -help for usage</st>
        </parg>
        <parg ob="" eb="" sr="" id="3">
            <st ob="x" eb="" sr="" id="3.1">execJavaProcess does pick up the j9 executable but does not pass on the other settings.</st>
        </parg>
        <parg ob="" eb="" sr="" id="4">
            <st ob="" eb="" sr="x" id="4.1">This is how my script invokes the test with j9.</st>
            <st ob="" eb="" sr="" id="4.2">It probably has a lot of legacy system properties not needed, but I suppose execJavaCmd should just pass along all system properties, but I don't know how it would get the bootclasspath.</st>
            <st ob="" eb="" sr="" id="4.3">Perhaps -Dbootcp was a way to pass it on in the old harness.</st>
        </parg>
        <parg ob="" eb="" sr="" id="5">
            <st ob="" eb="" sr="" id="5.1">c:/cygwin/ibmsvn/ntsoftware/weme6.2/bin/j9 -jcl:foun11 -DderbyTesting.serverho
st=localhost -DderbyTesting.clienthost=localhost -Demma.active= -Xbootclasspath/
a:c:/cygwin/ibmsvn/ntsoftware/weme6.2/lib/jdbc.</st>
            <st ob="" eb="" sr="" id="5.2">jar -Dbootcp=c:/cygwin/ibmsvn/nts
oftware/weme6.2/lib/jdbc.</st>
            <st ob="" eb="" sr="" id="5.3">jar junit.textui.TestRunner org.apache.derbyTesting.fun
ctionTests.tests.store.BootLockTest</st>
        </parg>
        <parg ob="" eb="" sr="" id="6">
            <st ob="" eb="" sr="" id="6.1">Otherwise, currently I think the method is only used in replication and network server, but am not sure.</st>
        </parg>
    </desc>
</bug>
