<?xml version="1.0" encoding="UTF-8" standalone="yes"?>
<bug no-bug="" comments="">
    <id>DERBY-5040</id>
    <title ob="x" eb="" sr="">On Windows, cascade of errors after failed test AutomaticIndexStatisticsTest</title>
    <desc>
        <parg ob="" eb="" sr="" id="1">
            <st ob="" eb="" sr="" id="1.1">Cf log here:</st>
        </parg>
        <parg ob="" eb="" sr="" id="2">
            <st ob="" eb="" sr="" id="2.1">http://dbtg.foundry.sun.com/derby/test/Daily/jvm1.6/testing/Limited/testSummary-1070264.html</st>
        </parg>
        <parg ob="" eb="" sr="" id="3">
            <st ob="" eb="" sr="" id="3.1">Not sure if this is distinct (or not) from other errors we have seen after the enabling of the statistics auto-refresh patch.</st>
        </parg>
    </desc>
</bug>
