<?xml version="1.0" encoding="UTF-8" standalone="yes"?>
<bug no-bug="" comments="">
    <id>DERBY-6079</id>
    <title ob="x" eb="" sr="">100's of errors in nightly test run on weme after jacoco property/priviledges checkin</title>
    <desc>
        <parg ob="" eb="" sr="" id="1">
            <st ob="x" eb="" sr="" id="1.1">100's of errors in nightly test, all seem to be a null pointer while processing policy files during setup.</st>
            <st ob="" eb="" sr="" id="1.2">problem is in jvm code, and it seems specific to the weme6.2 jvm.</st>
        </parg>
        <parg ob="" eb="" sr="" id="2">
            <st ob="x" eb="" sr="" id="2.1">The only change being tested in this run was</st>
            <st ob="x" eb="" sr="" id="2.2">For instance:</st>
            <st ob="" eb="" sr="" id="2.3">330) testAll(org.apache.derbyTesting.functionTests.tests.lang.NativeAuthenticationServiceTest)java.lang.NullPointerException</st>
            <st ob="" eb="" sr="" id="2.4">	at com.ibm.oti.util.DefaultPolicy.addGrant(DefaultPolicy.java:619)</st>
            <st ob="" eb="" sr="" id="2.5">	at com.ibm.oti.util.DefaultPolicy.readPolicy(DefaultPolicy.java:608)</st>
            <st ob="" eb="" sr="" id="2.6">	at com.ibm.oti.util.DefaultPolicy.getSystemPolicy(DefaultPolicy.java:922)</st>
            <st ob="" eb="" sr="" id="2.7">	at com.ibm.oti.util.DefaultPolicy.getPermissionsImpl(DefaultPolicy.java:114)</st>
            <st ob="" eb="" sr="" id="2.8">	at com.ibm.oti.util.DefaultPolicy$1.run(DefaultPolicy.java:67)</st>
            <st ob="" eb="" sr="" id="2.9">	at java.security.AccessController.doPrivileged(AccessController.java:204)</st>
            <st ob="" eb="" sr="" id="2.10">	at com.ibm.oti.util.DefaultPolicy.privateGetPermissions(DefaultPolicy.java:65)</st>
            <st ob="" eb="" sr="" id="2.11">	at com.ibm.oti.util.DefaultPolicy.getPermissions(DefaultPolicy.java:53)</st>
            <st ob="" eb="" sr="" id="2.12">	at java.security.Policy.getPermissions(Policy.java:131)</st>
            <st ob="" eb="" sr="" id="2.13">	at java.security.ProtectionDomain.implies(ProtectionDomain.java:177)</st>
            <st ob="" eb="" sr="" id="2.14">	at java.security.AccessController.checkPermission(AccessController.java:99)</st>
            <st ob="" eb="" sr="" id="2.15">	at java.lang.SecurityManager.checkPermission(SecurityManager.java:534)</st>
            <st ob="" eb="" sr="" id="2.16">	at java.lang.SecurityManager.checkPropertyAccess(SecurityManager.java:331)</st>
            <st ob="" eb="" sr="" id="2.17">	at java.lang.System.getProperty(System.java:384)</st>
            <st ob="" eb="" sr="" id="2.18">	at java.lang.System.getProperty(System.java:366)</st>
            <st ob="" eb="" sr="" id="2.19">	at org.apache.derbyTesting.junit.BaseTestCase$3.run(BaseTestCase.java:292)</st>
            <st ob="" eb="" sr="" id="2.20">	at java.security.AccessController.doPrivileged(AccessController.java:204)</st>
            <st ob="" eb="" sr="" id="2.21">	at org.apache.derbyTesting.junit.BaseTestCase.getSystemProperty(BaseTestCase.java:288)</st>
            <st ob="" eb="" sr="" id="2.22">	at org.apache.derbyTesting.junit.DropDatabaseSetup.removeDatabase(DropDatabaseSetup.java:86)</st>
            <st ob="" eb="" sr="" id="2.23">	at org.apache.derbyTesting.junit.TestConfiguration$5.tearDown(TestConfiguration.java:868)</st>
            <st ob="" eb="" sr="" id="2.24">	at junit.extensions.TestSetup$1.protect(TestSetup.java:22)</st>
            <st ob="" eb="" sr="" id="2.25">	at junit.extensions.TestSetup.run(TestSetup.java:25)</st>
            <st ob="" eb="" sr="" id="2.26">	at org.apache.derbyTesting.junit.BaseTestSetup.run(BaseTestSetup.java:57)</st>
            <st ob="" eb="" sr="" id="2.27">	at junit.extensions.TestDecorator.basicRun(TestDecorator.java:24)</st>
            <st ob="" eb="" sr="" id="2.28">	at junit.extensions.TestSetup$1.protect(TestSetup.java:21)</st>
            <st ob="" eb="" sr="" id="2.29">	at junit.extensions.TestSetup.run(TestSetup.java:25)</st>
            <st ob="" eb="" sr="" id="2.30">	at junit.extensions.TestDecorator.basicRun(TestDecorator.java:24)</st>
            <st ob="" eb="" sr="" id="2.31">	at junit.extensions.TestSetup$1.protect(TestSetup.java:21)</st>
            <st ob="" eb="" sr="" id="2.32">	at junit.extensions.TestSetup.run(TestSetup.java:25)</st>
            <st ob="" eb="" sr="" id="2.33">	at org.apache.derbyTesting.junit.BaseTestSetup.run(BaseTestSetup.java:57)</st>
            <st ob="" eb="" sr="" id="2.34">	at junit.extensions.TestDecorator.basicRun(TestDecorator.java:24)</st>
            <st ob="" eb="" sr="" id="2.35">	at junit.extensions.TestSetup$1.protect(TestSetup.java:21)</st>
            <st ob="" eb="" sr="" id="2.36">	at junit.extensions.TestSetup.run(TestSetup.java:25)</st>
            <st ob="" eb="" sr="" id="2.37">	at junit.extensions.TestDecorator.basicRun(TestDecorator.java:24)</st>
            <st ob="" eb="" sr="" id="2.38">	at junit.extensions.TestSetup$1.protect(TestSetup.java:21)</st>
            <st ob="" eb="" sr="" id="2.39">	at junit.extensions.TestSetup.run(TestSetup.java:25)</st>
            <st ob="" eb="" sr="" id="2.40">	at junit.extensions.TestDecorator.basicRun(TestDecorator.java:24)</st>
            <st ob="" eb="" sr="" id="2.41">	at junit.extensions.TestSetup$1.protect(TestSetup.java:21)</st>
            <st ob="" eb="" sr="" id="2.42">	at junit.extensions.TestSetup.run(TestSetup.java:25)</st>
            <st ob="" eb="" sr="" id="2.43">	at org.apache.derbyTesting.junit.BaseTestSetup.run(BaseTestSetup.java:57)</st>
        </parg>
        <parg ob="" eb="" sr="" id="3">
            <st ob="" eb="" sr="" id="3.1">Here is link to all errors:</st>
            <st ob="" eb="" sr="" id="3.2">http://people.apache.org/~myrnavl/derby_test_results/main/windows/testlog/weme6.2/1447575-suites.All_diff.txt http://people.apache.org/~myrnavl/derby_test_results/main/windows/testlog/weme6.2/1447575-derbyall_diff.txt</st>
        </parg>
    </desc>
</bug>
