<?xml version="1.0" encoding="UTF-8" standalone="yes"?>
<bug no-bug="" comments="">
    <id>DERBY-3024</id>
    <title ob="x" eb="" sr="">Validation of shared plans hurts scalability</title>
    <desc>
        <parg ob="" eb="" sr="" id="1">
            <st ob="x" eb="x" sr="x" id="1.1">To investigate whether there was anything in the SQL execution layer that prevented scaling on a multi-CPU machine, I wrote a multi-threaded test which continuously executed "VALUES 1" using a PreparedStatement. I ran the test on a machine with 8 CPUs and expected the throughput to be proportional to the number of concurrent clients up to 8 clients (the same as the number of CPUs). However, the throughput only had a small increase from 1 to 2 clients, and adding more clients did not increase the throughput. Looking at the test in a profiler, it seems like the threads are spending a lot of time waiting to enter synchronization blocks in GenericPreparedStatement.upToDate() and BaseActivation.checkStatementValidity() (both of which are synchronized on the a GenericPreparedStatement object).</st>
        </parg>
        <parg ob="" eb="" sr="" id="2">
            <st ob="" eb="" sr="x" id="2.1">I then changed the test slightly, appending a comment with a unique thread id to the "VALUES 1" statement.</st>
            <st ob="" eb="" sr="" id="2.2">That means the threads still did the same work, but each thread got its own plan (GenericPreparedStatement object) since the statement cache didn't regard the SQL text strings as identical.</st>
            <st ob="x" eb="" sr="" id="2.3">When I made that change, the test scaled more or less perfectly up to 8 concurrent threads.</st>
        </parg>
        <parg ob="" eb="" sr="" id="3">
            <st ob="" eb="x" sr="" id="3.1">We should try to find a way to make the scalability the same regardless of whether or not the threads share the same plan.</st>
        </parg>
    </desc>
</bug>
