<?xml version="1.0" encoding="UTF-8" standalone="yes"?>
<bug no-bug="" comments="">
    <id>DERBY-5937</id>
    <title ob="x" eb="" sr="">File handle is leaked when a Slave replication is shutdown with failover=true</title>
    <desc>
        <parg ob="" eb="" sr="" id="1">
            <st ob="" eb="" sr="" id="1.1">As part of our use of derby replication, we shut the slave down if we detect reachability issues with the master.</st>
            <st ob="" eb="" sr="" id="1.2">Normally we shut it down, and bring it back up as a regular database in read-only mode.</st>
            <st ob="" eb="" sr="" id="1.3">Then when the master can, it tries to push a fresh copy back to the slave system.</st>
            <st ob="x" eb="" sr="" id="1.4">However, during the failover=true shutdown on the slave, the log file  ".../name/log/log1.</st>
            <st ob="x" eb="" sr="" id="1.5">dat" is still open.</st>
        </parg>
        <parg ob="" eb="" sr="" id="2">
            <st ob="x" eb="" sr="" id="2.1">Because of this open file, at least on Windows, it's impossible to move the database file out of the way, and to install a fresh copy from the master.</st>
        </parg>
    </desc>
</bug>
