<bug comments="" no-bug="">
    <id>DERBY-6009</id>
    <title eb="" ob="" sr="">Need stricter checking of ORDER BY clause in VALUES expressions</title>
    <desc>
        <parg eb="" id="1" ob="" sr="">
            <st eb="" id="1.1" ob="" sr="">We only support column numbers in ORDER BY clauses in VALUES expression, as seen by this error message:</st>
        </parg>
        <parg eb="" id="2" ob="" sr="">
            <st eb="" id="2.1" ob="" sr="">ij&gt; values 1,2 order by 1+2;
ERROR 42878: The ORDER BY clause of a SELECT UNION statement only supports unqualified column references and column position numbers.</st>
            <st eb="" id="2.2" ob="" sr="">Other expressions are not currently supported.</st>
            <st eb="" id="2.3" ob="" sr="">(errorCode = 30000)</st>
        </parg>
        <parg eb="" id="3" ob="" sr="">
            <st eb="" id="3.1" ob="x" sr="">However, the checks let some unsupported expressions through and produce strange results.</st>
            <st eb="" id="3.2" ob="" sr="x">For example:</st>
        </parg>
        <parg eb="" id="4" ob="" sr="">
            <st eb="" id="4.1" ob="" sr="">ij&gt; values 1 order by 1+2;</st>
            <st eb="" id="4.2" ob="" sr="">1          |2</st>
            <st eb="" id="4.3" ob="" sr="">-----------------------</st>
            <st eb="" id="4.4" ob="" sr="">1          |3</st>
        </parg>
        <parg eb="" id="5" ob="" sr="">
            <st eb="" id="5.1" ob="" sr="">1 row selected</st>
        </parg>
        <parg eb="" id="6" ob="" sr="">
            <st eb="x" id="6.1" ob="" sr="">It should probably have raised the same exception as the first query.</st>
            <st eb="x" id="6.2" ob="" sr="">And if not, the result should only have had one column.</st>
        </parg>
        <parg eb="" id="7" ob="" sr="">
            <st eb="x" id="7.1" ob="x" sr="x">And the next example should probably have raised a syntax error too, instead of a NullPointerException:</st>
        </parg>
        <parg eb="" id="8" ob="" sr="">
            <st eb="" id="8.1" ob="" sr="">ij&gt; values 1 order by int(1);
ERROR XJ001: Java exception: ': java.lang.NullPointerException'.</st>
            <st eb="" id="8.2" ob="" sr="">(errorCode = 0)</st>
        </parg>
    </desc>
</bug>