<?xml version="1.0" encoding="UTF-8" standalone="yes"?>
<bug no-bug="" comments="">
    <id>DERBY-6065</id>
    <title ob="x" eb="" sr="">LockTable API link in the documentation is broken</title>
    <desc>
        <parg ob="" eb="" sr="" id="1">
            <st ob="x" eb="" sr="" id="1.1">I happened to notice that some of the links in the documentation are broken.</st>
        </parg>
        <parg ob="" eb="" sr="" id="2">
            <st ob="x" eb="" sr="" id="2.1">For example, on http://db.apache.org/derby/docs/10.9/devguide/cdevconcepts50894.html
the link to LockTable API documentation is broken.</st>
        </parg>
        <parg ob="" eb="" sr="" id="3">
            <st ob="x" eb="" sr="" id="3.1">There are also broken links to the documentation in the wiki, but that's not something we track with JIRA issues, I think.</st>
            <st ob="" eb="" sr="" id="3.2">But it would be nice to figure out if we can clean up those links easily.</st>
            <st ob="x" eb="" sr="" id="3.3">For example, on  http://wiki.apache.org/db-derby/LockDebugging there are broken links to the LockTable API documentation, as well as to the SYSCS_DIAG table documentation.</st>
        </parg>
    </desc>
</bug>
