<?xml version="1.0" encoding="UTF-8" standalone="yes"?>
<bug no-bug="" comments="">
    <id>DERBY-4884</id>
    <title ob="x" eb="" sr="">DatabasePropertyTestSetup cannot change static properties in encrypted databases</title>
    <desc>
        <parg ob="" eb="" sr="" id="1">
            <st ob="x" eb="" sr="" id="1.1">DatabasePropertyTestSetup needs to reboot the database in order to set static properties.</st>
            <st ob="x" eb="" sr="" id="1.2">In tests with encrypted databases, the database cannot be rebooted because the boot password is only known inside the setUp() method of the decorator created by Decorator.encryptedDatabase().</st>
        </parg>
        <parg ob="" eb="" sr="" id="2">
            <st ob="x" eb="" sr="" id="2.1">One of the problems that results from this, is that BlobClob4Blob test cannot reduce the lock timeout for the encrypted variant of the test.</st>
            <st ob="x" eb="" sr="" id="2.2">Since there are four test cases that wait for a lock timeout, the test takes almost four minutes longer than it would have if the lock timeout had been reduced.</st>
        </parg>
    </desc>
</bug>
