<?xml version="1.0" encoding="UTF-8" standalone="yes"?>
<bug no-bug="" comments="">
    <id>DERBY-5838</id>
    <title ob="x" eb="" sr="x">By using syscs_set_database_property, you can set the database version to a garbage string which prevents you from booting the database.</title>
    <desc>
        <parg ob="" eb="" sr="" id="1">
            <st ob="" eb="" sr="x" id="1.1">The following script shows this problem:</st>
        </parg>
        <parg ob="" eb="" sr="" id="2">
            <st ob="" eb="" sr="" id="2.1">connect 'jdbc:derby:db;create=true';</st>
        </parg>
        <parg ob="" eb="" sr="" id="3">
            <st ob="" eb="" sr="" id="3.1">values ( syscs_util.</st>
            <st ob="" eb="" sr="" id="3.2">syscs_get_database_property( 'DataDictionaryVersion' ) );</st>
        </parg>
        <parg ob="" eb="" sr="" id="4">
            <st ob="" eb="" sr="" id="4.1">call syscs_util.</st>
            <st ob="" eb="" sr="" id="4.2">syscs_set_database_property( 'DataDictionaryVersion', 'foobar' );</st>
        </parg>
        <parg ob="" eb="" sr="" id="5">
            <st ob="" eb="" sr="" id="5.1">values ( syscs_util.</st>
            <st ob="" eb="" sr="" id="5.2">syscs_get_database_property( 'DataDictionaryVersion' ) );</st>
        </parg>
        <parg ob="" eb="" sr="" id="6">
            <st ob="" eb="" sr="" id="6.1">connect 'jdbc:derby:db;shutdown=true';</st>
        </parg>
        <parg ob="" eb="" sr="" id="7">
            <st ob="x" eb="" sr="" id="7.1">-- fails to boot</st>
            <st ob="" eb="" sr="" id="7.2">connect 'jdbc:derby:db';</st>
        </parg>
    </desc>
</bug>
