<?xml version="1.0" encoding="UTF-8" standalone="yes"?>
<bug no-bug="" comments="">
    <id>DERBY-5916</id>
    <title ob="x" eb="" sr="">java.lang.NullPointerException org.apache.derby.impl.store.raw.data.BaseDataFileFactory.stop() connecting to network server</title>
    <desc>
        <parg ob="" eb="" sr="" id="1">
            <st ob="x" eb="" sr="x" id="1.1">I got a report of the exception below trying to connect to  database with absolute path and network server and the database name attribute.</st>
            <st ob="" eb="" sr="x" id="1.2">I haven't gotten  information  on the derby version or  platform, Below is the url I received with some characters replaced.</st>
        </parg>
        <parg ob="" eb="" sr="" id="2">
            <st ob="" eb="" sr="" id="2.1">ij&gt; connect 'jdbc:derby://localhost:1527/;databaseName=/home/uxxxx/Installs/hxxx_ext/mxxxxxxxx_db;create=true' ;</st>
        </parg>
        <parg ob="" eb="" sr="" id="3">
            <st ob="" eb="" sr="" id="3.1"></st>
            <st ob="" eb="" sr="" id="3.2"> java.lang.NullPointerException</st>
            <st ob="" eb="" sr="" id="3.3">        at org.apache.derby.impl.store.raw.data.BaseDataFileFactory.stop(Unknown Source)</st>
            <st ob="" eb="" sr="" id="3.4">        at org.apache.derby.impl.services.monitor.TopService.stop(Unknown Source)</st>
            <st ob="" eb="" sr="" id="3.5">        at org.apache.derby.impl.services.monitor.TopService.shutdown(Unknown Source)</st>
            <st ob="" eb="" sr="" id="3.6">        at org.apache.derby.impl.services.monitor.BaseMonitor.bootService(Unknown Source)</st>
            <st ob="" eb="" sr="" id="3.7">        at org.apache.derby.impl.services.monitor.BaseMonitor.startProviderService(Unknown Source)</st>
            <st ob="" eb="" sr="" id="3.8">        at org.apache.derby.impl.services.monitor.BaseMonitor.findProviderAndStartService(Unknown Source)</st>
            <st ob="" eb="" sr="" id="3.9">        at org.apache.derby.impl.services.monitor.BaseMonitor.startPersistentService(Unknown Source)</st>
            <st ob="" eb="" sr="" id="3.10">        at org.apache.derby.iapi.services.monitor.Monitor.startPersistentService(Unknown Source)</st>
            <st ob="" eb="" sr="" id="3.11">        at org.apache.derby.impl.jdbc.EmbedConnection.bootDatabase(Unknown Source)</st>
            <st ob="" eb="" sr="" id="3.12">        at org.apache.derby.impl.jdbc.EmbedConnection.&lt;init&gt;(Unknown Source)</st>
            <st ob="" eb="" sr="" id="3.13">        at org.apache.derby.jdbc.Driver40.getNewEmbedConnection(Unknown Source)</st>
            <st ob="" eb="" sr="" id="3.14">        at org.apache.derby.jdbc.InternalDriver.connect(Unknown Source)</st>
            <st ob="" eb="" sr="" id="3.15">        at org.apache.derby.jdbc.AutoloadedDriver.connect(Unknown Source)</st>
            <st ob="" eb="" sr="" id="3.16">        at org.apache.derby.impl.drda.Database.makeConnection(Unknown Source)</st>
            <st ob="" eb="" sr="" id="3.17">        at org.apache.derby.impl.drda.DRDAConnThread.getConnFromDatabaseName(Unknown Source)</st>
            <st ob="" eb="" sr="" id="3.18">        at org.apache.derby.impl.drda.DRDAConnThread.verifyUserIdPassword(Unknown Source)</st>
            <st ob="" eb="" sr="" id="3.19">        at org.apache.derby.impl.drda.DRDAConnThread.parseSECCHK(Unknown Source)</st>
            <st ob="" eb="" sr="" id="3.20">        at org.apache.derby.impl.drda.DRDAConnThread.parseDRDAConnection(Unknown Source)</st>
            <st ob="" eb="" sr="" id="3.21">        at org.apache.derby.impl.drda.DRDAConnThread.processCommands(Unknown Source)</st>
            <st ob="" eb="" sr="" id="3.22">        at org.apache.derby.impl.drda.DRDAConnThread.run(Unknown Source)</st>
            <st ob="" eb="" sr="" id="3.23">Cleanup action completed</st>
            <st ob="" eb="" sr="" id="3.24">2012-08-31 22:41:09.216 GMT Thread[DRDAConnThread_10,5,main] (DATABASE = ), (DRDAID = {1}), Java exception: ': java.lang.NullPointerException'.</st>
        </parg>
        <parg ob="" eb="" sr="" id="4">
            <st ob="" eb="" sr="" id="4.1">I wanted to go ahead and file it even without much information as I noticed there was a similar issue reported on the list but never filed:
http://old.nabble.com/Random-DRDA-Error-on-IBM-J9-JVM-td33532717.html#a33532717</st>
        </parg>
    </desc>
</bug>
