<?xml version="1.0" encoding="UTF-8" standalone="yes"?>
<bug no-bug="" comments="">
    <id>DERBY-5407</id>
    <title ob="x" eb="" sr="">When run across the network, dblook produces unusable DDL for VARCHAR FOR BIT DATA columns.</title>
    <desc>
        <parg ob="" eb="" sr="" id="1">
            <st ob="x" eb="" sr="" id="1.1">In private correspondence, Mani Afschar Yazdi reports that dblook omits the length specification for VARCHAR FOR BIT DATA columns when run across the network.</st>
            <st ob="x" eb="" sr="" id="1.2">Embedded dblook runs fine.</st>
            <st ob="" eb="" sr="x" id="1.3">I can reproduce this problem as follows:</st>
        </parg>
        <parg ob="" eb="" sr="" id="2">
            <st ob="" eb="" sr="x" id="2.1">1 Bring up a server (here I am using port 8246).</st>
        </parg>
        <parg ob="" eb="" sr="" id="3">
            <st ob="" eb="" sr="x" id="3.1">2 Create a database with the following ij script:</st>
        </parg>
        <parg ob="" eb="" sr="" id="4">
            <st ob="" eb="" sr="" id="4.1">connect 'jdbc:derby://localhost:8246/memory:db;create=true';</st>
        </parg>
        <parg ob="" eb="" sr="" id="5">
            <st ob="" eb="" sr="" id="5.1">create table t( a varchar( 20 ) for bit data );</st>
        </parg>
        <parg ob="" eb="" sr="" id="6">
            <st ob="" eb="" sr="x" id="6.1">3 Now run dblook across the network:</st>
        </parg>
        <parg ob="" eb="" sr="" id="7">
            <st ob="" eb="" sr="" id="7.1">java -org.apache.derby.tools.dblook -d "jdbc:derby://localhost:8246/memory:db"</st>
        </parg>
        <parg ob="" eb="" sr="" id="8">
            <st ob="x" eb="" sr="" id="8.1">This produces the following DDL for the table:</st>
        </parg>
        <parg ob="" eb="" sr="" id="9">
            <st ob="" eb="" sr="" id="9.1">CREATE TABLE "APP".</st>
            <st ob="" eb="" sr="" id="9.2">"T" ("A" VARCHAR () FOR BIT DATA);</st>
        </parg>
        <parg ob="" eb="" sr="" id="10">
            <st ob="x" eb="" sr="" id="10.1">A similar experiment using an embedded database produces usable DDL which includes a length specification for the VARCHAR FOR BIT DATA column.</st>
        </parg>
    </desc>
</bug>
