<?xml version="1.0" encoding="UTF-8" standalone="yes"?>
<bug no-bug="" comments="">
    <id>DERBY-4279</id>
    <title ob="x" eb="" sr="">Statement cache deadlock</title>
    <desc>
        <parg ob="" eb="" sr="" id="1">
            <st ob="x" eb="" sr="" id="1.1">Due to a design flaw in the statement cache, a deadlock can occur if a prepared statement becomes out-of-date.</st>
        </parg>
        <parg ob="" eb="" sr="" id="2">
            <st ob="" eb="" sr="" id="2.1">I will illustrate this with the following example:</st>
        </parg>
        <parg ob="" eb="" sr="" id="3">
            <st ob="" eb="" sr="x" id="3.1">The application is using the embedded Derby driver.</st>
            <st ob="" eb="" sr="x" id="3.2">The application has two threads, and each thread uses its own connection.</st>
        </parg>
        <parg ob="" eb="" sr="" id="4">
            <st ob="" eb="" sr="x" id="4.1">There is a table named MYTABLE with column MYCOLUMN.</st>
        </parg>
        <parg ob="" eb="" sr="" id="5">
            <st ob="x" eb="" sr="" id="5.1">1. A thread prepares and executes the query SELECT MYCOLUMN FROM MYTABLE.</st>
            <st ob="x" eb="" sr="" id="5.2">The prepared statement is stored in the statement cache (see org.apache.derby.impl.sql.GenericStatement for this logic)</st>
            <st ob="x" eb="" sr="" id="5.3">2. After some time, the prepared statement becomes invalid or out-of-date for some reason (see org.apache.derby.impl.sql.GenericPreparedStatement)</st>
            <st ob="x" eb="" sr="" id="5.4">3. Thread 1 begins a transaction and executes LOCK TABLE MYTABLE IN EXCLUSIVE MODE</st>
            <st ob="x" eb="" sr="" id="5.5">4. Thread 2 begins a transaction and executes SELECT MYCOLUMN FROM MYTABLE.</st>
            <st ob="x" eb="" sr="" id="5.6">The statement is in the statement cache but it is out-of-date.</st>
            <st ob="x" eb="" sr="" id="5.7">The thread begins to recompile the statement.</st>
            <st ob="x" eb="" sr="" id="5.8">To compile the statement, the thread needs a shared lock on MYTABLE.</st>
            <st ob="x" eb="" sr="" id="5.9">Thread 1 already has an exclusive lock on MYTABLE.</st>
            <st ob="x" eb="" sr="" id="5.10">Thread 2 waits.</st>
            <st ob="x" eb="" sr="" id="5.11">5. Thread 1 executes SELECT MYCOLUMN FROM MYTABLE.</st>
            <st ob="x" eb="" sr="" id="5.12">The statement is in the statement cache but it is being compiled.</st>
            <st ob="x" eb="" sr="" id="5.13">Thread 1 waits on the statement's monitor.</st>
            <st ob="x" eb="" sr="" id="5.14">6. We have a deadlock.</st>
            <st ob="x" eb="" sr="" id="5.15">Derby eventually detects a lock timeout, but the error message is not descriptive.</st>
            <st ob="x" eb="" sr="" id="5.16">The stacks at the time of the deadlock are:</st>
        </parg>
        <parg ob="" eb="" sr="" id="6">
            <st ob="" eb="" sr="" id="6.1">This deadlock is unique because it can still occur in a properly designed database.</st>
            <st ob="" eb="" sr="" id="6.2">You are only safe if all of your transactions are very simple and cannot be interleaved in a sequence that causes the deadlock, or if your particular statements do not require a table lock to compile.</st>
            <st ob="" eb="" sr="" id="6.3">(For the sake of simplicity, I used LOCK TABLE in my example, but any UPDATE statement would fit.)</st>
        </parg>
    </desc>
</bug>
