<?xml version="1.0" encoding="UTF-8" standalone="yes"?>
<bug no-bug="" comments="">
    <id>DERBY-5424</id>
    <title ob="" eb="" sr="">On z/OS testConnectWrongSubprotocolWithSystemProperty(org.apache.derbyTesting.functionTests.tests.tools.ConnectWrongSubprotocolTest)junit.framework.Asserti ailedError</title>
    <desc>
        <parg ob="" eb="" sr="" id="1">
            <st ob="x" eb="" sr="" id="1.1">With the release candidate  10.8.2.1 - (1170221) I saw the following two failures on z/OS in testConnectWrongSubprotoctestolWithoutSystemProperty</st>
        </parg>
        <parg ob="" eb="" sr="" id="2">
            <st ob="x" eb="" sr="" id="2.1">There were 2 failures:</st>
            <st ob="" eb="" sr="" id="2.2">1) testConnectWrongSubprotocolWithSystemProperty(org.apache.derbyTesting.functionTests.tests.tools.ConnectWrongSubprotocolTest)junit.framework.Asserti onFailedError at org.apache.derbyTesting.functionTests.tests.tools.ConnectWrongSubprotocolTest.checkConnectWrongSubprotocol(ConnectWrongSubprotocolTest.java</st>
            <st ob="" eb="" sr="" id="2.3">:82)</st>
            <st ob="" eb="" sr="" id="2.4">at org.apache.derbyTesting.functionTests.tests.tools.ConnectWrongSubprotocolTest.testConnectWrongSubprotocolWithSystemProperty(ConnectWrongSub protocolTest.java:68)</st>
            <st ob="" eb="" sr="" id="2.5">        at sun.reflect.NativeMethodAccessorImpl.invoke0(Native Method)</st>
            <st ob="" eb="" sr="" id="2.6">        at sun.reflect.NativeMethodAccessorImpl.invoke(NativeMethodAccessorImpl.java:60)</st>
            <st ob="" eb="" sr="" id="2.7">        at sun.reflect.DelegatingMethodAccessorImpl.invoke(DelegatingMethodAccessorImpl.java:37)</st>
            <st ob="" eb="" sr="" id="2.8">        at org.apache.derbyTesting.junit.BaseTestCase.runBare(BaseTestCase.java:113)</st>
            <st ob="" eb="" sr="" id="2.9">        at junit.extensions.TestDecorator.basicRun(TestDecorator.java:22)</st>
            <st ob="" eb="" sr="" id="2.10">        at junit.extensions.TestSetup$1.protect(TestSetup.java:19)</st>
            <st ob="" eb="" sr="" id="2.11">        at junit.extensions.TestSetup.run(TestSetup.java:16)</st>
            <st ob="" eb="" sr="" id="2.12">2) testConnectWrongSubprotoctestolWithoutSystemProperty(org.apache.derbyTesting.functionTests.tests.tools.ConnectWrongSubprotocolTest)junit.framework.</st>
            <st ob="" eb="" sr="" id="2.13">AssertionFailedError at org.apache.derbyTesting.functionTests.tests.tools.ConnectWrongSubprotocolTest.checkConnectWrongSubprotocol(ConnectWrongSubprotocolTest.java</st>
            <st ob="" eb="" sr="" id="2.14">:82)</st>
            <st ob="" eb="" sr="" id="2.15">at org.apache.derbyTesting.functionTests.tests.tools.ConnectWrongSubprotocolTest.testConnectWrongSubprotoctestolWithoutSystemProperty(ConnectW rongSubprotocolTest.java:76)</st>
            <st ob="" eb="" sr="" id="2.16">        at sun.reflect.NativeMethodAccessorImpl.invoke0(Native Method)</st>
            <st ob="" eb="" sr="" id="2.17">        at sun.reflect.NativeMethodAccessorImpl.invoke(NativeMethodAccessorImpl.java:60)</st>
            <st ob="" eb="" sr="" id="2.18">        at sun.reflect.DelegatingMethodAccessorImpl.invoke(DelegatingMethodAccessorImpl.java:37)</st>
            <st ob="" eb="" sr="" id="2.19">        at org.apache.derbyTesting.junit.BaseTestCase.runBare(BaseTestCase.java:113)</st>
            <st ob="" eb="" sr="" id="2.20">        at junit.extensions.TestDecorator.basicRun(TestDecorator.java:22)</st>
            <st ob="" eb="" sr="" id="2.21">        at junit.extensions.TestSetup$1.protect(TestSetup.java:19)</st>
            <st ob="" eb="" sr="" id="2.22">        at junit.extensions.TestSetup.run(TestSetup.java:16)</st>
        </parg>
        <parg ob="" eb="" sr="" id="3">
            <st ob="" eb="" sr="" id="3.1">FAILURES!!!</st>
            <st ob="" eb="" sr="" id="3.2">Tests run: 13984,  Failures: 2,  Errors: 0</st>
        </parg>
        <parg ob="" eb="" sr="" id="4">
            <st ob="" eb="" sr="" id="4.1">The test is newly converted with DERBY-5084 so not likely a regression, but probably more likely an encoding issue related to this test:</st>
            <st ob="" eb="" sr="" id="4.2">String ijResult = runIjScript(ijScript, useSystemProperties);</st>
            <st ob="" eb="" sr="" id="4.3">assertTrue(ijResult.indexOf("08001") &gt; -1);</st>
        </parg>
    </desc>
</bug>
