<?xml version="1.0" encoding="UTF-8" standalone="yes"?>
<bug no-bug="" comments="">
    <id>DERBY-5740</id>
    <title ob="" eb="" sr="">Remove unsued code in AlterTableConstantaction.columnDroppedAndTriggerDependencies</title>
    <desc>
        <parg ob="" eb="" sr="" id="1">
            <st ob="x" eb="" sr="" id="1.1">The following code is executed, but the results are not used:
			CollectNodesVisitor visitor = new CollectNodesVisitor(ColumnReference.class);
			stmtnode.accept(visitor);
			Vector refs = visitor.getList();  &lt;--- never used</st>
        </parg>
        <parg ob="" eb="" sr="" id="2">
            <st ob="" eb="" sr="" id="2.1">I plan to remove the code, but just want to record it here in case there are side-effects by using the visitor.</st>
        </parg>
    </desc>
</bug>
