<?xml version="1.0" encoding="UTF-8" standalone="yes"?>
<bug no-bug="" comments="">
    <id>DERBY-4624</id>
    <title ob="x" eb="" sr="">Broken logic for avoiding testing across midnight in TimestampArithTest</title>
    <desc>
        <parg ob="" eb="" sr="" id="1">
            <st ob="" eb="" sr="" id="1.1">TimestampArithTest's decorator has this code to avoid failures in case the test starts close to midnight:</st>
        </parg>
        <parg ob="" eb="" sr="" id="2">
            <st ob="" eb="" sr="" id="2.1">/*</st>
            <st ob="" eb="" sr="" id="2.2">* Make sure that we are not so close to midnight that TODAY</st>
            <st ob="" eb="" sr="" id="2.3">* might be yesterday before we are finished using it.</st>
            <st ob="" eb="" sr="" id="2.4">*/</st>
            <st ob="" eb="" sr="" id="2.5">while (calendar.get(Calendar.HOUR) == 23</st>
            <st ob="" eb="" sr="" id="2.6">&amp;&amp; calendar.get(Calendar.MINUTE) &gt;= 58) {</st>
            <st ob="" eb="" sr="" id="2.7">try {</st>
            <st ob="" eb="" sr="" id="2.8">Thread.sleep((60 - calendar.get(Calendar.SECOND)) * 1000);</st>
            <st ob="" eb="" sr="" id="2.9">} catch (InterruptedException ie) {</st>
            <st ob="" eb="" sr="" id="2.10">// ignore it</st>
            <st ob="" eb="" sr="" id="2.11">}</st>
            <st ob="" eb="" sr="" id="2.12">}</st>
        </parg>
        <parg ob="" eb="" sr="" id="3">
            <st ob="" eb="" sr="" id="3.1">There are at least three problems with this code:</st>
        </parg>
        <parg ob="" eb="" sr="" id="4">
            <st ob="" eb="" sr="" id="4.1">1 (calendar.get(Calendar.HOUR) == 23) never evaluates to true, because calendar.get(Calendar.HOUR) returns values in the range 0-11.</st>
            <st ob="" eb="" sr="" id="4.2">Calendar.HOUR_OF_DAY should be used instead.</st>
        </parg>
        <parg ob="" eb="" sr="" id="5">
            <st ob="x" eb="" sr="" id="5.1">2 If the current time is after 23:58 and before 23:59, the code sleeps until 23:59, the test will wait until 23:59 before it starts, making it even more likely that it will cross midnight while running.</st>
        </parg>
        <parg ob="" eb="" sr="" id="6">
            <st ob="x" eb="" sr="" id="6.1">3 The code is executed after the Calendar object has been initialized, so if this code is ever triggered and waits until after midnight, the TODAY field is guaranteed to be yesterday when the test starts executing.</st>
        </parg>
    </desc>
</bug>
