<?xml version="1.0" encoding="UTF-8" standalone="yes"?>
<bug no-bug="" comments="">
    <id>DERBY-4786</id>
    <title ob="" eb="x" sr="">Shutdown command without username and password should work with mixed client and network server releases.</title>
    <desc>
        <parg ob="" eb="" sr="" id="1">
            <st ob="" eb="" sr="" id="1.1">DERBY-2109 introduced optional parameters username and password to the shutdown command.</st>
            <st ob="x" eb="" sr="" id="1.2">But with this fix, the existing shutdown command which does not use username and password stopped working from client with DERBY-2109 changes against a network server without DERBY-2109 changes.</st>
        </parg>
        <parg ob="" eb="" sr="" id="2">
            <st ob="" eb="" sr="" id="2.1">This jira is to ensure that existing shutdown command without user name and password still works fine between different releases of client and network server(with or without DERBY-2109).</st>
            <st ob="" eb="x" sr="" id="2.2">The new shutdown command introduced by DERBY-2109 will work obviosuly only on client and server with DERBY-2109 changes.</st>
            <st ob="" eb="x" sr="" id="2.3">For client/server not with DERBY-2109 changes attempting to user use name and password will get an error.</st>
        </parg>
    </desc>
</bug>
