<?xml version="1.0" encoding="UTF-8" standalone="yes"?>
<bug no-bug="" comments="">
    <id>DERBY-5045</id>
    <title ob="x" eb="" sr="">Assert failures in UpdateStatisticsTest</title>
    <desc>
        <parg ob="" eb="" sr="" id="1">
            <st ob="x" eb="" sr="x" id="1.1">I saw these failures when running suites.All against revision 1070949 + the 1b patch attached to DERBY-642:</st>
        </parg>
        <parg ob="" eb="" sr="" id="2">
            <st ob="" eb="" sr="" id="2.1">junit.framework.AssertionFailedError: Index statistics for &lt;ALL TABLES&gt;</st>
            <st ob="" eb="" sr="" id="2.2">1: {tableId=94a458d3-012e-2a1f-d23d-ffff93077fa3, tableName=&lt;n/a&gt;, indexName=&lt;n/a&gt;, lcols=1, rows=160, unique/card=160, created=2011-02-15 17:31:00.951}</st>
            <st ob="" eb="" sr="" id="2.3"> expected:&lt;0&gt; but was:&lt;1&gt;</st>
            <st ob="" eb="" sr="" id="2.4">	at org.apache.derbyTesting.junit.IndexStatsUtil.assertStats(IndexStatsUtil.java:132)</st>
            <st ob="" eb="" sr="" id="2.5">	at org.apache.derbyTesting.junit.IndexStatsUtil.assertNoStats(IndexStatsUtil.java:109)</st>
            <st ob="" eb="" sr="" id="2.6">	at org.apache.derbyTesting.functionTests.tests.lang.UpdateStatisticsTest.testUpdateStatistics(UpdateStatisticsTest.java:91)</st>
            <st ob="" eb="" sr="" id="2.7">	at org.apache.derbyTesting.junit.BaseTestCase.runBare(BaseTestCase.java:112)</st>
            <st ob="" eb="" sr="" id="2.8">	at junit.extensions.TestDecorator.basicRun(TestDecorator.java:24)</st>
            <st ob="" eb="" sr="" id="2.9">	at junit.extensions.TestSetup$1.protect(TestSetup.java:23)</st>
            <st ob="" eb="" sr="" id="2.10">	at junit.extensions.TestSetup.run(TestSetup.java:27)</st>
            <st ob="" eb="" sr="" id="2.11">	at org.apache.derbyTesting.junit.BaseTestSetup.run(BaseTestSetup.java:57)</st>
            <st ob="" eb="" sr="" id="2.12">	at junit.extensions.TestDecorator.basicRun(TestDecorator.java:24)</st>
            <st ob="" eb="" sr="" id="2.13">	at junit.extensions.TestSetup$1.protect(TestSetup.java:23)</st>
            <st ob="" eb="" sr="" id="2.14">	at junit.extensions.TestSetup.run(TestSetup.java:27)</st>
            <st ob="" eb="" sr="" id="2.15">	at org.apache.derbyTesting.junit.BaseTestSetup.run(BaseTestSetup.java:57)</st>
        </parg>
        <parg ob="" eb="" sr="" id="3">
            <st ob="" eb="" sr="" id="3.1"></st>
            <st ob="" eb="" sr="" id="3.2">junit.framework.AssertionFailedError: Index statistics for &lt;ALL TABLES&gt;</st>
            <st ob="" eb="" sr="" id="3.3">1: {tableId=94a458d3-012e-2a1f-d23d-ffff93077fa3, tableName=&lt;n/a&gt;, indexName=&lt;n/a&gt;, lcols=1, rows=160, unique/card=160, created=2011-02-15 17:31:00.951}</st>
            <st ob="" eb="" sr="" id="3.4"> expected:&lt;0&gt; but was:&lt;1&gt;</st>
            <st ob="" eb="" sr="" id="3.5">	at org.apache.derbyTesting.junit.IndexStatsUtil.assertStats(IndexStatsUtil.java:132)</st>
            <st ob="" eb="" sr="" id="3.6">	at org.apache.derbyTesting.junit.IndexStatsUtil.assertNoStats(IndexStatsUtil.java:109)</st>
            <st ob="" eb="" sr="" id="3.7">	at org.apache.derbyTesting.functionTests.tests.lang.UpdateStatisticsTest.testUpdateStatistics(UpdateStatisticsTest.java:91)</st>
            <st ob="" eb="" sr="" id="3.8">	at org.apache.derbyTesting.junit.BaseTestCase.runBare(BaseTestCase.java:112)</st>
            <st ob="" eb="" sr="" id="3.9">	at junit.extensions.TestDecorator.basicRun(TestDecorator.java:24)</st>
            <st ob="" eb="" sr="" id="3.10">	at junit.extensions.TestSetup$1.protect(TestSetup.java:23)</st>
            <st ob="" eb="" sr="" id="3.11">	at junit.extensions.TestSetup.run(TestSetup.java:27)</st>
            <st ob="" eb="" sr="" id="3.12">	at org.apache.derbyTesting.junit.BaseTestSetup.run(BaseTestSetup.java:57)</st>
            <st ob="" eb="" sr="" id="3.13">	at junit.extensions.TestDecorator.basicRun(TestDecorator.java:24)</st>
            <st ob="" eb="" sr="" id="3.14">	at junit.extensions.TestSetup$1.protect(TestSetup.java:23)</st>
            <st ob="" eb="" sr="" id="3.15">	at junit.extensions.TestSetup.run(TestSetup.java:27)</st>
            <st ob="" eb="" sr="" id="3.16">	at junit.extensions.TestDecorator.basicRun(TestDecorator.java:24)</st>
            <st ob="" eb="" sr="" id="3.17">	at junit.extensions.TestSetup$1.protect(TestSetup.java:23)</st>
            <st ob="" eb="" sr="" id="3.18">	at junit.extensions.TestSetup.run(TestSetup.java:27)</st>
            <st ob="" eb="" sr="" id="3.19">	at org.apache.derbyTesting.junit.BaseTestSetup.run(BaseTestSetup.java:57)</st>
            <st ob="" eb="" sr="" id="3.20">	at junit.extensions.TestDecorator.basicRun(TestDecorator.java:24)</st>
            <st ob="" eb="" sr="" id="3.21">	at junit.extensions.TestSetup$1.protect(TestSetup.java:23)</st>
            <st ob="" eb="" sr="" id="3.22">	at junit.extensions.TestSetup.run(TestSetup.java:27)</st>
            <st ob="" eb="" sr="" id="3.23">	at org.apache.derbyTesting.junit.BaseTestSetup.run(BaseTestSetup.java:57)</st>
        </parg>
    </desc>
</bug>
