<?xml version="1.0" encoding="UTF-8" standalone="yes"?>
<bug no-bug="" comments="">
    <id>DERBY-4772</id>
    <title ob="x" eb="" sr="">Data truncation error with XPLAIN-functionality enabled</title>
    <desc>
        <parg ob="" eb="" sr="" id="1">
            <st ob="x" eb="" sr="" id="1.1">When running a modified version of lang.OrderByAndSortAvoidance I get the following error:</st>
        </parg>
        <parg ob="" eb="" sr="" id="2">
            <st ob="" eb="" sr="" id="2.1">java.sql.SQLDataException: A truncation error was encountered trying to shrink CHAR 'Thread[DRDAConnThread_3,5,derby.daemons]' to length 32.</st>
            <st ob="" eb="" sr="" id="2.2">	at org.apache.derby.impl.jdbc.SQLExceptionFactory40.getSQLException(SQLExceptionFactory40.java:79)</st>
            <st ob="" eb="" sr="" id="2.3">	at org.apache.derby.impl.jdbc.Util.generateCsSQLException(Util.java:256)</st>
            <st ob="" eb="" sr="" id="2.4">	at org.apache.derby.impl.jdbc.TransactionResourceImpl.wrapInSQLException(TransactionResourceImpl.java:391)</st>
            <st ob="" eb="" sr="" id="2.5">	at org.apache.derby.impl.jdbc.TransactionResourceImpl.handleException(TransactionResourceImpl.java:346)</st>
            <st ob="" eb="" sr="" id="2.6">	at org.apache.derby.impl.jdbc.EmbedConnection.handleException(EmbedConnection.java:2269)</st>
            <st ob="" eb="" sr="" id="2.7">	at org.apache.derby.impl.jdbc.ConnectionChild.handleException(ConnectionChild.java:81)</st>
            <st ob="" eb="" sr="" id="2.8">	at org.apache.derby.impl.jdbc.EmbedStatement.executeStatement(EmbedStatement.java:1321)</st>
            <st ob="" eb="" sr="" id="2.9">	at org.apache.derby.impl.jdbc.EmbedPreparedStatement.executeStatement(EmbedPreparedStatement.java:1673)</st>
            <st ob="" eb="" sr="" id="2.10">	at org.apache.derby.impl.jdbc.EmbedPreparedStatement.executeUpdate(EmbedPreparedStatement.java:303)</st>
            <st ob="" eb="" sr="" id="2.11">	at org.apache.derby.impl.sql.execute.xplain.XPLAINSystemTableVisitor.addStmtDescriptorsToSystemCatalog(XPLAINSystemTableVisitor.java:390)</st>
            <st ob="" eb="" sr="" id="2.12">	at org.apache.derby.impl.sql.execute.xplain.XPLAINSystemTableVisitor.doXPLAIN(XPLAINSystemTableVisitor.java:317)</st>
            <st ob="" eb="" sr="" id="2.13">	at org.apache.derby.impl.sql.execute.NoPutResultSetImpl.close(NoPutResultSetImpl.java:179)</st>
            <st ob="" eb="" sr="" id="2.14">	at org.apache.derby.impl.sql.execute.SortResultSet.close(SortResultSet.java:467)</st>
            <st ob="" eb="" sr="" id="2.15">	at org.apache.derby.impl.jdbc.EmbedResultSet.close(EmbedResultSet.java:575)</st>
            <st ob="" eb="" sr="" id="2.16">	at org.apache.derby.impl.drda.DRDAResultSet.close(DRDAResultSet.java:338)</st>
            <st ob="" eb="" sr="" id="2.17">	at org.apache.derby.impl.drda.DRDAStatement.rsClose(DRDAStatement.java:995)</st>
            <st ob="" eb="" sr="" id="2.18">	at org.apache.derby.impl.drda.DRDAConnThread.doneData(DRDAConnThread.java:7446)</st>
            <st ob="" eb="" sr="" id="2.19">	at org.apache.derby.impl.drda.DRDAConnThread.writeFDODTA(DRDAConnThread.java:7026)</st>
            <st ob="" eb="" sr="" id="2.20">	at org.apache.derby.impl.drda.DRDAConnThread.writeQRYDTA(DRDAConnThread.java:6910)</st>
            <st ob="" eb="" sr="" id="2.21">	at org.apache.derby.impl.drda.DRDAConnThread.processCommands(DRDAConnThread.java:870)</st>
            <st ob="" eb="" sr="" id="2.22">	at org.apache.derby.impl.drda.DRDAConnThread.run(DRDAConnThread.java:294)</st>
            <st ob="" eb="" sr="" id="2.23">Caused by: java.sql.SQLException: A truncation error was encountered trying to shrink CHAR 'Thread[DRDAConnThread_3,5,derby.daemons]' to length 32.</st>
            <st ob="" eb="" sr="" id="2.24">	at org.apache.derby.impl.jdbc.SQLExceptionFactory.getSQLException(SQLExceptionFactory.java:45)</st>
            <st ob="" eb="" sr="" id="2.25">	at org.apache.derby.impl.jdbc.SQLExceptionFactory40.wrapArgsForTransportAcrossDRDA(SQLExceptionFactory40.java:119)</st>
            <st ob="" eb="" sr="" id="2.26">	at org.apache.derby.impl.jdbc.SQLExceptionFactory40.getSQLException(SQLExceptionFactory40.java:70)</st>
            <st ob="" eb="" sr="" id="2.27">	... 20 more</st>
            <st ob="" eb="" sr="" id="2.28">Caused by: ERROR 22001: A truncation error was encountered trying to shrink CHAR 'Thread[DRDAConnThread_3,5,derby.daemons]' to length 32.</st>
            <st ob="" eb="" sr="" id="2.29">	at org.apache.derby.iapi.error.StandardException.newException(StandardException.java:343)</st>
            <st ob="" eb="" sr="" id="2.30">	at org.apache.derby.iapi.types.SQLChar.hasNonBlankChars(SQLChar.java:1767)</st>
            <st ob="" eb="" sr="" id="2.31">	at org.apache.derby.iapi.types.SQLChar.normalize(SQLChar.java:1743)</st>
            <st ob="" eb="" sr="" id="2.32">	at org.apache.derby.iapi.types.SQLChar.normalize(SQLChar.java:1695)</st>
            <st ob="" eb="" sr="" id="2.33">	at org.apache.derby.iapi.types.DataTypeDescriptor.normalize(DataTypeDescriptor.java:648)</st>
            <st ob="" eb="" sr="" id="2.34">	at org.apache.derby.impl.sql.execute.NormalizeResultSet.normalizeColumn(NormalizeResultSet.java:329)</st>
            <st ob="" eb="" sr="" id="2.35">	at org.apache.derby.impl.sql.execute.NormalizeResultSet.normalizeRow(NormalizeResultSet.java:373)</st>
            <st ob="" eb="" sr="" id="2.36">	at org.apache.derby.impl.sql.execute.NormalizeResultSet.getNextRowCore(NormalizeResultSet.java:188)</st>
            <st ob="" eb="" sr="" id="2.37">	at org.apache.derby.impl.sql.execute.DMLWriteResultSet.getNextRowCore(DMLWriteResultSet.java:127)</st>
            <st ob="" eb="" sr="" id="2.38">	at org.apache.derby.impl.sql.execute.InsertResultSet.open(InsertResultSet.java:504)</st>
            <st ob="" eb="" sr="" id="2.39">	at org.apache.derby.impl.sql.GenericPreparedStatement.executeStmt(GenericPreparedStatement.java:436)</st>
            <st ob="" eb="" sr="" id="2.40">	at org.apache.derby.impl.sql.GenericPreparedStatement.execute(GenericPreparedStatement.java:317)</st>
            <st ob="" eb="" sr="" id="2.41">	at org.apache.derby.impl.jdbc.EmbedStatement.executeStatement(EmbedStatement.java:1232)</st>
            <st ob="" eb="" sr="" id="2.42">	... 14 more</st>
        </parg>
        <parg ob="" eb="" sr="" id="3">
            <st ob="" eb="" sr="" id="3.1">I suspect the error can be triggered easily in client/server, but for convenience I'll attach the patch for the test where I see the issue.</st>
        </parg>
    </desc>
</bug>
