<?xml version="1.0" encoding="UTF-8" standalone="yes"?>
<bug no-bug="" comments="">
    <id>DERBY-5933</id>
    <title ob="" eb="" sr="">SQL sorting error</title>
    <desc>
        <parg ob="" eb="" sr="" id="1">
            <st ob="" eb="" sr="" id="1.1">Hello 
I have a simple database with 100 records.</st>
            <st ob="" eb="" sr="" id="1.2">I am running a SQL query from Netbeans GUI though JDBC</st>
        </parg>
        <parg ob="" eb="" sr="" id="2">
            <st ob="" eb="" sr="" id="2.1">This query was generated by Hibernate ORM.</st>
        </parg>
        <parg ob="" eb="" sr="" id="3">
            <st ob="x" eb="" sr="" id="3.1">In certain circumstances the result rowset is not sorting.</st>
        </parg>
        <parg ob="" eb="" sr="" id="4">
            <st ob="x" eb="" sr="" id="4.1">When I use  condition morefld2_.</st>
            <st ob="x" eb="" sr="" id="4.2">mf_id in (5) the result is unsortable.</st>
            <st ob="x" eb="" sr="" id="4.3">When I use  condition morefld2_.</st>
            <st ob="x" eb="" sr="" id="4.4">mf_id in (5,0) the result is sorting properly.</st>
        </parg>
    </desc>
</bug>
