<?xml version="1.0" encoding="UTF-8" standalone="yes"?>
<bug no-bug="" comments="">
    <id>DERBY-4269</id>
    <title ob="x" eb="" sr="">Failover did not succeed in 2 min.: testReplication_Local_3_p6_autocommit_OK</title>
    <desc>
        <parg ob="" eb="" sr="" id="1">
            <st ob="x" eb="" sr="" id="1.1">Failover did not succeed.</st>
            <st ob="" eb="" sr="" id="1.2">2 testReplication_Local_3_p6_autocommit_OK(org.apache.derbyTesting.functionTests.tests.replicationTests.ReplicationRun_Local_3_p6)junit.framework.AssertionFailedError: Failover did not succeed.</st>
            <st ob="" eb="" sr="" id="1.3">	at org.apache.derbyTesting.functionTests.tests.replicationTests.ReplicationRun.connectPing(ReplicationRun.java:270)</st>
            <st ob="" eb="" sr="" id="1.4">	at org.apache.derbyTesting.functionTests.tests.replicationTests.ReplicationRun_Local_3_p6.derby_3896(ReplicationRun_Local_3_p6.java:200)</st>
            <st ob="" eb="" sr="" id="1.5">	at org.apache.derbyTesting.functionTests.tests.replicationTests.ReplicationRun_Local_3_p6.testReplication_Local_3_p6_autocommit_OK(ReplicationRun_Local_3_p6.java:86)</st>
            <st ob="" eb="" sr="" id="1.6">	at sun.reflect.NativeMethodAccessorImpl.invoke0(Native Method)</st>
            <st ob="" eb="" sr="" id="1.7">	at sun.reflect.NativeMethodAccessorImpl.invoke(NativeMethodAccessorImpl.java:39)</st>
            <st ob="" eb="" sr="" id="1.8">	at sun.reflect.DelegatingMethodAccessorImpl.invoke(DelegatingMethodAccessorImpl.java:25)</st>
            <st ob="" eb="" sr="" id="1.9">	at org.apache.derbyTesting.junit.BaseTestCase.runBare(BaseTestCase.java:106)</st>
            <st ob="" eb="" sr="" id="1.10">	at junit.extensions.TestDecorator.basicRun(TestDecorator.java:24)</st>
            <st ob="" eb="" sr="" id="1.11">	at junit.extensions.TestSetup$1.protect(TestSetup.java:21)</st>
            <st ob="" eb="" sr="" id="1.12">	at junit.extensions.TestSetup.run(TestSetup.java:25)</st>
        </parg>
        <parg ob="" eb="" sr="" id="2">
            <st ob="" eb="" sr="" id="2.1">See http://dbtg.thresher.com/derby/test/Daily/jvm1.4/testing/testlog/vista-64/782274-suitesAll_diff.txt</st>
        </parg>
    </desc>
</bug>
