<?xml version="1.0" encoding="UTF-8" standalone="yes"?>
<bug no-bug="" comments="mentions classes">
    <id>DERBY-4892</id>
    <title ob="x" eb="" sr="">Unsafe use of BigDecimal constructors</title>
    <desc>
        <parg ob="" eb="" sr="" id="1">
            <st ob="" eb="" sr="" id="1.1">We have some code that's supposed to work on Java 1.4, but that uses BigDecimal constructors that were not added until Java 5.</st>
            <st ob="" eb="" sr="" id="1.2">The problematic constructors are the ones that take a single int or long.</st>
        </parg>
        <parg ob="" eb="" sr="" id="2">
            <st ob="" eb="" sr="" id="2.1">The constructors are used in the following classes:</st>
        </parg>
        <parg ob="" eb="" sr="" id="3">
            <st ob="" eb="" sr="" id="3.1">org.apache.derby.client.am.Cursor
org.apache.derbyTesting.functionTests.tests.lang.Price
org.apache.derbyTesting.system.oe.client.Submitter</st>
        </parg>
        <parg ob="" eb="" sr="" id="4">
            <st ob="" eb="" sr="" id="4.1">All of the classes are compiled against ${java14compile.classpath}, so one would expect the build to fail when java14compile.classpath pointed to proper Java 1.4 libraries.</st>
            <st ob="" eb="" sr="" id="4.2">However, there is a constructor with a double parameter in Java 1.4, and the compiler picks that constructor if it cannot find the ones for int and long.</st>
            <st ob="" eb="" sr="" id="4.3">If that happens, the compiled byte-code works on Java 1.4 and newer, and everything is fine.</st>
        </parg>
        <parg ob="" eb="" sr="" id="5">
            <st ob="x" eb="" sr="" id="5.1">The problem appears when the build does not use the Java 1.4 libraries.</st>
            <st ob="" eb="" sr="" id="5.2">This can easily happen if you build without a customized ant.properties, and PropertySetter ends up building java14compile.classpath based on the auto-detected java15compile.classpath.</st>
            <st ob="" eb="" sr="" id="5.3">In that case, the compiler finds the int and long variants of the constructor, even when building against java14compile.classpath.</st>
            <st ob="x" eb="" sr="" id="5.4">The compiled byte-code will therefore use those Java 5 constructors, and the code will fail at run-time if ever executed on a Java 1.4 JVM.</st>
        </parg>
        <parg ob="" eb="" sr="" id="6">
            <st ob="" eb="" sr="x" id="6.1">To reproduce, build Derby without ant.properties on a system where PropertySetter doesn't find JDK 1.4.</st>
            <st ob="" eb="" sr="x" id="6.2">Verify with -DprintCompilerProperties=true that java14compile.classpath is built up of jar files from a Java 5 or Java 6 directory.</st>
            <st ob="" eb="" sr="x" id="6.3">Then run org.apache.derbyTesting.functionTests.tests.lang.UDTTest using a Java 1.4 JVM.</st>
            <st ob="x" eb="" sr="" id="6.4">You'll see two errors of this kind:</st>
        </parg>
        <parg ob="" eb="" sr="" id="7">
            <st ob="" eb="" sr="" id="7.1">1 test_06_casts(org.apache.derbyTesting.functionTests.tests.lang.UDTTest)java.lang.NoSuchMethodError: java.math.BigDecimal.</st>
            <st ob="" eb="" sr="" id="7.2">&lt;init&gt;(I)V</st>
            <st ob="" eb="" sr="" id="7.3">	at org.apache.derbyTesting.functionTests.tests.lang.Price.makePrice(Price.java:49)</st>
            <st ob="" eb="" sr="" id="7.4">	at org.apache.derbyTesting.functionTests.tests.lang.UDTTest.test_06_casts(UDTTest.java:501)</st>
            <st ob="" eb="" sr="" id="7.5">	at sun.reflect.NativeMethodAccessorImpl.invoke0(Native Method)</st>
            <st ob="" eb="" sr="" id="7.6">	at sun.reflect.NativeMethodAccessorImpl.invoke(Unknown Source)</st>
            <st ob="" eb="" sr="" id="7.7">	at sun.reflect.DelegatingMethodAccessorImpl.invoke(Unknown Source)</st>
            <st ob="" eb="" sr="" id="7.8">	at org.apache.derbyTesting.junit.BaseTestCase.runBare(BaseTestCase.java:109)</st>
            <st ob="" eb="" sr="" id="7.9">	at junit.extensions.TestDecorator.basicRun(TestDecorator.java:24)</st>
            <st ob="" eb="" sr="" id="7.10">	at junit.extensions.TestSetup$1.protect(TestSetup.java:21)</st>
            <st ob="" eb="" sr="" id="7.11">	at junit.extensions.TestSetup.run(TestSetup.java:25)</st>
            <st ob="" eb="" sr="" id="7.12">	at org.apache.derbyTesting.junit.BaseTestSetup.run(BaseTestSetup.java:57)</st>
            <st ob="" eb="" sr="" id="7.13">	at junit.extensions.TestDecorator.basicRun(TestDecorator.java:24)</st>
            <st ob="" eb="" sr="" id="7.14">	at junit.extensions.TestSetup$1.protect(TestSetup.java:21)</st>
            <st ob="" eb="" sr="" id="7.15">	at junit.extensions.TestSetup.run(TestSetup.java:25)</st>
            <st ob="" eb="" sr="" id="7.16">	at org.apache.derbyTesting.junit.BaseTestSetup.run(BaseTestSetup.java:57)</st>
        </parg>
        <parg ob="" eb="" sr="" id="8">
            <st ob="" eb="" sr="x" id="8.1">The problem in client.am.Cursor can be seen if you follow the same procedure as above, and instead of UDTTest run ParameterMappingTest with the patch for DERBY-4891 that enables testing of booleans.</st>
        </parg>
    </desc>
</bug>
