<?xml version="1.0" encoding="UTF-8" standalone="yes"?>
<bug no-bug="" comments="">
    <id>DERBY-4755</id>
    <title ob="x" eb="" sr="">DERBY-4601 added a new message to derby.log during engine shutdown and it changed the database shutdown message. Need to update docs with that information</title>
    <desc>
        <parg ob="" eb="" sr="" id="1">
            <st ob="x" eb="" sr="" id="1.1">DERBY-4601 added a new message to derby.log during engine shutdown and it changed the database shutdown message.</st>
            <st ob="" eb="" sr="" id="1.2">Need to update docs with that information.</st>
            <st ob="" eb="" sr="" id="1.3">I have found 2 places in our docs where we show examples of shutdown messages</st>
            <st ob="" eb="" sr="" id="1.4">1 In Getting started Guide, under Creating a Derby database and running SQL statements section, we show a typical startup and shutdown message.</st>
            <st ob="" eb="" sr="" id="1.5">That section will need to change</st>
            <st ob="" eb="" sr="" id="1.6">2 In Derby Developer's Guide, under section Derby System -&gt; Shutting down the system</st>
        </parg>
        <parg ob="" eb="" sr="" id="2">
            <st ob="" eb="" sr="" id="2.1">An eg of engine shutdown message in derby.log is
2010-07-23 18:59:24.078 GMT Thread[main,5,main] :Shutting down Derby Engine</st>
        </parg>
        <parg ob="" eb="" sr="" id="3">
            <st ob="" eb="" sr="" id="3.1">An eg of database shutdown message is as follows
2010-07-20 17:23:55.171 GMT:
Shutting down instance 80220011-0129-f0e1-f479-0000000c5ef0 on database directory C:\p4clients\svnmain\client2\trunk\systest\out142\dbs\tours3 with class loader sun.misc.Launcher$AppClassLoader@3f6e3f6e 
(Notice that this message includes the name of the db getting shutdown.</st>
            <st ob="" eb="" sr="" id="3.2">Before the changes for DERBY-4601 went in, we didn't include the name of the database)</st>
        </parg>
    </desc>
</bug>
