<?xml version="1.0" encoding="UTF-8" standalone="yes"?>
<bug no-bug="" comments="">
    <id>DERBY-4835</id>
    <title ob="x" eb="" sr="">Trigger plan does not recompile with upgrade from 10.5.3.0 to 10.6.1.0 causing  java.lang.NoSuchMethodError</title>
    <desc>
        <parg ob="" eb="" sr="" id="1">
            <st ob="x" eb="" sr="" id="1.1">Trigger plan does not recompile on upgrade from 10.5.3.0 to 10.6.1.0  causing the following exception  the first time the trigger is fired after upgrade.</st>
        </parg>
        <parg ob="" eb="" sr="" id="2">
            <st ob="" eb="" sr="" id="2.1">ATABASE = wombat), (DRDAID = null), Failed Statement is: INSERT INTO tidlggls(blt_number,create_date,update_date,propagation_date,glossary_status,
     time_stamp,min_max_size )
 VALUES ( (select max(blt_number) from tidlrblt), CURRENT_DATE,
CURRENT_DATE, CURRENT_DATE, '00' , CURRENT_TIMESTAMP, (select min_max_size from tidlrblt where blt_number = (select max(blt_number) from tidlrblt)))</st>
        </parg>
        <parg ob="" eb="" sr="" id="3">
            <st ob="" eb="" sr="" id="3.1">java.lang.NoSuchMethodError: org/apache/derby/iapi/sql/execute/ResultSetFactory.getProjectRestrictResultSet(Lorg/apache/derby/iapi/sql/execute/NoPutResultSet;Lorg/apache/derby/iapi/services/loader/GeneratedMethod;Lorg/apache/derby/iapi/services/loader/GeneratedMethod;ILorg/apache/derby/iapi/services/loader/GeneratedMethod;IZZDD)Lorg/apache/derby/iapi/sql/execute/NoPutResultSet;</st>
        </parg>
        <parg ob="" eb="" sr="" id="4">
            <st ob="" eb="" sr="" id="4.1">	at org.apache.derby.exe.acf81e0010x012bx823cxd0d3x00000026c4a00.g0(Unknown Source)</st>
        </parg>
        <parg ob="" eb="" sr="" id="5">
            <st ob="" eb="" sr="" id="5.1">	at org.apache.derby.exe.acf81e0010x012bx823cxd0d3x00000026c4a00.execute(Unknown Source)</st>
        </parg>
        <parg ob="" eb="" sr="" id="6">
            <st ob="" eb="" sr="" id="6.1">	at org.apache.derby.impl.sql.GenericActivationHolder.execute(Unknown Source)</st>
        </parg>
        <parg ob="" eb="" sr="" id="7">
            <st ob="" eb="" sr="" id="7.1">	at org.apache.derby.impl.sql.GenericPreparedStatement.executeStmt(Unknown Source)</st>
        </parg>
        <parg ob="" eb="" sr="" id="8">
            <st ob="" eb="" sr="" id="8.1">	at org.apache.derby.impl.sql.GenericPreparedStatement.executeSubStatement(Unknown Source)</st>
        </parg>
        <parg ob="" eb="" sr="" id="9">
            <st ob="" eb="" sr="" id="9.1">	at org.apache.derby.impl.sql.execute.GenericTriggerExecutor.executeSPS(Unknown Source)</st>
        </parg>
        <parg ob="" eb="" sr="" id="10">
            <st ob="" eb="" sr="" id="10.1">	at org.apache.derby.impl.sql.execute.StatementTriggerExecutor.fireTrigger(Unknown Source)</st>
        </parg>
        <parg ob="" eb="" sr="" id="11">
            <st ob="" eb="" sr="" id="11.1">	at org.apache.derby.impl.sql.execute.TriggerEventActivator.notifyEvent(Unknown Source)</st>
        </parg>
        <parg ob="" eb="" sr="" id="12">
            <st ob="" eb="" sr="" id="12.1">	at org.apache.derby.impl.sql.execute.InsertResultSet.normalInsertCore(Unknown Source)</st>
        </parg>
        <parg ob="" eb="" sr="" id="13">
            <st ob="" eb="" sr="" id="13.1">	at org.apache.derby.impl.sql.execute.InsertResultSet.open(Unknown Source)</st>
        </parg>
        <parg ob="" eb="" sr="" id="14">
            <st ob="" eb="" sr="" id="14.1">	at org.apache.derby.impl.sql.GenericPreparedStatement.executeStmt(Unknown Source)</st>
        </parg>
        <parg ob="" eb="" sr="" id="15">
            <st ob="" eb="" sr="" id="15.1">	at org.apache.derby.impl.sql.GenericPreparedStatement.execute(Unknown Source)</st>
        </parg>
        <parg ob="" eb="" sr="" id="16">
            <st ob="" eb="" sr="" id="16.1">	at org.apache.derby.impl.jdbc.EmbedStatement.executeStatement(Unknown Source)</st>
        </parg>
        <parg ob="" eb="" sr="" id="17">
            <st ob="" eb="" sr="" id="17.1">	at org.apache.derby.impl.jdbc.EmbedStatement.execute(Unknown Source)</st>
        </parg>
        <parg ob="" eb="" sr="" id="18">
            <st ob="" eb="" sr="" id="18.1">	at org.apache.derby.impl.jdbc.EmbedStatement.execute(Unknown Source)</st>
        </parg>
        <parg ob="" eb="" sr="" id="19">
            <st ob="" eb="" sr="" id="19.1">	at org.apache.derby.impl.tools.ij.ij.executeImmediate(Unknown Source)</st>
        </parg>
        <parg ob="" eb="" sr="" id="20">
            <st ob="" eb="" sr="" id="20.1">	at org.apache.derby.impl.tools.ij.utilMain.doCatch(Unknown Source)</st>
        </parg>
        <parg ob="" eb="" sr="" id="21">
            <st ob="" eb="" sr="" id="21.1">	at org.apache.derby.impl.tools.ij.utilMain.runScriptGuts(Unknown Source)</st>
        </parg>
        <parg ob="" eb="" sr="" id="22">
            <st ob="" eb="" sr="" id="22.1">	at org.apache.derby.impl.tools.ij.utilMain.go(Unknown Source)</st>
        </parg>
        <parg ob="" eb="" sr="" id="23">
            <st ob="" eb="" sr="" id="23.1">	at org.apache.derby.impl.tools.ij.Main.go(Unknown Source)</st>
        </parg>
        <parg ob="" eb="" sr="" id="24">
            <st ob="" eb="" sr="" id="24.1">	at org.apache.derby.impl.tools.ij.Main.mainCore(Unknown Source)</st>
        </parg>
        <parg ob="" eb="" sr="" id="25">
            <st ob="" eb="" sr="" id="25.1">	at org.apache.derby.impl.tools.ij.Main.main(Unknown Source)</st>
        </parg>
        <parg ob="" eb="" sr="" id="26">
            <st ob="" eb="" sr="" id="26.1">	at org.apache.derby.tools.ij.main(Unknown Source)</st>
        </parg>
        <parg ob="" eb="" sr="" id="27">
            <st ob="" eb="" sr="" id="27.1">Cleanup action completed</st>
        </parg>
        <parg ob="" eb="" sr="" id="28">
            <st ob="" eb="" sr="x" id="28.1">To reproduce, run the attached script 10_5_3_work.sql with the 10.5.3.0  release and then connect with 10.6.1.0 and insert into the table with the trigger:</st>
        </parg>
        <parg ob="" eb="" sr="" id="29">
            <st ob="" eb="" sr="" id="29.1">connect 'jdbc:derby:wombat;upgrade=true';
 
INSERT INTO tidlrblt(BLT,BLT_SIZE,MIN_MAX_SIZE) VALUES('Mamatha Testing2', 15, 20);
ERROR XJ001: Java exception: 'org/apache/derby/iapi/sql/execute/ResultSetFactory
.</st>
            <st ob="" eb="" sr="" id="29.2">getProjectRestrictResultSet(Lorg/apache/derby/iapi/sql/execute/NoPutResultSet;L
org/apache/derby/iapi/services/loader/GeneratedMethod;Lorg/apache/derby/iapi/ser
vices/loader/GeneratedMethod;ILorg/apache/derby/iapi/services/loader/GeneratedMe
thod;IZZDD)Lorg/apache/derby/iapi/sql/execute/NoPutResultSet;: java.lang.NoSuchM
ethodError'.</st>
        </parg>
        <parg ob="" eb="" sr="" id="30">
            <st ob="" eb="" sr="" id="30.1">I think this may be related to the DERBY-1107 change in handleMinorRevisionChange which has the code:
if (fromVersion.majorVersionNumber &gt;= DataDictionary.DD_VERSION_DERBY_10_5)
				bootingDictionary.updateMetadataSPSes(tc);
			else
				bootingDictionary.clearSPSPlans();</st>
        </parg>
        <parg ob="" eb="" sr="" id="31">
            <st ob="" eb="" sr="" id="31.1">Likely, clearSPSPlans() should not be in the else clause but rather executed unconditionally.</st>
        </parg>
        <parg ob="" eb="" sr="" id="32">
            <st ob="" eb="" sr="" id="32.1">To work around the issue, after connecting with 10.6.1, drop and recreate the trigger as in workaround.sql</st>
        </parg>
    </desc>
</bug>
