<?xml version="1.0" encoding="UTF-8" standalone="yes"?>
<bug no-bug="" comments="">
    <id>DERBY-4665</id>
    <title ob="x" eb="" sr="">Unidiomatic error handling in TimestampArithTest</title>
    <desc>
        <parg ob="" eb="" sr="" id="1">
            <st ob="x" eb="" sr="" id="1.1">TimestampArithTest contains some error handling code that prevents the underlying error from being reported to the JUnit framework, and it may even terminate the JVM running the tests on some errors.</st>
            <st ob="" eb="" sr="" id="1.2">Examples:</st>
        </parg>
        <parg ob="" eb="" sr="" id="2">
            <st ob="" eb="" sr="" id="2.1">This code prints the stack trace of the underlying error to the terminal, but it won't be included in the report from the JUnit framework:</st>
        </parg>
        <parg ob="" eb="" sr="" id="3">
            <st ob="" eb="" sr="" id="3.1">printStackTrace(sqle);
					fail("Unexpected exception from statement '" + sql + "'");</st>
        </parg>
        <parg ob="" eb="" sr="" id="4">
            <st ob="" eb="" sr="" id="4.1">This code terminates the JVM on error, preventing subsequent tests from running, and also preventing the JUnit framework to report the results from the tests that did run:</st>
        </parg>
        <parg ob="" eb="" sr="" id="5">
            <st ob="" eb="" sr="" id="5.1">} catch (Exception e) {
			System.out.println(s + " is not a proper timestamp string.")</st>
            <st ob="" eb="" sr="" id="5.2">;
			System.out.println(e.getClass().</st>
            <st ob="" eb="" sr="" id="5.3">getName() + ": " + e.getMessage());
			e.printStackTrace();
			System.exit(1);
			return null;
		}</st>
        </parg>
    </desc>
</bug>
