<?xml version="1.0" encoding="UTF-8" standalone="yes"?>
<bug no-bug="" comments="">
    <id>DERBY-6058</id>
    <title ob="x" eb="" sr="">2 ClassNotFoundException failures on trunk with ibm's weme6.2 since build 1433263</title>
    <desc>
        <parg ob="" eb="" sr="" id="1">
            <st ob="x" eb="" sr="" id="1.1">Since the build of 1433263 on trunk, we see the following test failures:</st>
        </parg>
        <parg ob="" eb="" sr="" id="2">
            <st ob="" eb="" sr="" id="2.1">1 noSpecialCollation(org.apache.derbyTesting.functionTests.tests.lang.TableFunctionTest)java.sql.SQLException: The class 'org.apache.derbyTesting.functionTests.tests.lang.VarargsRoutines' does not exist or is inaccessible.</st>
            <st ob="" eb="" sr="" id="2.2">This can happen if the class is not public.</st>
            <st ob="" eb="" sr="" id="2.3">	at org.apache.derby.impl.jdbc.SQLExceptionFactory.getSQLException(Unknown Source)</st>
            <st ob="" eb="" sr="" id="2.4">	at org.apache.derby.impl.jdbc.Util.newEmbedSQLException(Unknown Source)</st>
            <st ob="" eb="" sr="" id="2.5">	at org.apache.derby.impl.jdbc.Util.seeNextException(Unknown Source)</st>
            <st ob="" eb="" sr="" id="2.6">	at org.apache.derby.impl.jdbc.TransactionResourceImpl.wrapInSQLException(Unknown Source)</st>
            <st ob="" eb="" sr="" id="2.7">	at org.apache.derby.impl.jdbc.TransactionResourceImpl.handleException(Unknown Source)</st>
            <st ob="" eb="" sr="" id="2.8">	at org.apache.derby.impl.jdbc.EmbedConnection.handleException(Unknown Source)</st>
            <st ob="" eb="" sr="" id="2.9">	at org.apache.derby.impl.jdbc.ConnectionChild.handleException(Unknown Source)</st>
            <st ob="" eb="" sr="" id="2.10">	at org.apache.derby.impl.jdbc.EmbedPreparedStatement.&lt;init&gt;(Unknown Source)</st>
            <st ob="" eb="" sr="" id="2.11">	at org.apache.derby.jdbc.Driver169.newEmbedPreparedStatement(Unknown Source)</st>
            <st ob="" eb="" sr="" id="2.12">	at org.apache.derby.impl.jdbc.EmbedConnection.prepareStatement(Unknown Source)</st>
            <st ob="" eb="" sr="" id="2.13">	at org.apache.derby.impl.jdbc.EmbedConnection.prepareStatement(Unknown Source)</st>
            <st ob="" eb="" sr="" id="2.14">	at org.apache.derbyTesting.junit.BaseJDBCTestCase.prepareStatement(BaseJDBCTestCase.java:217)</st>
            <st ob="" eb="" sr="" id="2.15">	at org.apache.derbyTesting.functionTests.tests.lang.TableFunctionTest.assertResults(TableFunctionTest.java:2579)</st>
            <st ob="" eb="" sr="" id="2.16">	at org.apache.derbyTesting.functionTests.tests.lang.TableFunctionTest.assertResults(TableFunctionTest.java:2568)</st>
            <st ob="" eb="" sr="" id="2.17">	at org.apache.derbyTesting.functionTests.tests.lang.TableFunctionTest.derby_6040(TableFunctionTest.java:2370)</st>
            <st ob="" eb="" sr="" id="2.18">	at org.apache.derbyTesting.functionTests.tests.lang.TableFunctionTest.miscBugs(TableFunctionTest.java:1936)</st>
            <st ob="" eb="" sr="" id="2.19">	at org.apache.derbyTesting.functionTests.tests.lang.TableFunctionTest.tableFunctionTest(TableFunctionTest.java:1005)</st>
            <st ob="" eb="" sr="" id="2.20">	at org.apache.derbyTesting.functionTests.tests.lang.TableFunctionTest.noSpecialCollation(TableFunctionTest.java:971)</st>
            <st ob="" eb="" sr="" id="2.21">	at java.lang.reflect.AccessibleObject.invokeV(AccessibleObject.java:195)</st>
            <st ob="" eb="" sr="" id="2.22">	at org.apache.derbyTesting.junit.BaseTestCase.runBare(BaseTestCase.java:117)</st>
            <st ob="" eb="" sr="" id="2.23">	at org.apache.derbyTesting.junit.BaseJDBCTestCase.runBareOverridable(BaseJDBCTestCase.java:424)</st>
            <st ob="" eb="" sr="" id="2.24">	at org.apache.derbyTesting.junit.BaseJDBCTestCase.runBare(BaseJDBCTestCase.java:441)</st>
            <st ob="" eb="" sr="" id="2.25">Caused by: java.sql.SQLException: Java exception: 'org.apache.derbyTesting.functionTests.tests.lang.VarargsRoutines : JVMCFRE003 bad major version; class=org/apache/derbyTesting/functionTests/tests/lang/VarargsRoutines, offset=6: java.lang.ClassNotFoundException'.</st>
            <st ob="" eb="" sr="" id="2.26">	at org.apache.derby.impl.jdbc.SQLExceptionFactory.getSQLException(Unknown Source)</st>
            <st ob="" eb="" sr="" id="2.27">	at org.apache.derby.impl.jdbc.Util.newEmbedSQLException(Unknown Source)</st>
            <st ob="" eb="" sr="" id="2.28">	at org.apache.derby.impl.jdbc.Util.javaException(Unknown Source)</st>
            <st ob="" eb="" sr="" id="2.29">	at org.apache.derby.impl.jdbc.TransactionResourceImpl.wrapInSQLException(Unknown Source)</st>
            <st ob="" eb="" sr="" id="2.30">... 37 more</st>
            <st ob="" eb="" sr="" id="2.31">Caused by: java.lang.ClassNotFoundException: org.apache.derbyTesting.functionTests.tests.lang.VarargsRoutines : JVMCFRE003 bad major version; class=org/apache/derbyTesting/functionTests/tests/lang/VarargsRoutines, offset=6</st>
            <st ob="" eb="" sr="" id="2.32">	at org.apache.derby.impl.services.reflect.DatabaseClasses.loadApplicationClass(Unknown Source)</st>
            <st ob="" eb="" sr="" id="2.33">	at org.apache.derby.iapi.services.loader.ClassInspector.getClass(Unknown Source)</st>
            <st ob="" eb="" sr="" id="2.34">	at org.apache.derby.iapi.services.loader.ClassInspector.accessible(Unknown Source)</st>
            <st ob="" eb="" sr="" id="2.35">	at org.apache.derby.impl.sql.compile.QueryTreeNode.verifyClassExist(Unknown Source)</st>
            <st ob="" eb="" sr="" id="2.36">	at org.apache.derby.impl.sql.compile.StaticMethodCallNode.bindExpression(Unknown Source)</st>
            <st ob="" eb="" sr="" id="2.37">	at org.apache.derby.impl.sql.compile.FromVTI.bindVTITables(Unknown Source)</st>
            <st ob="" eb="" sr="" id="2.38">	at org.apache.derby.impl.sql.compile.FromList.bindTables(Unknown Source)</st>
            <st ob="" eb="" sr="" id="2.39">	at org.apache.derby.impl.sql.compile.SelectNode.bindNonVTITables(Unknown Source)</st>
            <st ob="" eb="" sr="" id="2.40">	at org.apache.derby.impl.sql.compile.DMLStatementNode.bindTables(Unknown Source)</st>
            <st ob="" eb="" sr="" id="2.41">	at org.apache.derby.impl.sql.compile.DMLStatementNode.bind(Unknown Source)</st>
            <st ob="" eb="" sr="" id="2.42">	at org.apache.derby.impl.sql.compile.CursorNode.bindStatement(Unknown Source)</st>
            <st ob="" eb="" sr="" id="2.43">	at org.apache.derby.impl.sql.GenericStatement.prepMinion(Unknown Source)</st>
            <st ob="" eb="" sr="" id="2.44">	at org.apache.derby.impl.sql.GenericStatement.prepare(Unknown Source)</st>
            <st ob="" eb="" sr="" id="2.45">	at org.apache.derby.impl.sql.conn.GenericLanguageConnectionContext.prepareInternalStatement(Unknown Source)</st>
            <st ob="" eb="" sr="" id="2.46">... 33 more</st>
            <st ob="" eb="" sr="" id="2.47">2 specialCollation(org.apache.derbyTesting.functionTests.tests.lang.TableFunctionTest)java.sql.SQLException: The class 'org.apache.derbyTesting.functionTests.tests.lang.VarargsRoutines' does not exist or is inaccessible.</st>
            <st ob="" eb="" sr="" id="2.48">This can happen if the class is not public.</st>
            <st ob="" eb="" sr="" id="2.49">	at org.apache.derby.impl.jdbc.SQLExceptionFactory.getSQLException(Unknown Source)</st>
            <st ob="" eb="" sr="" id="2.50">	at org.apache.derby.impl.jdbc.Util.newEmbedSQLException(Unknown Source)</st>
            <st ob="" eb="" sr="" id="2.51">	at org.apache.derby.impl.jdbc.Util.seeNextException(Unknown Source)</st>
            <st ob="" eb="" sr="" id="2.52">	at org.apache.derby.impl.jdbc.TransactionResourceImpl.wrapInSQLException(Unknown Source)</st>
            <st ob="" eb="" sr="" id="2.53">	at org.apache.derby.impl.jdbc.TransactionResourceImpl.handleException(Unknown Source)</st>
            <st ob="" eb="" sr="" id="2.54">	at org.apache.derby.impl.jdbc.EmbedConnection.handleException(Unknown Source)</st>
            <st ob="" eb="" sr="" id="2.55">	at org.apache.derby.impl.jdbc.ConnectionChild.handleException(Unknown Source)</st>
            <st ob="" eb="" sr="" id="2.56">	at org.apache.derby.impl.jdbc.EmbedPreparedStatement.&lt;init&gt;(Unknown Source)</st>
            <st ob="" eb="" sr="" id="2.57">	at org.apache.derby.jdbc.Driver169.newEmbedPreparedStatement(Unknown Source)</st>
            <st ob="" eb="" sr="" id="2.58">	at org.apache.derby.impl.jdbc.EmbedConnection.prepareStatement(Unknown Source)</st>
            <st ob="" eb="" sr="" id="2.59">	at org.apache.derby.impl.jdbc.EmbedConnection.prepareStatement(Unknown Source)</st>
            <st ob="" eb="" sr="" id="2.60">	at org.apache.derbyTesting.junit.BaseJDBCTestCase.prepareStatement(BaseJDBCTestCase.java:217)</st>
            <st ob="" eb="" sr="" id="2.61">	at org.apache.derbyTesting.functionTests.tests.lang.TableFunctionTest.assertResults(TableFunctionTest.java:2579)</st>
            <st ob="" eb="" sr="" id="2.62">	at org.apache.derbyTesting.functionTests.tests.lang.TableFunctionTest.assertResults(TableFunctionTest.java:2568)</st>
            <st ob="" eb="" sr="" id="2.63">	at org.apache.derbyTesting.functionTests.tests.lang.TableFunctionTest.derby_6040(TableFunctionTest.java:2370)</st>
            <st ob="" eb="" sr="" id="2.64">	at org.apache.derbyTesting.functionTests.tests.lang.TableFunctionTest.miscBugs(TableFunctionTest.java:1936)</st>
            <st ob="" eb="" sr="" id="2.65">	at org.apache.derbyTesting.functionTests.tests.lang.TableFunctionTest.tableFunctionTest(TableFunctionTest.java:1005)</st>
            <st ob="" eb="" sr="" id="2.66">	at org.apache.derbyTesting.functionTests.tests.lang.TableFunctionTest.specialCollation(TableFunctionTest.java:981)</st>
            <st ob="" eb="" sr="" id="2.67">	at java.lang.reflect.AccessibleObject.invokeV(AccessibleObject.java:195)</st>
            <st ob="" eb="" sr="" id="2.68">	at org.apache.derbyTesting.junit.BaseTestCase.runBare(BaseTestCase.java:117)</st>
            <st ob="" eb="" sr="" id="2.69">	at org.apache.derbyTesting.junit.BaseJDBCTestCase.runBareOverridable(BaseJDBCTestCase.java:424)</st>
            <st ob="" eb="" sr="" id="2.70">	at org.apache.derbyTesting.junit.BaseJDBCTestCase.runBare(BaseJDBCTestCase.java:441)</st>
            <st ob="" eb="" sr="" id="2.71">	at junit.extensions.TestDecorator.basicRun(TestDecorator.java:24)</st>
            <st ob="" eb="" sr="" id="2.72">	at junit.extensions.TestSetup$1.protect(TestSetup.java:21)</st>
            <st ob="" eb="" sr="" id="2.73">	at junit.extensions.TestSetup.run(TestSetup.java:25)</st>
            <st ob="" eb="" sr="" id="2.74">	at junit.extensions.TestDecorator.basicRun(TestDecorator.java:24)</st>
            <st ob="" eb="" sr="" id="2.75">	at junit.extensions.TestSetup$1.protect(TestSetup.java:21)</st>
            <st ob="" eb="" sr="" id="2.76">	at junit.extensions.TestSetup.run(TestSetup.java:25)</st>
            <st ob="" eb="" sr="" id="2.77">	at org.apache.derbyTesting.junit.BaseTestSetup.run(BaseTestSetup.java:57)</st>
            <st ob="" eb="" sr="" id="2.78">	at junit.extensions.TestDecorator.basicRun(TestDecorator.java:24)</st>
            <st ob="" eb="" sr="" id="2.79">	at junit.extensions.TestSetup$1.protect(TestSetup.java:21)</st>
            <st ob="" eb="" sr="" id="2.80">	at junit.extensions.TestSetup.run(TestSetup.java:25)</st>
            <st ob="" eb="" sr="" id="2.81">Caused by: java.sql.SQLException: Java exception: 'org.apache.derbyTesting.functionTests.tests.lang.VarargsRoutines : JVMCFRE003 bad major version; class=org/apache/derbyTesting/functionTests/tests/lang/VarargsRoutines, offset=6: java.lang.ClassNotFoundException'.</st>
            <st ob="" eb="" sr="" id="2.82">	at org.apache.derby.impl.jdbc.SQLExceptionFactory.getSQLException(Unknown Source)</st>
            <st ob="" eb="" sr="" id="2.83">	at org.apache.derby.impl.jdbc.Util.newEmbedSQLException(Unknown Source)</st>
            <st ob="" eb="" sr="" id="2.84">	at org.apache.derby.impl.jdbc.Util.javaException(Unknown Source)</st>
            <st ob="" eb="" sr="" id="2.85">	at org.apache.derby.impl.jdbc.TransactionResourceImpl.wrapInSQLException(Unknown Source)</st>
            <st ob="" eb="" sr="" id="2.86">... 52 more</st>
            <st ob="" eb="" sr="" id="2.87">Caused by: java.lang.ClassNotFoundException: org.apache.derbyTesting.functionTests.tests.lang.VarargsRoutines : JVMCFRE003 bad major version; class=org/apache/derbyTesting/functionTests/tests/lang/VarargsRoutines, offset=6</st>
            <st ob="" eb="" sr="" id="2.88">	at org.apache.derby.impl.services.reflect.DatabaseClasses.loadApplicationClass(Unknown Source)</st>
            <st ob="" eb="" sr="" id="2.89">	at org.apache.derby.iapi.services.loader.ClassInspector.getClass(Unknown Source)</st>
            <st ob="" eb="" sr="" id="2.90">	at org.apache.derby.iapi.services.loader.ClassInspector.accessible(Unknown Source)</st>
            <st ob="" eb="" sr="" id="2.91">	at org.apache.derby.impl.sql.compile.QueryTreeNode.verifyClassExist(Unknown Source)</st>
            <st ob="" eb="" sr="" id="2.92">	at org.apache.derby.impl.sql.compile.StaticMethodCallNode.bindExpression(Unknown Source)</st>
            <st ob="" eb="" sr="" id="2.93">	at org.apache.derby.impl.sql.compile.FromVTI.bindVTITables(Unknown Source)</st>
            <st ob="" eb="" sr="" id="2.94">	at org.apache.derby.impl.sql.compile.FromList.bindTables(Unknown Source)</st>
            <st ob="" eb="" sr="" id="2.95">	at org.apache.derby.impl.sql.compile.SelectNode.bindNonVTITables(Unknown Source)</st>
            <st ob="" eb="" sr="" id="2.96">	at org.apache.derby.impl.sql.compile.DMLStatementNode.bindTables(Unknown Source)</st>
            <st ob="" eb="" sr="" id="2.97">	at org.apache.derby.impl.sql.compile.DMLStatementNode.bind(Unknown Source)</st>
            <st ob="" eb="" sr="" id="2.98">	at org.apache.derby.impl.sql.compile.CursorNode.bindStatement(Unknown Source)</st>
            <st ob="" eb="" sr="" id="2.99">	at org.apache.derby.impl.sql.GenericStatement.prepMinion(Unknown Source)</st>
            <st ob="" eb="" sr="" id="2.100">	at org.apache.derby.impl.sql.GenericStatement.prepare(Unknown Source)</st>
            <st ob="" eb="" sr="" id="2.101">	at org.apache.derby.impl.sql.conn.GenericLanguageConnectionContext.prepareInternalStatement(Unknown Source)</st>
            <st ob="" eb="" sr="" id="2.102">... 48 more</st>
        </parg>
        <parg ob="" eb="" sr="" id="3">
            <st ob="" eb="" sr="" id="3.1">Things were fine with build 1432788.</st>
            <st ob="" eb="" sr="" id="3.2">Things are also fine with ibm 1.5, 1.6, 1.7.</st>
        </parg>
        <parg ob="" eb="" sr="" id="4">
            <st ob="" eb="" sr="" id="4.1">See also: http://people.apache.org/~myrnavl/derby_test_results/main/windows/testSummary-1433263.html</st>
        </parg>
    </desc>
</bug>
