<?xml version="1.0" encoding="UTF-8" standalone="yes"?>
<bug no-bug="" comments="">
    <id>DERBY-4888</id>
    <title ob="x" eb="" sr="">ClassCastException when calling boolean meta-data functions with 10.7 client against 10.6 server</title>
    <desc>
        <parg ob="" eb="" sr="" id="1">
            <st ob="x" eb="" sr="" id="1.1">I noticed that DESCRIBE didn't work when I tried to connect to a 10.6 server with ij/client driver at version 10.7.</st>
        </parg>
        <parg ob="" eb="" sr="" id="2">
            <st ob="" eb="" sr="" id="2.1">ij&gt; describe t;</st>
            <st ob="" eb="" sr="" id="2.2">JAVA ERROR: java.lang.ClassCastException: java.lang.Integer cannot be cast to java.lang.Boolean</st>
            <st ob="" eb="" sr="" id="2.3">java.lang.ClassCastException: java.lang.Integer cannot be cast to java.lang.Boolean</st>
            <st ob="" eb="" sr="" id="2.4">	at org.apache.derby.client.am.DatabaseMetaData.getMetaDataInfoBoolean(DatabaseMetaData.java:2401)</st>
            <st ob="" eb="" sr="" id="2.5">	at org.apache.derby.client.am.DatabaseMetaData.storesLowerCaseIdentifiers(DatabaseMetaData.java:191)</st>
            <st ob="" eb="" sr="" id="2.6">	at org.apache.derby.impl.tools.ij.ij.caIdentifier(ij.java:3040)</st>
            <st ob="" eb="" sr="" id="2.7">	at org.apache.derby.impl.tools.ij.ij.DescTableStatement(ij.java:1624)</st>
            <st ob="" eb="" sr="" id="2.8">	at org.apache.derby.impl.tools.ij.ij.ijStatement(ij.java:1121)</st>
            <st ob="" eb="" sr="" id="2.9">	at org.apache.derby.impl.tools.ij.utilMain.runScriptGuts(utilMain.java:341)</st>
            <st ob="" eb="" sr="" id="2.10">	at org.apache.derby.impl.tools.ij.utilMain.go(utilMain.java:261)</st>
            <st ob="" eb="" sr="" id="2.11">	at org.apache.derby.impl.tools.ij.Main.go(Main.java:229)</st>
            <st ob="" eb="" sr="" id="2.12">	at org.apache.derby.impl.tools.ij.Main.mainCore(Main.java:184)</st>
            <st ob="" eb="" sr="" id="2.13">	at org.apache.derby.impl.tools.ij.Main.main(Main.java:75)</st>
            <st ob="" eb="" sr="" id="2.14">	at org.apache.derby.tools.ij.main(ij.java:59)</st>
            <st ob="" eb="" sr="" id="2.15">	at org.apache.derby.iapi.tools.run.main(run.java:53)</st>
        </parg>
    </desc>
</bug>
