<?xml version="1.0" encoding="UTF-8" standalone="yes"?>
<bug no-bug="" comments="">
    <id>DERBY-4803</id>
    <title ob="x" eb="" sr="">Sequences do not work in INSERT/SELECT</title>
    <desc>
        <parg ob="" eb="" sr="" id="1">
            <st ob="x" eb="" sr="" id="1.1">Using sequence in SELECT works fine whereas the same SELECT query used in INSERT/SELECT results in "The statement references the following sequence more than once" error.</st>
            <st ob="x" eb="" sr="" id="1.2">This happens even though the SELECT in question returns exactly 1 row of data.</st>
        </parg>
        <parg ob="" eb="" sr="" id="2">
            <st ob="" eb="" sr="" id="2.1">The Reference Manual states 1. "</st>
            <st ob="" eb="" sr="" id="2.2">NEXT VALUE FOR expression may occur in the following places: SELECT statement: As part of the expression defining a returned column in a SELECT list" and 2. "</st>
            <st ob="" eb="" sr="" id="2.3">NEXT VALUE expression may not appear in any of these situations: CASE expression, WHERE clause, 
ORDER BY clause, Aggregate expression, ROW_NUMBER function, DISTINCT select list".</st>
            <st ob="" eb="" sr="" id="2.4">Nowhere a restriction on INSERT/SELECT is mentioned.</st>
            <st ob="" eb="" sr="" id="2.5">Additionally, other databases (i.e. Oracle) support use of sequences in INSERT/SELECT.</st>
        </parg>
        <parg ob="" eb="" sr="" id="3">
            <st ob="" eb="" sr="" id="3.1">Therefore, I consider it a bug.</st>
        </parg>
    </desc>
</bug>
