<?xml version="1.0" encoding="UTF-8" standalone="yes"?>
<bug no-bug="" comments="">
    <id>DERBY-6138</id>
    <title ob="x" eb="" sr="">org.apache.derbyTesting.functionTests.tests.store.ClassLoaderBootTest fails with  sealing violation: package org.apache.derby.iapi.services.sanity is sealed depending on classpath order</title>
    <desc>
        <parg ob="" eb="" sr="" id="1">
            <st ob="x" eb="" sr="" id="1.1">Depending on classpath order, I believe if derbyclient.jar is before derby.jar in the classpath ClassLoaderBootTest fails with a sealing violation.,</st>
        </parg>
        <parg ob="" eb="" sr="" id="2">
            <st ob="x" eb="" sr="" id="2.1">There were 2 errors:</st>
            <st ob="" eb="" sr="" id="2.2">1 testBootingAnAlreadyBootedDatabase(org.apache.derbyTesting.functionTests.tests.store.ClassLoaderBootTest)java.lang.ExceptionInInitializerError</st>
            <st ob="" eb="" sr="" id="2.3">	at java.lang.J9VMInternals.initialize(J9VMInternals.java:255)</st>
            <st ob="" eb="" sr="" id="2.4">	at org.apache.derby.jdbc.EmbeddedBaseDataSource.findDriver(EmbeddedBaseDataSource.java:366)</st>
            <st ob="" eb="" sr="" id="2.5">	at org.apache.derby.jdbc.EmbeddedBaseDataSource.getConnection(EmbeddedBaseDataSource.java:615)</st>
            <st ob="" eb="" sr="" id="2.6">	at org.apache.derby.jdbc.EmbeddedBaseDataSource.getConnection(EmbeddedBaseDataSource.java:552)</st>
            <st ob="" eb="" sr="" id="2.7">	at org.apache.derbyTesting.functionTests.tests.store.ClassLoaderBootTest.testBootingAnAlreadyBootedDatabase(ClassLoaderBootTest.java:178)</st>
            <st ob="" eb="" sr="" id="2.8">	at sun.reflect.NativeMethodAccessorImpl.invoke0(Native Method)</st>
            <st ob="" eb="" sr="" id="2.9">	at sun.reflect.NativeMethodAccessorImpl.invoke(NativeMethodAccessorImpl.java:88)</st>
            <st ob="" eb="" sr="" id="2.10">	at sun.reflect.DelegatingMethodAccessorImpl.invoke(DelegatingMethodAccessorImpl.java:55)</st>
            <st ob="" eb="" sr="" id="2.11">	at org.apache.derbyTesting.junit.BaseTestCase.runBare(BaseTestCase.java:117)</st>
            <st ob="" eb="" sr="" id="2.12">	at org.apache.derbyTesting.junit.BaseJDBCTestCase.runBareOverridable(BaseJDBCTestCase.java:424)</st>
            <st ob="" eb="" sr="" id="2.13">	at org.apache.derbyTesting.junit.BaseJDBCTestCase.runBare(BaseJDBCTestCase.java:441)</st>
            <st ob="" eb="" sr="" id="2.14">	at junit.extensions.TestDecorator.basicRun(TestDecorator.java:24)</st>
            <st ob="" eb="" sr="" id="2.15">	at junit.extensions.TestSetup$1.protect(TestSetup.java:21)</st>
            <st ob="" eb="" sr="" id="2.16">	at junit.extensions.TestSetup.run(TestSetup.java:25)</st>
            <st ob="" eb="" sr="" id="2.17">	at org.apache.derbyTesting.junit.BaseTestSetup.run(BaseTestSetup.java:57)</st>
            <st ob="" eb="" sr="" id="2.18">	at junit.extensions.TestDecorator.basicRun(TestDecorator.java:24)</st>
            <st ob="" eb="" sr="" id="2.19">	at junit.extensions.TestSetup$1.protect(TestSetup.java:21)</st>
            <st ob="" eb="" sr="" id="2.20">	at junit.extensions.TestSetup.run(TestSetup.java:25)</st>
            <st ob="" eb="" sr="" id="2.21">	at junit.extensions.TestDecorator.basicRun(TestDecorator.java:24)</st>
            <st ob="" eb="" sr="" id="2.22">	at junit.extensions.TestSetup$1.protect(TestSetup.java:21)</st>
            <st ob="" eb="" sr="" id="2.23">	at junit.extensions.TestSetup.run(TestSetup.java:25)</st>
            <st ob="" eb="" sr="" id="2.24">Caused by: java.lang.SecurityException: sealing violation: package org.apache.derby.iapi.services.sanity is sealed</st>
            <st ob="" eb="" sr="" id="2.25">	at java.net.URLClassLoader.getAndVerifyPackage(URLClassLoader.java:623)</st>
            <st ob="" eb="" sr="" id="2.26">	at java.net.URLClassLoader.defineClass(URLClassLoader.java:655)</st>
            <st ob="" eb="" sr="" id="2.27">	at java.net.URLClassLoader.access$400(URLClassLoader.java:92)</st>
            <st ob="" eb="" sr="" id="2.28">	at java.net.URLClassLoader$ClassFinder.run(URLClassLoader.java:1159)</st>
            <st ob="" eb="" sr="" id="2.29">	at java.security.AccessController.doPrivileged(AccessController.java:288)</st>
            <st ob="" eb="" sr="" id="2.30">	at java.net.URLClassLoader.findClass(URLClassLoader.java:594)</st>
            <st ob="" eb="" sr="" id="2.31">	at org.apache.derbyTesting.functionTests.tests.store.ClassLoaderBootTest$DerbyURLClassLoader.loadClass(ClassLoaderBootTest.java:293)</st>
            <st ob="" eb="" sr="" id="2.32">	at org.apache.derbyTesting.functionTests.tests.store.ClassLoaderBootTest$DerbyURLClassLoader.loadClass(ClassLoaderBootTest.java:303)</st>
            <st ob="" eb="" sr="" id="2.33">	at org.apache.derby.iapi.services.monitor.Monitor.startSystemModule(Monitor.java:365)</st>
            <st ob="" eb="" sr="" id="2.34">	at org.apache.derby.impl.services.monitor.BaseMonitor.runWithState(BaseMonitor.java:342)</st>
            <st ob="" eb="" sr="" id="2.35">	at org.apache.derby.impl.services.monitor.FileMonitor.&lt;init&gt;(FileMonitor.java:58)</st>
            <st ob="" eb="" sr="" id="2.36">	at org.apache.derby.iapi.services.monitor.Monitor.startMonitor(Monitor.java:285)</st>
            <st ob="" eb="" sr="" id="2.37">	at org.apache.derby.iapi.jdbc.JDBCBoot.boot(JDBCBoot.java:67)</st>
            <st ob="" eb="" sr="" id="2.38">	at org.apache.derby.jdbc.EmbeddedDriver.boot(EmbeddedDriver.java:196)</st>
            <st ob="" eb="" sr="" id="2.39">	at org.apache.derby.jdbc.EmbeddedDriver.&lt;clinit&gt;(EmbeddedDriver.java:92)</st>
            <st ob="" eb="" sr="" id="2.40">	at java.lang.J9VMInternals.initializeImpl(Native Method)</st>
            <st ob="" eb="" sr="" id="2.41">	at java.lang.J9VMInternals.initialize(J9VMInternals.java:233)</st>
            <st ob="" eb="" sr="" id="2.42">... 41 more</st>
            <st ob="" eb="" sr="" id="2.43">2 testBootingDatabaseShutdownByAnotherCLR(org.apache.derbyTesting.functionTests.tests.store.ClassLoaderBootTest)java.lang.ExceptionInInitializerError</st>
            <st ob="" eb="" sr="" id="2.44">	at java.lang.J9VMInternals.initialize(J9VMInternals.java:255)</st>
            <st ob="" eb="" sr="" id="2.45">	at org.apache.derby.jdbc.EmbeddedBaseDataSource.findDriver(EmbeddedBaseDataSource.java:366)</st>
            <st ob="" eb="" sr="" id="2.46">	at org.apache.derby.jdbc.EmbeddedBaseDataSource.getConnection(EmbeddedBaseDataSource.java:615)</st>
            <st ob="" eb="" sr="" id="2.47">	at org.apache.derby.jdbc.EmbeddedBaseDataSource.getConnection(EmbeddedBaseDataSource.java:552)</st>
            <st ob="" eb="" sr="" id="2.48">	at org.apache.derbyTesting.functionTests.tests.store.ClassLoaderBootTest.testBootingDatabaseShutdownByAnotherCLR(ClassLoaderBootTest.java:208)</st>
            <st ob="" eb="" sr="" id="2.49">	at sun.reflect.NativeMethodAccessorImpl.invoke0(Native Method)</st>
            <st ob="" eb="" sr="" id="2.50">	at sun.reflect.NativeMethodAccessorImpl.invoke(NativeMethodAccessorImpl.java:88)</st>
            <st ob="" eb="" sr="" id="2.51">	at sun.reflect.DelegatingMethodAccessorImpl.invoke(DelegatingMethodAccessorImpl.java:55)</st>
            <st ob="" eb="" sr="" id="2.52">	at org.apache.derbyTesting.junit.BaseTestCase.runBare(BaseTestCase.java:117)</st>
            <st ob="" eb="" sr="" id="2.53">	at org.apache.derbyTesting.junit.BaseJDBCTestCase.runBareOverridable(BaseJDBCTestCase.java:424)</st>
            <st ob="" eb="" sr="" id="2.54">	at org.apache.derbyTesting.junit.BaseJDBCTestCase.runBare(BaseJDBCTestCase.java:441)</st>
            <st ob="" eb="" sr="" id="2.55">	at junit.extensions.TestDecorator.basicRun(TestDecorator.java:24)</st>
            <st ob="" eb="" sr="" id="2.56">	at junit.extensions.TestSetup$1.protect(TestSetup.java:21)</st>
            <st ob="" eb="" sr="" id="2.57">	at junit.extensions.TestSetup.run(TestSetup.java:25)</st>
            <st ob="" eb="" sr="" id="2.58">	at org.apache.derbyTesting.junit.BaseTestSetup.run(BaseTestSetup.java:57)</st>
            <st ob="" eb="" sr="" id="2.59">	at junit.extensions.TestDecorator.basicRun(TestDecorator.java:24)</st>
            <st ob="" eb="" sr="" id="2.60">	at junit.extensions.TestSetup$1.protect(TestSetup.java:21)</st>
            <st ob="" eb="" sr="" id="2.61">	at junit.extensions.TestSetup.run(TestSetup.java:25)</st>
            <st ob="" eb="" sr="" id="2.62">	at junit.extensions.TestDecorator.basicRun(TestDecorator.java:24)</st>
            <st ob="" eb="" sr="" id="2.63">	at junit.extensions.TestSetup$1.protect(TestSetup.java:21)</st>
            <st ob="" eb="" sr="" id="2.64">	at junit.extensions.TestSetup.run(TestSetup.java:25)</st>
            <st ob="" eb="" sr="" id="2.65">Caused by: java.lang.SecurityException: sealing violation: package org.apache.derby.iapi.services.sanity is sealed</st>
            <st ob="" eb="" sr="" id="2.66">	at java.net.URLClassLoader.getAndVerifyPackage(URLClassLoader.java:623)</st>
            <st ob="" eb="" sr="" id="2.67">	at java.net.URLClassLoader.defineClass(URLClassLoader.java:655)</st>
            <st ob="" eb="" sr="" id="2.68">	at java.net.URLClassLoader.access$400(URLClassLoader.java:92)</st>
            <st ob="" eb="" sr="" id="2.69">	at java.net.URLClassLoader$ClassFinder.run(URLClassLoader.java:1159)</st>
            <st ob="" eb="" sr="" id="2.70">	at java.security.AccessController.doPrivileged(AccessController.java:288)</st>
            <st ob="" eb="" sr="" id="2.71">	at java.net.URLClassLoader.findClass(URLClassLoader.java:594)</st>
            <st ob="" eb="" sr="" id="2.72">	at org.apache.derbyTesting.functionTests.tests.store.ClassLoaderBootTest$DerbyURLClassLoader.loadClass(ClassLoaderBootTest.java:293)</st>
            <st ob="" eb="" sr="" id="2.73">	at org.apache.derbyTesting.functionTests.tests.store.ClassLoaderBootTest$DerbyURLClassLoader.loadClass(ClassLoaderBootTest.java:303)</st>
            <st ob="" eb="" sr="" id="2.74">	at org.apache.derby.iapi.services.monitor.Monitor.startSystemModule(Monitor.java:365)</st>
            <st ob="" eb="" sr="" id="2.75">	at org.apache.derby.impl.services.monitor.BaseMonitor.runWithState(BaseMonitor.java:342)</st>
            <st ob="" eb="" sr="" id="2.76">	at org.apache.derby.impl.services.monitor.FileMonitor.&lt;init&gt;(FileMonitor.java:58)</st>
            <st ob="" eb="" sr="" id="2.77">	at org.apache.derby.iapi.services.monitor.Monitor.startMonitor(Monitor.java:285)</st>
            <st ob="" eb="" sr="" id="2.78">	at org.apache.derby.iapi.jdbc.JDBCBoot.boot(JDBCBoot.java:67)</st>
            <st ob="" eb="" sr="" id="2.79">	at org.apache.derby.jdbc.EmbeddedDriver.boot(EmbeddedDriver.java:196)</st>
            <st ob="" eb="" sr="" id="2.80">	at org.apache.derby.jdbc.EmbeddedDriver.&lt;clinit&gt;(EmbeddedDriver.java:92)</st>
            <st ob="" eb="" sr="" id="2.81">	at java.lang.J9VMInternals.initializeImpl(Native Method)</st>
            <st ob="" eb="" sr="" id="2.82">	at java.lang.J9VMInternals.initialize(J9VMInternals.java:233)</st>
            <st ob="" eb="" sr="" id="2.83">... 41 more</st>
        </parg>
        <parg ob="" eb="" sr="" id="3">
            <st ob="" eb="" sr="" id="3.1">My classpath when this occurred was:
.</st>
            <st ob="" eb="" sr="" id="3.2">;C:/cygwin/svn/trunk/jars/sane/derbyclient.</st>
            <st ob="" eb="" sr="" id="3.3">jar;C:/cygwin/svn/trunk/jars/sane/derby.</st>
            <st ob="" eb="" sr="" id="3.4">jar;C:/cygwin/svn/trunk/jars/sane/de
rbyrun.jar;C:/cygwin/svn/trunk/jars/sane/derby.</st>
            <st ob="" eb="" sr="" id="3.5">jar;C:/cygwin/svn/trunk/jars/sane/derbyTesting.</st>
            <st ob="" eb="" sr="" id="3.6">jar;C:/cygwin/svn/trunk/to
ols/java/junit.</st>
            <st ob="" eb="" sr="" id="3.7">jar;C:/cygwin/svn/trunk/tools/java/jakarta-oro-2.0.8.</st>
            <st ob="" eb="" sr="" id="3.8">jar</st>
        </parg>
        <parg ob="" eb="" sr="" id="4">
            <st ob="" eb="" sr="" id="4.1">Taking out all but derbyrun.jar and derbyTesting.jar resolved the issue.</st>
        </parg>
    </desc>
</bug>
