<?xml version="1.0" encoding="UTF-8" standalone="yes"?>
<bug no-bug="" comments="">
    <id>DERBY-5561</id>
    <title ob="x" eb="" sr="">Race conditions in LogicalConnection checking for a null physical connection</title>
    <desc>
        <parg ob="" eb="" sr="" id="1">
            <st ob="x" eb="" sr="" id="1.1">There are race conditions with checkForNullPhysicalConnection calls in LogicalConnection.</st>
            <st ob="x" eb="" sr="" id="1.2">checkForNullPhysicalConnection is not synchronized and it checks for the member "phsyicalConnection" which can be cleared by "nullPhsyicalConnection" (which is synchronized) and "close" (which is synchronized) and "closeWithoutRecyclingToPool" (which is synchronized).</st>
        </parg>
        <parg ob="" eb="" sr="" id="2">
            <st ob="" eb="" sr="" id="2.1">This affects "nativeSQL", "getAutoCommit", "getTransactionIsolation", "getWarnings", "isReadOnly", "getCatalog", "getTypeMap", "createStatement", "prepareCall", "prepareStatement", "setHoldability", "getHoldability", "setSavePoint", "rollBack", "releaseSavePoint", "getSchema", "setSchema".</st>
        </parg>
        <parg ob="" eb="" sr="" id="3">
            <st ob="" eb="" sr="" id="3.1">All of these call "checkForNullPhysicalConnection" and then use the member "physicalConnection" after that call returns.</st>
            <st ob="x" eb="" sr="" id="3.2">Because these methods are not synchronized, between the time "checkForNullPhysicalConnectoin" returns and "physicalConnection" is used, the "physicalConnection" member could be set to null and then a NPE occurs.</st>
        </parg>
        <parg ob="" eb="" sr="" id="4">
            <st ob="" eb="" sr="" id="4.1">Probably all of these methods should be changed to synchronized.</st>
        </parg>
    </desc>
</bug>
