<?xml version="1.0" encoding="UTF-8" standalone="yes"?>
<bug no-bug="" comments="">
    <id>DERBY-5851</id>
    <title ob="x" eb="" sr="">Inconsistent code coverage shown for LogicalPreparedStatement40</title>
    <desc>
        <parg ob="" eb="" sr="" id="1">
            <st ob="" eb="" sr="x" id="1.1">I tried running org.apache.derbyTesting.functionTests.tests.jdbc4.PreparedStatementTest with a connectionCPDecorator in a JDBC4 environment.</st>
            <st ob="" eb="x" sr="" id="1.2">So this should actually run the test with LogicalPreparedStatement40 statements.</st>
        </parg>
        <parg ob="" eb="" sr="" id="2">
            <st ob="x" eb="" sr="" id="2.1">But in code coverage report methods such as setNClob show no coverage in LogicalPreparedStatement40 class.</st>
            <st ob="x" eb="" sr="" id="2.2">But in PreparedStatement40 class all these methods are shown as covered.</st>
            <st ob="" eb="x" sr="" id="2.3">Actually those method calls should go to PreparedStatement40 through LogicalPreparedStatement40.</st>
            <st ob="x" eb="" sr="" id="2.4">But it is not shown in emma code coverage report.</st>
        </parg>
    </desc>
</bug>
