<?xml version="1.0" encoding="UTF-8" standalone="yes"?>
<bug no-bug="" comments="">
    <id>DERBY-5014</id>
    <title ob="" eb="x" sr="">Tests should restore the timeout values to default after they are done running.</title>
    <desc>
        <parg ob="" eb="" sr="" id="1">
            <st ob="x" eb="" sr="" id="1.1">There are still couple more tests that change the lock time out during the test run but don't restore it to the default at the end of the test.</st>
            <st ob="" eb="" sr="" id="1.2"></st>
            <st ob="" eb="" sr="" id="1.3">Knut already fixed this behavior for SetTransactionIsolationTest.java and ResultSetMiscTest.java as part of DERBY-4273</st>
            <st ob="" eb="" sr="" id="1.4">Following are some additional tests that should be fixed</st>
            <st ob="" eb="" sr="" id="1.5">1 ErrorMessageTest.java 2)StressMultiTest.java 3)Sttest.java 4)SysinfoTest.java 5)DatabaseMetaDataTest.java 6)ResultSetsFromPreparedStatementTest.java</st>
        </parg>
    </desc>
</bug>
