<?xml version="1.0" encoding="UTF-8" standalone="yes"?>
<bug no-bug="" comments="">
    <id>DERBY-6131</id>
    <title ob="x" eb="" sr="">select from view with "upper" and "in" list throws a ClassCastException</title>
    <desc>
        <parg ob="" eb="" sr="" id="1">
            <st ob="" eb="" sr="" id="1.1">the issue can be reproduced</st>
            <st ob="" eb="" sr="x" id="1.2">1 create table myTbl1 (name varchar(1000));</st>
            <st ob="" eb="" sr="x" id="1.3">2 create table myTbl2 (name varchar(1000));</st>
            <st ob="" eb="" sr="x" id="1.4">3 create view myView (name) as select t1.name from myTbl1 t1 union all select t2.name from myTbl2 t2;</st>
            <st ob="" eb="" sr="x" id="1.5">4 select name from myView where upper(name) in ('AA', 'BB');</st>
            <st ob="x" eb="" sr="" id="1.6">#4 failed with "org.apache.derby.impl.sql.compile.SimpleStringOperatorNode incompatible with org.apache.derby.impl.sql.compile.ColumnReference: java.lang.ClassCastException"</st>
        </parg>
        <parg ob="" eb="" sr="" id="2">
            <st ob="x" eb="" sr="x" id="2.1">If the view is created as "create myView (name) as select t1.name from myTbl1 t1", the query worked fine.</st>
        </parg>
    </desc>
</bug>
