<?xml version="1.0" encoding="UTF-8" standalone="yes"?>
<bug no-bug="" comments="">
    <id>DERBY-5377</id>
    <title ob="x" eb="" sr="">AssertionFailedError in testCaseCS4595B_NonUniqueIndex in AccessTest</title>
    <desc>
        <parg ob="" eb="" sr="" id="1">
            <st ob="" eb="" sr="" id="1.1">There was 1 failure:</st>
            <st ob="" eb="" sr="" id="1.2">1 testCaseCS4595B_NonUniqueIndex(org.apache.derbyTesting.functionTests.tests.store.AccessTest)junit.framework.AssertionFailedError</st>
            <st ob="" eb="" sr="" id="1.3">	at org.apache.derbyTesting.functionTests.tests.store.AccessTest.assertStatsOK(AccessTest.java:402)</st>
            <st ob="" eb="" sr="" id="1.4">	at org.apache.derbyTesting.functionTests.tests.store.AccessTest.doTestCaseCS4595B(AccessTest.java:1720)</st>
            <st ob="" eb="" sr="" id="1.5">	at org.apache.derbyTesting.functionTests.tests.store.AccessTest.testCaseCS4595B_NonUniqueIndex(AccessTest.java:1830)</st>
            <st ob="" eb="" sr="" id="1.6">	at sun.reflect.NativeMethodAccessorImpl.invoke0(Native Method)</st>
            <st ob="" eb="" sr="" id="1.7">	at sun.reflect.NativeMethodAccessorImpl.invoke(NativeMethodAccessorImpl.java:39)</st>
            <st ob="" eb="" sr="" id="1.8">	at sun.reflect.DelegatingMethodAccessorImpl.invoke(DelegatingMethodAccessorImpl.java:25)</st>
            <st ob="" eb="" sr="" id="1.9">	at org.apache.derbyTesting.junit.BaseTestCase.runBare(BaseTestCase.java:112)</st>
            <st ob="" eb="" sr="" id="1.10">	at junit.extensions.TestDecorator.basicRun(TestDecorator.java:24)</st>
            <st ob="" eb="" sr="" id="1.11">	at junit.extensions.TestSetup$1.protect(TestSetup.java:21)</st>
            <st ob="" eb="" sr="" id="1.12">	at junit.extensions.TestSetup.run(TestSetup.java:25)</st>
            <st ob="" eb="" sr="" id="1.13">	at junit.extensions.TestDecorator.basicRun(TestDecorator.java:24)</st>
            <st ob="" eb="" sr="" id="1.14">	at junit.extensions.TestSetup$1.protect(TestSetup.java:21)</st>
            <st ob="" eb="" sr="" id="1.15">	at junit.extensions.TestSetup.run(TestSetup.java:25)</st>
            <st ob="" eb="" sr="" id="1.16">	at org.apache.derbyTesting.junit.BaseTestSetup.run(BaseTestSetup.java:57)</st>
            <st ob="" eb="" sr="" id="1.17">	at junit.extensions.TestDecorator.basicRun(TestDecorator.java:24)</st>
            <st ob="" eb="" sr="" id="1.18">	at junit.extensions.TestSetup$1.protect(TestSetup.java:21)</st>
            <st ob="" eb="" sr="" id="1.19">	at junit.extensions.TestSetup.run(TestSetup.java:25)</st>
        </parg>
        <parg ob="" eb="" sr="" id="2">
            <st ob="" eb="" sr="" id="2.1">Cf. http://dbtg.foundry.sun.com/derby/test/Daily/jvm1.5/testing/Limited/testSummary-1154534.html</st>
        </parg>
    </desc>
</bug>
