<?xml version="1.0" encoding="UTF-8" standalone="yes"?>
<bug no-bug="" comments="">
    <id>DERBY-5816</id>
    <title ob="x" eb="" sr="">store.ServicePropertiesFileTest fails on z/OS</title>
    <desc>
        <parg ob="" eb="" sr="" id="1">
            <st ob="x" eb="" sr="" id="1.1">store.ServicePropertiesFileTest fails on z/OS with two failures below.</st>
            <st ob="" eb="" sr="" id="1.2">Looks like likely test encoding issue</st>
        </parg>
        <parg ob="" eb="" sr="" id="2">
            <st ob="" eb="" sr="" id="2.1">1 testSevicePropertiesFileWithBackup(org.apache.derbyTesting.functionTests.tests.store.ServicePropertiesFileTest)junit.</st>
            <st ob="" eb="" sr="" id="2.2">framework.AssertionFailedError</st>
            <st ob="" eb="" sr="" id="2.3">at org.apache.derbyTesting.functionTests.tests.store.ServicePropertiesFileTest.assertEOFToken(ServicePropertiesF</st>
            <st ob="" eb="" sr="" id="2.4">ileTest.java:275)</st>
            <st ob="" eb="" sr="" id="2.5">at org.apache.derbyTesting.functionTests.tests.store.ServicePropertiesFileTest.testSevicePropertiesFileWithBacku</st>
            <st ob="" eb="" sr="" id="2.6">p(ServicePropertiesFileTest.java:178)</st>
            <st ob="" eb="" sr="" id="2.7">at sun.reflect.NativeMethodAccessorImpl.invoke0(Native Method)</st>
            <st ob="" eb="" sr="" id="2.8">at sun.reflect.NativeMethodAccessorImpl.invoke(NativeMethodAccessorImpl.java:88)</st>
            <st ob="" eb="" sr="" id="2.9">at sun.reflect.DelegatingMethodAccessorImpl.invoke(DelegatingMethodAccessorImpl.java:55)</st>
            <st ob="" eb="" sr="" id="2.10">at org.apache.derbyTesting.junit.BaseTestCase.runBare(BaseTestCase.java:113)</st>
            <st ob="" eb="" sr="" id="2.11">at org.apache.derbyTesting.junit.BaseJDBCTestCase.runBareOverridable(BaseJDBCTestCase.java:424)</st>
            <st ob="" eb="" sr="" id="2.12">at org.apache.derbyTesting.junit.BaseJDBCTestCase.runBare(BaseJDBCTestCase.java:441)</st>
            <st ob="" eb="" sr="" id="2.13">at junit.extensions.TestDecorator.basicRun(TestDecorator.java:24)</st>
            <st ob="" eb="" sr="" id="2.14">at junit.extensions.TestSetup$1.</st>
            <st ob="" eb="" sr="" id="2.15">protect(TestSetup.java:21)</st>
            <st ob="" eb="" sr="" id="2.16">at junit.extensions.TestSetup.run(TestSetup.java:25)</st>
            <st ob="" eb="" sr="" id="2.17">at org.apache.derbyTesting.junit.BaseTestSetup.run(BaseTestSetup.java:57)</st>
            <st ob="" eb="" sr="" id="2.18">at junit.extensions.TestDecorator.basicRun(TestDecorator.java:24)</st>
            <st ob="" eb="" sr="" id="2.19">at junit.extensions.TestSetup$1.</st>
            <st ob="" eb="" sr="" id="2.20">protect(TestSetup.java:21)</st>
            <st ob="" eb="" sr="" id="2.21">at junit.extensions.TestSetup.run(TestSetup.java:25)</st>
            <st ob="" eb="" sr="" id="2.22">2 testSevicePropertiesFileCorruptedWithBackup(org.apache.derbyTesting.functionTests.tests.store.ServicePropertiesFileTe</st>
            <st ob="" eb="" sr="" id="2.23">st)junit.framework.ComparisonFailure: expected:&lt;[#--- last line, don't put anything after this line ---]&gt; but was:&lt;[{```</st>
            <st ob="" eb="" sr="" id="2.24">@    @    k@   } @   @        @     @    @    @```§]&gt;</st>
            <st ob="" eb="" sr="" id="2.25">at org.apache.derbyTesting.functionTests.tests.store.ServicePropertiesFileTest.removeEOFToken(ServicePropertiesF</st>
            <st ob="" eb="" sr="" id="2.26">ileTest.java:301)</st>
            <st ob="" eb="" sr="" id="2.27">at org.apache.derbyTesting.functionTests.tests.store.ServicePropertiesFileTest.testSevicePropertiesFileCorrupted</st>
            <st ob="" eb="" sr="" id="2.28">WithBackup(ServicePropertiesFileTest.java:199)</st>
            <st ob="" eb="" sr="" id="2.29">at sun.reflect.NativeMethodAccessorImpl.invoke0(Native Method)</st>
            <st ob="" eb="" sr="" id="2.30">at sun.reflect.NativeMethodAccessorImpl.invoke(NativeMethodAccessorImpl.java:88)</st>
            <st ob="" eb="" sr="" id="2.31">at sun.reflect.DelegatingMethodAccessorImpl.invoke(DelegatingMethodAccessorImpl.java:55)</st>
            <st ob="" eb="" sr="" id="2.32">at org.apache.derbyTesting.junit.BaseTestCase.runBare(BaseTestCase.java:113)</st>
            <st ob="" eb="" sr="" id="2.33">at org.apache.derbyTesting.junit.BaseJDBCTestCase.runBareOverridable(BaseJDBCTestCase.java:424)</st>
            <st ob="" eb="" sr="" id="2.34">at org.apache.derbyTesting.junit.BaseJDBCTestCase.runBare(BaseJDBCTestCase.java:441)</st>
            <st ob="" eb="" sr="" id="2.35">at junit.extensions.TestDecorator.basicRun(TestDecorator.java:24)</st>
            <st ob="" eb="" sr="" id="2.36">at junit.extensions.TestSetup$1.</st>
            <st ob="" eb="" sr="" id="2.37">protect(TestSetup.java:21)</st>
            <st ob="" eb="" sr="" id="2.38">at junit.extensions.TestSetup.run(TestSetup.java:25)</st>
            <st ob="" eb="" sr="" id="2.39">at org.apache.derbyTesting.junit.BaseTestSetup.run(BaseTestSetup.java:57)</st>
            <st ob="" eb="" sr="" id="2.40">at junit.extensions.TestDecorator.basicRun(TestDecorator.java:24)</st>
            <st ob="" eb="" sr="" id="2.41">at junit.extensions.TestSetup$1.</st>
            <st ob="" eb="" sr="" id="2.42">protect(TestSetup.java:21)</st>
            <st ob="" eb="" sr="" id="2.43">at junit.extensions.TestSetup.run(TestSetup.java:25)</st>
        </parg>
        <parg ob="" eb="" sr="" id="3">
            <st ob="" eb="" sr="" id="3.1">FAILURES!!!</st>
            <st ob="" eb="" sr="" id="3.2">Tests run: 290,  Failures: 2,  Errors: 0</st>
        </parg>
    </desc>
</bug>
