<?xml version="1.0" encoding="UTF-8" standalone="yes"?>
<bug no-bug="" comments="">
    <id>DERBY-1914</id>
    <title ob="x" eb="" sr="">test lang/wisconsin gives garbage output on zOS.</title>
    <desc>
        <parg ob="" eb="" sr="" id="1">
            <st ob="" eb="" sr="x" id="1.1">When running the test lang/wisconsin.</st>
            <st ob="" eb="" sr="" id="1.2">java on zOS the output in the .</st>
            <st ob="x" eb="" sr="" id="1.3">tmp file shows non-native characters.</st>
            <st ob="x" eb="" sr="" id="1.4">However, this is most likely a test/test harness specific problem, for if one executes the simple statistics gathering commands through ij, there is no problem.</st>
            <st ob="x" eb="" sr="" id="1.5">Note that other tests do produce readable (native) output.</st>
        </parg>
        <parg ob="" eb="" sr="" id="2">
            <st ob="" eb="" sr="" id="2.1">It's impossible to tell if there is any actual problem this way.</st>
        </parg>
    </desc>
</bug>
