<?xml version="1.0" encoding="UTF-8" standalone="yes"?>
<bug no-bug="" comments="">
    <id>DERBY-6108</id>
    <title ob="x" eb="" sr="">suites.All no longer runs with weme 6.2 </title>
    <desc>
        <parg ob="" eb="" sr="" id="1">
            <st ob="x" eb="" sr="" id="1.1">Since revision 1454647 the suites.All no longer kicks off with weme 6.2.</st>
        </parg>
        <parg ob="" eb="" sr="" id="2">
            <st ob="x" eb="" sr="" id="2.1">The stack trace (which does not get copied to my apache location because the test doesn't finish) looks like this:</st>
        </parg>
        <parg ob="" eb="" sr="" id="3">
            <st ob="" eb="" sr="" id="3.1"></st>
            <st ob="" eb="" sr="" id="3.2">Failed to invoke class org.apache.derbyTesting.functionTests.tests.derbynet._Suite</st>
            <st ob="" eb="" sr="" id="3.3">java.lang.reflect.InvocationTargetException</st>
            <st ob="" eb="" sr="" id="3.4">	at java.lang.reflect.AccessibleObject.invokeL(AccessibleObject.java:205)</st>
            <st ob="" eb="" sr="" id="3.5">	at java.lang.reflect.Method.invoke(Method.java:252)</st>
            <st ob="" eb="" sr="" id="3.6">	at org.apache.derbyTesting.functionTests.suites.AllPackages.invokeSuite(AllPackages.java:179)</st>
            <st ob="" eb="" sr="" id="3.7">	at org.apache.derbyTesting.functionTests.suites.AllPackages.suite(AllPackages.java:63)</st>
            <st ob="" eb="" sr="" id="3.8">	at org.apache.derbyTesting.functionTests.suites.All.suite(All.java:51)</st>
            <st ob="" eb="" sr="" id="3.9">	at java.lang.reflect.AccessibleObject.invokeL(AccessibleObject.java:203)</st>
            <st ob="" eb="" sr="" id="3.10">	at java.lang.reflect.Method.invoke(Method.java:252)</st>
            <st ob="" eb="" sr="" id="3.11">	at junit.runner.BaseTestRunner.getTest(BaseTestRunner.java:126)</st>
            <st ob="" eb="" sr="" id="3.12">	at junit.textui.TestRunner.start(TestRunner.java:184)</st>
            <st ob="" eb="" sr="" id="3.13">	at junit.textui.TestRunner.main(TestRunner.java:143)</st>
            <st ob="" eb="" sr="" id="3.14">Caused by: junit.framework.AssertionFailedError: unexpected error</st>
            <st ob="" eb="" sr="" id="3.15">	at org.apache.derbyTesting.junit.BaseTestCase.fail(BaseTestCase.java:1104)</st>
            <st ob="" eb="" sr="" id="3.16">	at org.apache.derbyTesting.junit.JDBCDataSource.getDataSourceObject(JDBCDataSource.java:187)</st>
            <st ob="" eb="" sr="" id="3.17">	at org.apache.derbyTesting.junit.JDBCDataSource.getDataSource(JDBCDataSource.java:108)</st>
            <st ob="" eb="" sr="" id="3.18">	at org.apache.derbyTesting.junit.JDBCDataSource.getDataSource(JDBCDataSource.java:93)</st>
            <st ob="" eb="" sr="" id="3.19">	at org.apache.derbyTesting.junit.DataSourceConnector.setConfiguration(DataSourceConnector.java:51)</st>
            <st ob="" eb="" sr="" id="3.20">	at org.apache.derbyTesting.junit.TestConfiguration.initConnector(TestConfiguration.java:1484)</st>
            <st ob="" eb="" sr="" id="3.21">	at org.apache.derbyTesting.junit.TestConfiguration.&lt;init&gt;(TestConfiguration.java:1393)</st>
            <st ob="" eb="" sr="" id="3.22">	at org.apache.derbyTesting.junit.TestConfiguration.&lt;clinit&gt;(TestConfiguration.java:138)</st>
            <st ob="" eb="" sr="" id="3.23">	at java.lang.J9VMInternals.initializeImpl(Native Method)</st>
            <st ob="" eb="" sr="" id="3.24">	at java.lang.J9VMInternals.initialize(J9VMInternals.java:209)</st>
            <st ob="" eb="" sr="" id="3.25">	at org.apache.derbyTesting.functionTests.tests.derbynet.ShutDownDBWhenNSShutsDownTest.suite(ShutDownDBWhenNSShutsDownTest.java:53)</st>
            <st ob="" eb="" sr="" id="3.26">	at org.apache.derbyTesting.functionTests.tests.derbynet._Suite.suite(_Suite.java:50)</st>
            <st ob="" eb="" sr="" id="3.27">	at java.lang.reflect.AccessibleObject.invokeL(AccessibleObject.java:203)</st>
            <st ob="" eb="" sr="" id="3.28">	... 9 more</st>
            <st ob="" eb="" sr="" id="3.29">Caused by: java.lang.NullPointerException</st>
            <st ob="" eb="" sr="" id="3.30">	at org.apache.derbyTesting.junit.TestConfiguration.getCurrent(TestConfiguration.java:220)</st>
            <st ob="" eb="" sr="" id="3.31">	at org.apache.derbyTesting.junit.JDBCDataSource.getDataSourceObject(JDBCDataSource.java:183)</st>
            <st ob="" eb="" sr="" id="3.32">	... 20 more</st>
            <st ob="" eb="" sr="" id="3.33">Failed to invoke suite():java.lang.reflect.InvocationTargetException</st>
        </parg>
        <parg ob="" eb="" sr="" id="4">
            <st ob="" eb="" sr="" id="4.1">The changes between the previous successful run and this one were:</st>
        </parg>
        <parg ob="" eb="" sr="" id="5">
            <st ob="" eb="" sr="" id="5.1">r1454600 | rhillegas | 2013-03-08 14:05:09 -0800 (Fri, 08 Mar 2013) | 1 line</st>
        </parg>
        <parg ob="" eb="" sr="" id="6">
            <st ob="" eb="" sr="" id="6.1">DERBY-6094: Enforce login timeouts in the embedded driver and data sources.</st>
            <st ob="" eb="" sr="" id="6.2">------------------------------------------------------------------------</st>
            <st ob="" eb="" sr="" id="6.3">r1454537 | rhillegas | 2013-03-08 12:42:08 -0800 (Fri, 08 Mar 2013) | 1 line</st>
        </parg>
        <parg ob="" eb="" sr="" id="7">
            <st ob="" eb="" sr="" id="7.1">DERBY-6022: Add an optional tool for turning on optimizer tracing and dumping the trace to the console.</st>
            <st ob="" eb="" sr="" id="7.2">------------------------------------------------------------------------</st>
            <st ob="" eb="" sr="" id="7.3">r1454358 | kahatlen | 2013-03-08 04:58:58 -0800 (Fri, 08 Mar 2013) | 1 line</st>
        </parg>
        <parg ob="" eb="" sr="" id="8">
            <st ob="" eb="" sr="" id="8.1">Add the generated source folder to the NetBeans project.</st>
            <st ob="" eb="" sr="" id="8.2">------------------------------------------------------------------------</st>
            <st ob="" eb="" sr="" id="8.3">r1454296 | kahatlen | 2013-03-08 01:13:04 -0800 (Fri, 08 Mar 2013) | 3 lines</st>
        </parg>
        <parg ob="" eb="" sr="" id="9">
            <st ob="" eb="" sr="" id="9.1">DERBY-6075: Use modern collections in impl/sql/compile</st>
        </parg>
        <parg ob="" eb="" sr="" id="10">
            <st ob="" eb="" sr="" id="10.1">Replace Hashtable fields with HashSets.</st>
        </parg>
        <parg ob="" eb="" sr="" id="11">
            <st ob="" eb="" sr="" id="11.1">I think we should not be running the derbynet suite with weme at all, but we should be able to get a datasource...</st>
        </parg>
    </desc>
</bug>
