<?xml version="1.0" encoding="UTF-8" standalone="yes"?>
<bug no-bug="" comments="">
    <id>DERBY-6133</id>
    <title ob="x" eb="" sr="">simple array index typo</title>
    <desc>
        <parg ob="" eb="" sr="" id="1">
            <st ob="x" eb="" sr="" id="1.1">code does</st>
        </parg>
        <parg ob="" eb="" sr="" id="2">
            <st ob="" eb="" sr="" id="2.1">if (!</st>
            <st ob="" eb="" sr="" id="2.2">(columns[0] instanceof Storable))</st>
        </parg>
        <parg ob="" eb="" sr="" id="3">
            <st ob="" eb="x" sr="" id="3.1">instead of</st>
        </parg>
        <parg ob="" eb="" sr="" id="4">
            <st ob="" eb="" sr="" id="4.1">if (!</st>
            <st ob="" eb="" sr="" id="4.2">(columns[i] instanceof Storable))</st>
        </parg>
    </desc>
</bug>
