<?xml version="1.0" encoding="UTF-8" standalone="yes"?>
<bug no-bug="" comments="">
    <id>DERBY-2141</id>
    <title ob="x" eb="" sr="">BlobClob4BlobTest.testPositionBlob() fails with NullPointerException</title>
    <desc>
        <parg ob="" eb="" sr="" id="1">
            <st ob="" eb="" sr="" id="1.1">Seen in the nightly regression tests:
http://dbtg.thresher.com/derby/test/Daily/jvm1.6/testing/testlog/lin/481811-org.apache.derbyTesting.functionTests.suites.All_diff.txt
http://dbtg.thresher.com/derby/test/Daily/jvm1.6/testing/testlog/lin/480626-org.apache.derbyTesting.functionTests.suites.All_diff.txt</st>
        </parg>
    </desc>
</bug>
