<?xml version="1.0" encoding="UTF-8" standalone="yes"?>
<bug no-bug="" comments="">
    <id>DERBY-4718</id>
    <title ob="" eb="" sr=""> Correct wrong main() method in LocalizedDisplayScriptTest and LocalizedAttributeScriptTest</title>
    <desc>
        <parg ob="" eb="" sr="" id="1">
            <st ob="x" eb="" sr="" id="1.1">There are "public static void main()" in both LocalizedDisplayScriptTest and LocalizedAttributeScriptTest.</st>
            <st ob="x" eb="" sr="" id="1.2">Obviously, the two medthods have wrong signature, they don't have "String[] args".</st>
        </parg>
    </desc>
</bug>
