<?xml version="1.0" encoding="UTF-8" standalone="yes"?>
<bug no-bug="" comments="">
    <id>DERBY-4654</id>
    <title ob="x" eb="" sr="">Restriction.toSQL() doesn't escape special characters</title>
    <desc>
        <parg ob="" eb="" sr="" id="1">
            <st ob="x" eb="" sr="" id="1.1">org.apache.derby.vti.Restriction.toSQL() adds double quotes around column names, but it does not escape the special characters (like double quotes) in the column names, so the returned string may not be valid SQL.</st>
            <st ob="" eb="" sr="" id="1.2">This could cause problems when using the restriction to generate a query against an external database.</st>
        </parg>
        <parg ob="" eb="" sr="" id="2">
            <st ob="" eb="x" sr="" id="2.1">Restriction.doubleQuote() should use IdUtil.normalToDelimited() to get proper quoting of the names.</st>
        </parg>
    </desc>
</bug>
