<?xml version="1.0" encoding="UTF-8" standalone="yes"?>
<bug no-bug="" comments="">
    <id>DERBY-5912</id>
    <title ob="x" eb="" sr="">testIsValidImplemented fails for NetworkServer in some slow running machines/configurations</title>
    <desc>
        <parg ob="" eb="" sr="" id="1">
            <st ob="x" eb="" sr="" id="1.1">The following test has been seen to fail as below  in some runs where the machine is under heavy load  and slow running options are specified and the isValid() call takes more than a second to return.</st>
        </parg>
        <parg ob="" eb="" sr="" id="2">
            <st ob="" eb="" sr="" id="2.1">1 testIsValidImplemented(org.apache.derbyTesting.functionTests.tests.jdbc4.ConnectionTest)junit.framework.AssertionFailedError</st>
            <st ob="" eb="" sr="" id="2.2">	at org.apache.derbyTesting.functionTests.tests.jdbc4.ConnectionTest.testIsValidImplemented(ConnectionTest.java:168)</st>
            <st ob="" eb="" sr="" id="2.3">	at sun.reflect.NativeMethodAccessorImpl.invoke0(Native Method)</st>
            <st ob="" eb="" sr="" id="2.4">	at sun.reflect.NativeMethodAccessorImpl.invoke(NativeMethodAccessorImpl.java:60)</st>
            <st ob="" eb="" sr="" id="2.5">	at sun.reflect.DelegatingMethodAccessorImpl.invoke(DelegatingMethodAccessorImpl.java:37)</st>
            <st ob="" eb="" sr="" id="2.6">	at org.apache.derbyTesting.junit.BaseTestCase.runBare(BaseTestCase.java:113)</st>
            <st ob="" eb="" sr="" id="2.7">	at junit.extensions.TestDecorator.basicRun(TestDecorator.java:22)</st>
            <st ob="" eb="" sr="" id="2.8">	at junit.extensions.TestSetup$1.protect(TestSetup.java:19)</st>
            <st ob="" eb="" sr="" id="2.9">	at junit.extensions.TestSetup.run(TestSetup.java:23)</st>
            <st ob="" eb="" sr="" id="2.10">	at org.apache.derbyTesting.junit.BaseTestSetup.run(BaseTestSetup.java:57)</st>
            <st ob="" eb="" sr="" id="2.11">	at junit.extensions.TestDecorator.basicRun(TestDecorator.java:22)</st>
            <st ob="" eb="" sr="" id="2.12">	at junit.extensions.TestSetup$1.protect(TestSetup.java:19)</st>
            <st ob="" eb="" sr="" id="2.13">	at junit.extensions.TestSetup.run(TestSetup.java:23)</st>
        </parg>
        <parg ob="" eb="" sr="" id="3">
            <st ob="" eb="" sr="" id="3.1">The test does:
   // Test with a 1 second timeout
        assertTrue(getConnection().</st>
            <st ob="" eb="" sr="" id="3.2">isValid(1));</st>
        </parg>
        <parg ob="" eb="" sr="" id="4">
            <st ob="" eb="" sr="" id="4.1">assuming it will return in one second.</st>
            <st ob="" eb="" sr="" id="4.2">For embedded the int parameter is not implemented so indeed this always passes.</st>
            <st ob="" eb="" sr="" id="4.3">For the Network implementation in NetConnection40.java we actually do timeout and perform a query as part of the implementation so might indeed return false.</st>
        </parg>
    </desc>
</bug>
