<?xml version="1.0" encoding="UTF-8" standalone="yes"?>
<bug no-bug="" comments="">
    <id>DERBY-6089</id>
    <title ob="x" eb="" sr="">CallableStatement#registerOutParameter on client lacks check of legal types.</title>
    <desc>
        <parg ob="" eb="" sr="" id="1">
            <st ob="" eb="" sr="" id="1.1">Cf the attached negative test in a patch to PreparedStatement42.</st>
        </parg>
        <parg ob="" eb="" sr="" id="2">
            <st ob="" eb="" sr="" id="2.1">In JDBC 4.2, the Javadoc for registerOutParameter(int parameterIndex, int sqlType, String typeName) reads:</st>
        </parg>
        <parg ob="" eb="" sr="" id="3">
            <st ob="" eb="" sr="" id="3.1">:</st>
            <st ob="" eb="" sr="" id="3.2">@exception SQLFeatureNotSupportedException if sqlType is a ARRAY,</st>
            <st ob="" eb="" sr="" id="3.3">BLOB, CLOB, DATALINK, JAVA_OBJECT, NCHAR, NCLOB, NVARCHAR,</st>
            <st ob="" eb="" sr="" id="3.4">LONGNVARCHAR, REF, ROWID, SQLXML or STRUCT data type and the JDBC driver does not support this data type</st>
            <st ob="" eb="" sr="" id="3.5">:</st>
        </parg>
        <parg ob="" eb="" sr="" id="4">
            <st ob="x" eb="" sr="" id="4.1">For the new overloads, for embedded this is checked inside Util42#getTypeAsInt.</st>
            <st ob="x" eb="" sr="" id="4.2">The similar client method, Utils42#getTypeAsInt does not do this checking.</st>
        </parg>
    </desc>
</bug>
