<bug comments="" no-bug="">
    <id>DERBY-6064</id>
    <title eb="" ob="" sr="">Failures in upgradeTests.Changes10_9 related to index cardinality statistics</title>
    <desc>
        <parg eb="" id="1" ob="" sr="">
            <st eb="" id="1.1" ob="x" sr="">The upgrade test fails when run with 10.8.3.</st>
            <st eb="" id="1.2" ob="" sr="">The reason is that a fix has been backported to 10.8.3, and older branches back to 10.3, and this fix invalidates assumptions made in some of the tests in Changes10_9.</st>
        </parg>
        <parg eb="" id="2" ob="" sr="">
            <st eb="" id="2.1" ob="" sr="">Example of failures:
https://builds.apache.org/job/Derby-10.9-suites.All/60/testReport/</st>
        </parg>
        <parg eb="" id="3" ob="" sr="">
            <st eb="" id="3.1" ob="" sr="">As a side note, I'm wondering if we don't have good enough routines to make sure we run the upgrade tests with maintenance releases on older branches before releasing them.</st>
            <st eb="" id="3.2" ob="" sr="">I don't know if we can avoid this situation in general, that would at least require very careful consideration on how to write the upgrade test.</st>
        </parg>
    </desc>
</bug>