<?xml version="1.0" encoding="UTF-8" standalone="yes"?>
<bug no-bug="" comments="">
    <id>DERBY-4693</id>
    <title ob="x" eb="" sr="">column rename looses 'identity' attribute.</title>
    <desc>
        <parg ob="" eb="" sr="" id="1">
            <st ob="x" eb="" sr="x" id="1.1">renaming an identity column causes the column to loose its 'identity' attribute.</st>
        </parg>
        <parg ob="" eb="" sr="" id="2">
            <st ob="" eb="" sr="x" id="2.1">you can reproduce the problem as follows:</st>
        </parg>
        <parg ob="" eb="" sr="" id="3">
            <st ob="" eb="" sr="" id="3.1">CREATE TABLE njr_version ( id INTEGER generated always as identity, databaseVersion INTEGER);</st>
        </parg>
        <parg ob="" eb="" sr="" id="4">
            <st ob="" eb="" sr="" id="4.1">insert into njr_version (databaseVersion) values (10);</st>
            <st ob="" eb="" sr="" id="4.2">-- column inserted successfully.</st>
            <st ob="" eb="" sr="" id="4.3">rename column njr_version.</st>
            <st ob="" eb="" sr="" id="4.4">id to idVersion;</st>
        </parg>
        <parg ob="" eb="" sr="" id="5">
            <st ob="" eb="" sr="" id="5.1">insert into njr_version (databaseVersion) values (10);
Error: Column 'IDVERSION'  cannot accept a NULL value.</st>
        </parg>
        <parg ob="" eb="" sr="" id="6">
            <st ob="x" eb="" sr="" id="6.1">To compound this problem there is no way to restore the renamed column's identity attribute as the alter command doesn't let you set an identity attribute.</st>
            <st ob="" eb="" sr="" id="6.2">The only work around is to create a new table and copy the data across.</st>
        </parg>
    </desc>
</bug>
