<?xml version="1.0" encoding="UTF-8" standalone="yes"?>
<bug no-bug="" comments="">
    <id>DERBY-4664</id>
    <title ob="" eb="" sr="">Change Derby internal stored procedures to avoid DriverManager.getConnection("jdbc:default:connection") as it may be recognized by other Drivers</title>
    <desc>
        <parg ob="" eb="" sr="" id="1">
            <st ob="x" eb="" sr="" id="1.1">Some Derby internal Stored procedures and functions call DriverManager.getConnection("jdbc:default:connection"); and this url can be recognized by another Driver in the same classpath that is used for server side JDBC for another product.</st>
            <st ob="x" eb="" sr="" id="1.2">For example the below occurred in NetworkServer when JCC was also loaded because the JCC Type 2 driver is used for server side JDBC:</st>
        </parg>
        <parg ob="" eb="" sr="" id="2">
            <st ob="" eb="" sr="" id="2.1">java.lang.UnsatisfiedLinkError:        </st>
            <st ob="" eb="" sr="" id="2.2">db2jcct2 (Not found in java.library.path):  ERRORCODE=-4472, SQLSTATE=null</st>
            <st ob="" eb="" sr="" id="2.3">com.ibm.db2.jcc.b.SqlException</st>
            <st ob="" eb="" sr="" id="2.4">        at com.ibm.db2.jcc.b.bd.a(bd.java:660)</st>
            <st ob="" eb="" sr="" id="2.5">        at com.ibm.db2.jcc.b.bd.a(bd.java:60)</st>
            <st ob="" eb="" sr="" id="2.6">        at com.ibm.db2.jcc.b.bd.a(bd.java:94)</st>
            <st ob="" eb="" sr="" id="2.7">        at com.ibm.db2.jcc.t2.a.a(a.java:37)</st>
            <st ob="" eb="" sr="" id="2.8">        at com.ibm.db2.jcc.t2.T2Configuration.&lt;clinit&gt;(T2Configuration.java:94)</st>
            <st ob="" eb="" sr="" id="2.9">        at java.lang.J9VMInternals.initializeImpl(Native Method)</st>
            <st ob="" eb="" sr="" id="2.10">        at java.lang.J9VMInternals.initialize(J9VMInternals.java:196)</st>
            <st ob="" eb="" sr="" id="2.11">        at com.ibm.db2.jcc.DB2Driver.connect(DB2Driver.java:211)</st>
            <st ob="" eb="" sr="" id="2.12">        at java.sql.DriverManager.getConnection(DriverManager.java:572)</st>
            <st ob="" eb="" sr="" id="2.13">        at java.sql.DriverManager.getConnection(DriverManager.java:218)</st>
            <st ob="" eb="" sr="" id="2.14">        at org.apache.derby.impl.jdbc.LOBStoredProcedure.getEmbedConnection(Unknown Source)</st>
            <st ob="" eb="" sr="" id="2.15">        at org.apache.derby.impl.jdbc.LOBStoredProcedure.getClobObjectCorrespondingtoLOCATOR(Unknown Source)</st>
            <st ob="" eb="" sr="" id="2.16">        at org.apache.derby.impl.jdbc.LOBStoredProcedure.CLOBGETLENGTH(Unknown Source)</st>
            <st ob="" eb="" sr="" id="2.17">        at org.apache.derby.exe.acf81e0010x0128x864dxbe82x00004c9b380d12.e0(Unknown Source)</st>
            <st ob="" eb="" sr="" id="2.18">        at org.apache.derby.impl.services.reflect.DirectCall.invoke(Unknown Source)</st>
            <st ob="" eb="" sr="" id="2.19">        at org.apache.derby.impl.sql.execute.RowResultSet.getNextRowCore(Unknown Source)</st>
            <st ob="" eb="" sr="" id="2.20">        at org.apache.derby.impl.sql.execute.BasicNoPutResultSetImpl.getNextRow(Unknown Source)</st>
            <st ob="" eb="" sr="" id="2.21">        at org.apache.derby.impl.jdbc.EmbedResultSet.movePosition(Unknown Source)</st>
            <st ob="" eb="" sr="" id="2.22">        at org.apache.derby.impl.jdbc.EmbedResultSet.next(Unknown Source)</st>
            <st ob="" eb="" sr="" id="2.23">        at org.apache.derby.impl.jdbc.EmbedCallableStatement.executeStatement(Unknown Source)</st>
            <st ob="" eb="" sr="" id="2.24">        at org.apache.derby.impl.jdbc.EmbedPreparedStatement.execute(Unknown Source)</st>
            <st ob="" eb="" sr="" id="2.25">        at org.apache.derby.impl.drda.DRDAStatement.execute(Unknown Source)</st>
            <st ob="" eb="" sr="" id="2.26">        at org.apache.derby.impl.drda.DRDAConnThread.parseEXCSQLSTTobjects(Unknown Source)</st>
            <st ob="" eb="" sr="" id="2.27">        at org.apache.derby.impl.drda.DRDAConnThread.parseEXCSQLSTT(Unknown Source)</st>
            <st ob="" eb="" sr="" id="2.28">        at org.apache.derby.impl.drda.DRDAConnThread.processCommands(Unknown Source)</st>
            <st ob="" eb="" sr="" id="2.29">        at org.apache.derby.impl.drda.DRDAConnThread.run(Unknown Source)</st>
        </parg>
        <parg ob="" eb="" sr="" id="3">
            <st ob="" eb="" sr="" id="3.1">I think we can avoid this specific error by changing LobStoredProcedure (and perhaps other internal procedures)  to  use the code in  SystemProcedures.getDefaultConn() which always connects to Derby by using = InternalDriver.activeDriver()</st>
        </parg>
        <parg ob="" eb="" sr="" id="4">
            <st ob="" eb="" sr="" id="4.1">This of course will not solve the general problem for any user created procedure or function that performs SQL.</st>
            <st ob="" eb="" sr="" id="4.2">I am not sure if there is a good solution for that.</st>
            <st ob="" eb="" sr="" id="4.3">I asked the JCC Driver team to see if there is a way they can determine if they are running inside the DB2 process or not.</st>
            <st ob="" eb="" sr="" id="4.4">but regardless of these product workarounds I think the basic problem is design flaw in the specification.</st>
            <st ob="" eb="" sr="" id="4.5">DriverManager cannot differentiate the URL if all database products use the same one for server side JDBC.</st>
        </parg>
    </desc>
</bug>
