<?xml version="1.0" encoding="UTF-8" standalone="yes"?>
<bug no-bug="" comments="">
    <id>DERBY-6073</id>
    <title ob="" eb="" sr="">Test ordering instability in StatementPoolingTest</title>
    <desc>
        <parg ob="" eb="" sr="" id="1">
            <st ob="x" eb="" sr="" id="1.1">StatementPoolingTest.testPoolingEnabledByCheckingImplementationDetails() assumes that the client-side statement cache will have been primed by a previous test case, testCacheOverflow().</st>
            <st ob="" eb="" sr="" id="1.2">On Java 7 and Java 8 the test order is not deterministic.</st>
            <st ob="x" eb="" sr="" id="1.3">If testPoolingEnabledByCheckingImplementationDetails() is the first test case to run, then it fails with this error:</st>
        </parg>
        <parg ob="" eb="" sr="" id="2">
            <st ob="" eb="" sr="" id="2.1">org.apache.derbyTesting.functionTests.tests.jdbcapi.StatementPoolingTest.assertClassName(StatementPoolingTest.java:147)</st>
            <st ob="" eb="" sr="" id="2.2">	at org.apache.derbyTesting.functionTests.tests.jdbcapi.StatementPoolingTest.testPoolingEnabledByCheckingImplementationDetails(StatementPoolingTest.java:89)</st>
        </parg>
        <parg ob="" eb="" sr="" id="3">
            <st ob="" eb="" sr="" id="3.1">I will attach a patch which forces testPoolingEnabledByCheckingImplementationDetails() to be first in the test order.</st>
            <st ob="" eb="" sr="" id="3.2">With this patch, StatementPoolingTest fails for me on Java 7 when run on the 10.9 branch as well as on trunk.</st>
        </parg>
    </desc>
</bug>
