<?xml version="1.0" encoding="UTF-8" standalone="yes"?>
<bug no-bug="" comments="">
    <id>102620</id>
    <title ob="x" eb="" sr="" patterns="S_OB_NEG_AUX_VERB">CVS perspective's "Compare With" does not use synchronize view</title>
    <desc>
        <parg ob="" eb="" sr="" id="1">
            <st ob="x" eb="" sr="x" patterns="S_OB_COND_POS,S_SR_COND_OBS" id="1.1">In the CVS Repository Exploring perspective, if you select "Compare With" on a
branch or version, it eventually opens a "Structured Compare" window showing all
the changes.</st>
            <st ob="x" eb="" sr="" patterns="S_OB_NEG_AUX_VERB,S_OB_BUT_NEG" id="1.2">This means you cannot benefit from the Synchronize view's changeset
support -- you can access diffs, but no commit log information.</st>
        </parg>
    </desc>
</bug>
