<?xml version="1.0" encoding="UTF-8" standalone="yes"?>
<bug no-bug="" comments="">
    <id>103553</id>
    <title ob="x" eb="" sr="" patterns="S_OB_NEG_AUX_VERB">[osgi] deleted conditional permissions do not take effect immediately</title>
    <desc>
        <parg ob="" eb="" sr="" id="1">
            <st ob="x" eb="" sr="" patterns="S_OB_COND_NEG" id="1.1">When a ConditionaPermissionInfo is deleted the corresponding permissions 
associated with the ConditionalPermissionInfo are not removed immediately.</st>
            <st ob="" eb="" sr="" id="1.2">This allows for recently removed permissions to still take effect even after 
they have been deleted.</st>
        </parg>
    </desc>
</bug>
