<?xml version="1.0" encoding="UTF-8" standalone="yes"?>
<bug no-bug="" comments="">
    <id>104448</id>
    <title ob="x" eb="" sr="" patterns="S_OB_TOO">Import trace wizard is too big</title>
    <desc>
        <parg ob="x" eb="x" sr="" id="1">
            <st ob="x" eb="x" sr="" patterns="S_OB_TOO,S_EB_SHOULD" id="1.1">The filter section makes the wizard too long
A workbook should be created on the import page; first tab should be the range 
options and the second tab will be the filters</st>
        </parg>
    </desc>
</bug>
