<?xml version="1.0" encoding="UTF-8" standalone="yes"?>
<bug no-bug="" comments="">
    <id>106554</id>
    <title ob="x" eb="" sr="" patterns="S_OB_PROBLEM_IN">Problem in staticinitialization with pertypewithin aspect</title>
    <desc>
        <parg ob="" eb="" sr="x" id="1">
            <st ob="" eb="" sr="x" patterns="S_SR_CODE_REF" id="1.1">Here is a small test case that illustrates the problem I'm seeing with the 
AspectJ in CVS HEAD (it also affects 1.5.0 M2):</st>
        </parg>
        <parg ob="x" eb="x" sr="" id="2">
            <st ob="x" eb="x" sr="" patterns="S_OB_BUT_NEG,S_EB_SHOULD" id="2.1">The program should output 1 but it outputs null instead.</st>
        </parg>
        <parg ob="" eb="" sr="" id="3">
            <st ob="" eb="" sr="" id="3.1">public aspect AspectStatic {
    public interface Iface {
    }</st>
        </parg>
        <parg ob="" eb="" sr="" id="4">
            <st ob="" eb="" sr="" id="4.1">private static Class[] managedInterfaces = { Iface.class };
    private static Object assembler = initAssembler();
    private static Object initAssembler() {
            return new Integer(1);
    }</st>
        </parg>
        <parg ob="" eb="" sr="" id="5">
            <st ob="" eb="" sr="" id="5.1">public static void main(String args[]) {
        System.out.println("test = "+assembler);
    }
}</st>
        </parg>
        <parg ob="" eb="" sr="" id="6">
            <st ob="" eb="" sr="" id="6.1">aspect StopsInit pertypewithin(AspectStatic) {
    before() : staticinitialization(*) {
    }
}</st>
        </parg>
    </desc>
</bug>
