<?xml version="1.0" encoding="UTF-8" standalone="yes"?>
<bug no-bug="" comments="">
    <id>11184</id>
    <title ob="x" eb="" sr="" patterns="S_OB_NOUN_NOT">Sync kind for remote element not properly determined</title>
    <desc>
        <parg ob="x" eb="" sr="" id="1">
            <st ob="x" eb="" sr="" patterns="S_OB_NEG_AUX_VERB" id="1.1">The sync kind for CVS resources is not determined properly.</st>
        </parg>
        <parg ob="" eb="" sr="" id="2">
            <st ob="" eb="" sr="" id="2.1">Here are the problems:</st>
        </parg>
        <parg ob="" eb="" sr="" id="3">
            <st ob="" eb="x" sr="" patterns="S_EB_NEED_TO" id="3.1">1 Three way compare determination needs to be improvided in RemoteSyncElement.</st>
            <st ob="x" eb="" sr="" patterns="S_OB_ADV_TIME_NEG,S_OB_NEG_AUX_VERB" id="3.2">Currently, three way compare does not work properly for conflicting additions</st>
        </parg>
        <parg ob="x" eb="" sr="" id="4">
            <st ob="x" eb="" sr="" patterns="S_OB_NEG_AUX_VERB" id="4.1">2 The sync kind from above is not propogating properly in the overriding</st>
        </parg>
        <parg ob="x" eb="" sr="" id="5">
            <st ob="x" eb="" sr="" patterns="S_OB_NEG_ADV_ADJ" id="5.1">The implications of this are that conflicting additions are treated as 
conflicting changes.</st>
        </parg>
    </desc>
</bug>
