<?xml version="1.0" encoding="UTF-8" standalone="yes"?>
<bug no-bug="" comments="">
    <id>113061</id>
    <title ob="x" eb="" sr="" patterns="S_OB_MAKES_IMPOSSIBLE">Removal of .deployables since 1.0M8 makes derived projects impossible</title>
    <desc>
        <parg ob="x" eb="" sr="" id="1">
            <st ob="x" eb="" sr="" patterns="S_OB_WITHOUT" id="1.1">The removal of .deployables has removed the ability to build derived projects
without providing a replacement.</st>
        </parg>
        <parg ob="" eb="" sr="" id="2">
            <st ob="" eb="" sr="" id="2.1">This is a blocker for our project.</st>
        </parg>
        <parg ob="" eb="" sr="" id="3">
            <st ob="" eb="" sr="" id="3.1">Having got used to builds being staged in .</st>
            <st ob="" eb="" sr="" id="3.2">deployables, I've got two projects,
and Ant scripts to build them, but most importantly **one of the builds is
derived from the other**.</st>
        </parg>
        <parg ob="x" eb="" sr="" id="4">
            <st ob="x" eb="" sr="" patterns="S_OB_NO_LONGER" id="4.1">Since the changes covered in
http://dev.eclipse.org/mhonarc/lists/wtp-dev/msg02620.html, I can no longer use
an Ant script to import JSP and other resources into the second project's
.deployables when building the second project (we have a "site" build, and we
add various pages to it to give us our "admin" build).</st>
        </parg>
    </desc>
</bug>
