<?xml version="1.0" encoding="UTF-8" standalone="yes"?>
<bug no-bug="" comments="">
    <id>113516</id>
    <title ob="x" eb="" sr="" patterns="S_OB_NEG_COND">NPE thrown out when preview the cascading parameter group which contains a static parameter</title>
    <desc>
        <parg ob="x" eb="" sr="" id="1">
            <st ob="x" eb="" sr="" patterns="S_OB_OBS_BEHAVIOR" id="1.1">description:
NPE thrown out when preview the cascading parameter group which contains a 
static parameter</st>
        </parg>
        <parg ob="" eb="" sr="x" patterns="P_SR_LABELED_LIST" id="2">
            <st ob="" eb="" sr="" id="2.1">steps to reproduce:</st>
            <st ob="" eb="" sr="" id="2.2">1 new a cascading parameter group</st>
            <st ob="" eb="" sr="" id="2.3">2 new a static parameter and drag the static to cascading parameter group</st>
            <st ob="" eb="" sr="" id="2.4">3 preview</st>
        </parg>
        <parg ob="x" eb="" sr="" patterns="P_OB_OBSERVED_BEHAVIOR_MULTI" id="3">
            <st ob="" eb="" sr="" id="3.1">actual result:
NullPointerException thrown out</st>
        </parg>
        <parg ob="" eb="x" sr="" id="4">
            <st ob="" eb="x" sr="" patterns="S_EB_EXP_BEHAVIOR" id="4.1">expected result:
The same thing happened when the static parameter's display type is text 
As static parameter can't bind to a data set column, the action of dragging 
static parameter to cascading parameter group should be forbidden
Or just generate a binding field for the static parameter</st>
        </parg>
    </desc>
</bug>
