<?xml version="1.0" encoding="UTF-8" standalone="yes"?>
<bug no-bug="" comments="">
    <id>113724</id>
    <title ob="x" eb="" sr="" patterns="S_OB_NEG_COND">NPE thrown out when preview cascading parameter with a static parameter</title>
    <desc>
        <parg ob="" eb="" sr="" id="1">
            <st ob="" eb="" sr="" id="1.1">description:
NPE thrown out when preview cascading parameter with a static parameter</st>
        </parg>
        <parg ob="" eb="" sr="x" patterns="P_SR_LABELED_LIST" id="2">
            <st ob="" eb="" sr="" id="2.1">steps to reproduce:</st>
            <st ob="" eb="" sr="" id="2.2">1 new a data source and data set</st>
            <st ob="" eb="" sr="" id="2.3">2 new a cascading parameter</st>
            <st ob="" eb="" sr="" id="2.4">3 new a static parameter</st>
            <st ob="" eb="" sr="" id="2.5">4 drag the static parameter to layout view</st>
            <st ob="" eb="" sr="" id="2.6">5 drag static parameter to cascading parameter group</st>
            <st ob="" eb="" sr="" id="2.7">6 preview</st>
        </parg>
        <parg ob="x" eb="" sr="" id="3">
            <st ob="x" eb="" sr="" patterns="S_OB_OBS_BEHAVIOR" id="3.1">actual result:
NullPointerException thrown out</st>
        </parg>
        <parg ob="" eb="x" sr="" id="4">
            <st ob="" eb="x" sr="" patterns="S_EB_EXP_BEHAVIOR" id="4.1">expected result:
No NullPointerException thrown out</st>
        </parg>
        <parg ob="" eb="" sr="" id="5">
            <st ob="" eb="" sr="" id="5.1">Exception stack trace:</st>
            <st ob="" eb="" sr="" id="5.2">java.lang.NullPointerException</st>
            <st ob="" eb="" sr="" id="5.3">	at </st>
            <st ob="" eb="" sr="" id="5.4">org.eclipse.birt.data.engine.executor.CachedResultSet.getNumberOfUserDefinedCom</st>
            <st ob="" eb="" sr="" id="5.5">putedColumn(CachedResultSet.java:380)</st>
            <st ob="" eb="" sr="" id="5.6">	at </st>
            <st ob="" eb="" sr="" id="5.7">org.eclipse.birt.data.engine.executor.CachedResultSet.populateResultSet</st>
            <st ob="" eb="" sr="" id="5.8">(CachedResultSet.java:216)</st>
            <st ob="" eb="" sr="" id="5.9">	at org.eclipse.birt.data.engine.executor.CachedResultSet.&lt;init&gt;</st>
            <st ob="" eb="" sr="" id="5.10">(CachedResultSet.java:117)</st>
            <st ob="" eb="" sr="" id="5.11">	at org.eclipse.birt.data.engine.executor.DataSourceQuery.execute</st>
            <st ob="" eb="" sr="" id="5.12">(DataSourceQuery.java:503)</st>
            <st ob="" eb="" sr="" id="5.13">	at </st>
            <st ob="" eb="" sr="" id="5.14">org.eclipse.birt.data.engine.impl.PreparedExtendedDSQuery$ExtendedDSQueryExecut</st>
            <st ob="" eb="" sr="" id="5.15">or.executeOdiQuery(PreparedExtendedDSQuery.java:313)</st>
            <st ob="" eb="" sr="" id="5.16">	at org.eclipse.birt.data.engine.impl.PreparedQuery$Executor.execute</st>
            <st ob="" eb="" sr="" id="5.17">(PreparedQuery.java:627)</st>
            <st ob="" eb="" sr="" id="5.18">	at org.eclipse.birt.data.engine.impl.QueryResults.getResultIterator</st>
            <st ob="" eb="" sr="" id="5.19">(QueryResults.java:98)</st>
            <st ob="" eb="" sr="" id="5.20">	at </st>
            <st ob="" eb="" sr="" id="5.21">org.eclipse.birt.report.engine.api.impl.GetParameterDefinitionTask.evaluateQuer</st>
            <st ob="" eb="" sr="" id="5.22">y(GetParameterDefinitionTask.java:586)</st>
            <st ob="" eb="" sr="" id="5.23">	at </st>
            <st ob="" eb="" sr="" id="5.24">org.eclipse.birt.report.designer.internal.ui.dialogs.InputParameterDialog.getSe</st>
            <st ob="" eb="" sr="" id="5.25">lectionChoice(InputParameterDialog.java:621)</st>
            <st ob="" eb="" sr="" id="5.26">	at </st>
            <st ob="" eb="" sr="" id="5.27">org.eclipse.birt.report.designer.internal.ui.dialogs.InputParameterDialog.build</st>
            <st ob="" eb="" sr="" id="5.28">ChoiceList(InputParameterDialog.java:533)</st>
            <st ob="" eb="" sr="" id="5.29">	at </st>
            <st ob="" eb="" sr="" id="5.30">org.eclipse.birt.report.designer.internal.ui.dialogs.InputParameterDialog.rendP</st>
            <st ob="" eb="" sr="" id="5.31">arameterComboBox(InputParameterDialog.java:485)</st>
            <st ob="" eb="" sr="" id="5.32">	at </st>
            <st ob="" eb="" sr="" id="5.33">org.eclipse.birt.report.designer.internal.ui.dialogs.InputParameterDialog.rendS</st>
            <st ob="" eb="" sr="" id="5.34">calarParameter(InputParameterDialog.java:336)</st>
            <st ob="" eb="" sr="" id="5.35">	at </st>
            <st ob="" eb="" sr="" id="5.36">org.eclipse.birt.report.designer.internal.ui.dialogs.InputParameterDialog.rende</st>
            <st ob="" eb="" sr="" id="5.37">rParameterWidgets(InputParameterDialog.java:209)</st>
            <st ob="" eb="" sr="" id="5.38">	at </st>
            <st ob="" eb="" sr="" id="5.39">org.eclipse.birt.report.designer.internal.ui.dialogs.InputParameterDialog.rende</st>
            <st ob="" eb="" sr="" id="5.40">rParameterWidgets(InputParameterDialog.java:204)</st>
        </parg>
    </desc>
</bug>
