<?xml version="1.0" encoding="UTF-8" standalone="yes"?>
<bug no-bug="" comments="">
    <id>115579</id>
    <title ob="x" eb="" sr="" patterns="S_OB_NEG_VERB">[Help] Fail to launch Help System from CD</title>
    <desc>
        <parg ob="" eb="" sr="" id="1">
            <st ob="" eb="" sr="" patterns="" id="1.1">We're going to lauch Help System from CD with the following script:
@echo off
if "%temp%" == "" .</st>
            <st ob="" eb="" sr="" id="1.2">\jre\bin\java -classpath 
eclipse\plugins\org.eclipse.help.base_3.0.1\helpbase.jar 
org.eclipse.help.standalone.Help -eclipsehome eclipse -plugincustomization 
plugins\com.ibm.help.hs.doc\plugin_customization.</st>
            <st ob="" eb="" sr="" id="1.3">ini -command displayHelp -
host 127.0.0.1 -noexec -data %tmp%\standalone
if not "%temp%" == "" .</st>
            <st ob="" eb="" sr="" id="1.4">\jre\bin\java -classpath 
eclipse\plugins\org.eclipse.help.base_3.0.1\helpbase.jar 
org.eclipse.help.standalone.Help -eclipsehome eclipse -plugincustomization 
plugins\com.ibm.help.hs.doc\plugin_customization.</st>
            <st ob="" eb="" sr="" id="1.5">ini -command displayHelp -
host 127.0.0.1 -noexec -data %temp%\standalone</st>
        </parg>
        <parg ob="" eb="" sr="" id="2">
            <st ob="x" eb="" sr="" patterns="S_OB_COND_NEG" id="2.1">When we runs the script from an existing dos window the command prompt returns 
with no output.</st>
            <st ob="x" eb="" sr="" patterns="S_OB_NEG_AUX_VERB" id="2.2">The Help System doesn't load.</st>
            <st ob="" eb="" sr="" id="2.3">We got some error message in 
the log file:</st>
        </parg>
        <parg ob="" eb="" sr="" id="3">
            <st ob="" eb="" sr="" id="3.1">!</st>
            <st ob="" eb="" sr="" id="3.2">SESSION Nov 01, 2005 13:52:06.625 --------------------------------------------</st>
            <st ob="" eb="" sr="" id="3.3">-</st>
            <st ob="" eb="" sr="" id="3.4">eclipse.buildId=unknown</st>
            <st ob="" eb="" sr="" id="3.5">java.fullversion=J2RE 1.4.2 IBM Windows 32 build cn142ifx-20041203 </st>
            <st ob="" eb="" sr="" id="3.6">(142SR1+80507) (JIT enabled: jitc)</st>
            <st ob="" eb="" sr="" id="3.7">BootLoader constants: OS=win32, ARCH=x86, WS=win32, NL=en_US</st>
            <st ob="" eb="" sr="" id="3.8">Command-line arguments: -application org.eclipse.help.base.helpApplication -</st>
            <st ob="" eb="" sr="" id="3.9">plugincustomization plugins\com.ibm.cics.ts.doc\plugin_customization.</st>
            <st ob="" eb="" sr="" id="3.10">ini</st>
        </parg>
        <parg ob="" eb="" sr="" id="4">
            <st ob="" eb="" sr="" id="4.1">!ENTRY org.eclipse.osgi Nov 01, 2005 13:52:06.625</st>
            <st ob="" eb="" sr="" id="4.2">!MESSAGE Application error</st>
            <st ob="" eb="" sr="" id="4.3">!STACK 1</st>
            <st ob="" eb="" sr="" id="4.4">java.lang.RuntimeException: </st>
            <st ob="" eb="" sr="" id="4.5">Application "org.eclipse.help.base.helpApplication" could not be found in the </st>
            <st ob="" eb="" sr="" id="4.6">registry. The applications available are: &lt;NONE&gt;.</st>
            <st ob="" eb="" sr="" id="4.7">	at org.eclipse.core.internal.runtime.PlatformActivator$1.run(Unknown </st>
            <st ob="" eb="" sr="" id="4.8">Source)</st>
            <st ob="" eb="" sr="" id="4.9">	at org.eclipse.core.runtime.adaptor.EclipseStarter.run(Unknown Source)</st>
            <st ob="" eb="" sr="" id="4.10">	at org.eclipse.core.runtime.adaptor.EclipseStarter.run(Unknown Source)</st>
            <st ob="" eb="" sr="" id="4.11">	at sun.reflect.NativeMethodAccessorImpl.invoke0(Native Method)</st>
            <st ob="" eb="" sr="" id="4.12">	at sun.reflect.NativeMethodAccessorImpl.invoke</st>
            <st ob="" eb="" sr="" id="4.13">(NativeMethodAccessorImpl.java:85)</st>
            <st ob="" eb="" sr="" id="4.14">	at sun.reflect.NativeMethodAccessorImpl.invoke</st>
            <st ob="" eb="" sr="" id="4.15">(NativeMethodAccessorImpl.java:58)</st>
            <st ob="" eb="" sr="" id="4.16">	at sun.reflect.DelegatingMethodAccessorImpl.invoke</st>
            <st ob="" eb="" sr="" id="4.17">(DelegatingMethodAccessorImpl.java:60)</st>
            <st ob="" eb="" sr="" id="4.18">	at java.lang.reflect.Method.invoke(Method.java:391)</st>
            <st ob="" eb="" sr="" id="4.19">	at org.eclipse.core.launcher.Main.basicRun(Main.java:185)</st>
            <st ob="" eb="" sr="" id="4.20">	at org.eclipse.core.launcher.Main.run(Main.java:704)</st>
            <st ob="" eb="" sr="" id="4.21">	at org.eclipse.core.launcher.Main.main(Main.java:688)</st>
        </parg>
        <parg ob="" eb="" sr="" id="5">
            <st ob="" eb="" sr="" id="5.1">!</st>
            <st ob="" eb="" sr="" id="5.2">ENTRY org.eclipse.osgi Nov 01, 2005 13:52:06.641
!</st>
            <st ob="" eb="" sr="" id="5.3">MESSAGE Bundle update@/D:/eclipse/plugins/com.ibm.cics.bac.doc_1.1.0/ [191] 
was not resolved.</st>
            <st ob="" eb="" sr="" id="5.4">!</st>
            <st ob="" eb="" sr="" id="5.5">SUBENTRY 1 org.eclipse.osgi Nov 01, 2005 13:52:06.641
!</st>
            <st ob="" eb="" sr="" id="5.6">MESSAGE Missing required bundle org.eclipse.core.runtime.compatibility_0.0.0.</st>
        </parg>
        <parg ob="" eb="" sr="" id="6">
            <st ob="" eb="" sr="" id="6.1">!</st>
            <st ob="" eb="" sr="" id="6.2">ENTRY org.eclipse.osgi Nov 01, 2005 13:52:06.641
!</st>
            <st ob="" eb="" sr="" id="6.3">MESSAGE Bundle update@/D:/eclipse/plugins/com.ibm.cics.bep.doc_1.2.0/ [192] 
was not resolved.</st>
            <st ob="" eb="" sr="" id="6.4">!</st>
            <st ob="" eb="" sr="" id="6.5">SUBENTRY 1 org.eclipse.osgi Nov 01, 2005 13:52:06.641
!</st>
            <st ob="" eb="" sr="" id="6.6">MESSAGE Missing required bundle org.eclipse.core.runtime.compatibility_0.0.0.</st>
        </parg>
        <parg ob="" eb="" sr="" id="7">
            <st ob="" eb="" sr="" id="7.1">!</st>
            <st ob="" eb="" sr="" id="7.2">ENTRY org.eclipse.osgi Nov 01, 2005 13:52:06.766
!</st>
            <st ob="" eb="" sr="" id="7.3">MESSAGE Bundle update@/D:/eclipse/plugins/com.ibm.cics.cm.doc_1.1.0/ [193] 
was not resolved.</st>
            <st ob="" eb="" sr="" id="7.4">!</st>
            <st ob="" eb="" sr="" id="7.5">SUBENTRY 1 org.eclipse.osgi Nov 01, 2005 13:52:06.766
!</st>
            <st ob="" eb="" sr="" id="7.6">MESSAGE Missing required bundle org.eclipse.core.runtime.compatibility_0.0.0.</st>
        </parg>
        <parg ob="" eb="" sr="" id="8">
            <st ob="" eb="" sr="" id="8.1">!</st>
            <st ob="" eb="" sr="" id="8.2">ENTRY org.eclipse.osgi Nov 01, 2005 13:52:06.766
!</st>
            <st ob="" eb="" sr="" id="8.3">MESSAGE Bundle update@/D:/eclipse/plugins/com.ibm.cics.ia.doc_1.2.0/ [194] 
was not resolved.</st>
            <st ob="" eb="" sr="" id="8.4">!</st>
            <st ob="" eb="" sr="" id="8.5">SUBENTRY 1 org.eclipse.osgi Nov 01, 2005 13:52:06.766
!</st>
            <st ob="" eb="" sr="" id="8.6">MESSAGE Missing required bundle org.eclipse.core.runtime.compatibility_0.0.0.</st>
        </parg>
        <parg ob="" eb="" sr="" id="9">
            <st ob="" eb="" sr="" id="9.1">!</st>
            <st ob="" eb="" sr="" id="9.2">ENTRY org.eclipse.osgi Nov 01, 2005 13:52:06.766
!</st>
            <st ob="" eb="" sr="" id="9.3">MESSAGE Bundle update@/D:/eclipse/plugins/com.ibm.cics.mqia.doc_6.0.1/ [195] 
was not resolved.</st>
            <st ob="" eb="" sr="" id="9.4">!</st>
            <st ob="" eb="" sr="" id="9.5">SUBENTRY 1 org.eclipse.osgi Nov 01, 2005 13:52:06.766
!</st>
            <st ob="" eb="" sr="" id="9.6">MESSAGE Missing required bundle org.eclipse.core.runtime.compatibility_0.0.0.</st>
        </parg>
        <parg ob="" eb="" sr="" id="10">
            <st ob="" eb="" sr="" id="10.1">!</st>
            <st ob="" eb="" sr="" id="10.2">ENTRY org.eclipse.osgi Nov 01, 2005 13:52:06.766
!</st>
            <st ob="" eb="" sr="" id="10.3">MESSAGE Bundle update@/D:/eclipse/plugins/com.ibm.cics.pa.doc_1.4.0/ [196] 
was not resolved.</st>
            <st ob="" eb="" sr="" id="10.4">!</st>
            <st ob="" eb="" sr="" id="10.5">SUBENTRY 1 org.eclipse.osgi Nov 01, 2005 13:52:06.766
!</st>
            <st ob="" eb="" sr="" id="10.6">MESSAGE Missing required bundle org.eclipse.core.runtime.compatibility_0.0.0.</st>
        </parg>
        <parg ob="" eb="" sr="" id="11">
            <st ob="" eb="" sr="" id="11.1">!</st>
            <st ob="" eb="" sr="" id="11.2">ENTRY org.eclipse.osgi Nov 01, 2005 13:52:06.781
!</st>
            <st ob="" eb="" sr="" id="11.3">MESSAGE Bundle update@/D:/eclipse/plugins/com.ibm.cics.pm.doc_1.2.0/ [197] 
was not resolved.</st>
            <st ob="" eb="" sr="" id="11.4">!</st>
            <st ob="" eb="" sr="" id="11.5">SUBENTRY 1 org.eclipse.osgi Nov 01, 2005 13:52:06.781
!</st>
            <st ob="" eb="" sr="" id="11.6">MESSAGE Missing required bundle org.eclipse.core.runtime.compatibility_0.0.0.</st>
        </parg>
        <parg ob="" eb="" sr="" id="12">
            <st ob="" eb="" sr="" id="12.1">!</st>
            <st ob="" eb="" sr="" id="12.2">ENTRY org.eclipse.osgi Nov 01, 2005 13:52:06.781
!</st>
            <st ob="" eb="" sr="" id="12.3">MESSAGE Bundle update@/D:/eclipse/plugins/com.ibm.cics.rexx.doc_1.1.0/ [198] 
was not resolved.</st>
            <st ob="" eb="" sr="" id="12.4">!</st>
            <st ob="" eb="" sr="" id="12.5">SUBENTRY 1 org.eclipse.osgi Nov 01, 2005 13:52:06.781
!</st>
            <st ob="" eb="" sr="" id="12.6">MESSAGE Missing required bundle org.eclipse.core.runtime.compatibility_0.0.0.</st>
        </parg>
        <parg ob="" eb="" sr="" id="13">
            <st ob="" eb="" sr="" id="13.1">!</st>
            <st ob="" eb="" sr="" id="13.2">ENTRY org.eclipse.osgi Nov 01, 2005 13:52:06.781
!</st>
            <st ob="" eb="" sr="" id="13.3">MESSAGE Bundle update@/D:/eclipse/plugins/com.ibm.cics.smr.doc_1.2.1/ [199] 
was not resolved.</st>
            <st ob="" eb="" sr="" id="13.4">!</st>
            <st ob="" eb="" sr="" id="13.5">SUBENTRY 1 org.eclipse.osgi Nov 01, 2005 13:52:06.781
!</st>
            <st ob="" eb="" sr="" id="13.6">MESSAGE Missing required bundle org.eclipse.core.runtime.compatibility_0.0.0.</st>
        </parg>
        <parg ob="" eb="" sr="" id="14">
            <st ob="" eb="" sr="" id="14.1">!</st>
            <st ob="" eb="" sr="" id="14.2">ENTRY org.eclipse.osgi Nov 01, 2005 13:52:06.781
!</st>
            <st ob="" eb="" sr="" id="14.3">MESSAGE Bundle update@/D:/eclipse/plugins/com.ibm.cics.vc.doc_1.1.2/ [201] 
was not resolved.</st>
            <st ob="" eb="" sr="" id="14.4">!</st>
            <st ob="" eb="" sr="" id="14.5">SUBENTRY 1 org.eclipse.osgi Nov 01, 2005 13:52:06.781
!</st>
            <st ob="" eb="" sr="" id="14.6">MESSAGE Missing required bundle org.eclipse.core.runtime.compatibility_0.0.0.</st>
        </parg>
        <parg ob="" eb="" sr="" id="15">
            <st ob="" eb="" sr="" id="15.1">!</st>
            <st ob="" eb="" sr="" id="15.2">ENTRY org.eclipse.osgi Nov 01, 2005 13:52:06.797
!</st>
            <st ob="" eb="" sr="" id="15.3">MESSAGE Bundle update@/D:/eclipse/plugins/com.ibm.cics.vr.doc_3.3.0/ [202] 
was not resolved.</st>
            <st ob="" eb="" sr="" id="15.4">!</st>
            <st ob="" eb="" sr="" id="15.5">SUBENTRY 1 org.eclipse.osgi Nov 01, 2005 13:52:06.797
!</st>
            <st ob="" eb="" sr="" id="15.6">MESSAGE Missing required bundle org.eclipse.core.runtime.compatibility_0.0.0.</st>
        </parg>
        <parg ob="" eb="" sr="" id="16">
            <st ob="" eb="" sr="" id="16.1">!</st>
            <st ob="" eb="" sr="" id="16.2">ENTRY org.eclipse.osgi Nov 01, 2005 13:52:06.797
!</st>
            <st ob="" eb="" sr="" id="16.3">MESSAGE Bundle update@/D:/eclipse/plugins/com.ibm.cics.vt.doc_1.2.0/ [203] 
was not resolved.</st>
            <st ob="" eb="" sr="" id="16.4">!</st>
            <st ob="" eb="" sr="" id="16.5">SUBENTRY 1 org.eclipse.osgi Nov 01, 2005 13:52:06.797
!</st>
            <st ob="" eb="" sr="" id="16.6">MESSAGE Missing required bundle org.eclipse.core.runtime.compatibility_0.0.0.</st>
        </parg>
        <parg ob="" eb="" sr="" id="17">
            <st ob="" eb="" sr="" id="17.1">!</st>
            <st ob="" eb="" sr="" id="17.2">ENTRY org.eclipse.osgi Nov 01, 2005 13:52:06.797
!</st>
            <st ob="" eb="" sr="" id="17.3">MESSAGE Bundle update@/D:/eclipse/plugins/com.ibm.cicstg600.doc/ [204] was 
not resolved.</st>
            <st ob="" eb="" sr="" id="17.4">!</st>
            <st ob="" eb="" sr="" id="17.5">SUBENTRY 1 org.eclipse.osgi Nov 01, 2005 13:52:06.797
!</st>
            <st ob="" eb="" sr="" id="17.6">MESSAGE Missing required bundle org.eclipse.help_0.0.0.</st>
            <st ob="" eb="" sr="" id="17.7">!</st>
            <st ob="" eb="" sr="" id="17.8">SUBENTRY 1 org.eclipse.osgi Nov 01, 2005 13:52:06.797
!</st>
            <st ob="" eb="" sr="" id="17.9">MESSAGE Missing optionally required bundle org.eclipse.help.base_0.0.0.</st>
            <st ob="" eb="" sr="" id="17.10">!</st>
            <st ob="" eb="" sr="" id="17.11">SUBENTRY 1 org.eclipse.osgi Nov 01, 2005 13:52:06.797
!</st>
            <st ob="" eb="" sr="" id="17.12">MESSAGE Missing required bundle org.eclipse.core.runtime.compatibility_0.0.0.</st>
        </parg>
        <parg ob="" eb="" sr="" id="18">
            <st ob="" eb="" sr="" id="18.1">!</st>
            <st ob="" eb="" sr="" id="18.2">ENTRY org.eclipse.osgi Nov 01, 2005 13:52:06.812
!</st>
            <st ob="" eb="" sr="" id="18.3">MESSAGE Bundle update@/D:/eclipse/plugins/com.ibm.cicsuc600.doc/ [205] was 
not resolved.</st>
            <st ob="" eb="" sr="" id="18.4">!</st>
            <st ob="" eb="" sr="" id="18.5">SUBENTRY 1 org.eclipse.osgi Nov 01, 2005 13:52:06.812
!</st>
            <st ob="" eb="" sr="" id="18.6">MESSAGE Missing required bundle org.eclipse.help_0.0.0.</st>
            <st ob="" eb="" sr="" id="18.7">!</st>
            <st ob="" eb="" sr="" id="18.8">SUBENTRY 1 org.eclipse.osgi Nov 01, 2005 13:52:06.812
!</st>
            <st ob="" eb="" sr="" id="18.9">MESSAGE Missing optionally required bundle org.eclipse.help.base_0.0.0.</st>
            <st ob="" eb="" sr="" id="18.10">!</st>
            <st ob="" eb="" sr="" id="18.11">SUBENTRY 1 org.eclipse.osgi Nov 01, 2005 13:52:06.812
!</st>
            <st ob="" eb="" sr="" id="18.12">MESSAGE Missing required bundle org.eclipse.core.runtime.compatibility_0.0.0.</st>
        </parg>
        <parg ob="" eb="" sr="" id="19">
            <st ob="" eb="" sr="" id="19.1">!</st>
            <st ob="" eb="" sr="" id="19.2">ENTRY org.eclipse.osgi Nov 01, 2005 13:52:06.812
!</st>
            <st ob="" eb="" sr="" id="19.3">MESSAGE Bundle update@/D:/eclipse/plugins/com.ibm.cics.ts.doc_3.1.2/ [207] 
was not resolved.</st>
            <st ob="" eb="" sr="" id="19.4">!</st>
            <st ob="" eb="" sr="" id="19.5">SUBENTRY 1 org.eclipse.osgi Nov 01, 2005 13:52:06.812
!</st>
            <st ob="" eb="" sr="" id="19.6">MESSAGE Missing required bundle org.eclipse.core.runtime.compatibility_0.0.0.</st>
        </parg>
        <parg ob="" eb="" sr="" id="20">
            <st ob="" eb="" sr="" id="20.1">!</st>
            <st ob="" eb="" sr="" id="20.2">ENTRY org.eclipse.osgi Nov 01, 2005 13:52:06.812
!</st>
            <st ob="" eb="" sr="" id="20.3">MESSAGE Bundle update@/D:/eclipse/plugins/com.ibm.support.cics.doc_3.1.2/ 
[208] was not resolved.</st>
            <st ob="" eb="" sr="" id="20.4">!</st>
            <st ob="" eb="" sr="" id="20.5">SUBENTRY 1 org.eclipse.osgi Nov 01, 2005 13:52:06.812
!</st>
            <st ob="" eb="" sr="" id="20.6">MESSAGE Missing required bundle org.eclipse.core.runtime.compatibility_0.0.0.</st>
        </parg>
    </desc>
</bug>
