<?xml version="1.0" encoding="UTF-8" standalone="yes"?>
<bug no-bug="" comments="">
    <id>116715</id>
    <title ob="x" eb="" sr="" patterns="S_OB_NEG_AUX_VERB">Undo is not available in library editor</title>
    <desc>
        <parg ob="" eb="" sr="x" patterns="P_SR_ACTIONS_MULTI_OBS_BEHAVIOR" id="1">
            <st ob="" eb="" sr="" id="1.1">Add an item to the library outline.</st>
            <st ob="" eb="" sr="" id="1.2">Choose the edit menu.</st>
            <st ob="x" eb="" sr="" patterns="S_OB_NEG_AUX_VERB" id="1.3">Actual: Undo is not available.</st>
            <st ob="x" eb="" sr="" patterns="S_OB_NEG_AUX_VERB" id="1.4">Ctrl-Z does not undo the action.</st>
        </parg>
        <parg ob="" eb="" sr="x" patterns="P_SR_ACTIONS_MULTI_OBS_BEHAVIOR" id="2">
            <st ob="" eb="" sr="" id="2.1">Make a change to the item you just added.</st>
            <st ob="" eb="" sr="" id="2.2">Choose the edit menu.</st>
            <st ob="x" eb="" sr="" id="2.3">Actual: Undo is not available.</st>
            <st ob="x" eb="" sr="" id="2.4">Ctrl-Z does not undo the action.</st>
        </parg>
        <parg ob="" eb="x" sr="" patterns="P_EB_EXP_BEHAVIOR_MULTI" id="3">
            <st ob="" eb="" sr="" id="3.1">Expected, in both cases: Undo is available.</st>
            <st ob="" eb="" sr="" id="3.2">Ctrl-Z undoes the action.</st>
        </parg>
    </desc>
</bug>
