<?xml version="1.0" encoding="UTF-8" standalone="yes"?>
<bug no-bug="" comments="">
    <id>119023</id>
    <title ob="x" eb="" sr="" patterns="S_OB_ERROR_COND">[DnD] [Presentation] NPE while dragging trim.</title>
    <desc>
        <parg ob="" eb="" sr="x" patterns="P_SR_ACTIONS_MULTI_OBS_BEHAVIOR" id="1">
            <st ob="" eb="" sr="" id="1.1">On Linux, move the the perspective switcher and the fast view bar to the left side.</st>
            <st ob="" eb="" sr="" id="1.2">Stop and restart eclipse, the appear on the left.</st>
        </parg>
        <parg ob="" eb="" sr="" id="2">
            <st ob="" eb="" sr="x" patterns="S_SR_TRY" id="2.1">Try dragging them around, both on the left and to the bottom.</st>
            <st ob="x" eb="" sr="" patterns="S_OB_VERB_ERROR,S_OB_ATTACH_REF" id="2.2">They'll generate NPEs in ActualTrimDropTarget (I've attached my log).</st>
        </parg>
        <parg ob="" eb="" sr="" id="3">
            <st ob="" eb="" sr="" id="3.1">PW</st>
        </parg>
    </desc>
</bug>
