<?xml version="1.0" encoding="UTF-8" standalone="yes"?>
<bug no-bug="" comments="">
    <id>124036</id>
    <title ob="" eb="x" sr="" patterns="S_EB_NEED_TO">[j2ee facets] Need better facet descriptions</title>
    <desc>
        <parg ob="" eb="" sr="" id="1">
            <st ob="" eb="x" sr="" patterns="S_EB_SHOULD" id="1.1">I think we shouldn't use the name of a facet as part of its definition unless we're unrolling an acronym (like EJB).</st>
            <st ob="x" eb="" sr="" patterns="S_OB_NEG_ADV_ADJ" id="1.2">Dynamic Web Module is one of the worst in this case: "Enables the project to be deployed as a dynamic web module."</st>
            <st ob="" eb="" sr="" id="1.3">From what I've found on Google, WTP is the only place using that term aside from some consulting firms.</st>
            <st ob="" eb="x" sr="" patterns="S_EB_CAN_QUESTION" id="1.4">Can we instead describe the facets in a way that uses the corresponding J2EE/Web standards so that users new to WTP aren't left guessing?</st>
        </parg>
    </desc>
</bug>
