<?xml version="1.0" encoding="UTF-8" standalone="yes"?>
<bug no-bug="" comments="">
    <id>125135</id>
    <title ob="x" eb="" sr="" patterns="S_OB_ERROR_COND">Performance peek when saving a file</title>
    <desc>
        <parg ob="" eb="" sr="" id="1">
            <st ob="" eb="" sr="" id="1.1">I20060119-0800</st>
        </parg>
        <parg ob="" eb="" sr="" id="2">
            <st ob="x" eb="" sr="x" patterns="S_OB_COND_POS,S_OB_FOR_TIME,S_OB_DESPITE,S_SR_COND_OBS" id="2.1">When saving a file (even if I only add a blank to it) I see a CPU consumption of 100% for about 1 - 2 sec on my machine.</st>
            <st ob="" eb="" sr="" id="2.2">From the performance snapshot I took it looks like the problem happens in Subscriber#accept.</st>
            <st ob="" eb="" sr="" id="2.3">I will attach a HTML version of the snapshot.</st>
            <st ob="" eb="" sr="" id="2.4">If you need the "live" snapshot, please let me know.</st>
        </parg>
    </desc>
</bug>
