<?xml version="1.0" encoding="UTF-8" standalone="yes"?>
<bug no-bug="" comments="">
    <id>125350</id>
    <title ob="" eb="" sr="">[OpenGL] GlCanvas missing gdk_flush in resize?</title>
    <desc>
        <parg ob="" eb="" sr="" id="1">
            <st ob="" eb="" sr="" id="1.1">I'm using SWT 3.2M4, trying out the opengl support.</st>
            <st ob="" eb="" sr="" id="1.2">Particularly, I'm using the org.eclipse.swt.opengl.GLCanvas widget with the org.eclipse.opengl 0.5.0 release on top of gtk/glx.</st>
        </parg>
        <parg ob="" eb="" sr="" id="2">
            <st ob="x" eb="" sr="" patterns="S_OB_NOTICE" id="2.1">In my app, I noticed a quirk with resize particularly when windows are maximized and de-maximized.</st>
            <st ob="x" eb="" sr="" patterns="S_OB_BUT,S_OB_SEEMS,S_OB_AS_EXPECTED" id="2.2">Under these situations, the resize event comes in to SWT as expected, but the actual rendering appears to occur in a window which is actually the previous size.</st>
            <st ob="" eb="" sr="x" patterns="S_SR_COND_OBS" id="2.3">When I maximize, I get a rendering which is the same size as the previous window size, in the upper left corner of the maximized window.</st>
            <st ob="x" eb="" sr="x" patterns="S_OB_TOO,S_SR_COND_OBS" id="2.4">Similarly, when I de-maximize, I see the upper left corner of a too-large rendering.</st>
        </parg>
        <parg ob="x" eb="" sr="" id="3">
            <st ob="x" eb="" sr="" patterns="S_OB_FOUND" id="3.1">I looked at the GLCanvas code, and found this codelistening on the Resize event in GLCanvas.java:
	case SWT.Resize:
		Rectangle clientArea = getClientArea();
		OS.gdk_window_move (glWindow, clientArea.x, clientArea.y);
		OS.gdk_window_resize (glWindow, clientArea.width,clientArea.height);
		break;</st>
        </parg>
        <parg ob="" eb="" sr="" id="4">
            <st ob="" eb="" sr="" id="4.1">I'm not an X/gtk/glx expert, but I think what's happening is the gdk commands aren't actually making it to the xserver before my client code Paint code is called.</st>
            <st ob="x" eb="" sr="" patterns="S_OB_VERB_TO_BE_NEGATIVE" id="4.2">Since the rendering goes through a DRI path, not the xserver command queue, it's a race condition, and the maximize latency is long enough that I lose.</st>
        </parg>
        <parg ob="" eb="" sr="" id="5">
            <st ob="" eb="" sr="" id="5.1">To make a long story shorter, adding a OS.gdk_flush() after the OS.gdk_window_resize() fixes my app.</st>
            <st ob="" eb="" sr="" id="5.2">Not being a GDK guru, I don't know if unconditionally calling the flush works on all platforms, but I think something like that is needed on X at least.</st>
        </parg>
        <parg ob="" eb="" sr="" id="6">
            <st ob="" eb="" sr="" id="6.1">Digging</st>
        </parg>
    </desc>
</bug>
