<?xml version="1.0" encoding="UTF-8" standalone="yes"?>
<bug no-bug="" comments="">
    <id>127201</id>
    <title ob="x" eb="" sr="" patterns="S_OB_NEG_AUX_VERB">Check for missing Bundle-Activator class doesn't handle nested types properly</title>
    <desc>
        <parg ob="" eb="" sr="" id="1">
            <st ob="" eb="" sr="" id="1.1">build I20060208</st>
        </parg>
        <parg ob="" eb="" sr="" id="2">
            <st ob="x" eb="" sr="" patterns="S_OB_ADV_FREQ" id="2.1">EMF-generated plugins often generate the bundle activator class as a nested class.</st>
            <st ob="" eb="" sr="" id="2.2">In the Manifest.MF, it has, e.g.:
Bundle-Activator: org.eclipse.ui.examples.modelexplorer.modeler.provider.ModelerEditPlugin$Implementation</st>
        </parg>
        <parg ob="" eb="" sr="" id="3">
            <st ob="x" eb="" sr="" patterns="S_OB_BUT_NEG" id="3.1">This is the correct format expected by the runtime, but the PDE checker does not process it correctly.</st>
            <st ob="" eb="" sr="" id="3.2">It reports it as missing:
'org.eclipse.ui.examples.modelexplorer.modeler.provider.ModelerEditPlugin$Implementation' does not exist.</st>
        </parg>
        <parg ob="x" eb="" sr="" id="4">
            <st ob="x" eb="" sr="" patterns="S_OB_BUT_NEG" id="4.1">If the $ is change to a ., then PDE is happy, but the runtime is not.</st>
        </parg>
    </desc>
</bug>
