<?xml version="1.0" encoding="UTF-8" standalone="yes"?>
<bug no-bug="" comments="">
    <id>127617</id>
    <title ob="x" eb="" sr="" patterns="S_OB_NEG_AUX_VERB">SWT is not user-friendly enough, does not has "Mouse hover" effect</title>
    <desc>
        <parg ob="x" eb="" sr="" id="1">
            <st ob="x" eb="" sr="" patterns="S_OB_NEG_AUX_VERB" id="1.1">Button, TabItem, Combo and other Composites does not has "Mouse hover" effect.</st>
        </parg>
        <parg ob="" eb="" sr="" id="2">
            <st ob="" eb="" sr="" id="2.1">Windows XP style has those "Mouse hover" effects</st>
        </parg>
    </desc>
</bug>
