<?xml version="1.0" encoding="UTF-8" standalone="yes"?>
<bug no-bug="" comments="">
    <id>135728</id>
    <title ob="x" eb="" sr="" patterns="S_OB_NEG_ADV_ADJ" >Team Context Menu is empty even though Project is associated with Repository</title>
    <desc>
        <parg ob="x" eb="" sr="" patterns="P_SR_COND_SEQUENCE" id="1">
            <st ob="" eb="" sr="" id="1.1">Not sure if this is a subversion related bug or eclipse related but I have observed this in subversive (polarion subversion plugin) and subclipse (tigris subversion plugin) and assume this is team related.</st>
            <st ob="x" eb="" sr="x" patterns="S_OB_COND_NEG,S_SR_COND_OBS" id="1.2">When I have a project which is associated with a subversion repository the team context menu is empty when I click on the project.</st>
            <st ob="x" eb="" sr="x" patterns="S_SR_COND_OBS" id="1.3">If I select any resource below the project root the team context menu shows up normal.</st>
        </parg>
        <parg ob="" eb="" sr="" id="2">
            <st ob="" eb="" sr="" id="2.1">Platform is Eclipse 3.2M6 on Windows XP Pro using JSE1.5.</st>
        </parg>
        <parg ob="x" eb="" sr="" id="3">
            <st ob="x" eb="" sr="" patterns="S_OB_WORKS_FINE" id="3.1">Plugins work without problems in Eclipse 3.1.2.</st>
        </parg>
    </desc>
</bug>
