<?xml version="1.0" encoding="UTF-8" standalone="yes"?>
<bug no-bug="" comments="">
    <id>136242</id>
    <title ob="x" eb="" sr="" patterns="S_OB_NEG_ADV_ADJ">Drop data table in data set slow</title>
    <desc>
        <parg ob="" eb="" sr="" id="1">
            <st ob="" eb="" sr="" id="1.1">Details:
Drop data table in data set slow</st>
        </parg>
        <parg ob="" eb="" sr="x" patterns="P_SR_LABELED_LIST" id="2">
            <st ob="" eb="" sr="" id="2.1">Step:</st>
            <st ob="" eb="" sr="" id="2.2">1 New a sample data source.</st>
            <st ob="" eb="" sr="" id="2.3">2 New a data set and input "*" after "select"</st>
            <st ob="" eb="" sr="" id="2.4">3 Stay the cursor after "from "</st>
            <st ob="" eb="" sr="" id="2.5">4 Drop the column table in data source</st>
        </parg>
        <parg ob="x" eb="" sr="" id="3">
            <st ob="x" eb="" sr="" patterns="S_OB_OBS_BEHAVIOR" id="3.1">Actual result:
If I drop slow, the cursor will stay in or before "from"</st>
        </parg>
        <parg ob="x" eb="" sr="" id="4">
            <st ob="x" eb="" sr="" patterns="S_OB_NO_MATTER,S_OB_BEFORE" id="4.1">Exception result:
No matter how I drop the table slow, the cursor stay at the place where before drop.</st>
        </parg>
    </desc>
</bug>
