<?xml version="1.0" encoding="UTF-8" standalone="yes"?>
<bug no-bug="" comments="">
    <id>138514</id>
    <title ob="" eb="" sr="">Migration issues</title>
    <desc>
        <parg ob="" eb="" sr="" id="1">
            <st ob="" eb="" sr="" id="1.1">Need to address the following data migration issues:</st>
        </parg>
        <parg ob="" eb="" sr="" id="2">
            <st ob="" eb="" sr="" patterns="" id="2.1">1 Unmapped data is currently lost (left in the extension map) and could be preserved, say, by attaching it to the model using stereotypes.</st>
        </parg>
        <parg ob="x" eb="" sr="" id="3">
            <st ob="x" eb="" sr="" patterns="S_OB_NEG_AUX_VERB" id="3.1">2 Migration of profile applications assumes the first segment of the profile proxy URI is the profile name - this is not always the case.</st>
        </parg>
    </desc>
</bug>
