<?xml version="1.0" encoding="UTF-8" standalone="yes"?>
<bug no-bug="" comments="">
    <id>139083</id>
    <title ob="x" eb="" sr="" patterns="S_OB_VERB_ERROR,S_OB_WITHOUT">Saving feature.xml with no version causes unexpected results</title>
    <desc>
        <parg ob="" eb="" sr="" id="1">
            <st ob="" eb="" sr="" id="1.1">Build id: I20060427-1200</st>
        </parg>
        <parg ob="" eb="" sr="" patterns="P_SR_SIMPLE_PAST" id="2">
            <st ob="" eb="" sr="" id="2.1">Just for fun (seriously), I saved a feature editor with no version.</st>
            <st ob="" eb="" sr="" id="2.2">Closed the editor, and opened it again.</st>
            <st ob="x" eb="" sr="" patterns="S_OB_SEEMS" id="2.3">It appeared that the editor wrote the contents to the file system.</st>
            <st ob="x" eb="" sr="" patterns="S_OB_VERB_TO_BE_NEGATIVE,S_OB_NO_NOUN" id="2.4">There were no errors during the process, nothing in the error log, and nothing in my problems view.</st>
        </parg>
        <parg ob="" eb="" sr="" id="3">
            <st ob="x" eb="" sr="X" patterns="S_OB_COND_POS,S_SR_COND_OBS" id="3.1">Upon opening the editor, the prior version showed back up.</st>
            <st ob="" eb="" sr="x" patterns="S_SR_TRY" id="3.2">I tried the same thing but added 3 plugins to the feature before saving.</st>
            <st ob="x" eb="" sr="x" patterns="S_OB_COND_POS,S_SR_COND_OBS" id="3.3">When I opened the editor the second time, only the version were displayed on the editor.</st>
        </parg>
        <parg ob="" eb="" sr="" id="4">
            <st ob="" eb="" sr="" id="4.1">This is a minor bug, I doubt people want to create features without version.</st>
            <st ob="" eb="x" sr="" patterns="S_EB_SHOULD" id="4.2">But I think if this is an invalid use case, we should display and error/exception some where to inform the user.</st>
        </parg>
    </desc>
</bug>
