<?xml version="1.0" encoding="UTF-8" standalone="yes"?>
<bug no-bug="" comments="">
    <id>147649</id>
    <title ob="x" eb="" sr="" patterns="S_OB_NEG_AUX_VERB">[Regression]PDF generation does not complete</title>
    <desc>
        <parg ob="" eb="" sr="" id="1">
            <st ob="" eb="" sr="" id="1.1">Description:
  Please refer to the BUG https://bugs.eclipse.org/bugs/show_bug.cgi?id=137387</st>
        </parg>
        <parg ob="" eb="" sr="x" patterns="P_SR_LABELED_LIST" id="2">
            <st ob="" eb="" sr="" id="2.1">Step to reproduce:</st>
            <st ob="" eb="" sr="" id="2.2">1 download the attachment https://bugs.eclipse.org/bugs/attachment.cgi?id=38860</st>
            <st ob="" eb="" sr="" id="2.3">2 preview it in the pdf</st>
        </parg>
        <parg ob="x" eb="" sr="" id="3">
            <st ob="x" eb="" sr="" patterns="S_OB_OBS_BEHAVIOR" id="3.1">Actual result:
  this PDF generation does not complete</st>
        </parg>
    </desc>
</bug>
