<?xml version="1.0" encoding="UTF-8" standalone="yes"?>
<bug no-bug="" comments="">
    <id>148757</id>
    <title ob="x" eb="" sr="" patterns="S_OB_NEG_ADV_ADJ,S_OB_VERB_ERROR,S_OB_NEG_VERB">Chart filter expression is invalid, preview, sytem throws exception</title>
    <desc>
        <parg ob="" eb="" sr="" id="1">
            <st ob="" eb="" sr="" id="1.1">Chart filter expression is invalid, preview, sytem throws exception</st>
        </parg>
        <parg ob="" eb="" sr="x" patterns="P_SR_LABELED_LIST" id="2">
            <st ob="" eb="" sr="" id="2.1">Steps:</st>
            <st ob="" eb="" sr="" id="2.2">Data source: sample db</st>
            <st ob="" eb="" sr="" id="2.3">Data set: select * from customers</st>
            <st ob="" eb="" sr="" id="2.4">1 Create a bar chart</st>
            <st ob="" eb="" sr="" id="2.5">2 Open chart builder, go to "Select Data" tab, X series: row["customername"]; Y series: row["customernumber"]</st>
            <st ob="" eb="" sr="" id="2.6">3 click "Filters", expression: row["customername"] equal to 123</st>
            <st ob="" eb="" sr="" id="2.7">4 Click "Finish" button</st>
            <st ob="" eb="" sr="" id="2.8">5 Preview</st>
        </parg>
        <parg ob="x" eb="" sr="" patterns="P_OB_OBSERVED_BEHAVIOR_MULTI" id="3">
            <st ob="" eb="" sr="" id="3.1">Actual Results:</st>
            <st ob="" eb="" sr="" id="3.2">1 System throws exception(See the attachment)</st>
            <st ob="" eb="" sr="" id="3.3">Error happened while running the report</st>
        </parg>
    </desc>
</bug>
