<?xml version="1.0" encoding="UTF-8" standalone="yes"?>
<bug no-bug="" comments="">
    <id>150</id>
    <title ob="x" eb="" sr="" patterns="S_OB_VERB_NO">[Compare] Save of a conflict resolution shows no progress (1GF09LA)</title>
    <desc>
        <parg ob="x" eb="" sr="x" patterns="P_SR_COND_SEQUENCE" id="1">
            <st ob="" eb="" sr="" id="1.1">While merging changes from my stream into HEAD, I had to merge a couple of conflicts.</st>
            <st ob="" eb="" sr="" id="1.2">When I was
prompted to save, it took &gt;15 seconds to perform the save.</st>
            <st ob="x" eb="" sr="" patterns="S_OB_NEG_AUX_VERB,S_OB_FOR_TIME" id="1.3">The icon did not change to an hourglass
and for a second I thought that Eclipse was dying a slow death.</st>
        </parg>
        <parg ob="" eb="x" sr="" id="2">
            <st ob="" eb="x" sr="" patterns="S_EB_SHOULD" id="2.1">We should be nice and show an hourglass :)</st>
        </parg>
        <parg ob="" eb="" sr="" id="3">
            <st ob="" eb="" sr="" id="3.1">NOTES:</st>
        </parg>
        <parg ob="" eb="" sr="" id="4">
            <st ob="" eb="" sr="" id="4.1">JEM (9/25/2001 10:04:31 AM)
	Same problem in the sync view.</st>
        </parg>
    </desc>
</bug>
