<?xml version="1.0" encoding="UTF-8" standalone="yes"?>
<bug no-bug="" comments="">
    <id>152809</id>
    <title ob="x" eb="" sr="" patterns="S_OB_NEG_AUX_VERB">Could not delete .../tmp0/.../something.jsp messages during publish</title>
    <desc>
        <parg ob="" eb="" sr="" id="1">
            <st ob="" eb="" sr="" id="1.1">eclipse_3_2_WTP_1.5.1-200607272136</st>
        </parg>
        <parg ob="" eb="" sr="" id="2">
            <st ob="" eb="" sr="" id="2.1">I am using linux.</st>
            <st ob="x" eb="" sr="" patterns="S_OB_NEG_AUX_VERB,S_OB_VERB_ERROR" id="2.2">I an getting could not delete error messages during some publish operations.</st>
            <st ob="" eb="" sr="" id="2.3">This is usualy after renaming or deleting resources from the project with background automatic publish is running.</st>
            <st ob="" eb="" sr="" id="2.4">I have checked the permissions and ownership of the files and they are correct.</st>
        </parg>
        <parg ob="" eb="" sr="" id="3">
            <st ob="" eb="" sr="" id="3.1">If I go to check the tmp0 deployed copy manually, I have found all cases where a single file was being moved to be bogus.</st>
            <st ob="x" eb="" sr="" patterns="S_OB_NEG_AUX_VERB" id="3.2">The file it warned me about is not on the file system at the old location anymore.</st>
        </parg>
        <parg ob="x" eb="" sr="x" id="4">
            <st ob="x" eb="" sr="x" patterns="S_OB_COND_NEG,S_OB_FOUND,S_SR_COND_OBS" id="4.1">However when I moved a whole directory from one part of the webproject to another I found copies in place places, the new destination and the old source location.</st>
        </parg>
        <parg ob="" eb="" sr="" id="5">
            <st ob="" eb="" sr="" id="5.1">The structure was like:</st>
        </parg>
        <parg ob="" eb="" sr="" id="6">
            <st ob="" eb="" sr="" id="6.1">WebContent/newPlace/
WebContent/problemDirectory/
WebContent/problemDirectory/SubDirOne
WebContent/problemDirectory/SubDirOne/somefiles.jsp
WebContent/problemDirectory/SubDirTwo
WebContent/problemDirectory/SubDirTwo/somefiles.jsp
WebContent/problemDirectory/file1.</st>
            <st ob="" eb="" sr="" id="6.2">jsp
WebContent/problemDirectory/file2.</st>
            <st ob="" eb="" sr="" id="6.3">jsp
WebContent/problemDirectory/file3.</st>
            <st ob="" eb="" sr="" id="6.4">css</st>
        </parg>
        <parg ob="" eb="" sr="" id="7">
            <st ob="" eb="" sr="" id="7.1">I did a move operation from WebContent/problemDirectory/ to make it WebContent/newPlace/problemDirectory/</st>
        </parg>
        <parg ob="" eb="" sr="" id="8">
            <st ob="" eb="" sr="" id="8.1">Under what circumstances on Linux should I expect to see this error, is the message a result of an caught exception or false return value from Java API call for File.delete() ?</st>
        </parg>
    </desc>
</bug>
