<?xml version="1.0" encoding="UTF-8" standalone="yes"?>
<bug no-bug="" comments="">
    <id>155526</id>
    <title ob="x" eb="" sr="" patterns="S_OB_NEG_COND,S_OB_ATTACH_REF">[Regression] ReportServiceException is thrown out when preview attached report in Web Viewer</title>
    <desc>
        <parg ob="x" eb="" sr="" id="1">
            <st ob="x" eb="" sr="" patterns="S_OB_OBS_BEHAVIOR,S_OB_NEG_COND,S_OB_ATTACH_REF" id="1.1">Description:
ReportServiceException is thrown out when preview attached report in Web Viewer</st>
        </parg>
        <parg ob="" eb="" sr="x" patterns="P_SR_LABELED_PARAGRAPH" id="2">
            <st ob="" eb="" sr="" id="2.1">Steps to reproduce:</st>
            <st ob="" eb="" sr="" id="2.2">Preview attached report in Web Viewer/HTML/PDF</st>
        </parg>
        <parg ob="" eb="x" sr="" id="3">
            <st ob="" eb="x" sr="" patterns="S_EB_EXP_BEHAVIOR" id="3.1">Expected result:
Report can show in Web Viewer/HTML/PDF</st>
        </parg>
        <parg ob="x" eb="" sr="" id="4">
            <st ob="x" eb="" sr="" patterns="S_OB_OBS_BEHAVIOR" id="4.1">Actual result:
org.eclipse.birt.report.service.api.ReportServiceException is thrown out in Web Viewer, but the report can preview in HTML/PDF.</st>
        </parg>
    </desc>
</bug>
