<?xml version="1.0" encoding="UTF-8" standalone="yes"?>
<bug no-bug="" comments="">
    <id>155913</id>
    <title ob="x" eb="" sr="" patterns="S_OB_NEG_AUX_VERB">[quick fix] Quick Fix created a class I couldn't access</title>
    <desc>
        <parg ob="" eb="" sr="x" patterns="P_SR_ACTIONS_PAST" id="1">
            <st ob="" eb="" sr="" id="1.1">- Typed in an identifier for an interface that didn't exist.</st>
            <st ob="" eb="" sr="" id="1.2">- Quick Fix (Ctrl-1), accidentally chose Create Class</st>
            <st ob="" eb="" sr="" id="1.3">- I'm pretty sure I hit Enter twice but then was able to select Cancel</st>
            <st ob="x" eb="" sr="" patterns="S_OB_NO_LONGER" id="1.4">- Within the editor, I couldn't open the new class but I could no longer create it again because it already existed</st>
            <st ob="x" eb="" sr="" patterns="S_OB_ACTION_PAST_FINE" id="1.5">- Checking the filesystem, the Java file was there</st>
            <st ob="" eb="" sr="" id="1.6">- Deleting the file fixed the problem</st>
        </parg>
        <parg ob="" eb="x" sr="" id="2">
            <st ob="" eb="x" sr="" patterns="S_EB_SHOULD" id="2.1">This seems impossible given two Enters should have exited the dialog so I'm wondering if there was a timing issue where I was able to interrupt registration of the new Class after the file was created.</st>
        </parg>
    </desc>
</bug>
