<?xml version="1.0" encoding="UTF-8" standalone="yes"?>
<bug no-bug="" comments="">
    <id>157933</id>
    <title ob="" eb="" sr="">[discussion] Make it easy to build up the context for new tasks</title>
    <desc>
        <parg ob="" eb="" sr="" id="1">
            <st ob="" eb="" sr="" id="1.1">I have created a small flash animation to show my workflow problem:
  http://www.scharf.gr/eclipse/Probmens/Mylar/ContextProblem/</st>
        </parg>
        <parg ob="" eb="" sr="" id="2">
            <st ob="" eb="" sr="" id="2.1">Here's the text version:</st>
        </parg>
        <parg ob="" eb="" sr="" id="3">
            <st ob="" eb="" sr="" id="3.1">- I work on task FOO (let's say I implement a</st>
            <st ob="" eb="" sr="" id="3.2">feature)</st>
        </parg>
        <parg ob="" eb="" sr="" id="4">
            <st ob="" eb="" sr="" id="4.1">- Now I see something in the code that I think</st>
            <st ob="" eb="" sr="" id="4.2">should be refactored (not directly related to</st>
            <st ob="" eb="" sr="" id="4.3">FOO), but because I am working on FOO, I create</st>
            <st ob="" eb="" sr="" id="4.4">a new task FIXME to remind me to do this.</st>
        </parg>
        <parg ob="" eb="" sr="" id="5">
            <st ob="x" eb="" sr="x" patterns="S_OB_COND_POS,S_SR_COND_OBS" id="5.1">- If I now switch to the newly created task FIXME,all my editors get closed.</st>
            <st ob="" eb="" sr="" id="5.2">This makes sense if</st>
            <st ob="" eb="" sr="" id="5.3">I switch to a task that has context, because</st>
            <st ob="" eb="" sr="" id="5.4">mylar puts me in that context.</st>
            <st ob="" eb="" sr="" id="5.5">But FIXME is</st>
            <st ob="" eb="" sr="" id="5.6">a newly created task without context and I have</st>
            <st ob="" eb="" sr="" id="5.7">to start building the context starting from zero.</st>
            <st ob="" eb="" sr="" id="5.8">All my editors get closed and the expanded tree</st>
            <st ob="" eb="" sr="" id="5.9">in the package explorer gets collapsed.</st>
        </parg>
        <parg ob="" eb="" sr="" id="6">
            <st ob="" eb="" sr="" id="6.1">- This is annoying, because I have now to navigate</st>
            <st ob="" eb="" sr="" id="6.2">back to the file I have found the problem that</st>
            <st ob="" eb="" sr="" id="6.3">made me creating the new task FIXME.</st>
        </parg>
        <parg ob="" eb="" sr="" id="7">
            <st ob="" eb="" sr="" id="7.1">- However.</st>
            <st ob="" eb="" sr="" id="7.2">If I work with no task active, and I</st>
            <st ob="" eb="" sr="" id="7.3">find something interesting and create a task</st>
            <st ob="" eb="" sr="" id="7.4">FIXME, then I can activate FIXME a all my editors</st>
            <st ob="" eb="" sr="" id="7.5">remain open.</st>
            <st ob="" eb="" sr="" id="7.6">But working on no task is also annoying,</st>
            <st ob="" eb="" sr="" id="7.7">because if I work on a task and I deactivate the</st>
            <st ob="" eb="" sr="" id="7.8">task: BANG all my editors get closed.</st>
        </parg>
        <parg ob="" eb="" sr="" id="8">
            <st ob="" eb="" sr="" id="8.1">Possible solutions:</st>
            <st ob="" eb="" sr="" id="8.2">1 When switching off a task (going into normal</st>
            <st ob="" eb="" sr="" id="8.3">mode), don't clear the context.</st>
            <st ob="" eb="" sr="" id="8.4">Have an action</st>
            <st ob="" eb="" sr="" id="8.5">clean everything when no task is active.</st>
            <st ob="" eb="" sr="" id="8.6">This</st>
            <st ob="" eb="" sr="" id="8.7">could be done in the active task context menu:</st>
            <st ob="" eb="" sr="" id="8.8">"Deactivate without closing editors".</st>
            <st ob="" eb="" sr="" id="8.9">I could</st>
            <st ob="" eb="" sr="" id="8.10">close the stuff I don't want, before I activate</st>
            <st ob="" eb="" sr="" id="8.11">my new empty Task.</st>
        </parg>
        <parg ob="" eb="" sr="" id="9">
            <st ob="" eb="" sr="" id="9.1">2 Have a button deactivate the current task</st>
            <st ob="" eb="" sr="" id="9.2">without closing all editors.</st>
            <st ob="" eb="" sr="" id="9.3">This could be</st>
            <st ob="" eb="" sr="" id="9.4">done by a stop button in the task list.</st>
            <st ob="" eb="" sr="" id="9.5">The</st>
            <st ob="" eb="" sr="" id="9.6">only difference is that it deactivates the</st>
            <st ob="" eb="" sr="" id="9.7">current task and does not close the open</st>
            <st ob="" eb="" sr="" id="9.8">editors and the expanded items in the package</st>
            <st ob="" eb="" sr="" id="9.9">explorer.</st>
            <st ob="" eb="" sr="" id="9.10">Again, now I could close the stuff</st>
            <st ob="" eb="" sr="" id="9.11">I don't want, before I activate my new empty Task.</st>
        </parg>
        <parg ob="" eb="" sr="" id="10">
            <st ob="" eb="" sr="" id="10.1">2 Switching to tasks without context never cleans</st>
            <st ob="" eb="" sr="" id="10.2">the context (like it does if you have no task</st>
            <st ob="" eb="" sr="" id="10.3">active)</st>
        </parg>
        <parg ob="" eb="" sr="" id="11">
            <st ob="" eb="" sr="" id="11.1">3 Copy the context from the old task to the new</st>
            <st ob="" eb="" sr="" id="11.2">task.</st>
        </parg>
        <parg ob="" eb="" sr="" id="12">
            <st ob="" eb="" sr="" id="12.1">My favorite is (1).</st>
            <st ob="" eb="" sr="" id="12.2">Solution (20 is also good.</st>
            <st ob="" eb="" sr="" id="12.3">Solution</st>
            <st ob="" eb="" sr="" id="12.4">(3 would impact current users and solution (4) is</st>
            <st ob="" eb="" sr="" id="12.5">not really helpful, because the I don't want the</st>
            <st ob="" eb="" sr="" id="12.6">heritage of another task....</st>
        </parg>
        <parg ob="" eb="" sr="" id="13">
            <st ob="" eb="" sr="" id="13.1">Michael</st>
        </parg>
    </desc>
</bug>
