<?xml version="1.0" encoding="UTF-8" standalone="yes"?>
<bug no-bug="" comments="">
    <id>159941</id>
    <title ob="x" eb="x" sr="" patterns="S_OB_INSTEAD_OF,S_EB_INSTEAD_OF_EXP_BEHAVIOR">Console displays on the terminal rather than the workbench during profiling on linux_390</title>
    <desc>
        <parg ob="" eb="" sr="" id="1">
            <st ob="" eb="" sr="" id="1.1">This problem seems similiar to bug 159938 , however there is one major difference.</st>
        </parg>
        <parg ob="" eb="" sr="" id="2">
            <st ob="x" eb="" sr="" patterns="S_OB_NEG_AUX_VERB,S_OB_OUTPUT_VERB" id="2.1">The profiling output does not show up on the client workbench, however, the output is displayed on the terminal of the remote machine.</st>
            <st ob="x" eb="" sr="" patterns="S_OB_AS_IF" id="2.2">The profiler is behaving as if it was being run in standalone mode.</st>
            <st ob="x" eb="" sr="" patterns="S_OB_BUT" id="2.3">But in the meantime the client workbench is waiting for data from the server.</st>
        </parg>
        <parg ob="" eb="" sr="" id="3">
            <st ob="" eb="" sr="" id="3.1">Build: TPTP 4.2.1 GA</st>
        </parg>
        <parg ob="" eb="" sr="x" patterns="P_SR_LABELED_LIST" id="4">
            <st ob="" eb="" sr="" id="4.1">Steps to reproduce:</st>
            <st ob="" eb="" sr="" id="4.2">1 Install the RAC on Linux390 machine</st>
            <st ob="" eb="" sr="" id="4.3">2 Enable security</st>
            <st ob="" eb="" sr="" id="4.4">3 Start the RAC</st>
            <st ob="" eb="" sr="" id="4.5">4 Try to profile a simple java application (InOut.java) from the workbench</st>
        </parg>
        <parg ob="" eb="" sr="" id="5">
            <st ob="" eb="" sr="" id="5.1">Observer the behaviour of the workbench and the server's terminal.</st>
        </parg>
    </desc>
</bug>
