<?xml version="1.0" encoding="UTF-8" standalone="yes"?>
<bug no-bug="" comments="">
    <id>16015</id>
    <title ob="x" eb="" sr="" patterns="S_OB_POS_AFTER">Context menu stays after removing all searches</title>
    <desc>
        <parg ob="" eb="" sr="" id="1">
            <st ob="" eb="" sr="" id="1.1">Build 20020514</st>
        </parg>
        <parg ob="" eb="" sr="x" patterns="P_SR_ACTIONS_INF" id="2">
            <st ob="" eb="" sr="" id="2.1">1 Perform a search</st>
            <st ob="" eb="" sr="" id="2.2">2 Remove all searches (-- button)</st>
            <st ob="" eb="" sr="" id="2.3">3 Open the context menu in the search view.</st>
        </parg>
        <parg ob="x" eb="x" sr="" id="3">
            <st ob="x" eb="x" sr="" patterns="S_OB_BUT_NEG,S_EB_SHOULD" id="3.1">It should be empty but it is not.</st>
        </parg>
    </desc>
</bug>
