<?xml version="1.0" encoding="UTF-8" standalone="yes"?>
<bug no-bug="" comments="">
    <id>161472</id>
    <title ob="x" eb="" sr="" patterns="S_OB_NEG_AFTER,S_OB_OUTPUT_VERB,S_OB_VERB_ERROR">Log file shows exception after loading a lib under cvs</title>
    <desc>
        <parg ob="" eb="" sr="" id="1">
            <st ob="" eb="" sr="" id="1.1">Log file shows exception after loading a lib under cvs.</st>
            <st ob="x" eb="" sr="" patterns="S_OB_DUE_NEG,S_OB_ERROR_AS_SUBJECT" id="1.2">The exception is due to failing to load config files under the CVS folder.</st>
            <st ob="" eb="" sr="" id="1.3">It is correctly caught and handled.</st>
            <st ob="" eb="" sr="" id="1.4">It is harmless.</st>
            <st ob="" eb="" sr="" id="1.5">But better to fix it by skiping looking config files under the CVS folder.</st>
        </parg>
    </desc>
</bug>
