<?xml version="1.0" encoding="UTF-8" standalone="yes"?>
<bug no-bug="" comments="">
    <id>16207</id>
    <title ob="x" eb="" sr="" patterns="S_OB_NEG_AFTER,S_OB_NOT_VERB">not offering to restart after picking up updates</title>
    <desc>
        <parg ob="" eb="" sr="" id="1">
            <st ob="" eb="" sr="" id="1.1">Integration build 20020515</st>
        </parg>
        <parg ob="" eb="" sr="x" patterns="P_SR_ACTIONS_INF" id="2">
            <st ob="" eb="" sr="" id="2.1">0 Fresh install; fresh workspace.</st>
            <st ob="" eb="" sr="" id="2.2">1 Start eclipse.exe</st>
            <st ob="" eb="" sr="" id="2.3">2 Exit eclipse (to make sure there is a platform.cfg)</st>
            <st ob="" eb="" sr="" id="2.4">3 Add a link to an installed extension</st>
            <st ob="" eb="" sr="" id="2.5">4 Start eclipse.exe</st>
            <st ob="" eb="" sr="" id="2.6">5 Say Yes when it asks if you want to open update manager</st>
            <st ob="" eb="" sr="" id="2.7">6 select all the incoming features and say you want them</st>
        </parg>
        <parg ob="x" eb="" sr="" id="3">
            <st ob="x" eb="" sr="" patterns="S_OB_OBSERVE" id="3.1">Observe: It configures the new features, but does not ask whether
you want to restart.</st>
        </parg>
        <parg ob="" eb="x" sr="" id="4">
            <st ob="" eb="x" sr="" patterns="S_EB_EXP_BEHAVIOR" id="4.1">Expectation: Since I have just changed the configuration, the user
should be told that the changes won't happen until they restart,
and offer to restart now.</st>
        </parg>
    </desc>
</bug>
