<?xml version="1.0" encoding="UTF-8" standalone="yes"?>
<bug no-bug="" comments="">
    <id>164945</id>
    <title ob="" eb="" sr="">[ast rewrite] Indent empty lines: insert unimplemented methods</title>
    <desc>
        <parg ob="" eb="" sr="" id="1">
            <st ob="" eb="" sr="" id="1.1">In version 3.2 something was added, that I missed for so so long: the
possibility to tell the formatter to indent empty lines, which is very
important.</st>
            <st ob="x" eb="" sr="" patterns="S_OB_BUT_NEG" id="1.2">But this option is not respected, if I let Eclipse automatically add
unimplemented method stubs.</st>
            <st ob="" eb="" sr="" id="1.3">Could you please change that?</st>
        </parg>
        <parg ob="" eb="" sr="" id="2">
            <st ob="" eb="" sr="" id="2.1">Quote: Martin Aeschlimann  2006-11-15 17:53
ndent empty lines: yes you're right, the AST rewriter doesn't use the code
formatter settings here.</st>
            <st ob="" eb="" sr="" id="2.2">Could be added.</st>
        </parg>
    </desc>
</bug>
