<?xml version="1.0" encoding="UTF-8" standalone="yes"?>
<bug no-bug="" comments="">
    <id>165342</id>
    <title ob="" eb="x" sr="">org.xml.sax.SAXParseException: XML document structures must start and end within the same entity.</title>
    <desc>
        <parg ob="" eb="" sr="" id="1">
            <st ob="" eb="" sr="" id="1.1">The setup:
new technology Agent Controller (release 4.3.0-200610310100) on a Linux machine,
Agent Controller client (using tptpcore.jar) on Windows,
Agent Controller client (using tptpcore.jar) on Linux.</st>
        </parg>
        <parg ob="" eb="" sr="" id="2">
            <st ob="" eb="" sr="" id="2.1">Both clients call 'getAgent' on the AgentController class in a loop.</st>
        </parg>
        <parg ob="" eb="" sr="" id="3">
            <st ob="x" eb="" sr="" patterns="S_OB_WORKS_FINE" id="3.1">The client on Windows works fine.</st>
            <st ob="x" eb="" sr="" patterns="S_OB_OUTPUT_VERB" id="3.2">The client on Linux prints the following stacktrace on the console:</st>
        </parg>
        <parg ob="" eb="" sr="" id="4">
            <st ob="" eb="" sr="" patterns="" id="4.1">org.xml.sax.SAXParseException: XML document structures must start and end within the same entity.</st>
            <st ob="" eb="" sr="" id="4.2">        at org.apache.xerces.util.ErrorHandlerWrapper.createSAXParseException(Unknown Source)</st>
            <st ob="" eb="" sr="" id="4.3">        at org.apache.xerces.util.ErrorHandlerWrapper.fatalError(Unknown Source)</st>
            <st ob="" eb="" sr="" id="4.4">        at org.apache.xerces.impl.XMLErrorReporter.reportError(Unknown Source)</st>
            <st ob="" eb="" sr="" id="4.5">        at org.apache.xerces.impl.XMLErrorReporter.reportError(Unknown Source)</st>
            <st ob="" eb="" sr="" id="4.6">        at org.apache.xerces.impl.XMLScanner.reportFatalError(Unknown Source)</st>
            <st ob="" eb="" sr="" id="4.7">        at org.apache.xerces.impl.XMLDocumentFragmentScannerImpl.endEntity(Unknown Source)</st>
            <st ob="" eb="" sr="" id="4.8">        at org.apache.xerces.impl.XMLDocumentScannerImpl.endEntity(Unknown Source)</st>
            <st ob="" eb="" sr="" id="4.9">        at org.apache.xerces.impl.XMLEntityManager.endEntity(Unknown Source)</st>
            <st ob="" eb="" sr="" id="4.10">        at org.apache.xerces.impl.XMLEntityScanner.load(Unknown Source)</st>
            <st ob="" eb="" sr="" id="4.11">        at org.apache.xerces.impl.XMLEntityScanner.skipChar(Unknown Source)</st>
            <st ob="" eb="" sr="" id="4.12">        at org.apache.xerces.impl.XMLDocumentFragmentScannerImpl$FragmentContentDispatcher.dispatch(Unknown Source)</st>
            <st ob="" eb="" sr="" id="4.13">        at org.apache.xerces.impl.XMLDocumentFragmentScannerImpl.scanDocument(Unknown Source)</st>
            <st ob="" eb="" sr="" id="4.14">        at org.apache.xerces.parsers.XML11Configuration.parse(Unknown Source)</st>
            <st ob="" eb="" sr="" id="4.15">        at org.apache.xerces.parsers.XML11Configuration.parse(Unknown Source)</st>
            <st ob="" eb="" sr="" id="4.16">        at org.apache.xerces.parsers.XMLParser.parse(Unknown Source)</st>
            <st ob="" eb="" sr="" id="4.17">        at org.apache.xerces.parsers.AbstractSAXParser.parse(Unknown Source)</st>
            <st ob="" eb="" sr="" id="4.18">        at org.apache.xerces.jaxp.SAXParserImpl.parse(Unknown Source)</st>
            <st ob="" eb="" sr="" id="4.19">        at org.eclipse.tptp.platform.execution.util.internal.TPTPXMLParse.setParser(TPTPXMLParse.java:105)</st>
            <st ob="" eb="" sr="" id="4.20">        at org.eclipse.tptp.platform.execution.client.core.internal.ControlMessage.readACCommands(ControlMessage.java:421)</st>
            <st ob="" eb="" sr="" id="4.21">        at org.eclipse.tptp.platform.execution.client.core.internal.ControlMessage.readFromBuffer(ControlMessage.java:301)</st>
            <st ob="" eb="" sr="" id="4.22">        at org.eclipse.tptp.platform.execution.client.core.internal.ConnectionImpl.processControlMessage(ConnectionImpl.java:803)</st>
            <st ob="" eb="" sr="" id="4.23">        at org.eclipse.tptp.platform.execution.client.core.internal.ConnectionImpl$SocketReaderThread.run(ConnectionImpl.java:1021)</st>
        </parg>
        <parg ob="" eb="" sr="" id="5">
            <st ob="" eb="" sr="" id="5.1">After investigating, I narrowed the problem to the 'readTPTPCmdStringFromBuffer' method in TPTPMessageUtil.java.</st>
            <st ob="x" eb="" sr="" patterns="S_OB_PROBLEM_IS" id="5.2">The problem is that the position of the command in the binary buffer is not correctly calculated.</st>
            <st ob="x" eb="" sr="" patterns="S_OB_BECAUSE" id="5.3">It is not appropriate to use lengths calculated on the character representation to reason about the binary buffer, because some characters
(such as new lines) may be represented in a different amount of bytes.</st>
            <st ob="" eb="" sr="" id="5.4">I implemented a quick and dirty fix, which happens to work:</st>
        </parg>
        <parg ob="" eb="" sr="" id="6">
            <st ob="" eb="" sr="" id="6.1">public static int readTPTPCmdStringFromBuffer(byte[] buffer, int offset, TPTPString rastring)</st>
            <st ob="" eb="" sr="" id="6.2">	{	</st>
            <st ob="" eb="" sr="" id="6.3">		int commandLengthInBytes = 0;</st>
            <st ob="" eb="" sr="" id="6.4">		String data = "";</st>
            <st ob="" eb="" sr="" id="6.5">		try {</st>
            <st ob="" eb="" sr="" id="6.6">			String endOfCommand = "&lt;/Cmd&gt;";</st>
            <st ob="" eb="" sr="" id="6.7">			byte[] endOfCommandBytes = endOfCommand.getBytes("UTF-8");</st>
            <st ob="" eb="" sr="" id="6.8">			int endOfCommandIndex = -1;</st>
            <st ob="" eb="" sr="" id="6.9">			for (int i = offset; i &lt;= (buffer.length - endOfCommandBytes.length); ++i) {</st>
            <st ob="" eb="" sr="" id="6.10">				boolean matchEndOfCommand = true;</st>
            <st ob="" eb="" sr="" id="6.11">				for (int j = 0; j &lt; endOfCommandBytes.length; ++j) {</st>
            <st ob="" eb="" sr="" id="6.12">					if (endOfCommandBytes[j] != buffer[i+j]) {</st>
            <st ob="" eb="" sr="" id="6.13">						matchEndOfCommand = false;</st>
            <st ob="" eb="" sr="" id="6.14">						break;</st>
            <st ob="" eb="" sr="" id="6.15">					}</st>
            <st ob="" eb="" sr="" id="6.16">				}</st>
            <st ob="" eb="" sr="" id="6.17">				if (matchEndOfCommand) {</st>
            <st ob="" eb="" sr="" id="6.18">					endOfCommandIndex = i;</st>
            <st ob="" eb="" sr="" id="6.19">				}</st>
            <st ob="" eb="" sr="" id="6.20">			}</st>
            <st ob="" eb="" sr="" id="6.21">			if (-1 != endOfCommandIndex) {</st>
            <st ob="" eb="" sr="" id="6.22">				commandLengthInBytes = endOfCommandBytes.length+endOfCommandIndex-offset;</st>
            <st ob="" eb="" sr="" id="6.23">				data = new String(buffer, offset, commandLengthInBytes, "UTF-8");</st>
            <st ob="" eb="" sr="" id="6.24">			}</st>
            <st ob="" eb="" sr="" id="6.25">		} catch (java.io.UnsupportedEncodingException ignore) {}</st>
            <st ob="" eb="" sr="" id="6.26">		rastring.setData(data);</st>
        </parg>
        <parg ob="" eb="" sr="" id="7">
            <st ob="" eb="" sr="" id="7.1">return offset+commandLengthInBytes;
	}</st>
        </parg>
    </desc>
</bug>
