<?xml version="1.0" encoding="UTF-8" standalone="yes"?>
<bug no-bug="" comments="">
    <id>16643</id>
    <title ob="x" eb="" sr="" patterns="S_OB_ERROR_HOW">Error launching "Site home page"</title>
    <desc>
        <parg ob="" eb="" sr="" id="1">
            <st ob="" eb="" sr="" id="1.1">I20020519</st>
        </parg>
        <parg ob="" eb="" sr="x" patterns="P_SR_ACTIONS_MULTI_OBS_BEHAVIOR" id="2">
            <st ob="" eb="" sr="" id="2.1">Create new nevada site.</st>
            <st ob="" eb="" sr="" id="2.2">Select it.</st>
            <st ob="" eb="" sr="" id="2.3">In the Preview view, select "Site Home Page".</st>
            <st ob="x" eb="" sr="" patterns="S_OB_NEG_AUX_VERB" id="2.4">I have mozilla, and it tells me:
"The file /http://download.eclipse.org/updates/info/siteInfo.html cannote be
found.</st>
            <st ob="" eb="" sr="" id="2.5">Please check the location and try again."</st>
        </parg>
        <parg ob="" eb="" sr="" id="3">
            <st ob="" eb="" sr="" patterns="" id="3.1">Note the leading '/' before the URL, it's obvously incorrect.</st>
        </parg>
    </desc>
</bug>
