<?xml version="1.0" encoding="UTF-8" standalone="yes"?>
<bug no-bug="" comments="">
    <id>166937</id>
    <title ob="x" eb="" sr="">source lookup from log4j printout fail</title>
    <desc>
        <parg ob="x" eb="" sr="" id="1">
            <st ob="x" eb="" sr="x" patterns="S_OB_NEG_VERB,S_SR_COND_OBS" id="1.1">source lookup (from clicking on log4j console printouts) failes in eclipse 3.2 when using brackets in log4j conversion pattern.</st>
            <st ob="x" eb="" sr="" patterns="S_OB_WORKS_FINE,S_OB_NEG_AUX_VERB" id="1.2">This extremely useful feature worked fine until upgrading to eclipse 3.2.1
Finally figured out that eclipse does not anymore handle the use of [brackets] in log4j conversion patterns.</st>
        </parg>
        <parg ob="" eb="" sr="" id="2">
            <st ob="" eb="" sr="" id="2.1">works not:
log4j.appender.stdout.layout.ConversionPattern=%d %5p [%t] (%F:%L) - %m%n</st>
        </parg>
        <parg ob="" eb="" sr="" id="3">
            <st ob="" eb="" sr="" id="3.1">works:
log4j.appender.stdout.layout.ConversionPattern=%d %5p (%t) (%F:%L) - %m%n</st>
        </parg>
    </desc>
</bug>
