<?xml version="1.0" encoding="UTF-8" standalone="yes"?>
<bug no-bug="" comments="">
    <id>169312</id>
    <title ob="" eb="" sr="">Multiple Feature Label Mappings per Node Mapping do not work</title>
    <desc>
        <parg ob="x" eb="" sr="" id="1">
            <st ob="x" eb="" sr="" patterns="S_OB_COND_POS" id="1.1">2.0M3 If a Node Mapping has two Feature Label Mappings, only the first is processed to resolve its View Pattern, the second retains its default text.</st>
        </parg>
    </desc>
</bug>
