<?xml version="1.0" encoding="UTF-8" standalone="yes"?>
<bug no-bug="" comments="">
    <id>171670</id>
    <title ob="x" eb="" sr="">[typing] Shift Left/Right in Text Editor scrolls viewport</title>
    <desc>
        <parg ob="" eb="" sr="" id="1">
            <st ob="" eb="" sr="" id="1.1">Dear Team,</st>
        </parg>
        <parg ob="x" eb="" sr="x" id="2">
            <st ob="x" eb="" sr="x" patterns="S_OB_COND_POS,S_SR_COND_OBS" id="2.1">When I use Shift+Tab to decrease indentation level of selected C source lines, these selected C source lines are scrolled up or down (depends on its position on screen), why?</st>
        </parg>
        <parg ob="" eb="" sr="" id="3">
            <st ob="" eb="" sr="" id="3.1">This very anoying when you clean up a lot of source code blocks: your eyes are moved everywhere on the screen.</st>
        </parg>
        <parg ob="" eb="x" sr="" id="4">
            <st ob="" eb="x" sr="" patterns="S_EB_COULD_QUESTION" id="4.1">Could you make possible to avoid this automatic scroll, please?</st>
        </parg>
        <parg ob="" eb="" sr="" id="5">
            <st ob="" eb="" sr="" id="5.1">Thanks,
Christophe</st>
        </parg>
        <parg ob="x" eb="" sr="x" id="6">
            <st ob="x" eb="" sr="x" patterns="S_OB_SAME_PROBLEM_WHEN,S_SR_COND_OBS" id="6.1">PS: It's the same when you use Tab to increase indentation.</st>
        </parg>
    </desc>
</bug>
