<?xml version="1.0" encoding="UTF-8" standalone="yes"?>
<bug no-bug="" comments="">
    <id>174813</id>
    <title ob="x" eb="" sr="" patterns="S_OB_NEG_COND">[ui] task tags not removed when content type is filtered out and cleaned and redetected</title>
    <desc>
        <parg ob="" eb="" sr="" id="1">
            <st ob="" eb="" sr="" id="1.1">wtp 2.0 m5</st>
        </parg>
        <parg ob="" eb="" sr="x" patterns="P_SR_ACTIONS_INF" id="2">
            <st ob="" eb="" sr="" id="2.1">1 add some TODO comments in html files</st>
            <st ob="" eb="" sr="" id="2.2">2 in task tags preference page, enable searching for task tags (make sure enabled for html content type)</st>
            <st ob="x" eb="" sr="" patterns="S_OB_PASSIVE_VOICE" id="2.3">3 task tags are found and reported in tasks view</st>
            <st ob="" eb="" sr="" id="2.4">4 go back to task tags preference page and in the filters tab, disable scanning html content type</st>
            <st ob="" eb="" sr="" id="2.5">5 apply &amp; clean and redetect tasks</st>
            <st ob="x" eb="" sr="" patterns="S_OB_STILL,S_OB_NO_LONGER" id="2.6">6 ** task tags are still in tasks view and marked in files (though any new todo comments are no longer turned into task tags)</st>
        </parg>
    </desc>
</bug>
