<?xml version="1.0" encoding="UTF-8" standalone="yes"?>
<bug no-bug="" comments="">
    <id>176668</id>
    <title ob="x" eb="" sr="" patterns="S_OB_NEG_AUX_VERB">[regression] font size smaller property does not work properly</title>
    <desc>
        <parg ob="" eb="" sr="x" patterns="P_SR_LABELED_LIST" id="1">
            <st ob="" eb="" sr="" id="1.1">steps to reproduce:</st>
            <st ob="" eb="" sr="" id="1.2">- use the attached report design</st>
        </parg>
        <parg ob="" eb="x" sr="" patterns="P_EB_EXP_BEHAVIOR_MULTI" id="2">
            <st ob="" eb="" sr="" id="2.1">expected behavior:</st>
            <st ob="" eb="" sr="" id="2.2">- compare small and smaller, smaller takes effect</st>
        </parg>
        <parg ob="x" eb="" sr="" patterns="P_OB_OBSERVED_BEHAVIOR_MULTI" id="3">
            <st ob="" eb="" sr="" id="3.1">actual behavior:</st>
            <st ob="" eb="" sr="" id="3.2">- it did not do so</st>
        </parg>
    </desc>
</bug>
