<?xml version="1.0" encoding="UTF-8" standalone="yes"?>
<bug no-bug="" comments="">
    <id>17740</id>
    <title ob="" eb="" sr="">Help does not work on Photon</title>
    <desc>
        <parg ob="" eb="" sr="x" id="1">
            <st ob="" eb="" sr="x" patterns="S_SR_MENU_SELECT" id="1.1">Select "Help-&gt;Help Contents" menu on Photon and the following
is printed to the console:</st>
        </parg>
        <parg ob="" eb="" sr="" id="2">
            <st ob="x" eb="" sr="" patterns="S_OB_ERROR_AS_SUBJECT" id="2.1">Unhandled exception caught in event loop.</st>
            <st ob="" eb="" sr="" id="2.2">Reason
org.eclipse.help.AppServer</st>
        </parg>
        <parg ob="" eb="" sr="" id="3">
            <st ob="" eb="" sr="" id="3.1">I believe the problem is that QNX does not have
netscape.</st>
            <st ob="" eb="" sr="" id="3.2">Its web browser is call "voyager".</st>
        </parg>
    </desc>
</bug>
