<?xml version="1.0" encoding="UTF-8" standalone="yes"?>
<bug no-bug="" comments="">
    <id>182214</id>
    <title ob="" eb="" sr="">My calls to SDK functions is yelling at me</title>
    <desc>
        <parg ob="" eb="" sr="" id="1">
            <st ob="" eb="" sr="" id="1.1">This is a fun problem to have.</st>
            <st ob="x" eb="" sr="" patterns="S_OB_TOO" id="1.2">The color for calls to functions outside the project is a little too bright and pink for my taste.</st>
            <st ob="" eb="" sr="" id="1.3">But I was pretty happy to see them just the same.</st>
        </parg>
        <parg ob="" eb="" sr="" id="2">
            <st ob="" eb="" sr="" id="2.1">We should probably find a usability expert to assess our default settings and make sure the majority of users would be happy with them.</st>
        </parg>
    </desc>
</bug>
