<?xml version="1.0" encoding="UTF-8" standalone="yes"?>
<bug no-bug="" comments="">
    <id>183551</id>
    <title ob="x" eb="" sr="" patterns="S_OB_NEG_AUX_VERB">[Automation][Regression] table page break inside did not work properly in pdf</title>
    <desc>
        <parg ob="" eb="" sr="x" patterns="P_SR_LABELED_LIST" id="1">
            <st ob="" eb="" sr="" id="1.1">steps to reproduce:</st>
            <st ob="" eb="" sr="" id="1.2">- use the attached report design</st>
            <st ob="" eb="" sr="" id="1.3">- preview in pdf</st>
        </parg>
        <parg ob="" eb="x" sr="" patterns="P_EB_EXP_BEHAVIOR_MULTI" id="2">
            <st ob="" eb="" sr="" id="2.1">expected behavior:
			- page break inside avoid works properly</st>
        </parg>
        <parg ob="x" eb="" sr="" patterns="P_OB_OBSERVED_BEHAVIOR_MULTI" id="3">
            <st ob="" eb="" sr="" id="3.1">actual behavior:
			- page break inside avoid did not work properly as expected, please refer to rendered page 9 and page 10 of the attached report design</st>
        </parg>
    </desc>
</bug>
