<?xml version="1.0" encoding="UTF-8" standalone="yes"?>
<bug no-bug="" comments="">
    <id>185056</id>
    <title ob="" eb="" sr="">[JUnit] import/export test runs on run history dialog</title>
    <desc>
        <parg ob="" eb="" sr="" id="1">
            <st ob="" eb="" sr="" id="1.1">I20070502-0010</st>
        </parg>
        <parg ob="" eb="" sr="x" patterns="P_SR_ACTIONS_INF" id="2">
            <st ob="" eb="" sr="" id="2.1">1 Run a Junit test suite</st>
            <st ob="" eb="" sr="" id="2.2">2 Open the run history dialog</st>
        </parg>
        <parg ob="" eb="" sr="" id="3">
            <st ob="" eb="" sr="" id="3.1">Is:</st>
            <st ob="x" eb="" sr="" patterns="S_OB_NO_NOUN" id="3.2">No mean to import/export runs from the history</st>
        </parg>
        <parg ob="" eb="x" sr="" id="4">
            <st ob="" eb="x" sr="" patterns="S_EB_SHOULD" id="4.1">Should:
Have a Import.../Export... button (maybe even for multi selection)</st>
        </parg>
    </desc>
</bug>
