<?xml version="1.0" encoding="UTF-8" standalone="yes"?>
<bug no-bug="" comments="">
    <id>187284</id>
    <title ob="x" eb="" sr="" patterns="S_OB_PROBLEM_IN">TVT33:TCT229: pl: label truncation in C/C++ Build panel</title>
    <desc>
        <parg ob="" eb="" sr="" id="1">
            <st ob="" eb="" sr="" id="1.1">Subject: pl: label truncation in C/C++ Build panel
OS: Linux
Build date: 20070515
Component name: CDT
Blocking: no
Tester Name: Kamil Ignacak (PL)</st>
        </parg>
        <parg ob="" eb="" sr="x" patterns="P_SR_LABELED_PARAGRAPH" id="2">
            <st ob="" eb="" sr="" id="2.1">
Steps to recreate the problem:
In the Project Explorer, select project standardcpp.</st>
            <st ob="" eb="" sr="x" patterns="S_SR_MENU_SELECT" id="2.2">Right click and select Properties from the context menu.</st>
            <st ob="" eb="" sr="" id="2.3">Select C/C++ Build.</st>
        </parg>
        <parg ob="x" eb="" sr="" patterns="P_OB_DESCRIPTION,S_OB_ATTACH_REF" id="3">
            <st ob="" eb="" sr="" id="3.1">Problem description: translation of "Manage configurations" button label is truncated (word "konfiguracjami" is truncated) - please see attached screenshot.</st>
        </parg>
        <parg ob="" eb="" sr="" id="4">
            <st ob="" eb="" sr="" id="4.1">Best regards,
Kamil</st>
        </parg>
        <parg ob="" eb="" sr="" id="5">
            <st ob="" eb="" sr="" id="5.1">This article was reassigned from Category:''TVT Testcases''.</st>
        </parg>
        <parg ob="" eb="" sr="" id="6">
            <st ob="" eb="" sr="" id="6.1">Changed to working.</st>
        </parg>
        <parg ob="" eb="" sr="" id="7">
            <st ob="" eb="" sr="" id="7.1">Hi,</st>
        </parg>
        <parg ob="" eb="" sr="" id="8">
            <st ob="" eb="" sr="" id="8.1">The same issue for panels in all subnodes of 'C/C++ Build' node.</st>
        </parg>
        <parg ob="" eb="" sr="" id="9">
            <st ob="" eb="" sr="" id="9.1">Regards,
Kamil</st>
        </parg>
    </desc>
</bug>
