<?xml version="1.0" encoding="UTF-8" standalone="yes"?>
<bug no-bug="" comments="">
    <id>187321</id>
    <title ob="" eb="" sr="">TVT33:TCT202: DE : CDT, Button truncation on Add Directory Dialog</title>
    <desc>
        <parg ob="x" eb="" sr="" patterns="P_OB_DESCRIPTION" id="1">
            <st ob="" eb="" sr="" id="1.1">Description: Button truncation on Add Directory Dialog
OS : Linux
Must fix or not a must fix: Yes
Build date: 0514
Component name = CDT
Blocking: no
Language: de
Bitmap Location: \defects\gr1\de\13.002310.jpg
Tester Name: Ruth Nestvold
Problem Description:</st>
        </parg>
        <parg ob="" eb="" sr="x" patterns="P_SR_ACTIONS_MULTI_OBS_BEHAVIOR" id="2">
            <st ob="" eb="" sr="" id="2.1">Run Configuration Debug
Click on the Debugger tab.</st>
            <st ob="" eb="" sr="" id="2.2">Click Add.</st>
            <st ob="" eb="" sr="" id="2.3">In the Add Directory dialog, the "Browse" button is truncated</st>
        </parg>
        <parg ob="" eb="" sr="" id="3">
            <st ob="" eb="" sr="" id="3.1">Please see attached screen shots for more details.</st>
        </parg>
        <parg ob="" eb="" sr="x" patterns="P_SR_LABELED_PARAGRAPH" id="4">
            <st ob="" eb="" sr="" id="4.1">Steps to Reproduce:</st>
            <st ob="" eb="" sr="" id="4.2">Run -&gt; Open Debug Dialog
Create a new C/C++ Local Application configuration.</st>
            <st ob="" eb="" sr="" id="4.3">Select the Debugger tab.</st>
            <st ob="" eb="" sr="" id="4.4">Switch to gdb Debugger.</st>
            <st ob="" eb="" sr="" id="4.5">Select the Shared Libraries tab.</st>
            <st ob="" eb="" sr="" id="4.6">Click Add.</st>
        </parg>
        <parg ob="x" eb="" sr="" id="5">
            <st ob="x" eb="" sr="" patterns="S_OB_NEG_ADV_ADJ" id="5.1">The text on the Browse button is truncated.</st>
        </parg>
        <parg ob="" eb="" sr="" id="6">
            <st ob="" eb="" sr="" id="6.1">This article was reassigned from Category:''TVT Testcases''.</st>
        </parg>
    </desc>
</bug>
