<?xml version="1.0" encoding="UTF-8" standalone="yes"?>
<bug no-bug="" comments="">
    <id>189497</id>
    <title ob="" eb="x" sr="">Adding a java breakpoint exception should enable it</title>
    <desc>
        <parg ob="" eb="" sr="" id="1">
            <st ob="" eb="" sr="" id="1.1">3 3 rc3</st>
            <st ob="" eb="x" sr="" patterns="S_EB_SHOULD" id="1.2">Adding a java breakpoints that is already in the breakpoint list but disabled, should re-enable it.</st>
        </parg>
        <parg ob="" eb="" sr="x" patterns="P_SR_LABELED_LIST" id="2">
            <st ob="" eb="" sr="" id="2.1">Steps to reproduce:</st>
            <st ob="" eb="" sr="" id="2.2">- go to the breakpoints view</st>
            <st ob="" eb="" sr="" id="2.3">- click "add a java exception breakpoint"</st>
            <st ob="" eb="" sr="" patterns="" id="2.4">- select NullPointerException, notice that an entry is added to the view</st>
            <st ob="" eb="" sr="" id="2.5">- in the view, disable the added breakpoint</st>
            <st ob="" eb="" sr="" id="2.6">- click "add a java exception breakpoint"</st>
            <st ob="x" eb="" sr="" patterns="S_OB_NOTICE" id="2.7">- select NullPointerException, notice that an entry is not re-enabled.</st>
        </parg>
        <parg ob="" eb="x" sr="" id="3">
            <st ob="" eb="x" sr="" patterns="S_EB_WANT" id="3.1">This is pretty annoying since even though I may at one point have disabled the exception breakpoint, when I go back to the "add a java exception breakpoint", it is that I want this breakpoint to be enabled.</st>
        </parg>
    </desc>
</bug>
