<?xml version="1.0" encoding="UTF-8" standalone="yes"?>
<bug no-bug="" comments="">
    <id>190160</id>
    <title ob="" eb="" sr="">Problems with efficiency have been detected on BIRT code base.</title>
    <desc>
        <parg ob="" eb="" sr="" id="1">
            <st ob="" eb="" sr="" id="1.1">Build ID: 2.1.2</st>
        </parg>
        <parg ob="" eb="" sr="x" patterns="P_SR_LABELED_PARAGRAPH" id="2">
            <st ob="" eb="" sr="" id="2.1">Steps To Reproduce:</st>
            <st ob="" eb="" sr="" id="2.2">I have been running Jtest's BugDetective feature on BIRT source code and it reported a few places where an inefficient iteration over map takes place.</st>
            <st ob="" eb="" sr="" patterns="" id="2.3">From the point of view of efficiency it is better to iterate over the set of map entries rather than, having obtained a key set, extract a corresponding value (which is considered to be a very consuming operation) at every single iteration.</st>
        </parg>
        <parg ob="" eb="" sr="" id="3">
            <st ob="" eb="" sr="" id="3.1">Found places are:</st>
        </parg>
        <parg ob="" eb="" sr="" id="4">
            <st ob="" eb="" sr="" id="4.1">1 org.eclipse.birt.chart.event.InteractionEvent.java - see the screenshot Efficiency-1;</st>
        </parg>
        <parg ob="" eb="" sr="" id="5">
            <st ob="" eb="" sr="" id="5.1">2 org.eclipse.birt.core.util.IOUtil - the screenshot Efficiency-2;</st>
        </parg>
        <parg ob="" eb="" sr="" id="6">
            <st ob="" eb="" sr="" id="6.1">Please let me know if this is a real problem or BugDetective is mistaken.</st>
        </parg>
        <parg ob="" eb="" sr="" id="7">
            <st ob="" eb="" sr="" id="7.1">Thank you!</st>
        </parg>
        <parg ob="" eb="" sr="" id="8">
            <st ob="" eb="" sr="" id="8.1">More information:</st>
        </parg>
    </desc>
</bug>
