<?xml version="1.0" encoding="UTF-8" standalone="yes"?>
<bug no-bug="" comments="">
    <id>190982</id>
    <title ob="" eb="" sr="">[introduce parameter object] clean up refactoring activation code</title>
    <desc>
        <parg ob="" eb="" sr="" id="1">
            <st ob="" eb="" sr="" id="1.1">I20070605-0010</st>
        </parg>
        <parg ob="" eb="" sr="" id="2">
            <st ob="x" eb="" sr="" patterns="S_OB_TOO" id="2.1">The code in RefactoringExecutionStarter.startIntroduceParameterObject(IMethod, Shell) does too much work outside of the refactoring.</st>
            <st ob="" eb="x" sr="" patterns="S_EB_SHOULD" id="2.2">We should move the initialization code from IntroduceParameterObjectRefactoring's constructor to checkInitialConditions(..)and just abort with fatal RefactoringStatus.</st>
        </parg>
    </desc>
</bug>
