<?xml version="1.0" encoding="UTF-8" standalone="yes"?>
<bug no-bug="" comments="">
    <id>199084</id>
    <title ob="x" eb="" sr="" patterns="S_OB_BUT_NEG,S_OB_NEG_ADV_ADJ">Variables view initially shows constants although option is off</title>
    <desc>
        <parg ob="" eb="" sr="" id="1">
            <st ob="" eb="" sr="" id="1.1">I20070807-0010</st>
        </parg>
        <parg ob="" eb="" sr="" id="2">
            <st ob="x" eb="" sr="" patterns="S_OB_BUT_NEG" id="2.1">Sometimes, the Variables view shows constants although the option is turned off.</st>
            <st ob="" eb="" sr="" id="2.2">It mostly happens just when I hit the first breakpoint.</st>
            <st ob="" eb="" sr="" id="2.3">Unfortunately, I don't have steps to reproduce, since it does not happen every time.</st>
        </parg>
        <parg ob="x" eb="" sr="" id="3">
            <st ob="x" eb="" sr="" patterns="S_OB_NEG_VERB,S_OB_ADV_TIME_NEG" id="3.1">As soon as I select the parent (local variable e in the screenshot), the constants disappear.</st>
        </parg>
    </desc>
</bug>
