<?xml version="1.0" encoding="UTF-8" standalone="yes"?>
<bug no-bug="" comments="">
    <id>200060</id>
    <title ob="x" eb="" sr="" patterns="S_OB_ERROR_COND">Heap leak when set a string that has 8000 characters to a StyledText</title>
    <desc>
        <parg ob="" eb="" sr="" id="1">
            <st ob="" eb="" sr="" id="1.1">Build ID: I20070625-1500</st>
        </parg>
        <parg ob="" eb="" sr="x" patterns="P_SR_LABELED_LIST" id="2">
            <st ob="" eb="" sr="" patterns="" id="2.1">Steps To Reproduce:</st>
            <st ob="" eb="" sr="" id="2.2">1 Get a string which has 8000 characters from oracle</st>
            <st ob="" eb="" sr="" id="2.3">2 Set the string to a StyledText use setText(string)</st>
            <st ob="" eb="" sr="" id="2.4">3 Heap leak</st>
        </parg>
        <parg ob="" eb="" sr="" id="3">
            <st ob="" eb="" sr="" id="3.1">More information:</st>
        </parg>
    </desc>
</bug>
