<?xml version="1.0" encoding="UTF-8" standalone="yes"?>
<bug no-bug="" comments="">
    <id>201897</id>
    <title ob="x" eb="" sr="" patterns="S_OB_NOUN_NOT">'Focus on Active Task' and 'Link with editor' not working for *.htm</title>
    <desc>
        <parg ob="" eb="" sr="" id="1">
            <st ob="x" eb="" sr="x" patterns="S_OB_NEG_AUX_VERB,S_SR_COND_SEQUENCE" id="1.1">When using Mylyn, 
In the 'package explorer' pane, when I have enabled 'Focus on Active Task' and 'Link with Editor', the 'link with editor' feature does not work for htm files.</st>
            <st ob="" eb="" sr="" id="1.2">It works fine for *.</st>
            <st ob="" eb="" sr="" id="1.3">java though.</st>
        </parg>
    </desc>
</bug>
