<?xml version="1.0" encoding="UTF-8" standalone="yes"?>
<bug no-bug="" comments="">
    <id>204132</id>
    <title ob="" eb="x" sr="" patterns="S_EB_NEED_TO">[Validation] need a validation error when the same class is specified twice in the orm.xml</title>
    <desc>
        <parg ob="" eb="" sr="" id="1">
            <st ob="" eb="" sr="" id="1.1">&lt;?</st>
            <st ob="" eb="" sr="" id="1.2">xml version="1.0" encoding="UTF-8"?</st>
            <st ob="" eb="" sr="" id="1.3">&gt;
&lt;entity-mappings xmlns="http://java.sun.com/xml/ns/persistence/orm" xmlns:xsi="http://www.w3.org/2001/XMLSchema-instance" xsi:schemaLocation="http://java.sun.com/xml/ns/persistence/orm http://java.sun.com/xml/ns/persistence/orm_1_0.xsd" version="1.0"&gt;
	&lt;mapped-superclass class="model.Employee"&gt;&lt;/mapped-superclass&gt;
	&lt;entity class="model.Employee"&gt;&lt;/entity&gt;
        &lt;entity class="model.Employee"&gt;&lt;/entity&gt;
	&lt;embeddable class="model.Address"&gt;&lt;/embeddable&gt;
&lt;/entity-mappings&gt;</st>
        </parg>
        <parg ob="" eb="x" sr="" id="2">
            <st ob="" eb="x" sr="" patterns="S_EB_SHOULD" id="2.1">Specify the same class twice in a orm.xml file and you should recieve a validation error.</st>
        </parg>
    </desc>
</bug>
