<?xml version="1.0" encoding="UTF-8" standalone="yes"?>
<bug no-bug="" comments="">
    <id>207254</id>
    <title ob="" eb="" sr="">GTK-BIDI: DateTime RTL support</title>
    <desc>
        <parg ob="" eb="" sr="" id="1">
            <st ob="" eb="" sr="" id="1.1">Build ID: I20071017-1638</st>
        </parg>
        <parg ob="" eb="" sr="x" patterns="P_SR_LABELED_LIST" id="2">
            <st ob="" eb="" sr="" id="2.1">Steps To Reproduce:</st>
            <st ob="" eb="" sr="" id="2.2">1 Implement an SWT application with DateTime widget located on its shell</st>
            <st ob="" eb="" sr="" id="2.3">2 Apply "SWT.CALENDAR" style on the DateTime widget.</st>
            <st ob="" eb="" sr="" id="2.4">3 Apply "SWT.RIGHT_TO_LEFT" on the container.</st>
            <st ob="" eb="" sr="" id="2.5">4 Run the application</st>
        </parg>
        <parg ob="" eb="x" sr="" patterns="P_EB_EXP_BEHAVIOR_MULTI" id="3">
            <st ob="" eb="" sr="" id="3.1">Expected results:</st>
            <st ob="" eb="" sr="" id="3.2">1 Calendar layout is mirrored to be "RTL"</st>
            <st ob="" eb="" sr="" id="3.3">2 Calendar buttons behavior should be toggled (i.e pressing the left arrow next to the "year" should increase the displayed year)</st>
            <st ob="" eb="" sr="" id="3.4">3 Year, Months, days are shown in Bidi languages (ex: Arabic in case of egyptian locale)</st>
        </parg>
        <parg ob="x" eb="" sr="" patterns="P_OB_OBSERVED_BEHAVIOR_MULTI" id="4">
            <st ob="" eb="" sr="" id="4.1">Actual Results:</st>
            <st ob="" eb="" sr="" id="4.2">1 Buttons behavior is not correct.</st>
            <st ob="" eb="" sr="" id="4.3">2 Digits, days, months are not localized in the mirrored calendar (ex: names of days and month should be written in Arabic in case of using Egyptian locale)</st>
        </parg>
        <parg ob="" eb="" sr="" id="5">
            <st ob="" eb="" sr="" id="5.1">-- See the attached screenshot</st>
        </parg>
    </desc>
</bug>
