<?xml version="1.0" encoding="UTF-8" standalone="yes"?>
<bug no-bug="" comments="">
    <id>208860</id>
    <title ob="x" eb="" sr="" patterns="S_OB_NEG_COND">Exception is thrown out when open the report parameter dialogue [0705]</title>
    <desc>
        <parg ob="" eb="" sr="" id="1">
            <st ob="" eb="" sr="" id="1.1">Created attachment 82170
report design</st>
        </parg>
        <parg ob="x" eb="" sr="" patterns="P_OB_DESCRIPTION" id="2">
            <st ob="" eb="" sr="" id="2.1">Description:
Error still pops up while the default value is set.</st>
        </parg>
        <parg ob="" eb="" sr="" id="3">
            <st ob="" eb="" sr="" id="3.1">Build number:</st>
            <st ob="" eb="" sr="" id="3.2">2 3.0.v20071106-0630</st>
        </parg>
        <parg ob="" eb="" sr="x" patterns="P_SR_LABELED_LIST" id="4">
            <st ob="" eb="" sr="" id="4.1">Steps to reproduce:</st>
            <st ob="" eb="" sr="" id="4.2">1 Double click to open prameter editor in the attached report.</st>
        </parg>
        <parg ob="" eb="x" sr="" id="5">
            <st ob="" eb="x" sr="" patterns="S_EB_EXP_BEHAVIOR" id="5.1">Expected result:
No exception.</st>
        </parg>
        <parg ob="x" eb="" sr="" id="6">
            <st ob="x" eb="" sr="" patterns="S_OB_OBS_BEHAVIOR,S_OB_ERROR_AS_SUBJECT" id="6.1">Actual result:
Exception is thrown out.</st>
        </parg>
        <parg ob="" eb="" sr="" id="7">
            <st ob="" eb="" sr="" id="7.1">Error log:</st>
            <st ob="" eb="" sr="" id="7.2">org.eclipse.birt.report.designer.core.runtime.GUIException: Caused by java.lang.NullPointerException.</st>
            <st ob="" eb="" sr="" id="7.3">	at org.eclipse.birt.report.designer.core.runtime.GUIException.createGUIException(GUIException.java:76)</st>
            <st ob="" eb="" sr="" id="7.4">	at org.eclipse.birt.report.designer.internal.ui.util.ExceptionHandler.handle(ExceptionHandler.java:169)</st>
            <st ob="" eb="" sr="" id="7.5">	at org.eclipse.birt.report.designer.internal.ui.util.ExceptionHandler.handle(ExceptionHandler.java:150)</st>
            <st ob="" eb="" sr="" id="7.6">	at org.eclipse.birt.report.designer.internal.ui.util.ExceptionHandler.handle(ExceptionHandler.java:89)</st>
            <st ob="" eb="" sr="" id="7.7">	at org.eclipse.birt.report.designer.internal.ui.views.actions.AbstractElementAction.handleException(AbstractElementAction.java:132)</st>
            <st ob="" eb="" sr="" id="7.8">	at org.eclipse.birt.report.designer.internal.ui.views.actions.AbstractElementAction.run(AbstractElementAction.java:91)</st>
            <st ob="" eb="" sr="" id="7.9">	at org.eclipse.birt.report.designer.internal.ui.views.RenameListener.doubleClick(RenameListener.java:214)</st>
            <st ob="" eb="" sr="" id="7.10">	at org.eclipse.jface.viewers.StructuredViewer$1.run(StructuredViewer.java:799)</st>
            <st ob="" eb="" sr="" id="7.11">	at org.eclipse.core.runtime.SafeRunner.run(SafeRunner.java:37)</st>
            <st ob="" eb="" sr="" id="7.12">	at org.eclipse.core.runtime.Platform.run(Platform.java:857)</st>
            <st ob="" eb="" sr="" id="7.13">	at org.eclipse.ui.internal.JFaceUtil$1.run(JFaceUtil.java:46)</st>
            <st ob="" eb="" sr="" id="7.14">	at org.eclipse.jface.util.SafeRunnable.run(SafeRunnable.java:199)</st>
            <st ob="" eb="" sr="" id="7.15">	at org.eclipse.jface.viewers.StructuredViewer.fireDoubleClick(StructuredViewer.java:797)</st>
            <st ob="" eb="" sr="" id="7.16">	at org.eclipse.jface.viewers.AbstractTreeViewer.handleDoubleSelect(AbstractTreeViewer.java:1398)</st>
            <st ob="" eb="" sr="" id="7.17">	at org.eclipse.jface.viewers.StructuredViewer$4.widgetDefaultSelected(StructuredViewer.java:1173)</st>
            <st ob="" eb="" sr="" id="7.18">	at org.eclipse.jface.util.OpenStrategy.fireDefaultSelectionEvent(OpenStrategy.java:237)</st>
            <st ob="" eb="" sr="" id="7.19">	at org.eclipse.jface.util.OpenStrategy.access$0(OpenStrategy.java:234)</st>
            <st ob="" eb="" sr="" id="7.20">	at org.eclipse.jface.util.OpenStrategy$1.handleEvent(OpenStrategy.java:295)</st>
            <st ob="" eb="" sr="" id="7.21">	at org.eclipse.swt.widgets.EventTable.sendEvent(EventTable.java:66)</st>
            <st ob="" eb="" sr="" id="7.22">	at org.eclipse.swt.widgets.Widget.sendEvent(Widget.java:938)</st>
            <st ob="" eb="" sr="" id="7.23">	at org.eclipse.swt.widgets.Display.runDeferredEvents(Display.java:3742)</st>
            <st ob="" eb="" sr="" id="7.24">	at org.eclipse.swt.widgets.Display.readAndDispatch(Display.java:3353)</st>
            <st ob="" eb="" sr="" id="7.25">	at org.eclipse.ui.internal.Workbench.runEventLoop(Workbench.java:2389)</st>
            <st ob="" eb="" sr="" id="7.26">	at org.eclipse.ui.internal.Workbench.runUI(Workbench.java:2353)</st>
            <st ob="" eb="" sr="" id="7.27">	at org.eclipse.ui.internal.Workbench.access$4(Workbench.java:2219)</st>
            <st ob="" eb="" sr="" id="7.28">	at org.eclipse.ui.internal.Workbench$4.run(Workbench.java:466)</st>
            <st ob="" eb="" sr="" id="7.29">	at org.eclipse.core.databinding.observable.Realm.runWithDefault(Realm.java:289)</st>
            <st ob="" eb="" sr="" id="7.30">	at org.eclipse.ui.internal.Workbench.createAndRunWorkbench(Workbench.java:461)</st>
            <st ob="" eb="" sr="" id="7.31">	at org.eclipse.ui.PlatformUI.createAndRunWorkbench(PlatformUI.java:149)</st>
            <st ob="" eb="" sr="" id="7.32">	at org.eclipse.ui.internal.ide.application.IDEApplication.start(IDEApplication.java:106)</st>
            <st ob="" eb="" sr="" id="7.33">	at org.eclipse.equinox.internal.app.EclipseAppHandle.run(EclipseAppHandle.java:169)</st>
            <st ob="" eb="" sr="" id="7.34">	at org.eclipse.core.runtime.internal.adaptor.EclipseAppLauncher.runApplication(EclipseAppLauncher.java:106)</st>
            <st ob="" eb="" sr="" id="7.35">	at org.eclipse.core.runtime.internal.adaptor.EclipseAppLauncher.start(EclipseAppLauncher.java:76)</st>
            <st ob="" eb="" sr="" id="7.36">	at org.eclipse.core.runtime.adaptor.EclipseStarter.run(EclipseStarter.java:363)</st>
            <st ob="" eb="" sr="" id="7.37">	at org.eclipse.core.runtime.adaptor.EclipseStarter.run(EclipseStarter.java:176)</st>
            <st ob="" eb="" sr="" id="7.38">	at sun.reflect.NativeMethodAccessorImpl.invoke0(Native Method)</st>
            <st ob="" eb="" sr="" id="7.39">	at sun.reflect.NativeMethodAccessorImpl.invoke(NativeMethodAccessorImpl.java:39)</st>
            <st ob="" eb="" sr="" id="7.40">	at sun.reflect.DelegatingMethodAccessorImpl.invoke(DelegatingMethodAccessorImpl.java:25)</st>
            <st ob="" eb="" sr="" id="7.41">	at java.lang.reflect.Method.invoke(Method.java:585)</st>
            <st ob="" eb="" sr="" id="7.42">	at org.eclipse.equinox.launcher.Main.invokeFramework(Main.java:515)</st>
            <st ob="" eb="" sr="" id="7.43">	at org.eclipse.equinox.launcher.Main.basicRun(Main.java:455)</st>
            <st ob="" eb="" sr="" id="7.44">	at org.eclipse.equinox.launcher.Main.run(Main.java:1193)</st>
            <st ob="" eb="" sr="" id="7.45">Caused by: java.lang.NullPointerException</st>
            <st ob="" eb="" sr="" id="7.46">	at org.eclipse.birt.report.designer.ui.dialogs.ParameterDialog.initValueArea(ParameterDialog.java:975)</st>
            <st ob="" eb="" sr="" id="7.47">	at org.eclipse.birt.report.designer.ui.dialogs.ParameterDialog.switchParamterType(ParameterDialog.java:1589)</st>
            <st ob="" eb="" sr="" id="7.48">	at org.eclipse.birt.report.designer.ui.dialogs.ParameterDialog.initDialog(ParameterDialog.java:832)</st>
            <st ob="" eb="" sr="" id="7.49">	at org.eclipse.birt.report.designer.internal.ui.dialogs.BaseDialog.open(BaseDialog.java:101)</st>
            <st ob="" eb="" sr="" id="7.50">	at org.eclipse.birt.report.designer.internal.ui.views.data.providers.ParameterNodeProvider.performEdit(ParameterNodeProvider.java:80)</st>
            <st ob="" eb="" sr="" id="7.51">	at org.eclipse.birt.report.designer.internal.ui.views.DefaultNodeProvider.performRequest(DefaultNodeProvider.java:371)</st>
            <st ob="" eb="" sr="" id="7.52">	at sun.reflect.NativeMethodAccessorImpl.invoke0(Native Method)</st>
            <st ob="" eb="" sr="" id="7.53">	at sun.reflect.NativeMethodAccessorImpl.invoke(NativeMethodAccessorImpl.java:39)</st>
            <st ob="" eb="" sr="" id="7.54">	at sun.reflect.DelegatingMethodAccessorImpl.invoke(DelegatingMethodAccessorImpl.java:25)</st>
            <st ob="" eb="" sr="" id="7.55">	at java.lang.reflect.Method.invoke(Method.java:585)</st>
            <st ob="" eb="" sr="" id="7.56">	at org.eclipse.birt.report.designer.ui.views.ElementAdapterInvocationHandler.invoke(ElementAdapterInvocationHandler.java:89)</st>
            <st ob="" eb="" sr="" id="7.57">	at $Proxy0.performRequest(Unknown Source)</st>
            <st ob="" eb="" sr="" id="7.58">	at org.eclipse.birt.report.designer.internal.ui.views.actions.EditAction.doAction(EditAction.java:80)</st>
            <st ob="" eb="" sr="" id="7.59">	at org.eclipse.birt.report.designer.internal.ui.views.actions.AbstractElementAction.run(AbstractElementAction.java:64)</st>
            <st ob="" eb="" sr="" id="7.60">	... 36 more</st>
        </parg>
    </desc>
</bug>
