<?xml version="1.0" encoding="UTF-8" standalone="yes"?>
<bug no-bug="" comments="">
    <id>209682</id>
    <title ob="x" eb="" sr="" patterns="S_OB_NEG_ADV_ADJ">CBasicType incorrectly copies long long from DeclSpecifier</title>
    <desc>
        <parg ob="" eb="" sr="" id="1">
            <st ob="" eb="" sr="" id="1.1">Created attachment 82791
Patch for CBasicType on HEAD</st>
        </parg>
        <parg ob="" eb="" sr="" id="2">
            <st ob="" eb="" sr="" id="2.1">Build ID: M20071023-1652</st>
        </parg>
        <parg ob="" eb="" sr="x" patterns="P_SR_LABELED_PARAGRAPH" id="3">
            <st ob="" eb="" sr="" id="3.1">Steps To Reproduce:</st>
            <st ob="" eb="" sr="" id="3.2">long long i;</st>
            <st ob="" eb="" sr="" id="3.3">unsigned char c;</st>
        </parg>
        <parg ob="" eb="" sr="" id="4">
            <st ob="" eb="" sr="" id="4.1">i = 1; // ICBasicType.isLongLong() == false
c = 1; // ICBasicType.isLongLong() == true</st>
        </parg>
        <parg ob="" eb="" sr="" id="5">
            <st ob="x" eb="" sr="" patterns="S_OB_NEG_ADV_ADJ" id="5.1">More information:
CBasicType incorrectly copies from the ICASTSimpleDeclSpecifier in the case of long long - a simple cut and paste error.</st>
            <st ob="x" eb="" sr="" patterns="S_OB_AS_RESULT" id="5.2">The consequence is that all unsigned variables appear to be long long, and signed long long is not a long long.</st>
        </parg>
    </desc>
</bug>
