<?xml version="1.0" encoding="UTF-8" standalone="yes"?>
<bug no-bug="" comments="">
    <id>212087</id>
    <title ob="" eb="" sr="">something happened to planet.eclipse.org layout</title>
    <desc>
        <parg ob="" eb="" sr="" id="1">
            <st ob="" eb="" sr="" id="1.1">Created attachment 84576
screenshot</st>
        </parg>
        <parg ob="x" eb="" sr="" id="2">
            <st ob="x" eb="" sr="" patterns="S_OB_NEG_COND,S_OB_ATTACH_REF" id="2.1">planet.eclipse.org looks all wacky (see attached screenshot) while planeteclipse.org looks the same as it always did.</st>
        </parg>
        <parg ob="" eb="" sr="" id="3">
            <st ob="" eb="" sr="" id="3.1">My user-agent is:</st>
        </parg>
        <parg ob="" eb="" sr="" id="4">
            <st ob="" eb="" sr="" id="4.1">Mozilla/5.0 (X11; U; Linux i686; en-US; rv:1.8.1.8) Gecko/20071030 Fedora/2.0.0.8-2.</st>
            <st ob="" eb="" sr="" id="4.2">fc8 Firefox/2.0.0.8</st>
        </parg>
    </desc>
</bug>
