<?xml version="1.0" encoding="UTF-8" standalone="yes"?>
<bug no-bug="" comments="">
    <id>219552</id>
    <title ob="x" eb="" sr="" patterns="S_OB_NEG_VERB">TP JUnit Testing Stucks up @ 93%</title>
    <desc>
        <parg ob="" eb="" sr="" id="1">
            <st ob="" eb="" sr="" id="1.1">I'm running a TP JUnit test that accesses three Datapool sources with less than 100 records each.</st>
            <st ob="x" eb="" sr="" patterns="S_OB_BUT_NEG,S_OB_SEEMS" id="1.2">But it seems each time I run a test I always stuck up at 93% in the progress bar for more than 10 minutes.</st>
            <st ob="" eb="" sr="" id="1.3">Why is it taking this long?</st>
            <st ob="" eb="" sr="" id="1.4">Thanks.</st>
        </parg>
    </desc>
</bug>
