<?xml version="1.0" encoding="UTF-8" standalone="yes"?>
<bug no-bug="" comments="">
    <id>221937</id>
    <title ob="" eb="x" sr="" patterns="S_EB_SHOULD">[Accessibility] Text should read its READ_ONLY state</title>
    <desc>
        <parg ob="" eb="" sr="" id="1">
            <st ob="" eb="x" sr="" patterns="S_EB_SHOULD" id="1.1">When a user enters a text field, it should indicate whether it's read-only or not.</st>
            <st ob="" eb="" sr="" id="1.2">The user can enter the read-only text field and start typing without realizing that the text isn't changed.</st>
        </parg>
        <parg ob="" eb="" sr="" id="2">
            <st ob="x" eb="" sr="" patterns="S_OB_ADV_TIME_POS" id="2.1">Currently, it would say "Text &lt;&lt;and starts reading the text value&gt;&gt;".</st>
            <st ob="" eb="x" sr="" patterns="S_EB_SHOULD" id="2.2">When the text is read-only it should say, "Read-only Text &lt;&lt;and start reading the text value&gt;&gt;".</st>
        </parg>
    </desc>
</bug>
