<?xml version="1.0" encoding="UTF-8" standalone="yes"?>
<bug no-bug="" comments="">
    <id>225512</id>
    <title ob="x" eb="" sr="" patterns="S_OB_NO_NOUN">[hovering] No error hover on API tooling problem</title>
    <desc>
        <parg ob="x" eb="" sr="" id="1">
            <st ob="x" eb="" sr="" patterns="S_OB_NEG_AUX_VERB,S_OB_BUT" id="1.1">3.4 M5 Moving mouse over an API tooling problem in the editor does not show an error hover but the normal Javadoc hover</st>
        </parg>
        <parg ob="" eb="" sr="" id="2">
            <st ob="" eb="" sr="" id="2.1">See screenshot.</st>
        </parg>
    </desc>
</bug>
