<?xml version="1.0" encoding="UTF-8" standalone="yes"?>
<bug no-bug="" comments="">
    <id>228223</id>
    <title ob="" eb="" sr="">Data center sample validation errors - TestPluginMainValidator failures</title>
    <desc>
        <parg ob="" eb="" sr="x" patterns="P_SR_ACTIONS_INF" id="1">
            <st ob="" eb="" sr="x" patterns="S_SR_MENU_SELECT" id="1.1">1 Load the /org.eclipse.cosmos.rm.example.datacenter project into the workspace and select Validate SML-IF from the context menu.</st>
            <st ob="" eb="" sr="" id="1.2">2 Observe there are 93 errors flagged in the project.</st>
        </parg>
        <parg ob="x" eb="" sr="" id="2">
            <st ob="x" eb="" sr="" patterns="S_OB_LEADS_TO_NEG,S_OB_ERROR_AS_SUBJECT" id="2.1">The issues causing these errors to be reported are also causing all tests in TestPluginMainValidator to fail.</st>
        </parg>
    </desc>
</bug>
