<?xml version="1.0" encoding="UTF-8" standalone="yes"?>
<bug no-bug="" comments="">
    <id>235058</id>
    <title ob="" eb="" sr="">[spec] javadoc for JavaCore#setComplianceOptions needs improvement</title>
    <desc>
        <parg ob="" eb="" sr="" id="1">
            <st ob="" eb="" sr="" id="1.1">I20080530-1730</st>
            <st ob="" eb="" sr="" id="1.2">The javadoc forJavaCore#setComplianceOptions starts with:</st>
            <st ob="" eb="" sr="" id="1.3">* Sets the default's compiler options inside the given options map according</st>
            <st ob="" eb="" sr="" id="1.4">* to the given compliance.</st>
        </parg>
        <parg ob="" eb="" sr="" id="2">
            <st ob="x" eb="" sr="" patterns="S_OB_NEG_ADV_ADJ" id="2.1">which is almost meaningless.</st>
            <st ob="" eb="" sr="" id="2.2">Having discussed with Olivier and read the code, I believe that the original intent was to set in the provided map the values of the sole options that were impacted by the compliance, deriving their values as the compiler would do 'by default' when provided the compliance only (that is, without any other option than JavaCore.COMPILER_COMPLIANCE being specified by the caller).</st>
            <st ob="x" eb="" sr="" patterns="S_OB_NEG_ADV_ADJ,S_OB_NON_TERM" id="2.3">Since some of these options definitely have a non-mandatory flavor when considering some compliance levels (aka JavaCore.COMPILER_PB_ASSERT_IDENTIFIER for 1.3 or 1.4), rendering the effective behavior in a concise documentation may turn out to be a bit challenging.</st>
        </parg>
    </desc>
</bug>
