<?xml version="1.0" encoding="UTF-8" standalone="yes"?>
<bug no-bug="" comments="">
    <id>238130</id>
    <title ob="X" eb="" sr="" patterns="S_OB_NOUN_NOT">file name not included on parse errors</title>
    <desc>
        <parg ob="" eb="" sr="" id="1">
            <st ob="X" eb="" sr="" patterns="S_OB_COND_NEG" id="1.1">When reading persistence.xml/orm.xml we do not include the file-name when an error occurs.</st>
            <st ob="" eb="" sr="" id="1.2">This gives very poor usability.</st>
        </parg>
        <parg ob="" eb="" sr="" id="2">
            <st ob="" eb="" sr="" id="2.1">Caused by: java.lang.RuntimeException: Exception [EclipseLink-25004] (Eclipse Persistence Services - @VERSION@ (Build @BUILD_NUMBER@)): org.eclipse.persistence.exceptions.XMLMarshalException</st>
            <st ob="" eb="" sr="" id="2.2">Exception Description: An error occurred unmarshalling the document</st>
            <st ob="" eb="" sr="" id="2.3">Internal Exception: Exception [EclipseLink-27101] (Eclipse Persistence Services - @VERSION@ (Build @BUILD_NUMBER@)): org.eclipse.persistence.platform.xml.XMLPlatformException</st>
            <st ob="" eb="" sr="" id="2.4">Exception Description: An error occurred while parsing the document.</st>
            <st ob="" eb="" sr="" id="2.5">Internal Exception: oracle.xml.parser.v2.XMLParseException: Element 'property' not expected.</st>
            <st ob="" eb="" sr="" id="2.6">	at org.eclipse.persistence.internal.jpa.metadata.xml.XMLEntityMappingsReader.read(XMLEntityMappingsReader.java:67)</st>
            <st ob="" eb="" sr="" id="2.7">	at org.eclipse.persistence.internal.jpa.metadata.xml.XMLEntityMappingsReader.read(XMLEntityMappingsReader.java:105)</st>
            <st ob="" eb="" sr="" id="2.8">	at org.eclipse.persistence.internal.jpa.metadata.MetadataProcessor.loadStandardMappingFiles(MetadataProcessor.java:343)</st>
            <st ob="" eb="" sr="" id="2.9">	at org.eclipse.persistence.internal.jpa.metadata.MetadataProcessor.loadMappingFiles(MetadataProcessor.java:284)</st>
            <st ob="" eb="" sr="" id="2.10">	at org.eclipse.persistence.internal.jpa.deployment.PersistenceUnitProcessor.buildPersistentClassSetFromXMLDocuments(PersistenceUnitProcessor.java:128)</st>
            <st ob="" eb="" sr="" id="2.11">	at org.eclipse.persistence.internal.jpa.deployment.PersistenceUnitProcessor.buildClassSet(PersistenceUnitProcessor.java:91)</st>
            <st ob="" eb="" sr="" id="2.12">	at org.eclipse.persistence.internal.jpa.deployment.JPAInitializer.callPredeploy(JPAInitializer.java:83)</st>
            <st ob="" eb="" sr="" id="2.13">	at org.eclipse.persistence.internal.jpa.deployment.JPAInitializer.initPersistenceUnits(JPAInitializer.java:149)</st>
            <st ob="" eb="" sr="" id="2.14">	at org.eclipse.persistence.internal.jpa.deployment.JPAInitializer.initialize(JPAInitializer.java:135)</st>
            <st ob="" eb="" sr="" id="2.15">	at org.eclipse.persistence.internal.jpa.deployment.JavaSECMPInitializer.initializeFromAgent(JavaSECMPInitializer.java:145)</st>
            <st ob="" eb="" sr="" id="2.16">	... 11 more</st>
        </parg>
    </desc>
</bug>
