<?xml version="1.0" encoding="UTF-8" standalone="yes"?>
<bug no-bug="" comments="">
    <id>241172</id>
    <title ob="x" eb="" sr="" patterns="S_OB_NOUN_NOT">summary not set correctly for cloned tasks</title>
    <desc>
        <parg ob="" eb="" sr="x" patterns="P_SR_LABELED_LIST" id="1">
            <st ob="" eb="" sr="" id="1.1">Steps:</st>
            <st ob="" eb="" sr="" id="1.2">1 Clone a Bugzilla task</st>
        </parg>
        <parg ob="x" eb="" sr="" id="2">
            <st ob="x" eb="" sr="" patterns="S_OB_BUT_NEG" id="2.1">A new outgoing task with the name "New Task" is created although a different summary was cloned.</st>
        </parg>
    </desc>
</bug>
