<?xml version="1.0" encoding="UTF-8" standalone="yes"?>
<bug no-bug="" comments="">
    <id>24679</id>
    <title ob="" eb="x" sr="" patterns="S_EB_SHOULD">[CS UI] Decorators should be configurable on a per project basis.</title>
    <desc>
        <parg ob="" eb="" sr="" id="1">
            <st ob="x" eb="" sr="" patterns="S_OB_ADV_TIME_POS,S_OB_ONLY" id="1.1">Currently I can only choose one set of decorators that apply across all my
projects.</st>
            <st ob="" eb="" sr="" id="1.2">I have two projects, one is from a readonly cvs repository which the
other project uses.</st>
            <st ob="" eb="" sr="" id="1.3">In order to setup the first project I need to create the
.</st>
            <st ob="" eb="" sr="" id="1.4">classpath and .</st>
            <st ob="" eb="" sr="" id="1.5">project file which then are decorated but which can't be
committed.</st>
            <st ob="" eb="x" sr="" patterns="S_EB_NORMALLY" id="1.6">Ideally I could turn off decorators for this project but leave them
on for the second which depends on the first and that I do have commit
privileges on.</st>
        </parg>
        <parg ob="" eb="x" sr="" id="2">
            <st ob="" eb="x" sr="" patterns="S_EB_SHOULD" id="2.1">Or possibly a setting which lets eclipse know that a project is hooked up to a
readonly repository and as such shouldn't bother with outgoing decorators.</st>
        </parg>
    </desc>
</bug>
