<?xml version="1.0" encoding="UTF-8" standalone="yes"?>
<bug no-bug="" comments="">
    <id>247276</id>
    <title ob="x" eb="" sr="" patterns="S_OB_NEG_AUX_VERB">Refresh context menu action does not work on remote connections</title>
    <desc>
        <parg ob="" eb="" sr="" id="1">
            <st ob="x" eb="" sr="x" patterns="S_OB_BUT_NEG,S_SR_IMPERATIVE_SEQUENCE" id="1.1">Create a remote connection, open the connection, add a file from outside of geclipse's connections (e.g. using the terminal) to the directory, use the "refresh" action in the context menu on the connection - the busy cursor will show up for a short time but the content will not change.</st>
            <st ob="x" eb="" sr="" patterns="S_OB_COND_POS" id="1.2">If the directory gets closed and opened again the right contents will show up.</st>
        </parg>
    </desc>
</bug>
