<?xml version="1.0" encoding="UTF-8" standalone="yes"?>
<bug no-bug="" comments="">
    <id>24924</id>
    <title ob="x" eb="" sr="" patterns="S_OB_ERROR_AS_SUBJECT">quick fix: strange method javadoc created [quick fix]</title>
    <desc>
        <parg ob="" eb="" sr="" id="1">
            <st ob="" eb="" sr="" id="1.1">20021016
public abstract class DD implements Comparator{		
}
class DDd extends DD implements Comparable{
}</st>
        </parg>
        <parg ob="x" eb="x" sr="x" id="2">
            <st ob="x" eb="x" sr="x" patterns="S_OB_NEG_ADV_ADJ,S_EB_SHOULD,S_SR_CODE_REF" id="2.1">quick fix DDd to add unimplemented methods
you get this: (javadoc for compare is incorrect - it should refer to 
Comparable#compare)</st>
        </parg>
        <parg ob="" eb="" sr="" id="3">
            <st ob="" eb="" sr="" id="3.1">/**</st>
            <st ob="" eb="" sr="" id="3.2">* @see jghj.DD#compare(java.lang.Object, java.lang.Object)</st>
            <st ob="" eb="" sr="" id="3.3">*/</st>
            <st ob="" eb="" sr="" id="3.4">public int compare(Object arg0, Object arg1) {</st>
            <st ob="" eb="" sr="" id="3.5">return 0;</st>
            <st ob="" eb="" sr="" id="3.6">}</st>
            <st ob="" eb="" sr="" id="3.7">/**</st>
            <st ob="" eb="" sr="" id="3.8">* @see java.lang.Comparable#compareTo(java.lang.Object)</st>
            <st ob="" eb="" sr="" id="3.9">*/</st>
            <st ob="" eb="" sr="" id="3.10">public int compareTo(Object arg0) {</st>
            <st ob="" eb="" sr="" id="3.11">return 0;</st>
            <st ob="" eb="" sr="" id="3.12">}</st>
        </parg>
    </desc>
</bug>
