<?xml version="1.0" encoding="UTF-8" standalone="yes"?>
<bug no-bug="" comments="">
    <id>249668</id>
    <title ob="x" eb="" sr="" patterns="S_OB_PROBLEM_IN">ArrayIndexOutOfBoundsException from WebViewer for PDF output</title>
    <desc>
        <parg ob="" eb="" sr="" id="1">
            <st ob="" eb="" sr="" id="1.1">Created attachment 114246
sample report design to illustrate the problem.</st>
        </parg>
        <parg ob="" eb="" sr="x" patterns="P_SR_ACTIONS_MULTI_OBS_BEHAVIOR" id="2">
            <st ob="x" eb="" sr="" patterns="S_OB_VERB_ERROR" id="2.1">A report containing a hidden column having a footer in which all the cells are merged causes an ArrayIndexOutOfBoundsException when the report is viewed in PDF output.</st>
            <st ob="x" eb="" sr="" patterns="S_OB_WORKS_FINE" id="2.2">The report works fine from the preview and from the HTML view.</st>
            <st ob="" eb="" sr="" id="2.3">Select to run the report from the Web Viewer and then select the print report icon.</st>
            <st ob="" eb="" sr="x" patterns="S_SR_MENU_SELECT" id="2.4">In the dialog that comes up, select the PDF print format option and select OK.</st>
            <st ob="x" eb="" sr="" patterns="S_OB_LEADS_TO_NEG" id="2.5">This results in the ArrayIndexOutOfBoundsException.</st>
            <st ob="" eb="" sr="" id="2.6">Attaching a sample report to illustrate the problem.</st>
            <st ob="x" eb="" sr="" patterns="S_OB_NEG_AUX_VERB,S_OB_WORKS_FINE" id="2.7">This report design works fine in BIRT 2.1.2 and does not work in 2.3 or 2.3.1.</st>
        </parg>
        <parg ob="" eb="" sr="" id="3">
            <st ob="" eb="" sr="" id="3.1">org.eclipse.birt.report.service.api.ReportServiceException: Error happened while running the report.; nested exception is: 
java.lang.ArrayIndexOutOfBoundsException: 3</st>
        </parg>
        <parg ob="" eb="" sr="" id="4">
            <st ob="" eb="" sr="" id="4.1">AxisFault</st>
            <st ob="" eb="" sr="" id="4.2"> faultCode: {http://schemas.xmlsoap.org/soap/envelope/}Server.userException</st>
            <st ob="" eb="" sr="" id="4.3"> faultSubcode: </st>
            <st ob="" eb="" sr="" id="4.4"> faultString: org.eclipse.birt.report.service.api.ReportServiceException: Error happened while running the report.; nested exception is: </st>
            <st ob="" eb="" sr="" id="4.5">	java.lang.ArrayIndexOutOfBoundsException: 3</st>
            <st ob="" eb="" sr="" id="4.6"> faultActor: </st>
            <st ob="" eb="" sr="" id="4.7"> faultNode: </st>
            <st ob="" eb="" sr="" id="4.8"> faultDetail: </st>
            <st ob="" eb="" sr="" id="4.9">	{http://xml.apache.org/axis/}stackTrace:org.eclipse.birt.report.service.api.ReportServiceException: Error happened while running the report.; nested exception is: </st>
            <st ob="" eb="" sr="" id="4.10">	java.lang.ArrayIndexOutOfBoundsException: 3</st>
            <st ob="" eb="" sr="" id="4.11">	at org.eclipse.birt.report.service.BirtViewerReportService.renderReport(BirtViewerReportService.java:291)</st>
            <st ob="" eb="" sr="" id="4.12">	at org.eclipse.birt.report.service.actionhandler.BirtRenderReportActionHandler.__execute(BirtRenderReportActionHandler.java:66)</st>
            <st ob="" eb="" sr="" id="4.13">	at org.eclipse.birt.report.service.actionhandler.AbstractBaseActionHandler.execute(AbstractBaseActionHandler.java:89)</st>
            <st ob="" eb="" sr="" id="4.14">	at org.eclipse.birt.report.presentation.aggregation.layout.EngineFragment.doService(EngineFragment.java:298)</st>
            <st ob="" eb="" sr="" id="4.15">	at org.eclipse.birt.report.presentation.aggregation.AbstractBaseFragment.service(AbstractBaseFragment.java:76)</st>
            <st ob="" eb="" sr="" id="4.16">	at org.eclipse.birt.report.servlet.BirtEngineServlet.__doGet(BirtEngineServlet.java:119)</st>
            <st ob="" eb="" sr="" id="4.17">	at org.eclipse.birt.report.servlet.BaseReportEngineServlet.doGet(BaseReportEngineServlet.java:156)</st>
            <st ob="" eb="" sr="" id="4.18">	at org.eclipse.birt.report.servlet.BaseReportEngineServlet.doPost(BaseReportEngineServlet.java:182)</st>
            <st ob="" eb="" sr="" id="4.19">	at javax.servlet.http.HttpServlet.service(HttpServlet.java:616)</st>
            <st ob="" eb="" sr="" id="4.20">	at org.apache.axis.transport.http.AxisServletBase.service(AxisServletBase.java:327)</st>
            <st ob="" eb="" sr="" id="4.21">	at javax.servlet.http.HttpServlet.service(HttpServlet.java:689)</st>
            <st ob="" eb="" sr="" id="4.22">	at org.eclipse.birt.report.servlet.BaseReportEngineServlet.service(BaseReportEngineServlet.java:109)</st>
            <st ob="" eb="" sr="" id="4.23">	at org.eclipse.equinox.http.registry.internal.ServletManager$ServletWrapper.service(ServletManager.java:180)</st>
            <st ob="" eb="" sr="" id="4.24">	at org.eclipse.equinox.http.servlet.internal.ServletRegistration.handleRequest(ServletRegistration.java:90)</st>
            <st ob="" eb="" sr="" id="4.25">	at org.eclipse.equinox.http.servlet.internal.ProxyServlet.processAlias(ProxyServlet.java:111)</st>
            <st ob="" eb="" sr="" id="4.26">	at org.eclipse.equinox.http.servlet.internal.ProxyServlet.service(ProxyServlet.java:59)</st>
            <st ob="" eb="" sr="" id="4.27">	at javax.servlet.http.HttpServlet.service(HttpServlet.java:689)</st>
            <st ob="" eb="" sr="" id="4.28">	at org.eclipse.equinox.http.jetty.internal.HttpServerManager$InternalHttpServiceServlet.service(HttpServerManager.java:269)</st>
            <st ob="" eb="" sr="" id="4.29">	at org.mortbay.jetty.servlet.ServletHolder.handle(ServletHolder.java:428)</st>
            <st ob="" eb="" sr="" id="4.30">	at org.mortbay.jetty.servlet.ServletHandler.dispatch(ServletHandler.java:677)</st>
            <st ob="" eb="" sr="" id="4.31">	at org.mortbay.jetty.servlet.ServletHandler.handle(ServletHandler.java:568)</st>
            <st ob="" eb="" sr="" id="4.32">	at org.mortbay.http.HttpContext.handle(HttpContext.java:1530)</st>
            <st ob="" eb="" sr="" id="4.33">	at org.mortbay.http.HttpContext.handle(HttpContext.java:1482)</st>
            <st ob="" eb="" sr="" id="4.34">	at org.mortbay.http.HttpServer.service(HttpServer.java:909)</st>
            <st ob="" eb="" sr="" id="4.35">	at org.mortbay.http.HttpConnection.service(HttpConnection.java:820)</st>
            <st ob="" eb="" sr="" id="4.36">	at org.mortbay.http.HttpConnection.handleNext(HttpConnection.java:986)</st>
            <st ob="" eb="" sr="" id="4.37">	at org.mortbay.http.HttpConnection.handle(HttpConnection.java:837)</st>
            <st ob="" eb="" sr="" id="4.38">	at org.mortbay.http.SocketListener.handleConnection(SocketListener.java:245)</st>
            <st ob="" eb="" sr="" id="4.39">	at org.mortbay.util.ThreadedServer.handle(ThreadedServer.java:357)</st>
            <st ob="" eb="" sr="" id="4.40">	at org.mortbay.util.ThreadPool$PoolThread.run(ThreadPool.java:534)</st>
            <st ob="" eb="" sr="" id="4.41">Caused by: java.lang.ArrayIndexOutOfBoundsException: 3</st>
            <st ob="" eb="" sr="" id="4.42">	at org.eclipse.birt.report.engine.layout.pdf.emitter.TableLayout$TableLayoutInfo.getCellWidth(TableLayout.java:763)</st>
            <st ob="" eb="" sr="" id="4.43">	at org.eclipse.birt.report.engine.layout.pdf.emitter.TableLayout.getCellWidth(TableLayout.java:640)</st>
            <st ob="" eb="" sr="" id="4.44">	at org.eclipse.birt.report.engine.layout.pdf.emitter.CellLayout.&lt;init&gt;(CellLayout.java:47)</st>
            <st ob="" eb="" sr="" id="4.45">	at org.eclipse.birt.report.engine.layout.pdf.emitter.LayoutContextFactory$ContentVisitor.visitCell(LayoutContextFactory.java:129)</st>
            <st ob="" eb="" sr="" id="4.46">	at org.eclipse.birt.report.engine.internal.content.wrap.CellContentWrapper.accept(CellContentWrapper.java:106)</st>
            <st ob="" eb="" sr="" id="4.47">	at org.eclipse.birt.report.engine.layout.pdf.emitter.LayoutContextFactory.createLayoutManager(LayoutContextFactory.java:69)</st>
            <st ob="" eb="" sr="" id="4.48">	at org.eclipse.birt.report.engine.layout.pdf.emitter.PDFLayoutEmitter.startTableContainer(PDFLayoutEmitter.java:471)</st>
            <st ob="" eb="" sr="" id="4.49">	at org.eclipse.birt.report.engine.layout.pdf.emitter.PDFLayoutEmitter.startCell(PDFLayoutEmitter.java:517)</st>
            <st ob="" eb="" sr="" id="4.50">	at org.eclipse.birt.report.engine.emitter.CompositeContentEmitter.startCell(CompositeContentEmitter.java:228)</st>
            <st ob="" eb="" sr="" id="4.51">	at org.eclipse.birt.report.engine.layout.html.HTMLTableLayoutEmitter.flushRow(HTMLTableLayoutEmitter.java:321)</st>
            <st ob="" eb="" sr="" id="4.52">	at org.eclipse.birt.report.engine.layout.html.HTMLTableLayoutEmitter.flush(HTMLTableLayoutEmitter.java:289)</st>
            <st ob="" eb="" sr="" id="4.53">	at org.eclipse.birt.report.engine.layout.html.HTMLTableLayoutEmitter.endRow(HTMLTableLayoutEmitter.java:587)</st>
            <st ob="" eb="" sr="" id="4.54">	at org.eclipse.birt.report.engine.emitter.ContentEmitterUtil.endContent(ContentEmitterUtil.java:108)</st>
            <st ob="" eb="" sr="" id="4.55">	at org.eclipse.birt.report.engine.layout.html.buffer.AbstractNode.end(AbstractNode.java:68)</st>
            <st ob="" eb="" sr="" id="4.56">	at org.eclipse.birt.report.engine.layout.html.buffer.ContainerBufferNode.flush(ContainerBufferNode.java:50)</st>
            <st ob="" eb="" sr="" id="4.57">	at org.eclipse.birt.report.engine.layout.html.buffer.HTMLPageBuffer._endContainer(HTMLPageBuffer.java:155)</st>
            <st ob="" eb="" sr="" id="4.58">	at org.eclipse.birt.report.engine.layout.html.buffer.HTMLPageBuffer.endContainer(HTMLPageBuffer.java:135)</st>
            <st ob="" eb="" sr="" id="4.59">	at org.eclipse.birt.report.engine.layout.html.buffer.TableBreakBuffer.endContainer(TableBreakBuffer.java:203)</st>
            <st ob="" eb="" sr="" id="4.60">	at org.eclipse.birt.report.engine.layout.html.HTMLStackingLM.end(HTMLStackingLM.java:39)</st>
            <st ob="" eb="" sr="" id="4.61">	at org.eclipse.birt.report.engine.layout.html.HTMLAbstractLM.layout(HTMLAbstractLM.java:134)</st>
            <st ob="" eb="" sr="" id="4.62">	at org.eclipse.birt.report.engine.layout.html.HTMLBlockStackingLM.layoutNodes(HTMLBlockStackingLM.java:68)</st>
            <st ob="" eb="" sr="" id="4.63">	at org.eclipse.birt.report.engine.layout.html.HTMLStackingLM.layoutChildren(HTMLStackingLM.java:27)</st>
            <st ob="" eb="" sr="" id="4.64">	at org.eclipse.birt.report.engine.layout.html.HTMLTableBandLM.layoutChildren(HTMLTableBandLM.java:65)</st>
            <st ob="" eb="" sr="" id="4.65">	at org.eclipse.birt.report.engine.layout.html.HTMLAbstractLM.layout(HTMLAbstractLM.java:133)</st>
            <st ob="" eb="" sr="" id="4.66">	at org.eclipse.birt.report.engine.layout.html.HTMLBlockStackingLM.layoutNodes(HTMLBlockStackingLM.java:68)</st>
            <st ob="" eb="" sr="" id="4.67">	at org.eclipse.birt.report.engine.layout.html.HTMLStackingLM.layoutChildren(HTMLStackingLM.java:27)</st>
            <st ob="" eb="" sr="" id="4.68">	at org.eclipse.birt.report.engine.layout.html.HTMLTableLM.layoutChildren(HTMLTableLM.java:76)</st>
            <st ob="" eb="" sr="" id="4.69">	at org.eclipse.birt.report.engine.layout.html.HTMLAbstractLM.layout(HTMLAbstractLM.java:133)</st>
            <st ob="" eb="" sr="" id="4.70">	at org.eclipse.birt.report.engine.layout.html.HTMLBlockStackingLM.layoutNodes(HTMLBlockStackingLM.java:46)</st>
            <st ob="" eb="" sr="" id="4.71">	at org.eclipse.birt.report.engine.layout.html.HTMLPageLM.layout(HTMLPageLM.java:90)</st>
            <st ob="" eb="" sr="" id="4.72">	at org.eclipse.birt.report.engine.layout.html.HTMLReportLayoutEngine.layout(HTMLReportLayoutEngine.java:101)</st>
            <st ob="" eb="" sr="" id="4.73">	at org.eclipse.birt.report.engine.api.impl.RenderTask$PageRangeRender.render(RenderTask.java:480)</st>
            <st ob="" eb="" sr="" id="4.74">	at org.eclipse.birt.report.engine.api.impl.RenderTask.render(RenderTask.java:223)</st>
            <st ob="" eb="" sr="" id="4.75">	at org.eclipse.birt.report.service.ReportEngineService.renderReport(ReportEngineService.java:1303)</st>
            <st ob="" eb="" sr="" id="4.76">	at org.eclipse.birt.report.service.BirtViewerReportService.renderReport(BirtViewerReportService.java:285)</st>
            <st ob="" eb="" sr="" id="4.77">	... 29 more</st>
        </parg>
        <parg ob="" eb="" sr="" id="5">
            <st ob="" eb="" sr="" id="5.1">{http://xml.apache.org/axis/}hostname:kdantam</st>
        </parg>
        <parg ob="" eb="" sr="" id="6">
            <st ob="" eb="" sr="" id="6.1">org.eclipse.birt.report.service.api.ReportServiceException: Error happened while running the report.; nested exception is: </st>
            <st ob="" eb="" sr="" id="6.2">	java.lang.ArrayIndexOutOfBoundsException: 3</st>
            <st ob="" eb="" sr="" id="6.3">	at org.eclipse.birt.report.engine.layout.pdf.emitter.TableLayout$TableLayoutInfo.getCellWidth(TableLayout.java:763)</st>
            <st ob="" eb="" sr="" id="6.4">	at org.eclipse.birt.report.engine.layout.pdf.emitter.TableLayout.getCellWidth(TableLayout.java:640)</st>
            <st ob="" eb="" sr="" id="6.5">	at org.eclipse.birt.report.engine.layout.pdf.emitter.CellLayout.(CellLayout.java:47)</st>
            <st ob="" eb="" sr="" id="6.6">	at org.eclipse.birt.report.engine.layout.pdf.emitter.LayoutContextFactory$ContentVisitor.visitCell(LayoutContextFactory.java:129)</st>
            <st ob="" eb="" sr="" id="6.7">	at org.eclipse.birt.report.engine.internal.content.wrap.CellContentWrapper.accept(CellContentWrapper.java:106)</st>
            <st ob="" eb="" sr="" id="6.8">	at org.eclipse.birt.report.engine.layout.pdf.emitter.LayoutContextFactory.createLayoutManager(LayoutContextFactory.java:69)</st>
            <st ob="" eb="" sr="" id="6.9">	at org.eclipse.birt.report.engine.layout.pdf.emitter.PDFLayoutEmitter.startTableContainer(PDFLayoutEmitter.java:471)</st>
            <st ob="" eb="" sr="" id="6.10">	at org.eclipse.birt.report.engine.layout.pdf.emitter.PDFLayoutEmitter.startCell(PDFLayoutEmitter.java:517)</st>
            <st ob="" eb="" sr="" id="6.11">	at org.eclipse.birt.report.engine.emitter.CompositeContentEmitter.startCell(CompositeContentEmitter.java:228)</st>
            <st ob="" eb="" sr="" id="6.12">	at org.eclipse.birt.report.engine.layout.html.HTMLTableLayoutEmitter.flushRow(HTMLTableLayoutEmitter.java:321)</st>
            <st ob="" eb="" sr="" id="6.13">	at org.eclipse.birt.report.engine.layout.html.HTMLTableLayoutEmitter.flush(HTMLTableLayoutEmitter.java:289)</st>
            <st ob="" eb="" sr="" id="6.14">	at org.eclipse.birt.report.engine.layout.html.HTMLTableLayoutEmitter.endRow(HTMLTableLayoutEmitter.java:587)</st>
            <st ob="" eb="" sr="" id="6.15">	at org.eclipse.birt.report.engine.emitter.ContentEmitterUtil.endContent(ContentEmitterUtil.java:108)</st>
            <st ob="" eb="" sr="" id="6.16">	at org.eclipse.birt.report.engine.layout.html.buffer.AbstractNode.end(AbstractNode.java:68)</st>
            <st ob="" eb="" sr="" id="6.17">	at org.eclipse.birt.report.engine.layout.html.buffer.ContainerBufferNode.flush(ContainerBufferNode.java:50)</st>
            <st ob="" eb="" sr="" id="6.18">	at org.eclipse.birt.report.engine.layout.html.buffer.HTMLPageBuffer._endContainer(HTMLPageBuffer.java:155)</st>
            <st ob="" eb="" sr="" id="6.19">	at org.eclipse.birt.report.engine.layout.html.buffer.HTMLPageBuffer.endContainer(HTMLPageBuffer.java:135)</st>
            <st ob="" eb="" sr="" id="6.20">	at org.eclipse.birt.report.engine.layout.html.buffer.TableBreakBuffer.endContainer(TableBreakBuffer.java:203)</st>
            <st ob="" eb="" sr="" id="6.21">	at org.eclipse.birt.report.engine.layout.html.HTMLStackingLM.end(HTMLStackingLM.java:39)</st>
            <st ob="" eb="" sr="" id="6.22">	at org.eclipse.birt.report.engine.layout.html.HTMLAbstractLM.layout(HTMLAbstractLM.java:134)</st>
            <st ob="" eb="" sr="" id="6.23">	at org.eclipse.birt.report.engine.layout.html.HTMLBlockStackingLM.layoutNodes(HTMLBlockStackingLM.java:68)</st>
            <st ob="" eb="" sr="" id="6.24">	at org.eclipse.birt.report.engine.layout.html.HTMLStackingLM.layoutChildren(HTMLStackingLM.java:27)</st>
            <st ob="" eb="" sr="" id="6.25">	at org.eclipse.birt.report.engine.layout.html.HTMLTableBandLM.layoutChildren(HTMLTableBandLM.java:65)</st>
            <st ob="" eb="" sr="" id="6.26">	at org.eclipse.birt.report.engine.layout.html.HTMLAbstractLM.layout(HTMLAbstractLM.java:133)</st>
            <st ob="" eb="" sr="" id="6.27">	at org.eclipse.birt.report.engine.layout.html.HTMLBlockStackingLM.layoutNodes(HTMLBlockStackingLM.java:68)</st>
            <st ob="" eb="" sr="" id="6.28">	at org.eclipse.birt.report.engine.layout.html.HTMLStackingLM.layoutChildren(HTMLStackingLM.java:27)</st>
            <st ob="" eb="" sr="" id="6.29">	at org.eclipse.birt.report.engine.layout.html.HTMLTableLM.layoutChildren(HTMLTableLM.java:76)</st>
            <st ob="" eb="" sr="" id="6.30">	at org.eclipse.birt.report.engine.layout.html.HTMLAbstractLM.layout(HTMLAbstractLM.java:133)</st>
            <st ob="" eb="" sr="" id="6.31">	at org.eclipse.birt.report.engine.layout.html.HTMLBlockStackingLM.layoutNodes(HTMLBlockStackingLM.java:46)</st>
            <st ob="" eb="" sr="" id="6.32">	at org.eclipse.birt.report.engine.layout.html.HTMLPageLM.layout(HTMLPageLM.java:90)</st>
            <st ob="" eb="" sr="" id="6.33">	at org.eclipse.birt.report.engine.layout.html.HTMLReportLayoutEngine.layout(HTMLReportLayoutEngine.java:101)</st>
            <st ob="" eb="" sr="" id="6.34">	at org.eclipse.birt.report.engine.api.impl.RenderTask$PageRangeRender.render(RenderTask.java:480)</st>
            <st ob="" eb="" sr="" id="6.35">	at org.eclipse.birt.report.engine.api.impl.RenderTask.render(RenderTask.java:223)</st>
            <st ob="" eb="" sr="" id="6.36">	at org.eclipse.birt.report.service.ReportEngineService.renderReport(ReportEngineService.java:1303)</st>
            <st ob="" eb="" sr="" id="6.37">	at org.eclipse.birt.report.service.BirtViewerReportService.renderReport(BirtViewerReportService.java:285)</st>
            <st ob="" eb="" sr="" id="6.38">	at org.eclipse.birt.report.service.actionhandler.BirtRenderReportActionHandler.__execute(BirtRenderReportActionHandler.java:66)</st>
            <st ob="" eb="" sr="" id="6.39">	at org.eclipse.birt.report.service.actionhandler.AbstractBaseActionHandler.execute(AbstractBaseActionHandler.java:89)</st>
            <st ob="" eb="" sr="" id="6.40">	at org.eclipse.birt.report.presentation.aggregation.layout.EngineFragment.doService(EngineFragment.java:298)</st>
            <st ob="" eb="" sr="" id="6.41">	at org.eclipse.birt.report.presentation.aggregation.AbstractBaseFragment.service(AbstractBaseFragment.java:76)</st>
            <st ob="" eb="" sr="" id="6.42">	at org.eclipse.birt.report.servlet.BirtEngineServlet.__doGet(BirtEngineServlet.java:119)</st>
            <st ob="" eb="" sr="" id="6.43">	at org.eclipse.birt.report.servlet.BaseReportEngineServlet.doGet(BaseReportEngineServlet.java:156)</st>
            <st ob="" eb="" sr="" id="6.44">	at org.eclipse.birt.report.servlet.BaseReportEngineServlet.doPost(BaseReportEngineServlet.java:182)</st>
            <st ob="" eb="" sr="" id="6.45">	at javax.servlet.http.HttpServlet.service(HttpServlet.java:616)</st>
            <st ob="" eb="" sr="" id="6.46">	at org.apache.axis.transport.http.AxisServletBase.service(AxisServletBase.java:327)</st>
            <st ob="" eb="" sr="" id="6.47">	at javax.servlet.http.HttpServlet.service(HttpServlet.java:689)</st>
            <st ob="" eb="" sr="" id="6.48">	at org.eclipse.birt.report.servlet.BaseReportEngineServlet.service(BaseReportEngineServlet.java:109)</st>
            <st ob="" eb="" sr="" id="6.49">	at org.eclipse.equinox.http.registry.internal.ServletManager$ServletWrapper.service(ServletManager.java:180)</st>
            <st ob="" eb="" sr="" id="6.50">	at org.eclipse.equinox.http.servlet.internal.ServletRegistration.handleRequest(ServletRegistration.java:90)</st>
            <st ob="" eb="" sr="" id="6.51">	at org.eclipse.equinox.http.servlet.internal.ProxyServlet.processAlias(ProxyServlet.java:111)</st>
            <st ob="" eb="" sr="" id="6.52">	at org.eclipse.equinox.http.servlet.internal.ProxyServlet.service(ProxyServlet.java:59)</st>
            <st ob="" eb="" sr="" id="6.53">	at javax.servlet.http.HttpServlet.service(HttpServlet.java:689)</st>
            <st ob="" eb="" sr="" id="6.54">	at org.eclipse.equinox.http.jetty.internal.HttpServerManager$InternalHttpServiceServlet.service(HttpServerManager.java:269)</st>
            <st ob="" eb="" sr="" id="6.55">	at org.mortbay.jetty.servlet.ServletHolder.handle(ServletHolder.java:428)</st>
            <st ob="" eb="" sr="" id="6.56">	at org.mortbay.jetty.servlet.ServletHandler.dispatch(ServletHandler.java:677)</st>
            <st ob="" eb="" sr="" id="6.57">	at org.mortbay.jetty.servlet.ServletHandler.handle(ServletHandler.java:568)</st>
            <st ob="" eb="" sr="" id="6.58">	at org.mortbay.http.HttpContext.handle(HttpContext.java:1530)</st>
            <st ob="" eb="" sr="" id="6.59">	at org.mortbay.http.HttpContext.handle(HttpContext.java:1482)</st>
            <st ob="" eb="" sr="" id="6.60">	at org.mortbay.http.HttpServer.service(HttpServer.java:909)</st>
            <st ob="" eb="" sr="" id="6.61">	at org.mortbay.http.HttpConnection.service(HttpConnection.java:820)</st>
            <st ob="" eb="" sr="" id="6.62">	at org.mortbay.http.HttpConnection.handleNext(HttpConnection.java:986)</st>
            <st ob="" eb="" sr="" id="6.63">	at org.mortbay.http.HttpConnection.handle(HttpConnection.java:837)</st>
            <st ob="" eb="" sr="" id="6.64">	at org.mortbay.http.SocketListener.handleConnection(SocketListener.java:245)</st>
            <st ob="" eb="" sr="" id="6.65">	at org.mortbay.util.ThreadedServer.handle(ThreadedServer.java:357)</st>
            <st ob="" eb="" sr="" id="6.66">	at org.mortbay.util.ThreadPool$PoolThread.run(ThreadPool.java:534)</st>
            <st ob="" eb="" sr="" id="6.67">Caused by: org.eclipse.birt.report.service.api.ReportServiceException: Error happened while running the report.; nested exception is: </st>
            <st ob="" eb="" sr="" id="6.68">	java.lang.ArrayIndexOutOfBoundsException: 3</st>
            <st ob="" eb="" sr="" id="6.69">	at org.eclipse.birt.report.service.BirtViewerReportService.renderReport(BirtViewerReportService.java:291)</st>
            <st ob="" eb="" sr="" id="6.70">	... 29 more</st>
            <st ob="" eb="" sr="" id="6.71">Caused by: java.lang.ArrayIndexOutOfBoundsException: 3</st>
            <st ob="" eb="" sr="" id="6.72">	at org.eclipse.birt.report.engine.layout.pdf.emitter.TableLayout$TableLayoutInfo.getCellWidth(TableLayout.java:763)</st>
            <st ob="" eb="" sr="" id="6.73">	at org.eclipse.birt.report.engine.layout.pdf.emitter.TableLayout.getCellWidth(TableLayout.java:640)</st>
            <st ob="" eb="" sr="" id="6.74">	at org.eclipse.birt.report.engine.layout.pdf.emitter.CellLayout.(CellLayout.java:47)</st>
            <st ob="" eb="" sr="" id="6.75">	at org.eclipse.birt.report.engine.layout.pdf.emitter.LayoutContextFactory$ContentVisitor.visitCell(LayoutContextFactory.java:129)</st>
            <st ob="" eb="" sr="" id="6.76">	at org.eclipse.birt.report.engine.internal.content.wrap.CellContentWrapper.accept(CellContentWrapper.java:106)</st>
            <st ob="" eb="" sr="" id="6.77">	at org.eclipse.birt.report.engine.layout.pdf.emitter.LayoutContextFactory.createLayoutManager(LayoutContextFactory.java:69)</st>
            <st ob="" eb="" sr="" id="6.78">	at org.eclipse.birt.report.engine.layout.pdf.emitter.PDFLayoutEmitter.startTableContainer(PDFLayoutEmitter.java:471)</st>
            <st ob="" eb="" sr="" id="6.79">	at org.eclipse.birt.report.engine.layout.pdf.emitter.PDFLayoutEmitter.startCell(PDFLayoutEmitter.java:517)</st>
            <st ob="" eb="" sr="" id="6.80">	at org.eclipse.birt.report.engine.emitter.CompositeContentEmitter.startCell(CompositeContentEmitter.java:228)</st>
            <st ob="" eb="" sr="" id="6.81">	at org.eclipse.birt.report.engine.layout.html.HTMLTableLayoutEmitter.flushRow(HTMLTableLayoutEmitter.java:321)</st>
            <st ob="" eb="" sr="" id="6.82">	at org.eclipse.birt.report.engine.layout.html.HTMLTableLayoutEmitter.flush(HTMLTableLayoutEmitter.java:289)</st>
            <st ob="" eb="" sr="" id="6.83">	at org.eclipse.birt.report.engine.layout.html.HTMLTableLayoutEmitter.endRow(HTMLTableLayoutEmitter.java:587)</st>
            <st ob="" eb="" sr="" id="6.84">	at org.eclipse.birt.report.engine.emitter.ContentEmitterUtil.endContent(ContentEmitterUtil.java:108)</st>
            <st ob="" eb="" sr="" id="6.85">	at org.eclipse.birt.report.engine.layout.html.buffer.AbstractNode.end(AbstractNode.java:68)</st>
            <st ob="" eb="" sr="" id="6.86">	at org.eclipse.birt.report.engine.layout.html.buffer.ContainerBufferNode.flush(ContainerBufferNode.java:50)</st>
            <st ob="" eb="" sr="" id="6.87">	at org.eclipse.birt.report.engine.layout.html.buffer.HTMLPageBuffer._endContainer(HTMLPageBuffer.java:155)</st>
            <st ob="" eb="" sr="" id="6.88">	at org.eclipse.birt.report.engine.layout.html.buffer.HTMLPageBuffer.endContainer(HTMLPageBuffer.java:135)</st>
            <st ob="" eb="" sr="" id="6.89">	at org.eclipse.birt.report.engine.layout.html.buffer.TableBreakBuffer.endContainer(TableBreakBuffer.java:203)</st>
            <st ob="" eb="" sr="" id="6.90">	at org.eclipse.birt.report.engine.layout.html.HTMLStackingLM.end(HTMLStackingLM.java:39)</st>
            <st ob="" eb="" sr="" id="6.91">	at org.eclipse.birt.report.engine.layout.html.HTMLAbstractLM.layout(HTMLAbstractLM.java:134)</st>
            <st ob="" eb="" sr="" id="6.92">	at org.eclipse.birt.report.engine.layout.html.HTMLBlockStackingLM.layoutNodes(HTMLBlockStackingLM.java:68)</st>
            <st ob="" eb="" sr="" id="6.93">	at org.eclipse.birt.report.engine.layout.html.HTMLStackingLM.layoutChildren(HTMLStackingLM.java:27)</st>
            <st ob="" eb="" sr="" id="6.94">	at org.eclipse.birt.report.engine.layout.html.HTMLTableBandLM.layoutChildren(HTMLTableBandLM.java:65)</st>
            <st ob="" eb="" sr="" id="6.95">	at org.eclipse.birt.report.engine.layout.html.HTMLAbstractLM.layout(HTMLAbstractLM.java:133)</st>
            <st ob="" eb="" sr="" id="6.96">	at org.eclipse.birt.report.engine.layout.html.HTMLBlockStackingLM.layoutNodes(HTMLBlockStackingLM.java:68)</st>
            <st ob="" eb="" sr="" id="6.97">	at org.eclipse.birt.report.engine.layout.html.HTMLStackingLM.layoutChildren(HTMLStackingLM.java:27)</st>
            <st ob="" eb="" sr="" id="6.98">	at org.eclipse.birt.report.engine.layout.html.HTMLTableLM.layoutChildren(HTMLTableLM.java:76)</st>
            <st ob="" eb="" sr="" id="6.99">	at org.eclipse.birt.report.engine.layout.html.HTMLAbstractLM.layout(HTMLAbstractLM.java:133)</st>
            <st ob="" eb="" sr="" id="6.100">	at org.eclipse.birt.report.engine.layout.html.HTMLBlockStackingLM.layoutNodes(HTMLBlockStackingLM.java:46)</st>
            <st ob="" eb="" sr="" id="6.101">	at org.eclipse.birt.report.engine.layout.html.HTMLPageLM.layout(HTMLPageLM.java:90)</st>
            <st ob="" eb="" sr="" id="6.102">	at org.eclipse.birt.report.engine.layout.html.HTMLReportLayoutEngine.layout(HTMLReportLayoutEngine.java:101)</st>
            <st ob="" eb="" sr="" id="6.103">	at org.eclipse.birt.report.engine.api.impl.RenderTask$PageRangeRender.render(RenderTask.java:480)</st>
            <st ob="" eb="" sr="" id="6.104">	at org.eclipse.birt.report.engine.api.impl.RenderTask.render(RenderTask.java:223)</st>
            <st ob="" eb="" sr="" id="6.105">	at org.eclipse.birt.report.service.ReportEngineService.renderReport(ReportEngineService.java:1303)</st>
            <st ob="" eb="" sr="" id="6.106">	at org.eclipse.birt.report.service.BirtViewerReportService.renderReport(BirtViewerReportService.java:285)</st>
            <st ob="" eb="" sr="" id="6.107">	... 29 more</st>
        </parg>
    </desc>
</bug>
