<?xml version="1.0" encoding="UTF-8" standalone="yes"?>
<bug no-bug="" comments="">
    <id>252759</id>
    <title ob="x" eb="" sr="" patterns="S_OB_POS_COND">[update policy] Refresh button in views is enabled in any debugger while focus is in Editor.</title>
    <desc>
        <parg ob="" eb="" sr="" id="1">
            <st ob="" eb="" sr="" id="1.1">This is due to a deficiency in the command framework.</st>
            <st ob="" eb="" sr="" id="1.2">The refresh item in debugger views is linked to the global File-&gt;Refresh action.</st>
            <st ob="x" eb="" sr="" patterns="S_OB_COND_POS,S_OB_ALLOW" id="1.3">When focus is in the editor, which allows the refresh action to be executed, the refresh action in debugger views is enabled as a side effect.</st>
        </parg>
        <parg ob="x" eb="" sr="" id="2">
            <st ob="x" eb="" sr="" patterns="S_OB_COND_NEG" id="2.1">If the refresh action in the view is selected while it should not have been enabled, the refresh action will not have any effect.</st>
        </parg>
    </desc>
</bug>
