<?xml version="1.0" encoding="UTF-8" standalone="yes"?>
<bug no-bug="" comments="">
    <id>258049</id>
    <title ob="x" eb="" sr="" patterns="S_OB_NOUN_NOT">[formatter] Linebreak before trailing statement semicolon not preserved</title>
    <desc>
        <parg ob="" eb="" sr="" id="1">
            <st ob="" eb="" sr="" id="1.1">Version: 3.5.0 - Build id: I20081209-0100</st>
        </parg>
        <parg ob="" eb="" sr="" id="2">
            <st ob="" eb="" sr="" id="2.1">With formatter preferences set to:
org.eclipse.jdt.core.formatter.join_wrapped_lines=false
org.eclipse.jdt.core.formatter.join_lines_in_comments=false</st>
        </parg>
        <parg ob="" eb="" sr="" id="3">
            <st ob="" eb="" sr="" id="3.1">The following code:</st>
        </parg>
        <parg ob="" eb="" sr="" id="4">
            <st ob="" eb="" sr="" id="4.1">public class X {
	void foo() {
		System.out.println()
		;
	}
}</st>
        </parg>
        <parg ob="" eb="" sr="" patterns="" id="5">
            <st ob="" eb="" sr="" id="5.1">becomes:</st>
        </parg>
        <parg ob="" eb="" sr="" id="6">
            <st ob="" eb="" sr="" id="6.1">public class X {
	void foo() {
		System.out.println();
	}
}</st>
        </parg>
    </desc>
</bug>
