<?xml version="1.0" encoding="UTF-8" standalone="yes"?>
<bug no-bug="" comments="">
    <id>262128</id>
    <title ob="x" eb="" sr="" patterns="S_OB_NEG_AFTER,S_OB_NEG_VERB">Eclipse crashed after added a file association</title>
    <desc>
        <parg ob="" eb="" sr="" id="1">
            <st ob="" eb="" sr="" id="1.1">Build ID: 3.3.1.1</st>
        </parg>
        <parg ob="" eb="" sr="x" patterns="P_SR_LABELED_LIST" id="2">
            <st ob="" eb="" sr="" id="2.1">Steps To Reproduce:</st>
            <st ob="" eb="" sr="" id="2.2">1 open "file association" in preference</st>
            <st ob="" eb="" sr="" id="2.3">2 add "*.</st>
            <st ob="" eb="" sr="" id="2.4">xls" as file extension</st>
            <st ob="" eb="" sr="" id="2.5">3 add microsoft excel worksheet as the external editor</st>
        </parg>
        <parg ob="x" eb="" sr="" id="3">
            <st ob="x" eb="" sr="" patterns="S_OB_NEG_AUX_VERB,S_OB_ADV_TIME_NEG" id="3.1">Then eclipse can not be started again(it may crash just after the "OK" button clicked or not, but always can not be restarted).</st>
        </parg>
        <parg ob="" eb="" sr="" id="4">
            <st ob="" eb="" sr="" id="4.1">More information:
my office version is 2007</st>
        </parg>
    </desc>
</bug>
