<?xml version="1.0" encoding="UTF-8" standalone="yes"?>
<bug no-bug="" comments="">
    <id>267563</id>
    <title ob="x" eb="" sr="" patterns="S_OB_POS_AFTER">Password in Property binding is modified after reopen the data source</title>
    <desc>
        <parg ob="x" eb="" sr="" patterns="P_OB_DESCRIPTION" id="1">
            <st ob="" eb="" sr="" id="1.1">Description:
Password in Property binding is modified after reopen the data source</st>
        </parg>
        <parg ob="" eb="" sr="" id="2">
            <st ob="" eb="" sr="" id="2.1">Build number:</st>
            <st ob="" eb="" sr="" id="2.2">2 5.0.v20090309-0630</st>
        </parg>
        <parg ob="" eb="" sr="x" patterns="P_SR_LABELED_LIST" id="3">
            <st ob="" eb="" sr="" id="3.1">Steps to reproduce:</st>
            <st ob="" eb="" sr="" id="3.2">1 New a JDBC Data source</st>
            <st ob="" eb="" sr="" id="3.3">2 Specify the password in Property Binding page, for example abcdefg and finish the data source</st>
            <st ob="" eb="" sr="" id="3.4">3 Check the XML source to make sure the password has been encrypted, in my build the code is YWJjZGVmZw==.</st>
            <st ob="" eb="" sr="" id="3.5">4 Reopen the data source and goto Property Binding and Finish data source</st>
            <st ob="" eb="" sr="" id="3.6">5 At this time, the report has a dirty mark and save the report and recheck the encrypted code in XML Source, it has been modified to abcdAAAA.</st>
            <st ob="" eb="" sr="" id="3.7">6 Do Step4 again and click OK to finsh the data source</st>
            <st ob="" eb="" sr="" id="3.8">7 After step6, the report is modified and save the report(after saving, Exception thrown out and block the UI operation)</st>
        </parg>
        <parg ob="" eb="x" sr="" id="4">
            <st ob="" eb="x" sr="" patterns="S_EB_EXP_BEHAVIOR" id="4.1">Expected result:
The reopen will not change the password in Property Binding</st>
        </parg>
        <parg ob="x" eb="" sr="" patterns="P_OB_OBSERVED_BEHAVIOR_MULTI" id="5">
            <st ob="x" eb="" sr="" patterns="S_OB_OBS_BEHAVIOR,S_OB_AFTER_NEG,P_OB_OBSERVED_BEHAVIOR_MULTI" id="5.1">Actual result:
After step4, the encrypted code has been changed, so that the report has a dirty mark and after step6, a Exception thrown out and it will block all the UI operation.</st>
        </parg>
        <parg ob="" eb="" sr="" id="6">
            <st ob="" eb="" sr="" id="6.1">Error log:</st>
            <st ob="" eb="" sr="" id="6.2">org.eclipse.birt.report.designer.core.runtime.GUIException: -73</st>
            <st ob="" eb="" sr="" id="6.3">	at org.eclipse.birt.report.designer.core.runtime.GUIException.createGUIException(GUIException.java:78)</st>
            <st ob="" eb="" sr="" id="6.4">	at org.eclipse.birt.report.designer.internal.ui.util.ExceptionHandler.handle(ExceptionHandler.java:169)</st>
            <st ob="" eb="" sr="" id="6.5">	at org.eclipse.birt.report.designer.internal.ui.util.ExceptionHandler.handle(ExceptionHandler.java:150)</st>
            <st ob="" eb="" sr="" id="6.6">	at org.eclipse.birt.report.designer.internal.ui.util.ExceptionHandler.handle(ExceptionHandler.java:89)</st>
            <st ob="" eb="" sr="" id="6.7">	at org.eclipse.birt.report.designer.internal.ui.ide.adapters.IDEFileReportProvider.saveFile(IDEFileReportProvider.java:376)</st>
            <st ob="" eb="" sr="" id="6.8">	at org.eclipse.birt.report.designer.internal.ui.ide.adapters.IDEFileReportProvider.saveReport(IDEFileReportProvider.java:133)</st>
            <st ob="" eb="" sr="" id="6.9">	at org.eclipse.birt.report.designer.internal.ui.ide.adapters.IDEFileReportProvider.saveReport(IDEFileReportProvider.java:110)</st>
            <st ob="" eb="" sr="" id="6.10">	at org.eclipse.birt.report.designer.internal.ui.editors.layout.ReportEditorWithPalette.doSave(ReportEditorWithPalette.java:1012)</st>
            <st ob="" eb="" sr="" id="6.11">	at org.eclipse.birt.report.designer.ui.editors.MultiPageReportEditor.doSave(MultiPageReportEditor.java:497)</st>
            <st ob="" eb="" sr="" id="6.12">	at org.eclipse.birt.report.designer.ui.editors.IDEMultiPageReportEditor.doSave(IDEMultiPageReportEditor.java:413)</st>
            <st ob="" eb="" sr="" id="6.13">	at org.eclipse.birt.report.designer.ui.editors.ReportEditorProxy.doSave(ReportEditorProxy.java:220)</st>
            <st ob="" eb="" sr="" id="6.14">	at org.eclipse.ui.internal.SaveableHelper$1.run(SaveableHelper.java:143)</st>
            <st ob="" eb="" sr="" id="6.15">	at org.eclipse.ui.internal.SaveableHelper$4.run(SaveableHelper.java:266)</st>
            <st ob="" eb="" sr="" id="6.16">	at org.eclipse.jface.operation.ModalContext.runInCurrentThread(ModalContext.java:464)</st>
            <st ob="" eb="" sr="" id="6.17">	at org.eclipse.jface.operation.ModalContext.run(ModalContext.java:372)</st>
            <st ob="" eb="" sr="" id="6.18">	at org.eclipse.jface.window.ApplicationWindow$1.run(ApplicationWindow.java:759)</st>
            <st ob="" eb="" sr="" id="6.19">	at org.eclipse.swt.custom.BusyIndicator.showWhile(BusyIndicator.java:70)</st>
            <st ob="" eb="" sr="" id="6.20">	at org.eclipse.jface.window.ApplicationWindow.run(ApplicationWindow.java:756)</st>
            <st ob="" eb="" sr="" id="6.21">	at org.eclipse.ui.internal.WorkbenchWindow.run(WorkbenchWindow.java:2577)</st>
            <st ob="" eb="" sr="" id="6.22">	at org.eclipse.ui.internal.SaveableHelper.runProgressMonitorOperation(SaveableHelper.java:274)</st>
            <st ob="" eb="" sr="" id="6.23">	at org.eclipse.ui.internal.SaveableHelper.runProgressMonitorOperation(SaveableHelper.java:253)</st>
            <st ob="" eb="" sr="" id="6.24">	at org.eclipse.ui.internal.SaveableHelper.savePart(SaveableHelper.java:148)</st>
            <st ob="" eb="" sr="" id="6.25">	at org.eclipse.ui.internal.EditorManager.savePart(EditorManager.java:1353)</st>
            <st ob="" eb="" sr="" id="6.26">	at org.eclipse.ui.internal.WorkbenchPage.savePart(WorkbenchPage.java:3322)</st>
            <st ob="" eb="" sr="" id="6.27">	at org.eclipse.ui.internal.WorkbenchPage.saveEditor(WorkbenchPage.java:3335)</st>
            <st ob="" eb="" sr="" id="6.28">	at org.eclipse.ui.internal.SaveAction.run(SaveAction.java:74)</st>
            <st ob="" eb="" sr="" id="6.29">	at org.eclipse.jface.action.Action.runWithEvent(Action.java:498)</st>
            <st ob="" eb="" sr="" id="6.30">	at org.eclipse.jface.commands.ActionHandler.execute(ActionHandler.java:119)</st>
            <st ob="" eb="" sr="" id="6.31">	at org.eclipse.core.commands.Command.executeWithChecks(Command.java:476)</st>
            <st ob="" eb="" sr="" id="6.32">	at org.eclipse.core.commands.ParameterizedCommand.executeWithChecks(ParameterizedCommand.java:508)</st>
            <st ob="" eb="" sr="" id="6.33">	at org.eclipse.ui.internal.handlers.HandlerService.executeCommand(HandlerService.java:169)</st>
            <st ob="" eb="" sr="" id="6.34">	at org.eclipse.ui.internal.keys.WorkbenchKeyboard.executeCommand(WorkbenchKeyboard.java:471)</st>
            <st ob="" eb="" sr="" id="6.35">	at org.eclipse.ui.internal.keys.WorkbenchKeyboard.press(WorkbenchKeyboard.java:823)</st>
            <st ob="" eb="" sr="" id="6.36">	at org.eclipse.ui.internal.keys.WorkbenchKeyboard.processKeyEvent(WorkbenchKeyboard.java:879)</st>
            <st ob="" eb="" sr="" id="6.37">	at org.eclipse.ui.internal.keys.WorkbenchKeyboard.filterKeySequenceBindings(WorkbenchKeyboard.java:570)</st>
            <st ob="" eb="" sr="" id="6.38">	at org.eclipse.ui.internal.keys.WorkbenchKeyboard.access$3(WorkbenchKeyboard.java:511)</st>
            <st ob="" eb="" sr="" id="6.39">	at org.eclipse.ui.internal.keys.WorkbenchKeyboard$KeyDownFilter.handleEvent(WorkbenchKeyboard.java:126)</st>
            <st ob="" eb="" sr="" id="6.40">	at org.eclipse.swt.widgets.EventTable.sendEvent(EventTable.java:84)</st>
            <st ob="" eb="" sr="" id="6.41">	at org.eclipse.swt.widgets.Display.filterEvent(Display.java:1190)</st>
            <st ob="" eb="" sr="" id="6.42">	at org.eclipse.swt.widgets.Widget.sendEvent(Widget.java:1002)</st>
            <st ob="" eb="" sr="" id="6.43">	at org.eclipse.swt.widgets.Widget.sendEvent(Widget.java:1027)</st>
            <st ob="" eb="" sr="" id="6.44">	at org.eclipse.swt.widgets.Widget.sendEvent(Widget.java:1012)</st>
            <st ob="" eb="" sr="" id="6.45">	at org.eclipse.swt.widgets.Widget.sendKeyEvent(Widget.java:1040)</st>
            <st ob="" eb="" sr="" id="6.46">	at org.eclipse.swt.widgets.Widget.sendKeyEvent(Widget.java:1036)</st>
            <st ob="" eb="" sr="" id="6.47">	at org.eclipse.swt.widgets.Widget.wmChar(Widget.java:1358)</st>
            <st ob="" eb="" sr="" id="6.48">	at org.eclipse.swt.widgets.Control.WM_CHAR(Control.java:4019)</st>
            <st ob="" eb="" sr="" id="6.49">	at org.eclipse.swt.widgets.Tree.WM_CHAR(Tree.java:5825)</st>
            <st ob="" eb="" sr="" id="6.50">	at org.eclipse.swt.widgets.Control.windowProc(Control.java:3912)</st>
            <st ob="" eb="" sr="" id="6.51">	at org.eclipse.swt.widgets.Tree.windowProc(Tree.java:5821)</st>
            <st ob="" eb="" sr="" id="6.52">	at org.eclipse.swt.widgets.Display.windowProc(Display.java:4597)</st>
            <st ob="" eb="" sr="" id="6.53">	at org.eclipse.swt.internal.win32.OS.DispatchMessageW(Native Method)</st>
            <st ob="" eb="" sr="" id="6.54">	at org.eclipse.swt.internal.win32.OS.DispatchMessage(OS.java:2393)</st>
            <st ob="" eb="" sr="" id="6.55">	at org.eclipse.swt.widgets.Display.readAndDispatch(Display.java:3468)</st>
            <st ob="" eb="" sr="" id="6.56">	at org.eclipse.ui.internal.Workbench.runEventLoop(Workbench.java:2388)</st>
            <st ob="" eb="" sr="" id="6.57">	at org.eclipse.ui.internal.Workbench.runUI(Workbench.java:2352)</st>
            <st ob="" eb="" sr="" id="6.58">	at org.eclipse.ui.internal.Workbench.access$4(Workbench.java:2204)</st>
            <st ob="" eb="" sr="" id="6.59">	at org.eclipse.ui.internal.Workbench$5.run(Workbench.java:499)</st>
            <st ob="" eb="" sr="" id="6.60">	at org.eclipse.core.databinding.observable.Realm.runWithDefault(Realm.java:333)</st>
            <st ob="" eb="" sr="" id="6.61">	at org.eclipse.ui.internal.Workbench.createAndRunWorkbench(Workbench.java:492)</st>
            <st ob="" eb="" sr="" id="6.62">	at org.eclipse.ui.PlatformUI.createAndRunWorkbench(PlatformUI.java:149)</st>
            <st ob="" eb="" sr="" id="6.63">	at org.eclipse.ui.internal.ide.application.IDEApplication.start(IDEApplication.java:113)</st>
            <st ob="" eb="" sr="" id="6.64">	at org.eclipse.equinox.internal.app.EclipseAppHandle.run(EclipseAppHandle.java:194)</st>
            <st ob="" eb="" sr="" id="6.65">	at org.eclipse.core.runtime.internal.adaptor.EclipseAppLauncher.runApplication(EclipseAppLauncher.java:110)</st>
            <st ob="" eb="" sr="" id="6.66">	at org.eclipse.core.runtime.internal.adaptor.EclipseAppLauncher.start(EclipseAppLauncher.java:79)</st>
            <st ob="" eb="" sr="" id="6.67">	at org.eclipse.core.runtime.adaptor.EclipseStarter.run(EclipseStarter.java:368)</st>
            <st ob="" eb="" sr="" id="6.68">	at org.eclipse.core.runtime.adaptor.EclipseStarter.run(EclipseStarter.java:179)</st>
            <st ob="" eb="" sr="" id="6.69">	at sun.reflect.NativeMethodAccessorImpl.invoke0(Native Method)</st>
            <st ob="" eb="" sr="" id="6.70">	at sun.reflect.NativeMethodAccessorImpl.invoke(Unknown Source)</st>
            <st ob="" eb="" sr="" id="6.71">	at sun.reflect.DelegatingMethodAccessorImpl.invoke(Unknown Source)</st>
            <st ob="" eb="" sr="" id="6.72">	at java.lang.reflect.Method.invoke(Unknown Source)</st>
            <st ob="" eb="" sr="" id="6.73">	at org.eclipse.equinox.launcher.Main.invokeFramework(Main.java:556)</st>
            <st ob="" eb="" sr="" id="6.74">	at org.eclipse.equinox.launcher.Main.basicRun(Main.java:511)</st>
            <st ob="" eb="" sr="" id="6.75">	at org.eclipse.equinox.launcher.Main.run(Main.java:1270)</st>
            <st ob="" eb="" sr="" id="6.76">Caused by: java.lang.ArrayIndexOutOfBoundsException: -73</st>
            <st ob="" eb="" sr="" id="6.77">	at org.apache.commons.codec.binary.Base64.isBase64(Base64.java:137)</st>
            <st ob="" eb="" sr="" id="6.78">	at org.apache.commons.codec.binary.Base64.discardNonBase64(Base64.java:478)</st>
            <st ob="" eb="" sr="" id="6.79">	at org.apache.commons.codec.binary.Base64.decodeBase64(Base64.java:374)</st>
            <st ob="" eb="" sr="" id="6.80">	at org.apache.commons.codec.binary.Base64.decode(Base64.java:220)</st>
            <st ob="" eb="" sr="" id="6.81">	at org.eclipse.birt.report.model.metadata.SimpleEncryptionHelper.decrypt(SimpleEncryptionHelper.java:85)</st>
            <st ob="" eb="" sr="" id="6.82">	at org.eclipse.birt.report.model.util.EncryptionUtil.decrypt(EncryptionUtil.java:79)</st>
            <st ob="" eb="" sr="" id="6.83">	at org.eclipse.birt.report.model.api.elements.structures.PropertyBinding.getIntrinsicProperty(PropertyBinding.java:120)</st>
            <st ob="" eb="" sr="" id="6.84">	at org.eclipse.birt.report.model.core.Structure.getLocalProperty(Structure.java:188)</st>
            <st ob="" eb="" sr="" id="6.85">	at org.eclipse.birt.report.model.core.Structure.getProperty(Structure.java:159)</st>
            <st ob="" eb="" sr="" id="6.86">	at org.eclipse.birt.report.model.core.Structure.getProperty(Structure.java:144)</st>
            <st ob="" eb="" sr="" id="6.87">	at org.eclipse.birt.report.model.writer.ModuleWriter.writeStructureList(ModuleWriter.java:1163)</st>
            <st ob="" eb="" sr="" id="6.88">	at org.eclipse.birt.report.model.writer.ModuleWriter.visitModule(ModuleWriter.java:1386)</st>
            <st ob="" eb="" sr="" id="6.89">	at org.eclipse.birt.report.model.elements.ElementVisitor.visitReportDesign(ElementVisitor.java:402)</st>
            <st ob="" eb="" sr="" id="6.90">	at org.eclipse.birt.report.model.writer.DesignWriter.visitReportDesign(DesignWriter.java:74)</st>
            <st ob="" eb="" sr="" id="6.91">	at org.eclipse.birt.report.model.elements.ReportDesign.apply(ReportDesign.java:92)</st>
            <st ob="" eb="" sr="" id="6.92">	at org.eclipse.birt.report.model.writer.ModuleWriter.writeFile(ModuleWriter.java:309)</st>
            <st ob="" eb="" sr="" id="6.93">	at org.eclipse.birt.report.model.writer.ModuleWriter.write(ModuleWriter.java:297)</st>
            <st ob="" eb="" sr="" id="6.94">	at org.eclipse.birt.report.model.api.ModuleHandle.serialize(ModuleHandle.java:1610)</st>
            <st ob="" eb="" sr="" id="6.95">	at org.eclipse.birt.report.designer.internal.ui.ide.adapters.IDEFileReportProvider$2.execute(IDEFileReportProvider.java:330)</st>
            <st ob="" eb="" sr="" id="6.96">	at org.eclipse.birt.report.designer.internal.ui.ide.adapters.IDEFileReportProvider$2$1.run(IDEFileReportProvider.java:297)</st>
            <st ob="" eb="" sr="" id="6.97">	at org.eclipse.core.internal.resources.Workspace.run(Workspace.java:1800)</st>
            <st ob="" eb="" sr="" id="6.98">	at org.eclipse.birt.report.designer.internal.ui.ide.adapters.IDEFileReportProvider$2.run(IDEFileReportProvider.java:310)</st>
            <st ob="" eb="" sr="" id="6.99">	at org.eclipse.ui.actions.WorkspaceModifyDelegatingOperation.execute(WorkspaceModifyDelegatingOperation.java:69)</st>
            <st ob="" eb="" sr="" id="6.100">	at org.eclipse.ui.actions.WorkspaceModifyOperation$1.run(WorkspaceModifyOperation.java:106)</st>
            <st ob="" eb="" sr="" id="6.101">	at org.eclipse.core.internal.resources.Workspace.run(Workspace.java:1800)</st>
            <st ob="" eb="" sr="" id="6.102">	at org.eclipse.ui.actions.WorkspaceModifyOperation.run(WorkspaceModifyOperation.java:118)</st>
            <st ob="" eb="" sr="" id="6.103">	at org.eclipse.birt.report.designer.internal.ui.ide.adapters.WorkspaceOperationRunner.run(WorkspaceOperationRunner.java:71)</st>
            <st ob="" eb="" sr="" id="6.104">	at org.eclipse.birt.report.designer.internal.ui.ide.adapters.WorkspaceOperationRunner.run(WorkspaceOperationRunner.java:63)</st>
            <st ob="" eb="" sr="" id="6.105">	at org.eclipse.birt.report.designer.internal.ui.ide.adapters.IDEFileReportProvider.saveFile(IDEFileReportProvider.java:364)</st>
            <st ob="" eb="" sr="" id="6.106">	... 68 more</st>
        </parg>
    </desc>
</bug>
