<?xml version="1.0" encoding="UTF-8" standalone="yes"?>
<bug no-bug="" comments="">
    <id>268264</id>
    <title ob="X" eb="" sr="" patterns="S_OB_NEG_AUX_VERB">[Regression] Can not view rptdocument.</title>
    <desc>
        <parg ob="" eb="" sr="" id="1">
            <st ob="" eb="" sr="" id="1.1">Created attachment 128499
screenshot</st>
        </parg>
        <parg ob="X" eb="" sr="" patterns="P_OB_DESCRIPTION" id="2">
            <st ob="" eb="" sr="" id="2.1">description:
Can not view rptdocument.</st>
        </parg>
        <parg ob="" eb="" sr="" id="3">
            <st ob="" eb="" sr="" id="3.1">build id:</st>
            <st ob="" eb="" sr="" id="3.2">2 5.0 v20090312-0630</st>
        </parg>
        <parg ob="" eb="" sr="X" patterns="P_SR_LABELED_LIST" id="4">
            <st ob="" eb="" sr="" id="4.1">steps to reproduce:</st>
            <st ob="" eb="" sr="" id="4.2">1 Copy a rptdocument to current project.</st>
            <st ob="" eb="" sr="" id="4.3">2 Right click the rptdocument.</st>
        </parg>
        <parg ob="X" eb="" sr="" patterns="P_OB_OBSERVED_BEHAVIOR_MULTI" id="5">
            <st ob="" eb="" sr="" id="5.1">Actual result:</st>
            <st ob="" eb="" sr="" id="5.2">1 Exception in error log.See attached screenshot.</st>
            <st ob="" eb="" sr="" id="5.3">2 The menu item Report-&gt;View Document is missing.</st>
        </parg>
    </desc>
</bug>
