<?xml version="1.0" encoding="UTF-8" standalone="yes"?>
<bug no-bug="" comments="">
    <id>269970</id>
    <title ob="x" eb="" sr="" patterns="S_OB_PROBLEM_IN">Failure in wikitext ui doc build</title>
    <desc>
        <parg ob="" eb="" sr="" id="1">
            <st ob="x" eb="" sr="" patterns="S_OB_NEG_VERB" id="1.1">Building of the docs fails with:</st>
            <st ob="" eb="" sr="" id="1.2"> plugin-docs:</st>
            <st ob="" eb="" sr="" id="1.3">   [subant] Failure for target 'pre.build.jars' of: /home/akurtakov/work/fedora/eclipse-mylyn/devel/org.eclipse.mylyn/build/plugins/org.eclipse.mylyn.wikitext.ui/customBuildCallbacks.xml</st>
            <st ob="" eb="" sr="" id="1.4">   [subant] The following error occurred while executing this line:</st>
            <st ob="" eb="" sr="" id="1.5">   [subant] /home/akurtakov/work/fedora/eclipse-mylyn/devel/org.eclipse.mylyn/build/plugins/org.eclipse.mylyn.wikitext.ui/customBuildCallbacks.xml:31: The following error occurred while executing this line:</st>
            <st ob="" eb="" sr="" id="1.6">   [subant] /home/akurtakov/work/fedora/eclipse-mylyn/devel/org.eclipse.mylyn/build/plugins/org.eclipse.mylyn.wikitext.ui/build-helper.xml:43: No parser available for markup language 'org.eclipse.mylyn.wikitext.textile.core.TextileLanguage'. There are no markup language parsers available on the current classpath.  Did you forget to add a jar file?</st>
            <st ob="" eb="" sr="" id="1.7">   I'm fixing it locally by making o.e.mylyn.wikitext.ui depend on o.e.mylyn.wikitext.textile.core, because there is no way to get the documentation fully builded without textile.core builded first.</st>
        </parg>
    </desc>
</bug>
