<?xml version="1.0" encoding="UTF-8" standalone="yes"?>
<bug no-bug="" comments="">
    <id>270417</id>
    <title ob="x" eb="" sr="" patterns="S_OB_NEG_AUX_VERB">The chart script don't delete</title>
    <desc>
        <parg ob="" eb="" sr="x" patterns="P_SR_ACTIONS_INF" id="1">
            <st ob="" eb="" sr="" id="1.1">1:New a report,
2:Add a chart in the body.</st>
            <st ob="" eb="" sr="" id="1.2">3:Select the chart, and switch to the script editor.</st>
            <st ob="" eb="" sr="" id="1.3">4:Type "abc" , then save the report design.</st>
            <st ob="" eb="" sr="" id="1.4">5:Watch the outline view, the script node of the chart show.</st>
            <st ob="" eb="" sr="" id="1.5">6:Delete the "abc", then save the report design.</st>
        </parg>
        <parg ob="x" eb="x" sr="" id="2">
            <st ob="x" eb="x" sr="" patterns="S_OB_BUT,S_EB_SHOULD" id="2.1">The node should disappear in the outline view,but the node show.</st>
        </parg>
    </desc>
</bug>
