<?xml version="1.0" encoding="UTF-8" standalone="yes"?>
<bug no-bug="" comments="">
    <id>270798</id>
    <title ob="x" eb="" sr="" patterns="S_OB_NEG_VERB">URIUtil.fromString prohibits valid URI strings with escaped characters</title>
    <desc>
        <parg ob="" eb="" sr="" id="1">
            <st ob="" eb="" sr="" id="1.1">Created attachment 130567
proposed patch</st>
        </parg>
        <parg ob="" eb="" sr="" id="2">
            <st ob="" eb="" sr="" id="2.1">Build ID: I20090325-1135</st>
        </parg>
        <parg ob="" eb="" sr="" id="3">
            <st ob="" eb="" sr="" id="3.1">The method URIUtil.fromString(String) seems to be intended for conversion from string to URI in a user-friendly and backward-compatible way.</st>
            <st ob="x" eb="" sr="" patterns="S_OB_DUE_NEG" id="3.2">Due to the mercyful implementation of the URL class there are many URL strings out there that will simply not be accepted by the URI single-argument constructor.</st>
            <st ob="" eb="" sr="" id="3.3">Therefore it is clear that we need a way to convert these legacy URL strings to URI instances.</st>
        </parg>
        <parg ob="" eb="" sr="" id="4">
            <st ob="x" eb="" sr="" patterns="S_OB_UNFORTUNATELY,S_OB_KEEP_VERB" id="4.1">Unfortunately the current implementation forces us to keep using the old unescaped URLs, and does not allow all valid (="encoded"/"escaped") URIs.</st>
            <st ob="" eb="" sr="" id="4.2">If a URI string with an escape sequence (see example below) is passed in as argument to URIUtil.fromString, the escape character ('%') is escaped again.</st>
        </parg>
        <parg ob="" eb="" sr="" id="5">
            <st ob="" eb="" sr="" id="5.1">I propose to change the implementation so that it correctly converts both legacy URLs as well as valid URIs with escape sequences.</st>
            <st ob="" eb="" sr="" id="5.2">With this proposal, the transition path towards valid ("escaped") URI strings is open, without breaking existing code.</st>
        </parg>
        <parg ob="" eb="" sr="" id="6">
            <st ob="" eb="" sr="" id="6.1">The implementation of the proposal is very simple (see attached patch): if the string argument of URIUtil.fromString contains a percent character, assume that the string is an "escaped" URI string and pass it to the single-argument constructor URI(String).</st>
            <st ob="" eb="" sr="" id="6.2">Otherwise do what is done by the current implementation, i.e. escape invalid characters and attempt to construct a URI from that.</st>
        </parg>
        <parg ob="" eb="" sr="" id="7">
            <st ob="" eb="" sr="" id="7.1">Even though this patch changes the behavior of the method, I would not consider this to be breaking the API:</st>
            <st ob="" eb="" sr="" id="7.2">1 According to the documentation of the current implementation, the string parameter must not contain the percent character ('%').</st>
            <st ob="" eb="" sr="" id="7.3">The new implementation is less strict on that parameter.</st>
            <st ob="" eb="" sr="" id="7.4">2 It is very unlikely that existing code relies on the old behavior that literal percent characters in the string argument are replaced by %25.</st>
            <st ob="" eb="" sr="" id="7.5">In an environment where unescaped and escaped URLs are mixed, the percent character is usually used as an indicator for escaped URLs, and hence literal '%' is disallowed or just does not work.</st>
            <st ob="" eb="" sr="" id="7.6">This was for example the case in the old update manager (see org.eclipse.update.internal.core.URLEncoder).</st>
        </parg>
        <parg ob="" eb="" sr="x" id="8">
            <st ob="" eb="" sr="x" patterns="S_SR_CODE_REF" id="8.1">Code snippet to reproduce</st>
        </parg>
        <parg ob="" eb="" sr="" id="9">
            <st ob="" eb="" sr="" id="9.1">import java.net.URI;
import org.eclipse.core.runtime.URIUtil;
import org.junit.Test;</st>
        </parg>
        <parg ob="" eb="" sr="" id="10">
            <st ob="" eb="" sr="" id="10.1">public class URITest {
	@Test
	public void test() throws Exception {
		URI original = new URI("http","host","/my path/",null);
		System.out.println("original: "+original);
		URI parsed = URIUtil.fromString(original.toString());
		System.out.println("parsed:   "+parsed);
	}
}</st>
        </parg>
        <parg ob="x" eb="" sr="" id="11">
            <st ob="x" eb="" sr="" patterns="S_OB_OUTPUT" id="11.1">The output is
original: http://host/my%20path/
parsed:   http://host/my%2520path/</st>
        </parg>
        <parg ob="" eb="x" sr="" id="12">
            <st ob="" eb="x" sr="" patterns="S_EB_SHOULD" id="12.1">but it should be
original: http://host/my%20path/
parsed:   http://host/my%20path/</st>
        </parg>
    </desc>
</bug>
