<?xml version="1.0" encoding="UTF-8" standalone="yes"?>
<bug no-bug="" comments="">
    <id>272692</id>
    <title ob="" eb="x" sr="" patterns="S_EB_IMPERATIVE">[DB] Define primary key constraint for cdo_id in cdo_objects table</title>
    <desc>
        <parg ob="" eb="" sr="" id="1">
            <st ob="x" eb="" sr="" patterns="S_OB_BEING,S_OB_UNFORTUNATELY" id="1.1">For some reason, duplicated CDOID objects are being committed.</st>
            <st ob="" eb="" sr="" id="1.2">We can control this by adding a primary key to this table.</st>
        </parg>
    </desc>
</bug>
