<?xml version="1.0" encoding="UTF-8" standalone="yes"?>
<bug no-bug="" comments="">
    <id>278951</id>
    <title ob="x" eb="" sr="" patterns="S_OB_NEG_VERB">OneLineBorder ignores color</title>
    <desc>
        <parg ob="" eb="" sr="" id="1">
            <st ob="" eb="" sr="" id="1.1">Build ID: I20090522-1710</st>
        </parg>
        <parg ob="" eb="" sr="x" patterns="P_SR_LABELED_PARAGRAPH" id="2">
            <st ob="" eb="" sr="" id="2.1">Steps To Reproduce:</st>
            <st ob="" eb="" sr="" id="2.2">Use org.eclipse.gmf.runtime.draw2d.ui.figures and set color</st>
        </parg>
        <parg ob="" eb="x" sr="" id="3">
            <st ob="" eb="x" sr="" patterns="S_EB_SHOULD" id="3.1">More information:
getColor() should be called in paint, as it is done in super-class org.eclipse.draw2d.LineBorder.</st>
        </parg>
    </desc>
</bug>
