<?xml version="1.0" encoding="UTF-8" standalone="yes"?>
<bug no-bug="" comments="">
    <id>283431</id>
    <title ob="" eb="" sr="" patterns="">Incorrect syntax error detected</title>
    <desc>
        <parg ob="" eb="" sr="" id="1">
            <st ob="" eb="" sr="" patterns="" id="1.1">Created attachment 141531
Complete script with error detected on line 979</st>
        </parg>
        <parg ob="" eb="" sr="" id="2">
            <st ob="" eb="" sr="" id="2.1">Build ID: 20090619-0625</st>
        </parg>
        <parg ob="" eb="" sr="x" patterns="P_SR_LABELED_PARAGRAPH" id="3">
            <st ob="" eb="" sr="" id="3.1">Steps To Reproduce:</st>
            <st ob="" eb="" sr="" id="3.2">&lt;?php</st>
            <st ob="" eb="" sr="" id="3.3">class Presenter {
	public static $defaultAction = 'default';
}</st>
            <st ob="" eb="" sr="" id="3.4">$presenterClass = 'foo';
$presenterClass::$defaultAction; // in PHP 5.3 Eclipse recognize this line as a syntax error</st>
        </parg>
        <parg ob="" eb="" sr="" id="4">
            <st ob="" eb="" sr="" id="4.1">More information:</st>
        </parg>
    </desc>
</bug>
