<?xml version="1.0" encoding="UTF-8" standalone="yes"?>
<bug no-bug="" comments="">
    <id>286568</id>
    <title ob="x" eb="" sr="" patterns="S_OB_NEG_ADV_ADJ,S_OB_WITHOUT">@MappedSuperclass is broken without @DiscriminatorValue</title>
    <desc>
        <parg ob="x" eb="" sr="x" id="1">
            <st ob="x" eb="" sr="x" patterns="S_OB_NEG_COND,S_OB_VERB_ERROR,S_SR_COND_OBS" id="1.1">I get a can't instantiate class exception when I run the query "select o from Site o" when I have the following</st>
        </parg>
        <parg ob="" eb="" sr="" id="2">
            <st ob="" eb="" sr="" id="2.1">@MappedSuperclass
public abstract class Site extends {
  @SequenceGenerator(name = "SITE_PK", sequenceName = "SEQ_SITE_ID")
  @Id
  @GeneratedValue(generator = "SITE_PK", strategy = GenerationType.SEQUENCE)
  @Column(name = "SITE_ID", nullable = false)
  private Long siteId;
}</st>
        </parg>
        <parg ob="" eb="" sr="" id="3">
            <st ob="" eb="" sr="" id="3.1">@Entity
//@DiscriminatorValue("1")
@Table(name = "SITE")
public class SiteBean extends Site {
...
}</st>
        </parg>
        <parg ob="" eb="" sr="" id="4">
            <st ob="" eb="" sr="" id="4.1">If I enable @DiscriminatorValue("1") in SiteBean, it all works fine.</st>
        </parg>
    </desc>
</bug>
