<?xml version="1.0" encoding="UTF-8" standalone="yes"?>
<bug no-bug="" comments="">
    <id>288017</id>
    <title ob="x" eb="" sr="" patterns="S_OB_PROBLEM_IN">Duplicate implementation of function in generated source file</title>
    <desc>
        <parg ob="x" eb="" sr="" id="1">
            <st ob="x" eb="" sr="" patterns="S_OB_COND_NEG" id="1.1">When I try to build my test program, I'm getting a compile error from the generated source file.</st>
        </parg>
        <parg ob="" eb="" sr="" id="2">
            <st ob="" eb="" sr="" id="2.1">[a0323840] messageQ&gt; xdc -ra all,64P</st>
            <st ob="" eb="" sr="" id="2.2">making package.mak (because of package.bld) ...</st>
            <st ob="" eb="" sr="" id="2.3">generating interfaces for package ti.sdo.syslink.samples.rtos.messageQ (because</st>
            <st ob="" eb="" sr="" id="2.4">package/package.xdc.inc is older than package.xdc) ...</st>
            <st ob="" eb="" sr="" id="2.5">configuring evm3530_dsp/debug/messageQ_dsp.x64P from package/cfg/evm3530_dsp/deb</st>
            <st ob="" eb="" sr="" id="2.6">ug/messageQ_dsp_x64P.cfg ...</st>
            <st ob="" eb="" sr="" id="2.7">cl64P package/cfg/evm3530_dsp/debug/messageQ_dsp_x64P.c ...</st>
            <st ob="" eb="" sr="" id="2.8">"package/cfg/evm3530_dsp/debug/messageQ_dsp_x64P.c", line 25011: warning: functi</st>
            <st ob="" eb="" sr="" id="2.9">on declared implicitly</st>
            <st ob="" eb="" sr="" id="2.10">"package/cfg/evm3530_dsp/debug/messageQ_dsp_x64P.c", line 25017: warning: functi</st>
            <st ob="" eb="" sr="" id="2.11">on declared implicitly</st>
            <st ob="" eb="" sr="" id="2.12">"package/cfg/evm3530_dsp/debug/messageQ_dsp_x64P.c", line 25023: warning: functi</st>
            <st ob="" eb="" sr="" id="2.13">on declared implicitly</st>
            <st ob="" eb="" sr="" id="2.14">"package/cfg/evm3530_dsp/debug/messageQ_dsp_x64P.c", line 25093: error: function</st>
            <st ob="" eb="" sr="" id="2.15"> "ti_sysbios_hal_Hwi_getHookContext__E" has already been defined</st>
            <st ob="" eb="" sr="" id="2.16">"package/cfg/evm3530_dsp/debug/messageQ_dsp_x64P.c", line 25099: error: function</st>
            <st ob="" eb="" sr="" id="2.17"> "ti_sysbios_hal_Hwi_setHookContext__E" has already been defined</st>
            <st ob="" eb="" sr="" id="2.18">2 errors detected in the compilation of "package/cfg/evm3530_dsp/debug/messageQ_</st>
            <st ob="" eb="" sr="" id="2.19">dsp_x64P.c".</st>
        </parg>
        <parg ob="x" eb="" sr="" id="3">
            <st ob="x" eb="" sr="" patterns="S_OB_UNFORTUNATELY,S_OB_NEG_ADV_ADJ" id="3.1">For some reason, the function ti_sysbios_hal_Hwi_getHookContext__E is being implemented twice in the generated source file.</st>
        </parg>
        <parg ob="" eb="" sr="" id="4">
            <st ob="" eb="" sr="" id="4.1">I tracked down the following dependencies.</st>
            <st ob="" eb="" sr="" id="4.2">When building the test program, I'm using xdctools 3.15.03.67.</st>
            <st ob="" eb="" sr="" id="4.3">The package ti.sdo.ipc.notifyDrivers was built using xdctools 3.15.01.59.</st>
            <st ob="" eb="" sr="" id="4.4">I then rebuilt this package with the newer xdctools.</st>
            <st ob="" eb="" sr="" id="4.5">Once I did that, I was able to rebuild the test program without errors.</st>
        </parg>
        <parg ob="" eb="" sr="" id="5">
            <st ob="" eb="" sr="" id="5.1">I guess this means that xdctools 3.15.03.67 is *not* compatible with xdctools 3.15.01.59.</st>
            <st ob="" eb="x" sr="" patterns="S_EB_SHOULD" id="5.2">It is my understanding that all xdctools 3.15.xx.xx releases should be compatible.</st>
        </parg>
    </desc>
</bug>
