<?xml version="1.0" encoding="UTF-8" standalone="yes"?>
<bug no-bug="" comments="">
    <id>289198</id>
    <title ob="x" eb="" sr="" patterns="S_OB_ERROR_COND">Exception when removing/reading resource with same path</title>
    <desc>
        <parg ob="x" eb="" sr="x" id="1">
            <st ob="x" eb="" sr="x" patterns="S_OB_NEG_COND,S_OB_VERB_ERROR,S_SR_COND_OBS" id="1.1">I get an exception when removing a resource and then adding a new with the same path:</st>
        </parg>
        <parg ob="" eb="" sr="" id="2">
            <st ob="" eb="" sr="" id="2.1">CDOResource cdoResource = transaction.getOrCreateResource("/model1");
    transaction.commit();
    cdoResource.getContents().</st>
            <st ob="" eb="" sr="" id="2.2">clear();
    transaction.getResourceSet().</st>
            <st ob="" eb="" sr="" id="2.3">getResources().</st>
            <st ob="" eb="" sr="" id="2.4">remove(cdoResource);
    transaction.commit();
    CDOResourceNode resourceNode = transaction.getResourceNode("/model1");
    CDOResource resource = transaction.getResource("/model1");</st>
        </parg>
        <parg ob="" eb="" sr="" id="3">
            <st ob="" eb="" sr="" id="3.1">    Stack trace:</st>
            <st ob="" eb="" sr="" id="3.2">    Exception in thread "main" org.eclipse.emf.ecore.resource.impl.ResourceSetImpl$1DiagnosticWrappedException: org.eclipse.emf.cdo.util.InvalidURIException: Invalid URI "cdo://c3ca260d-b348-4a67-b99e-df64f6ef421f/model1": java.lang.IllegalStateException: Duplicate ID: CDOResource@OID4</st>
            <st ob="" eb="" sr="" id="3.3">	at org.eclipse.emf.ecore.resource.impl.ResourceSetImpl.handleDemandLoadException(ResourceSetImpl.java:315)</st>
            <st ob="" eb="" sr="" id="3.4">	at org.eclipse.emf.ecore.resource.impl.ResourceSetImpl.demandLoadHelper(ResourceSetImpl.java:274)</st>
            <st ob="" eb="" sr="" id="3.5">	at org.eclipse.emf.ecore.resource.impl.ResourceSetImpl.getResource(ResourceSetImpl.java:397)</st>
            <st ob="" eb="" sr="" id="3.6">	at org.eclipse.emf.internal.cdo.view.CDOViewImpl.getResource(CDOViewImpl.java:632)</st>
            <st ob="" eb="" sr="" id="3.7">	at org.eclipse.emf.internal.cdo.view.CDOViewImpl.getResource(CDOViewImpl.java:622)</st>
            <st ob="" eb="" sr="" id="3.8">	at com.comsol.model.util.ModelUtil.create(ModelUtil.java:48)</st>
            <st ob="" eb="" sr="" id="3.9">	at Main.main(Main.java:25)</st>
            <st ob="" eb="" sr="" id="3.10">Caused by: org.eclipse.emf.cdo.util.InvalidURIException: Invalid URI "cdo://c3ca260d-b348-4a67-b99e-df64f6ef421f/model1": java.lang.IllegalStateException: Duplicate ID: CDOResource@OID4</st>
            <st ob="" eb="" sr="" id="3.11">	at org.eclipse.emf.internal.cdo.view.CDOViewImpl.registerProxyResource(CDOViewImpl.java:1059)</st>
            <st ob="" eb="" sr="" id="3.12">	at org.eclipse.emf.cdo.eresource.impl.CDOResourceImpl.load(CDOResourceImpl.java:605)</st>
            <st ob="" eb="" sr="" id="3.13">	at org.eclipse.emf.ecore.resource.impl.ResourceSetImpl.demandLoad(ResourceSetImpl.java:255)</st>
            <st ob="" eb="" sr="" id="3.14">	at org.eclipse.emf.ecore.resource.impl.ResourceSetImpl.demandLoadHelper(ResourceSetImpl.java:270)</st>
            <st ob="" eb="" sr="" id="3.15">	... 5 more</st>
        </parg>
    </desc>
</bug>
