<?xml version="1.0" encoding="UTF-8" standalone="yes"?>
<bug no-bug="" comments="">
    <id>294864</id>
    <title ob="x" eb="" sr="" patterns="S_EB_IMPERATIVE">[Full Indexer] Remove full indexer</title>
    <desc>
        <parg ob="" eb="" sr="" id="1">
            <st ob="x" eb="" sr="" patterns="S_OB_NO_LONGER" id="1.1">The full indexer no longer provides an advantage over the fast indexer.</st>
            <st ob="x" eb="" sr="" patterns="S_OB_COMP_ADJ" id="1.2">It is much slower.</st>
            <st ob="" eb="" sr="" id="1.3">I suggest to remove it.</st>
            <st ob="" eb="x" sr="" patterns="S_EB_SHOULD" id="1.4">In the UI the user should have the choice to enable or disable indexing rather than selecting from the list: 
fast / full / null</st>
        </parg>
        <parg ob="" eb="" sr="" id="2">
            <st ob="" eb="" sr="" id="2.1">Are there other opinions?</st>
        </parg>
    </desc>
</bug>
