<?xml version="1.0" encoding="UTF-8" standalone="yes"?>
<bug no-bug="" comments="">
    <id>294983</id>
    <title ob="" eb="x" sr="" patterns="S_EB_IMPERATIVE">Tell users that something is happening when queries take a long time</title>
    <desc>
        <parg ob="" eb="" sr="" id="1">
            <st ob="" eb="" sr="" id="1.1">http://dash.eclipse.org/dash/commits/web-app/summary.cgi</st>
        </parg>
        <parg ob="" eb="" sr="x" patterns="P_SR_COND_SEQUENCE" id="2">
            <st ob="x" eb="" sr="" patterns="S_OB_COND_POS" id="2.1">If I click any of the projects, it may take several seconds for the query to run.</st>
            <st ob="x" eb="" sr="" patterns="S_OB_COMP_ADJ" id="2.2">If the database server is busy, it can take even longer.</st>
            <st ob="x" eb="" sr="" patterns="S_OB_COMP_ADJ" id="2.3">During this time, I click on another project, which launches another query, which makes everything take even longer.</st>
        </parg>
        <parg ob="" eb="" sr="" id="3">
            <st ob="" eb="x" sr="" patterns="S_EB_WOULD_BE" id="3.1">It would be great if all the links on the page could be disabled (to prevent multiple queried bogging the DB) and a message saying 'please wait' could be shown.</st>
            <st ob="" eb="" sr="" id="3.2">Some kind of modal lightbox would also do the trick.</st>
        </parg>
    </desc>
</bug>
