<?xml version="1.0" encoding="UTF-8" standalone="yes"?>
<bug no-bug="" comments="">
    <id>295138</id>
    <title ob="" eb="x" sr="" patterns="S_EB_IMPERATIVE">Make Targets not automatically filled in for new Autotools project</title>
    <desc>
        <parg ob="" eb="" sr="" id="1">
            <st ob="x" eb="" sr="x" patterns="S_OB_VERB_NO,S_SR_MENU_NAV" id="1.1">Creating a new C++ Hello world project and clicking on Project -&gt; Make Targets -&gt; build shows nothing in the list.</st>
            <st ob="" eb="x" sr="" patterns="S_EB_SHOULD" id="1.2">This should contain the targets found in the top-level Makefile.</st>
        </parg>
    </desc>
</bug>
