<?xml version="1.0" encoding="UTF-8" standalone="yes"?>
<bug no-bug="" comments="">
    <id>298837</id>
    <title ob="x" eb="" sr="" patterns="S_OB_NEG_VERB">Thread profiling w/ contention analysis hangs with empty filter</title>
    <desc>
        <parg ob="" eb="" sr="" id="1">
            <st ob="" eb="" sr="" id="1.1">This is a follow up of bug 296619.</st>
            <st ob="" eb="" sr="" id="1.2">To reproduce the problem, please refer how to reproduce bug 296619 with an empty filter.</st>
            <st ob="x" eb="" sr="" patterns="S_OB_BUT_NEG,S_OB_STILL" id="1.3">Verify error problem in bug 296619 is fixed, but thread profiling still hangs.</st>
        </parg>
    </desc>
</bug>
