<?xml version="1.0" encoding="UTF-8" standalone="yes"?>
<bug no-bug="" comments="">
    <id>298926</id>
    <title ob="x" eb="" sr="" patterns="S_OB_NEG_AUX_VERB">[jar exporter] JAR exported into not yet existing project directory does not appear in Package Explorer</title>
    <desc>
        <parg ob="" eb="" sr="" id="1">
            <st ob="" eb="" sr="" id="1.1">R2.1 and still present.</st>
        </parg>
        <parg ob="x" eb="" sr="" id="2">
            <st ob="x" eb="" sr="" patterns="S_OB_NEG_AUX_VERB,S_OB_NEG_AFTER" id="2.1">A JAR which gets exported into a not yet existing project directory does not appear in Package Explorer after export.</st>
        </parg>
    </desc>
</bug>
