<?xml version="1.0" encoding="UTF-8" standalone="yes"?>
<bug no-bug="" comments="">
    <id>299011</id>
    <title ob="" eb="" sr="">Slow Performance</title>
    <desc>
        <parg ob="" eb="" sr="" id="1">
            <st ob="" eb="" sr="" id="1.1">I'm a Java Developer which had been using FOP at my previous time, when i see BIRT, i was so happy cause it allow support of so many output format but the performance it had is not relevant.</st>
            <st ob="x" eb="" sr="" patterns="S_OB_BUT_NEG,S_OB_COND_NEG,S_OB_ONLY" id="1.2">when i use FOP to generate my report it took 3 second but in birt it took 45 seconds that alot of difference 45 seconds exclude birt engine start up and the report already optimize in layout to avoid slowness only needed field are bind over the xml to the data binding and tables</st>
        </parg>
        <parg ob="" eb="" sr="" id="2">
            <st ob="" eb="" sr="" id="2.1">Can i know why or is there any way to fine-tune it.</st>
        </parg>
    </desc>
</bug>
