<?xml version="1.0" encoding="UTF-8" standalone="yes"?>
<bug no-bug="" comments="">
    <id>302185</id>
    <title ob="x" eb="" sr="" patterns="S_OB_NOUN_NOT">Domain class not found when creating JAXBContext</title>
    <desc>
        <parg ob="" eb="" sr="x" id="1">
            <st ob="x" eb="" sr="x" patterns="S_OB_COND_NEG,S_SR_COND_OBS" id="1.1">It is possible when creating a JAXBContext on an array of Class or TypeMappingInfo, that a class reachable through reflection could not found.</st>
            <st ob="x" eb="" sr="x" patterns="S_OB_POS_COND,S_OB_NEG_AUX_VERB,S_OB_HAPPENS" id="1.2">This occurs when the reachable class cannot not be found by the class loader assigned to the JAXBContext.</st>
        </parg>
    </desc>
</bug>
