<?xml version="1.0" encoding="UTF-8" standalone="yes"?>
<bug no-bug="" comments="">
    <id>303039</id>
    <title ob="" eb="x" sr="" patterns="S_EB_SHOULD">MergeDiffTab should not expand whole tree but only those elements related to selected differences.</title>
    <desc>
        <parg ob="" eb="" sr="" id="1">
            <st ob="" eb="" sr="" id="1.1">Build Identifier: M20090917-0800</st>
        </parg>
        <parg ob="" eb="" sr="" id="2">
            <st ob="x" eb="" sr="" patterns="S_OB_ADV_FREQ,S_OB_ADV_TIME_POS" id="2.1">Up to now, MergeDiffTab always expands the whole content tree.</st>
            <st ob="" eb="" sr="" id="2.2">This does not scale well with large models.</st>
        </parg>
        <parg ob="" eb="" sr="" id="3">
            <st ob="" eb="" sr="" id="3.1">Reproducible: Always</st>
        </parg>
    </desc>
</bug>
