<?xml version="1.0" encoding="UTF-8" standalone="yes"?>
<bug no-bug="" comments="">
    <id>306006</id>
    <title ob="x" eb="" sr="" patterns="S_OB_NEG_AUX_VERB">SWT: Readonly Combo don't receive focus correctly.</title>
    <desc>
        <parg ob="" eb="" sr="" id="1">
            <st ob="" eb="" sr="" id="1.1">Build Identifier: 20100218-1602</st>
        </parg>
        <parg ob="" eb="" sr="" id="2">
            <st ob="x" eb="" sr="" patterns="S_OB_NEG_AUX_VERB" id="2.1">The combo control does not receive the focus if editing support is disable but the control is enabled.</st>
            <st ob="" eb="x" sr="" patterns="S_EB_EXPECTED" id="2.2">99.1% of the users expecting the focus on the control itself and not the handle button.</st>
            <st ob="" eb="x" sr="" patterns="S_EB_EXPECTED" id="2.3">The users expecting to press key UP/DOWN or Alt+DOWN to select an item.</st>
            <st ob="x" eb="" sr="x" patterns="S_OB_NEG_VERB,S_SR_CODE_REF" id="2.4">The code below breaks the standard usability.</st>
            <st ob="" eb="" sr="" id="2.5">If the
GTK 2.4+ installed.</st>
        </parg>
        <parg ob="" eb="" sr="" id="3">
            <st ob="" eb="" sr="" id="3.1">--&gt;&gt; org.eclipse.swt.widgets.combo.class</st>
            <st ob="" eb="" sr="" id="3.2">--&gt;&gt; ~ Line 651</st>
        </parg>
        <parg ob="" eb="" sr="" id="4">
            <st ob="" eb="" sr="" id="4.1">int /*long*/ focusHandle () {
	if (OS.GTK_VERSION &gt;= OS.VERSION (2, 4, 0)) {
		if ((style &amp; SWT.READ_ONLY) !</st>
            <st ob="" eb="" sr="" id="4.2">= 0 &amp;&amp; buttonHandle !</st>
            <st ob="" eb="" sr="" id="4.3">= 0) return buttonHandle;
	}
	if (entryHandle !</st>
            <st ob="" eb="" sr="" id="4.4">= 0) return entryHandle;
	return super.focusHandle ();
}</st>
        </parg>
        <parg ob="" eb="" sr="" id="5">
            <st ob="" eb="" sr="" id="5.1">Reproducible: Always</st>
        </parg>
        <parg ob="" eb="" sr="" patterns="" id="6">
            <st ob="" eb="" sr="" id="6.1">Steps to Reproduce:</st>
            <st ob="" eb="" sr="" id="6.2">see description above</st>
        </parg>
    </desc>
</bug>
