<?xml version="1.0" encoding="UTF-8" standalone="yes"?>
<bug no-bug="" comments="">
    <id>306824</id>
    <title ob="x" eb="" sr="" patterns="S_OB_NEG_AUX_VERB">Builders returning null scheduling rule can't work safely with other builders overriding #getRule()</title>
    <desc>
        <parg ob="x" eb="" sr="" id="1">
            <st ob="x" eb="" sr="" patterns="S_OB_SEEMS_TO_BE,S_OB_VERB_NO" id="1.1">+++ This bug was initially created as a clone of Bug #305858 +++
&gt; Apart from the NPE there seems to be no good reason why null should not be 
&gt; allowed.</st>
        </parg>
        <parg ob="" eb="" sr="" id="2">
            <st ob="x" eb="" sr="" patterns="S_OB_VERB_ERROR" id="2.1">There's a problem with relaxing scheduling rules, and allowing some builders to return null.</st>
            <st ob="" eb="" sr="" id="2.2">If the project contains a combination of builders:</st>
            <st ob="" eb="" sr="" id="2.3">(1) at least one returns null (and expects to modify resources)</st>
            <st ob="" eb="" sr="" id="2.4">(2) at least one specified a scheduling rule</st>
            <st ob="x" eb="" sr="" patterns="S_OB_NEG_VERB,S_OB_NEG_AUX_VERB" id="2.5">The build will fail, as the build MultiRule representing (2) doesn't contain the resources which will be modified by the builder (1).</st>
        </parg>
        <parg ob="" eb="" sr="" id="3">
            <st ob="x" eb="" sr="" patterns="S_OB_PROBLEM_IS" id="3.1">The problem with the API is that builders (1) &amp; (2) don't know anything about each other.</st>
            <st ob="" eb="" sr="" id="3.2">Builder (1) is using the API to be as flexible as possible -- don't lock anything -- and Builder (2) wants some subset of the tree to be locked.</st>
            <st ob="x" eb="" sr="" patterns="S_OB_NEG_AUX_VERB" id="3.3">The MultiRule generated isn't compatible with builder (1).</st>
        </parg>
        <parg ob="" eb="" sr="" id="4">
            <st ob="x" eb="" sr="" patterns="S_OB_ERROR_AS_SUBJECT,S_OB_HAPPENS" id="4.1">Problems occurred building the selected resources.</st>
            <st ob="" eb="" sr="" id="4.2">Errors running builder 'CDT Builder' on project 'SrpDownlink'.</st>
            <st ob="" eb="" sr="" id="4.3">Attempted to beginRule: P/p1, does not match outer scope rule: MultiRule[F/p1/Debug]
    Attempted to beginRule: P/p1, does not match outer scope rule: MultiRule[F/p1/Debug]
  Attempted to beginRule: P/p1, does not match outer scope rule: MultiRule[F/p1/Debug]
  Attempted to beginRule: P/p1, does not match outer scope rule: MultiRule[F/p1/Debug]
  Errors running builder 'Scanner Configuration Builder' on project 'SrpDownlink'.</st>
            <st ob="" eb="" sr="" id="4.4">Attempted to beginRule: R/, does not match outer scope rule: MultiRule[F/p1/Debug]</st>
        </parg>
    </desc>
</bug>
