<?xml version="1.0" encoding="UTF-8" standalone="yes"?>
<bug no-bug="" comments="">
    <id>313147</id>
    <title ob="" eb="" sr="">Change examples from old-style plugins to real OSGi bundles in 3.7</title>
    <desc>
        <parg ob="" eb="" sr="" id="1">
            <st ob="" eb="X" sr="" patterns="S_EB_SHOULD" id="1.1">Some example bundles should be re-versioned to get source reference headers generated.</st>
            <st ob="X" eb="" sr="" patterns="S_OB_WITHOUT" id="1.2">In 3.6 RC1, I see the following bundles without headers:</st>
        </parg>
        <parg ob="" eb="" sr="" id="2">
            <st ob="" eb="" sr="" id="2.1">org.eclipse.compare.examples.xml
org.eclipse.compare.examples
org.eclipse.sdk.examples
org.eclipse.team.examples.filesystem
org.eclipse.ui.examples.fieldassist
org.eclipse.ui.examples.javaeditor
org.eclipse.ui.examples.views.properties.tabbed.article</st>
        </parg>
    </desc>
</bug>
