<?xml version="1.0" encoding="UTF-8" standalone="yes"?>
<bug no-bug="" comments="">
    <id>316459</id>
    <title ob="x" eb="" sr="" patterns="S_OB_NEG_ADV_ADJ">Project plan is out-of date</title>
    <desc>
        <parg ob="x" eb="" sr="" id="1">
            <st ob="x" eb="" sr="" patterns="S_OB_VERB_ERROR" id="1.1">I just stumbled over some apparently out-dated information:</st>
        </parg>
        <parg ob="" eb="" sr="" id="2">
            <st ob="" eb="" sr="" id="2.1">Subversive's project summary at
http://www.eclipse.org/projects/project_summary.php?projectid=technology.subversive
links to a project plan for 0.8.0 (planned for "2011-01-15")
that looks pretty out-dated:
http://wiki.eclipse.org/Subversive_Plan</st>
        </parg>
        <parg ob="" eb="" sr="" id="3">
            <st ob="" eb="" sr="" patterns="" id="3.1">I assume this wiki page just isn't maintained any more so maybe
you want to link to a more recent plan?</st>
        </parg>
    </desc>
</bug>
