<?xml version="1.0" encoding="UTF-8" standalone="yes"?>
<bug no-bug="" comments="">
    <id>317569</id>
    <title ob="x" eb="" sr="" patterns="S_OB_ERROR_NOUN_PHRASE">open type/ open method - bad functionality</title>
    <desc>
        <parg ob="" eb="" sr="" id="1">
            <st ob="" eb="" sr="" id="1.1">Build Identifier: PDT 2.2.0.</st>
            <st ob="" eb="" sr="" id="1.2">v20100621</st>
        </parg>
        <parg ob="" eb="" sr="" id="2">
            <st ob="" eb="" sr="x" patterns="S_SR_CODE_REF" id="2.1">Have php code with classes/methods, e.g.
&lt;?</st>
            <st ob="" eb="" sr="" id="2.2">php
class AAA{
	public function ff(){
		
	}
}</st>
        </parg>
        <parg ob="" eb="" sr="" id="3">
            <st ob="" eb="" sr="" id="3.1">class BBB {
	public function jj(){
		
	}
}</st>
        </parg>
        <parg ob="" eb="" sr="x" patterns="P_SR_ACTIONS_MULTI_OBS_BEHAVIOR" id="4">
            <st ob="" eb="" sr="" id="4.1">Go to main menu | Navigate | Open Type
Type BBB, then double click on the matching result.</st>
            <st ob="x" eb="" sr="" patterns="S_OB_PASSIVE_VOICE" id="4.2">The class name BBB is highlighted in editor correctly.</st>
            <st ob="" eb="" sr="" id="4.3">Enter a few (10) new lines above class BBB body.</st>
            <st ob="" eb="" sr="" id="4.4">Save the changes.</st>
            <st ob="" eb="" sr="" id="4.5">Invoke again Open Type (Ctrl+Shift+T), type again BBB, then double click at the matched class BBB in the list of Open Type dialog.</st>
        </parg>
        <parg ob="" eb="x" sr="" id="5">
            <st ob="" eb="x" sr="" patterns="S_EB_EXP_BEHAVIOR" id="5.1">Expected:
The class name BBB should be highlighted in editor.</st>
        </parg>
        <parg ob="x" eb="" sr="" id="6">
            <st ob="x" eb="" sr="" patterns="S_OB_OBS_BEHAVIOR" id="6.1">Actual:
The editor is highlighted on a strange position.</st>
        </parg>
        <parg ob="" eb="" sr="" id="7">
            <st ob="" eb="" sr="" id="7.1">The same problem if you execute the scenario for some method.</st>
        </parg>
        <parg ob="" eb="" sr="" id="8">
            <st ob="" eb="" sr="" id="8.1">See the attachment.</st>
        </parg>
        <parg ob="" eb="" sr="" id="9">
            <st ob="" eb="" sr="" id="9.1">Reproducible: Always</st>
        </parg>
    </desc>
</bug>
