<?xml version="1.0" encoding="UTF-8" standalone="yes"?>
<bug no-bug="" comments="">
    <id>319230</id>
    <title ob="x" eb="" sr="" patterns="S_OB_PROBLEM_IN">Invalid template evaluation in a collection</title>
    <desc>
        <parg ob="" eb="" sr="" id="1">
            <st ob="" eb="" sr="" id="1.1">Build Identifier: Build id: I20100608-0911</st>
        </parg>
        <parg ob="x" eb="" sr="" id="2">
            <st ob="x" eb="" sr="" patterns="S_OB_COND_NEG" id="2.1">If someone creates a template which takes a sequence or an orderedset (or I think any type of collection) and if inside that sequence you have some invocation of templates, the result of the invocation will be considered as an "ocl invalid result".</st>
        </parg>
        <parg ob="" eb="" sr="" id="3">
            <st ob="" eb="" sr="" id="3.1">See: http://www.eclipse.org/forums/index.php?t=rview&amp;goto=545350#msg_545350</st>
        </parg>
        <parg ob="" eb="" sr="" id="4">
            <st ob="" eb="" sr="" id="4.1">Reproducible: Always</st>
        </parg>
    </desc>
</bug>
