<?xml version="1.0" encoding="UTF-8" standalone="yes"?>
<bug no-bug="" comments="">
    <id>319425</id>
    <title ob="x" eb="" sr="" patterns="S_OB_VERB_ERROR,S_OB_OUTPUT_VERB">[compiler] JDT outputs corrupt .class file for problem type</title>
    <desc>
        <parg ob="" eb="" sr="" id="1">
            <st ob="" eb="" sr="" id="1.1">Build Identifier: Version: 3.5.2 Build id: M20100211-1343</st>
        </parg>
        <parg ob="" eb="" sr="" id="2">
            <st ob="" eb="" sr="" id="2.1">We ported an application from Object Pascal to Java, and that generated a huge but valid .</st>
            <st ob="" eb="" sr="" id="2.2">java file with many inner classes and dozens of methods.</st>
            <st ob="x" eb="" sr="" patterns="S_OB_VERB_ERROR" id="2.3">One of those inner classes is compiled to a corrupt .class file, as displayed in the image.</st>
        </parg>
        <parg ob="" eb="" sr="" id="3">
            <st ob="" eb="" sr="" id="3.1">For legal reasons I can't send you the whole project.</st>
            <st ob="" eb="" sr="" id="3.2">I'm sending you an image that shows the problem, the .</st>
            <st ob="" eb="" sr="" id="3.3">java file and the corrupt .</st>
            <st ob="" eb="" sr="" id="3.4">class file, but there are many dependecies and hence it won't simply compile.</st>
        </parg>
        <parg ob="" eb="" sr="" id="4">
            <st ob="" eb="" sr="" id="4.1">I spent 4 hours trying to isolate it, but wasn't very successfull.</st>
            <st ob="" eb="" sr="" id="4.2">Every change I made to the TRtDBConnection inner class produced either the same error or a completely unusable .</st>
            <st ob="" eb="" sr="" id="4.3">class.</st>
            <st ob="" eb="" sr="" id="4.4">For instance, if you add two new methods with the same name (which causes a semantic error), the .</st>
            <st ob="" eb="" sr="" id="4.5">class is correctly generated, but any invocation would produce the standard "Unresolved compilation problem" error.</st>
        </parg>
        <parg ob="" eb="" sr="" id="5">
            <st ob="" eb="" sr="" id="5.1">I found that if I create a new "sister" class, with empty implementations for the interface methods, I can instantiate and invoke methods normally.</st>
            <st ob="" eb="" sr="" id="5.2">I'm in the process of gradually moving implementation from the bad class to the sister class, until the error shows up, but this is very painfull and time-consuming, since I have to resolve dependencies.</st>
        </parg>
        <parg ob="" eb="" sr="" id="6">
            <st ob="" eb="" sr="" id="6.1">Additional information:</st>
        </parg>
        <parg ob="" eb="" sr="" id="7">
            <st ob="" eb="" sr="" id="7.1">-Eclipse error log shows nothing for the cleanup-rebuild operation that generates a bad .</st>
            <st ob="" eb="" sr="" id="7.2">class.</st>
        </parg>
        <parg ob="" eb="" sr="" id="8">
            <st ob="" eb="" sr="" id="8.1">-This error happens in other machines and there are no bytecode modification tools in place, such as AOP.</st>
            <st ob="" eb="" sr="" id="8.2">It's just a plain Java project.</st>
        </parg>
        <parg ob="" eb="" sr="" id="9">
            <st ob="" eb="" sr="" id="9.1">java -version:</st>
        </parg>
        <parg ob="" eb="" sr="" id="10">
            <st ob="" eb="" sr="" id="10.1">java version "1.6.0_20"
Java(TM) SE Runtime Environment (build 1.6.0_20-b02)
Java HotSpot(TM) 64-Bit Server VM (build 16.3-b01, mixed mode)</st>
        </parg>
        <parg ob="" eb="" sr="" id="11">
            <st ob="" eb="" sr="" id="11.1">-Java compiler is set to 1.6 with default compliance settings.</st>
            <st ob="" eb="" sr="" id="11.2">We are linking to a normal Java SE 6 library.</st>
        </parg>
        <parg ob="" eb="" sr="" id="12">
            <st ob="" eb="" sr="" id="12.1">Reproducible: Always</st>
        </parg>
        <parg ob="" eb="" sr="x" patterns="P_SR_LABELED_PARAGRAPH" id="13">
            <st ob="" eb="" sr="" id="13.1">Steps to Reproduce:
			Just compile.</st>
        </parg>
    </desc>
</bug>
