<?xml version="1.0" encoding="UTF-8" standalone="yes"?>
<bug no-bug="" comments="">
    <id>320785</id>
    <title ob="x" eb="" sr="" patterns="S_OB_NEG_ADV_ADJ">Encoding is broken for diff in history view</title>
    <desc>
        <parg ob="" eb="" sr="" id="1">
            <st ob="" eb="" sr="" id="1.1">I have a project with texts in russian (encoding is UTF-8 and workspace default encoding is also UTF-8).</st>
            <st ob="x" eb="" sr="" patterns="S_OB_NEG_ADV_ADJ" id="1.2">The diff widget in egit history view displays russian texts incorrectly.</st>
        </parg>
        <parg ob="x" eb="" sr="" id="2">
            <st ob="x" eb="" sr="" patterns="S_OB_NEG_ADV_ADJ,S_OB_ATTACH_REF" id="2.1">See 2 attached screen shots - the first one is for egit (incorrect displaying) and the second one is gitX (correct displaying).</st>
        </parg>
        <parg ob="" eb="" sr="" id="3">
            <st ob="" eb="" sr="" id="3.1">PS.</st>
            <st ob="" eb="" sr="" id="3.2">I use eclipse Helios with egit 0.8.4</st>
        </parg>
    </desc>
</bug>
