<?xml version="1.0" encoding="UTF-8" standalone="yes"?>
<bug no-bug="" comments="">
    <id>321564</id>
    <title ob="" eb="" sr="">[Dialogs] '&lt;' in Open Resource not working as expected</title>
    <desc>
        <parg ob="" eb="" sr="" id="1">
            <st ob="" eb="" sr="" id="1.1">I20100802-1800.</st>
        </parg>
        <parg ob="" eb="" sr="x" id="2">
            <st ob="" eb="" sr="x" patterns="S_SR_IMPERATIVE_SEQUENCE" id="2.1">Add these files:
A.t
A.text
A.txt
Alfie.txt
r.txt
read.ext
read.txt
reada
reada.eat
reada.ext
readaction</st>
        </parg>
        <parg ob="" eb="" sr="x" patterns="P_SR_ACTIONS_INF" id="3">
            <st ob="" eb="" sr="" id="3.1">1 Enter "read.ext&lt;" into the dialog</st>
            <st ob="x" eb="" sr="" patterns="S_OB_CHAR_THEN" id="3.2">==&gt; also matches reada.ext.</st>
            <st ob="" eb="" sr="" id="3.3">2 Enter "A.t&lt;" into the dialog</st>
            <st ob="x" eb="" sr="" patterns="S_OB_CHAR_THEN" id="3.4">==&gt; matches more than just A.t</st>
            <st ob="" eb="" sr="" id="3.5">3 Enter "A.te&lt;" into the dialog</st>
            <st ob="x" eb="x" sr="" patterns="S_OB_CHAR_THEN,S_EB_EXPECTED" id="3.6">==&gt; matches A.text, expected: no match</st>
        </parg>
        <parg ob="" eb="" sr="" id="4">
            <st ob="" eb="" sr="" id="4.1">1 is a bug while 2 and 3 could be argued to work as expected but personally I think it is more natural to treat the '&lt;' as switch for using exact matching.</st>
        </parg>
        <parg ob="" eb="" sr="" id="5">
            <st ob="" eb="" sr="" id="5.1">Besides that the help needs to be updated and also talk about the file extension matching a bit more.</st>
        </parg>
    </desc>
</bug>
