<?xml version="1.0" encoding="UTF-8" standalone="yes"?>
<bug no-bug="" comments="">
    <id>325264</id>
    <title ob="x" eb="" sr="" patterns="S_OB_PROBLEM_IN">NPE in Java breakpoint properties page with JavaStratumLineBreakpoint</title>
    <desc>
        <parg ob="" eb="" sr="" id="1">
            <st ob="" eb="" sr="" id="1.1">+++ This bug was initially created as a clone of Bug #325161 +++</st>
        </parg>
        <parg ob="" eb="" sr="" id="2">
            <st ob="" eb="" sr="" id="2.1">Build Identifier:</st>
        </parg>
        <parg ob="" eb="" sr="" id="3">
            <st ob="" eb="" sr="" id="3.1">This problem is reproduced in RAD.</st>
            <st ob="" eb="" sr="" id="3.2">The JSP editor in RAD creates a JavaStratumLineBreakpoint when we double-click on the annotation column.</st>
            <st ob="x" eb="" sr="x" patterns="S_OB_COND_NEG" id="3.3">When we open the breakpoint properties page for the JSP breakpoint, we see the following NullPointerException:</st>
        </parg>
        <parg ob="" eb="" sr="" id="4">
            <st ob="" eb="" sr="" id="4.1">java.lang.NullPointerException</st>
            <st ob="" eb="" sr="" id="4.2">	at org.eclipse.jdt.internal.debug.ui.propertypages.JavaBreakpointPage.createTypeSpecificEditors(Unknown Source)</st>
            <st ob="" eb="" sr="" id="4.3">	at org.eclipse.jdt.internal.debug.ui.propertypages.JavaBreakpointPage.createContents(Unknown Source)</st>
            <st ob="" eb="" sr="" id="4.4">	at org.eclipse.jface.preference.PreferencePage.createControl(Unknown Source)</st>
            <st ob="" eb="" sr="" id="4.5">	at org.eclipse.jdt.internal.debug.ui.propertypages.JavaBreakpointPage.createControl(Unknown Source)</st>
            <st ob="" eb="" sr="" id="4.6">	at org.eclipse.jface.preference.PreferenceDialog.createPageControl(Unknown Source)</st>
            <st ob="" eb="" sr="" id="4.7">	at org.eclipse.jface.preference.PreferenceDialog$14.run(Unknown Source)</st>
            <st ob="" eb="" sr="" id="4.8">        .....</st>
        </parg>
        <parg ob="" eb="" sr="" id="5">
            <st ob="" eb="" sr="" id="5.1">That is because there is no code to handle Stratum breakpoint type in JavaBreakpointPage.createTypeSpecificEditors() and the fEditor field is null.</st>
        </parg>
        <parg ob="" eb="" sr="" id="6">
            <st ob="" eb="" sr="" id="6.1">Reproducible: Always</st>
        </parg>
        <parg ob="" eb="" sr="x" patterns="P_SR_LABELED_LIST" id="7">
            <st ob="" eb="" sr="" id="7.1">Steps to Reproduce:</st>
            <st ob="" eb="" sr="" id="7.2">1 Set a breakpoint on a JSP file in RAD</st>
            <st ob="" eb="" sr="" id="7.3">2 Open the breakpoint properties page</st>
        </parg>
    </desc>
</bug>
