<?xml version="1.0" encoding="UTF-8" standalone="yes"?>
<bug no-bug="" comments="">
    <id>327211</id>
    <title ob="" eb="x" sr="" patterns="S_EB_IMPERATIVE">Show version in different font in bundle list</title>
    <desc>
        <parg ob="" eb="" sr="" id="1">
            <st ob="" eb="" sr="" id="1.1">Build Identifier: Virgo 2.1.0M5</st>
        </parg>
        <parg ob="" eb="" sr="" id="2">
            <st ob="" eb="" sr="" id="2.1">The bundles list on the artifact deploy page uses the same font for the bundle and the version.</st>
            <st ob="x" eb="" sr="" patterns="S_OB_BUT,S_OB_NEG_AUX_VERB" id="2.2">This isn't a problem for bundles that are named purely textually, but if the symbolic name has a number in it as well (e.g. JUnit4) then the numbers can run into one another.</st>
            <st ob="" eb="" sr="" id="2.3">Representing the version number in a different font/color/style would help split the two apart.</st>
            <st ob="" eb="" sr="" id="2.4">For example, one could put the version number italicised in a dark green colour to help it stand out.</st>
        </parg>
        <parg ob="" eb="" sr="" id="3">
            <st ob="" eb="" sr="" id="3.1">Reproducible: Always</st>
        </parg>
    </desc>
</bug>
