<?xml version="1.0" encoding="UTF-8" standalone="yes"?>
<bug no-bug="" comments="">
    <id>329047</id>
    <title ob="x" eb="" sr="" patterns="S_OB_NOUN_NOT">[model browser] properties view not always updated on selection change</title>
    <desc>
        <parg ob="x" eb="" sr="" id="1">
            <st ob="x" eb="" sr="" patterns="S_OB_NEG_AUX_VERB" id="1.1">The properties view doesn't get updated when I click on the same property of another object.</st>
        </parg>
        <parg ob="" eb="" sr="x" patterns="P_SR_LABELED_LIST" id="2">
            <st ob="" eb="" sr="" id="2.1">Reproduce as follows:</st>
            <st ob="" eb="" sr="" id="2.2">1 Click the "Open a model from the EMF EPackage registry" toolbar button and type "emf/2002/Ecore" to select the Ecore model.</st>
            <st ob="" eb="" sr="" id="2.3">2 Select "EClass" in the Types pane and then expand the two first entries (EAttribute and EAnnotation) in the Instances pane.</st>
            <st ob="" eb="" sr="" id="2.4">3 Double-click on the "name = EAttribute" entry of EAttribute.</st>
            <st ob="" eb="" sr="" id="2.5">4 Now click on the "name = EAnnotation" entry of EAnnotation and verify that the Properties view did not get updated.</st>
            <st ob="" eb="" sr="" id="2.6">5 Now select the "instanceClassName = org.eclipse.emf.ecore.EAnnotation" entry below and verify that the Properties view now got updated.</st>
        </parg>
    </desc>
</bug>
