<?xml version="1.0" encoding="UTF-8" standalone="yes"?>
<bug no-bug="" comments="">
    <id>33007</id>
    <title ob="x" eb="" sr="" patterns="S_OB_NEG_AUX_VERB">Adding new methods with Code Assist not always using method comment template</title>
    <desc>
        <parg ob="" eb="" sr="" id="1">
            <st ob="" eb="" sr="" id="1.1">Build 2.1 RC1</st>
        </parg>
        <parg ob="" eb="" sr="x" patterns="P_SR_ACTIONS_INF" id="2">
            <st ob="" eb="" sr="" id="2.1">1 inside a method type "new Runnable("</st>
            <st ob="" eb="" sr="" id="2.2">2 press Ctrl+SPACE</st>
            <st ob="" eb="" sr="" patterns="" id="2.3">==&gt; no method comment for run()</st>
        </parg>
        <parg ob="" eb="" sr="" id="3">
            <st ob="" eb="" sr="" id="3.1">Note: method comment is added in this scenario:</st>
            <st ob="" eb="" sr="" id="3.2">1 inside a method type "new Runnable() {"</st>
            <st ob="" eb="" sr="" id="3.3">2 press "RETURN"</st>
            <st ob="" eb="" sr="" id="3.4">3 type "run"</st>
            <st ob="" eb="" sr="" id="3.5">4 press Ctrl+SPACE</st>
            <st ob="" eb="" sr="" id="3.6">5 select run() and press "RETURN"</st>
        </parg>
    </desc>
</bug>
