<?xml version="1.0" encoding="UTF-8" standalone="yes"?>
<bug no-bug="" comments="">
    <id>330015</id>
    <title ob="" eb="x" sr="" patterns="S_EB_IMPERATIVE">[api] provide support for constructing task list subtask hierarchy from inward task relations</title>
    <desc>
        <parg ob="" eb="" sr="" id="1">
            <st ob="x" eb="" sr="" patterns="S_OB_NEG_AUX_VERB" id="1.1">Using TaskRelation.parentTask (which is an INWARD containment) doesn't result in a sub/parent task structure in the task list.</st>
            <st ob="x" eb="" sr="" patterns="S_OB_SEEMS_TO_BE,S_OB_ONLY" id="1.2">Only seems to be recognized by the quick outline.</st>
        </parg>
        <parg ob="" eb="" sr="" id="2">
            <st ob="x" eb="" sr="" patterns="S_OB_POS_COND" id="2.1">Outward connections are handled in SynchronizeTasksJob#synchronizedTaskRelations while nobody references TaskRelation.INWARD.</st>
            <st ob="x" eb="" sr="" patterns="S_OB_VERB_NO,S_OB_ADV_TIME_NEG,S_OB_ONLY" id="2.2">I currently see no workaround if your repository only provides you with the inward information.</st>
            <st ob="" eb="" sr="" id="2.3">Any ideas?</st>
        </parg>
    </desc>
</bug>
