<?xml version="1.0" encoding="UTF-8" standalone="yes"?>
<bug no-bug="" comments="">
    <id>330854</id>
    <title ob="" eb="" sr="">Support "Scrollwhell drag to pan"</title>
    <desc>
        <parg ob="" eb="" sr="" id="1">
            <st ob="" eb="" sr="" id="1.1">In reference to this bug: https://bugs.eclipse.org/bugs/show_bug.cgi?id=142336</st>
        </parg>
        <parg ob="" eb="" sr="" id="2">
            <st ob="" eb="" sr="" id="2.1">* scrollwheel drag (or middle drag, or Ctrl-left drag) to pan.</st>
            <st ob="x" eb="" sr="" patterns="S_OB_POS_UNTIL" id="2.2">As the user drags, whatever was under the pointer at the time the drag was initiated would remain under the pointer throughought the drag until, of course, the drag was released.</st>
        </parg>
        <parg ob="" eb="" sr="" id="3">
            <st ob="x" eb="" sr="" patterns="S_OB_SEEMS" id="3.1">I search a little into it, it seems to me that there is a missing capture a event combination:
in org.eclipse.gef.ui.parts.DomainEventDispatcher, in the method dispatchMouseMoved(org.eclipse.swt.events.MouseEvent me), it doesn't detect that the scrollwheel is pushed.</st>
            <st ob="x" eb="" sr="" patterns="S_OB_SEEMS_TO_BE" id="3.2">The state mask seems to not be properly updated during dispatchMousepressed(org.eclipse.swt.events.MouseEvent me).</st>
        </parg>
    </desc>
</bug>
