<?xml version="1.0" encoding="UTF-8" standalone="yes"?>
<bug no-bug="" comments="">
    <id>33259</id>
    <title ob="x" eb="" sr="" patterns="S_OB_ERROR_NOUN_PHRASE">Untranslated connection error</title>
    <desc>
        <parg ob="" eb="" sr="" id="1">
            <st ob="" eb="" sr="" id="1.1">RC1 (tested in German)</st>
        </parg>
        <parg ob="x" eb="" sr="" id="2">
            <st ob="x" eb="" sr="" patterns="S_OB_SEEMS_TO_BE,S_OB_ERROR_AS_SUBJECT" id="2.1">The error for a missing connection appears to not be internationalized</st>
        </parg>
        <parg ob="x" eb="" sr="" id="3">
            <st ob="x" eb="" sr="" patterns="S_OB_NEG_AUX_VERB" id="3.1">Cannot access /home/cvs/desktop/CVSROOT
  The server reported an error: No such file or directoryüä*</st>
        </parg>
    </desc>
</bug>
