<?xml version="1.0" encoding="UTF-8" standalone="yes"?>
<bug no-bug="" comments="">
    <id>335951</id>
    <title ob="" eb="" sr="">[Diagram templates]  Loading a non UML file template</title>
    <desc>
        <parg ob="" eb="" sr="" id="1">
            <st ob="x" eb="" sr="" patterns="S_OB_ADV_TIME_POS,S_OB_ONLY" id="1.1">Currently, we can only load uml file templates for papyrus diagrams.</st>
            <st ob="" eb="x" sr="" patterns="S_EB_SHOULD" id="1.2">Loading templates wizard should support:</st>
            <st ob="" eb="" sr="" id="1.3">1 loading any type of files for templates</st>
            <st ob="" eb="" sr="" id="1.4">2 loading a uml model template with its associated papyrus diagram</st>
        </parg>
    </desc>
</bug>
