<?xml version="1.0" encoding="UTF-8" standalone="yes"?>
<bug no-bug="" comments="">
    <id>3553</id>
    <title ob="x" eb="" sr="" patterns="S_OB_NEG_ADV_ADJ">TP125: other projects referenced twice (1G83V7V)</title>
    <desc>
        <parg ob="" eb="" sr="" id="1">
            <st ob="" eb="" sr="" id="1.1">TM (25.01.2001 11:51:54)
	ITPJUI 71.50</st>
        </parg>
        <parg ob="" eb="" sr="x" patterns="P_SR_ACTIONS_INF" id="2">
            <st ob="" eb="" sr="" id="2.1">1 Create a project</st>
            <st ob="" eb="" sr="" id="2.2">2 Open the "create java project" wizard.</st>
            <st ob="x" eb="" sr="" patterns="S_OB_OBSERVE" id="2.3">3 observe: there is a list letting you select "referenced projects".</st>
            <st ob="" eb="" sr="" id="2.4">4 goto the "Projects" tab of the Java Settings page.</st>
            <st ob="x" eb="" sr="" patterns="S_OB_OBSERVE,S_OB_ADV_TIME_POS" id="2.5">5 observe: once again you can set "referenced projects".</st>
        </parg>
        <parg ob="" eb="" sr="" id="3">
            <st ob="" eb="" sr="" id="3.1">Even if there may be technical reasons for this, it is quite confusing.</st>
            <st ob="" eb="x" sr="" patterns="S_EB_SHOULD" id="3.2">We should use the core project
	reference mechanism if possible.</st>
        </parg>
        <parg ob="" eb="" sr="" id="4">
            <st ob="" eb="" sr="" id="4.1">EG (1/29/01 2:36:17 PM)
	will be revisited during the class path rework</st>
        </parg>
    </desc>
</bug>
