<?xml version="1.0" encoding="UTF-8" standalone="yes"?>
<bug no-bug="" comments="">
    <id>36346</id>
    <title ob="" eb="" sr="">Linux Motif zip file on download site contains symlinks</title>
    <desc>
        <parg ob="" eb="" sr="" id="1">
            <st ob="" eb="" sr="" id="1.1">The zip file for Eclipse SDK 2.1 on the download site contains the following
entries:</st>
        </parg>
        <parg ob="" eb="" sr="" id="2">
            <st ob="" eb="" sr="" id="2.1">eclipse/libXm.</st>
            <st ob="" eb="" sr="" id="2.2">so           12
  eclipse/libXm.</st>
            <st ob="" eb="" sr="" id="2.3">so.2         12
  eclipse/libXm.</st>
            <st ob="" eb="" sr="" id="2.4">so.2.1  1915756</st>
        </parg>
        <parg ob="" eb="" sr="" id="3">
            <st ob="x" eb="x" sr="" patterns="S_OB_BUT_NEG,S_EB_SHOULD" id="3.1">The libXm.so and libXm.so.2 entries should be symlinks to libXm.so.2.1, but zip
files don't do symlinks so they get extracted as normal files.</st>
            <st ob="x" eb="" sr="" patterns="S_OB_NEG_VERB,S_OB_DESPITE" id="3.2">This means that
launching eclipse fails with a bizarre error (java.lang.UnresolvedLinkError,
referencing libswt-motif-2133.so, later referencing libXm.so.2), even after the
Eclipse install directory has been added to the LD_LIBRARY_PATH environment
variable.</st>
        </parg>
        <parg ob="" eb="" sr="" id="4">
            <st ob="" eb="" sr="" id="4.1">This bit me for a couple of days until I noticed the error.</st>
            <st ob="" eb="" sr="" id="4.2">The solution for me
was obviously to remove the standard files and replace them with the intended
symlinks, but perhaps the Linux downloads should be tar.gz files instead of zip
files?</st>
            <st ob="" eb="x" sr="" patterns="S_EB_SHOULD" id="4.3">Either that or the offending files should be removed from the zip file
and some comments added to an installation document somewhere.</st>
        </parg>
    </desc>
</bug>
