<?xml version="1.0" encoding="UTF-8" standalone="yes"?>
<bug no-bug="" comments="">
    <id>39493</id>
    <title ob="" eb="" sr="">GTK Combo; first item is selected when Dropdown list is shown</title>
    <desc>
        <parg ob="" eb="" sr="" id="1">
            <st ob="" eb="" sr="" id="1.1">Environment : Red Hat 8.0 + GTK 2.2</st>
        </parg>
        <parg ob="" eb="" sr="" id="2">
            <st ob="" eb="" sr="" id="2.1">The first item is selected when Dropdown list is shown.</st>
            <st ob="x" eb="" sr="" patterns="S_OB_VERB_ERROR" id="2.2">It causes bad usability problem.</st>
        </parg>
    </desc>
</bug>
