<?xml version="1.0" encoding="UTF-8" standalone="yes"?>
<bug no-bug="" comments="">
    <id>40357</id>
    <title ob="" eb="x" sr="" patterns="S_EB_SHOULD">[reconciling] Reconcile with errors should tolerate internal exceptions</title>
    <desc>
        <parg ob="" eb="" sr="" id="1">
            <st ob="" eb="" sr="" id="1.1">Build 20030716</st>
        </parg>
        <parg ob="" eb="" sr="" id="2">
            <st ob="x" eb="" sr="" patterns="S_OB_SEEMS,S_OB_HAPPENS" id="2.1">If some compiler failure occurs during reconcile (see bug 40288), it seems that 
the UI problem requestor will remain active.</st>
            <st ob="" eb="x" sr="" patterns="S_EB_SHOULD" id="2.2">It should be protected with a 
try/finally to ensure it doesn't remain active beyond reconciliation.</st>
        </parg>
    </desc>
</bug>
