<?xml version="1.0" encoding="UTF-8" standalone="yes"?>
<bug no-bug="" comments="">
    <id>41836</id>
    <title ob="" eb="" sr="">Override and Commit of conflicting additions and binary files</title>
    <desc>
        <parg ob="" eb="" sr="x" patterns="P_SR_LABELED_LIST" id="1">
            <st ob="" eb="" sr="" id="1.1">I peformed the following steps:</st>
            <st ob="" eb="" sr="" id="1.2">1 disconnected a project from CVS control, purging the CVS info</st>
            <st ob="" eb="" sr="" id="1.3">2 Shared the project with CVS</st>
            <st ob="" eb="" sr="" id="1.4">3 Performed an Override and Commit in the new Synchronize view</st>
        </parg>
        <parg ob="x" eb="" sr="" id="2">
            <st ob="x" eb="" sr="" patterns="S_OB_NEG_VERB,S_OB_NEG_AUX_VERB" id="2.1">The commit failed because the command claimed that several files were not up-
to-date.</st>
        </parg>
        <parg ob="" eb="" sr="" id="3">
            <st ob="x" eb="" sr="" patterns="S_OB_BUT" id="3.1">The files involved where tagged as binary in the repository but were being 
committed as text.</st>
            <st ob="" eb="" sr="" id="3.2">It appears that the remote tree does not contain the proper 
substitution mode.</st>
            <st ob="" eb="" sr="" id="3.3">However, this used to work in 2.X so something has changed.</st>
        </parg>
    </desc>
</bug>
