<?xml version="1.0" encoding="UTF-8" standalone="yes"?>
<bug no-bug="" comments="">
    <id>41883</id>
    <title ob="x" eb="" sr="" patterns="S_OB_AFTER_NEG">[Live Sync View] After crash, some outgoing additions don't appear</title>
    <desc>
        <parg ob="" eb="" sr="" id="1">
            <st ob="x" eb="" sr="" patterns="S_OB_NEG_VERB" id="1.1">I was modifing some files when Eclipse crashed (dealock).</st>
            <st ob="x" eb="" sr="" patterns="S_OB_AFTER_NEG" id="1.2">After killing and 
restarting, the outgoing changes in one of the projects I was working on did 
not appear in the view.</st>
            <st ob="x" eb="" sr="" patterns="S_OB_NEG_AUX_VERB" id="1.3">Refreshing the subscriber did not help (not 
surprising).</st>
            <st ob="" eb="" sr="" id="1.4">Selecting the refresh view from the view menu fixed the problem.</st>
            <st ob="x" eb="x" sr="" patterns="S_OB_WHY,S_EB_WHY_FIRST_PLACE" id="1.5">I can't understand why the outgoing changes didn't appear in the first place 
since the files were decorated properly in the navigator.</st>
        </parg>
    </desc>
</bug>
