<?xml version="1.0" encoding="UTF-8" standalone="yes"?>
<bug no-bug="" comments="">
    <id>4207</id>
    <title ob="" eb="x" sr="" patterns="S_EB_SHOULD">DCR: Installed JREs should be usable for build path (1GJZZ74)</title>
    <desc>
        <parg ob="" eb="" sr="" id="1">
            <st ob="x" eb="" sr="" patterns="S_OB_NEG_COND,S_OB_NEG_AUX_VERB,S_OB_ADV_TIME_NEG" id="1.1">Currently it is not possible to use one of the installed JREs when
	I want to use (i.e. specify on the build path) another JRE than the
	one specified by JRE_LIB for 	a specific project.</st>
            <st ob="x" eb="" sr="" patterns="S_OB_NEG_AUX_VERB" id="1.2">Also, it is not
	possible to create new classpath variables that point to/use one
	of the installed JREs: I have to enter the full path for ther library
	and the JAR.</st>
        </parg>
        <parg ob="" eb="" sr="" id="2">
            <st ob="" eb="x" sr="" patterns="S_EB_WOULD_BE" id="2.1">It would be nice if I would have to enter all my installed JREs only
	once.</st>
            <st ob="" eb="x" sr="" patterns="S_EB_EXPECTED" id="2.2">That's what I would expect from the Installed JREs preference
	page.</st>
        </parg>
        <parg ob="" eb="" sr="" id="3">
            <st ob="" eb="" sr="" id="3.1">NOTES:</st>
        </parg>
    </desc>
</bug>
