<?xml version="1.0" encoding="UTF-8" standalone="yes"?>
<bug no-bug="" comments="">
    <id>43057</id>
    <title ob="x" eb="" sr="" patterns="S_OB_NEG_COND">my workbench hangs when organizing imports</title>
    <desc>
        <parg ob="" eb="" sr="" id="1">
            <st ob="" eb="" sr="" id="1.1">Build: I-20030910
I have a small project with 20 classes or so in the src folder.</st>
            <st ob="" eb="" sr="x" patterns="S_SR_COND_OBS" id="1.2">When I right-click on the source folder and choose Source-&gt;Organize imports, I 
see the progress dialog.</st>
            <st ob="x" eb="" sr="" patterns="S_OB_VERB_TO_BE_NEGATIVE,S_OB_NEG_VERB,S_OB_FOR_TIME" id="1.3">There is no progress, my workbench hangs for several 
minutes and I have to kill Eclipse with the task manager.</st>
            <st ob="" eb="" sr="" id="1.4">It happens pretty consistently.</st>
        </parg>
        <parg ob="" eb="" sr="" id="2">
            <st ob="" eb="" sr="" id="2.1">Nothing in the log.</st>
            <st ob="" eb="" sr="" id="2.2">VM: Sun's 1.4.2</st>
        </parg>
        <parg ob="" eb="" sr="" id="3">
            <st ob="" eb="" sr="" id="3.1">I could attach the project in question, if needed.</st>
        </parg>
    </desc>
</bug>
