<?xml version="1.0" encoding="UTF-8" standalone="yes"?>
<bug no-bug="" comments="">
    <id>48130</id>
    <title ob="x" eb="" sr="" patterns="S_OB_VERB_ERROR">Breakpoint in renamed project leads to exception</title>
    <desc>
        <parg ob="" eb="" sr="" patterns="P_SR_LABELED_LIST" id="1">
            <st ob="" eb="" sr="" id="1.1">I ran into this originally in a more elaborate plugin development scenario on 2 1.1.</st>
            <st ob="" eb="" sr="" id="1.2">However I can reproduce it with 3.0 M5 as well.</st>
            <st ob="" eb="" sr="" id="1.3">Here are the steps:</st>
            <st ob="" eb="" sr="" id="1.4">1 Create a simple java project with one class and a main method.</st>
            <st ob="" eb="" sr="" id="1.5">2 Set a breakpoint in the main method.</st>
            <st ob="" eb="" sr="" id="1.6">3 Create a launch configuration of type application</st>
            <st ob="" eb="" sr="" id="1.7">4 debug and observe how the breakpoint is hit correctly</st>
            <st ob="" eb="" sr="" id="1.8">5 refactor the project's name.</st>
            <st ob="" eb="" sr="" id="1.9">6 Go into the debug debug perspective.</st>
            <st ob="x" eb="" sr="" patterns="S_OB_VERB_TO_BE_NEGATIVE" id="1.10">There will be exceptions in the .log file or ErrorLog window.</st>
        </parg>
    </desc>
</bug>
