<?xml version="1.0" encoding="UTF-8" standalone="yes"?>
<bug no-bug="" comments="">
    <id>50884</id>
    <title ob="x" eb="" sr="" patterns="S_OB_NEG_VERB,S_OB_WITHOUT">Compiler crashes without a trace in the log leaving workspace in unhappy state</title>
    <desc>
        <parg ob="" eb="" sr="" id="1">
            <st ob="x" eb="" sr="x" patterns="S_OB_NEG_VERB,S_OB_ATTACH_REF,S_SR_CODE_REF" id="1.1">Compiling the attached project silently crashes in I20040128-16??.</st>
            <st ob="x" eb="" sr="" patterns="S_OB_VERB_TO_BE_NEGATIVE" id="1.2">There are 
no enries in the log, no info for the user.</st>
        </parg>
        <parg ob="" eb="" sr="" id="2">
            <st ob="" eb="" sr="" id="2.1">org.eclipse.jdt.internal.compiler.problem.AbortCompilation</st>
            <st ob="" eb="" sr="" id="2.2">        at </st>
            <st ob="" eb="" sr="" id="2.3">org.eclipse.jdt.internal.compiler.ast.AbstractMethodDeclaration.abort</st>
            <st ob="" eb="" sr="" id="2.4">(AbstractMethodDeclaration.java:62)</st>
            <st ob="" eb="" sr="" id="2.5">        at org.eclipse.jdt.internal.compiler.problem.ProblemHandler.handle</st>
            <st ob="" eb="" sr="" id="2.6">(ProblemHandler.java:126)</st>
            <st ob="" eb="" sr="" id="2.7">        at org.eclipse.jdt.internal.compiler.problem.ProblemReporter.handle</st>
            <st ob="" eb="" sr="" id="2.8">(ProblemReporter.java:1038)</st>
            <st ob="" eb="" sr="" id="2.9">        at </st>
            <st ob="" eb="" sr="" id="2.10">org.eclipse.jdt.internal.compiler.problem.ProblemReporter.isClassPathCorrect</st>
            <st ob="" eb="" sr="" id="2.11">(ProblemReporter.java:2114)</st>
            <st ob="" eb="" sr="" id="2.12">        at </st>
            <st ob="" eb="" sr="" id="2.13">org.eclipse.jdt.internal.compiler.lookup.UnresolvedReferenceBinding.resolve</st>
            <st ob="" eb="" sr="" id="2.14">(UnresolvedReferenceBinding.java:37)</st>
            <st ob="" eb="" sr="" id="2.15">        at </st>
            <st ob="" eb="" sr="" id="2.16">org.eclipse.jdt.internal.compiler.lookup.PackageBinding.getTypeOrPackage</st>
            <st ob="" eb="" sr="" id="2.17">(PackageBinding.java:163)</st>
            <st ob="" eb="" sr="" id="2.18">        at </st>
            <st ob="" eb="" sr="" id="2.19">org.eclipse.jdt.internal.compiler.lookup.CompilationUnitScope.findOnDemandImpor</st>
            <st ob="" eb="" sr="" id="2.20">t(CompilationUnitScope.java:361)</st>
            <st ob="" eb="" sr="" id="2.21">        at </st>
            <st ob="" eb="" sr="" id="2.22">org.eclipse.jdt.internal.compiler.lookup.CompilationUnitScope.findSingleTypeImp</st>
            <st ob="" eb="" sr="" id="2.23">ort(CompilationUnitScope.java:420)</st>
            <st ob="" eb="" sr="" id="2.24">        at </st>
            <st ob="" eb="" sr="" id="2.25">org.eclipse.jdt.internal.compiler.lookup.CompilationUnitScope.faultInImports</st>
            <st ob="" eb="" sr="" id="2.26">(CompilationUnitScope.java:297)</st>
            <st ob="" eb="" sr="" id="2.27">        at </st>
            <st ob="" eb="" sr="" id="2.28">org.eclipse.jdt.internal.compiler.lookup.CompilationUnitScope.faultInTypes</st>
            <st ob="" eb="" sr="" id="2.29">(CompilationUnitScope.java:347)</st>
            <st ob="" eb="" sr="" id="2.30">        at org.eclipse.jdt.internal.compiler.Compiler.process</st>
            <st ob="" eb="" sr="" id="2.31">(Compiler.java:508)</st>
            <st ob="" eb="" sr="" id="2.32">        at org.eclipse.jdt.internal.compiler.Compiler.compile</st>
            <st ob="" eb="" sr="" id="2.33">(Compiler.java:328)</st>
            <st ob="" eb="" sr="" id="2.34">        at org.eclipse.jdt.internal.core.builder.AbstractImageBuilder.compile</st>
            <st ob="" eb="" sr="" id="2.35">(AbstractImageBuilder.java:205)</st>
            <st ob="" eb="" sr="" id="2.36">        at org.eclipse.jdt.internal.core.builder.AbstractImageBuilder.compile</st>
            <st ob="" eb="" sr="" id="2.37">(AbstractImageBuilder.java:155)</st>
            <st ob="" eb="" sr="" id="2.38">        at org.eclipse.jdt.internal.core.builder.BatchImageBuilder.build</st>
            <st ob="" eb="" sr="" id="2.39">(BatchImageBuilder.java:49)</st>
            <st ob="" eb="" sr="" id="2.40">        at org.eclipse.jdt.internal.core.builder.JavaBuilder.buildAll</st>
            <st ob="" eb="" sr="" id="2.41">(JavaBuilder.java:213)</st>
            <st ob="" eb="" sr="" id="2.42">        at org.eclipse.jdt.internal.core.builder.JavaBuilder.build</st>
            <st ob="" eb="" sr="" id="2.43">(JavaBuilder.java:136)</st>
            <st ob="" eb="" sr="" id="2.44">        at org.eclipse.core.internal.events.BuildManager$2.run</st>
            <st ob="" eb="" sr="" id="2.45">(BuildManager.java:493)</st>
            <st ob="" eb="" sr="" id="2.46">        at org.eclipse.core.internal.runtime.InternalPlatform.run</st>
            <st ob="" eb="" sr="" id="2.47">(InternalPlatform.java:820)</st>
            <st ob="" eb="" sr="" id="2.48">        at org.eclipse.core.runtime.Platform.run(Platform.java:471)</st>
            <st ob="" eb="" sr="" id="2.49">        at org.eclipse.core.internal.events.BuildManager.basicBuild</st>
            <st ob="" eb="" sr="" id="2.50">(BuildManager.java:138)</st>
            <st ob="" eb="" sr="" id="2.51">        at org.eclipse.core.internal.events.BuildManager.basicBuild</st>
            <st ob="" eb="" sr="" id="2.52">(BuildManager.java:209)</st>
            <st ob="" eb="" sr="" id="2.53">        at org.eclipse.core.internal.events.BuildManager.basicBuild</st>
            <st ob="" eb="" sr="" id="2.54">(BuildManager.java:164)</st>
            <st ob="" eb="" sr="" id="2.55">        at org.eclipse.core.internal.events.BuildManager$1.run</st>
            <st ob="" eb="" sr="" id="2.56">(BuildManager.java:190)</st>
            <st ob="" eb="" sr="" id="2.57">        at org.eclipse.core.internal.runtime.InternalPlatform.run</st>
            <st ob="" eb="" sr="" id="2.58">(InternalPlatform.java:820)</st>
            <st ob="" eb="" sr="" id="2.59">        at org.eclipse.core.runtime.Platform.run(Platform.java:471)</st>
            <st ob="" eb="" sr="" id="2.60">        at org.eclipse.core.internal.events.BuildManager.basicBuild</st>
            <st ob="" eb="" sr="" id="2.61">(BuildManager.java:193)</st>
            <st ob="" eb="" sr="" id="2.62">        at org.eclipse.core.internal.events.BuildManager.build</st>
            <st ob="" eb="" sr="" id="2.63">(BuildManager.java:282)</st>
            <st ob="" eb="" sr="" id="2.64">        at org.eclipse.core.internal.resources.Project.build(Project.java:87)</st>
            <st ob="" eb="" sr="" id="2.65">        at org.eclipse.ui.actions.BuildAction.invokeOperation</st>
            <st ob="" eb="" sr="" id="2.66">(BuildAction.java:159)</st>
            <st ob="" eb="" sr="" id="2.67">        at org.eclipse.ui.actions.WorkspaceAction.execute</st>
            <st ob="" eb="" sr="" id="2.68">(WorkspaceAction.java:123)</st>
            <st ob="" eb="" sr="" id="2.69">        at org.eclipse.ui.actions.WorkspaceAction$1.execute</st>
            <st ob="" eb="" sr="" id="2.70">(WorkspaceAction.java:280)</st>
            <st ob="" eb="" sr="" id="2.71">        at org.eclipse.ui.actions.WorkspaceModifyOperation$1.run</st>
            <st ob="" eb="" sr="" id="2.72">(WorkspaceModifyOperation.java:91)</st>
            <st ob="" eb="" sr="" id="2.73">        at org.eclipse.core.internal.resources.Workspace.run</st>
            <st ob="" eb="" sr="" id="2.74">(Workspace.java:1567)</st>
            <st ob="" eb="" sr="" id="2.75">        at org.eclipse.ui.actions.WorkspaceModifyOperation.run</st>
            <st ob="" eb="" sr="" id="2.76">(WorkspaceModifyOperation.java:105)</st>
            <st ob="" eb="" sr="" id="2.77">        at org.eclipse.jface.operation.ModalContext$ModalContextThread.run</st>
            <st ob="" eb="" sr="" id="2.78">(ModalContext.java:101)</st>
        </parg>
    </desc>
</bug>
