<?xml version="1.0" encoding="UTF-8" standalone="yes"?>
<bug no-bug="" comments="">
    <id>52363</id>
    <title ob="x" eb="" sr="" patterns="S_OB_VERB_ERROR">Unicode character sequence '\u000a'; causes JDT parsing error</title>
    <desc>
        <parg ob="x" eb="" sr="x" id="1">
            <st ob="x" eb="" sr="x" patterns="S_OB_VERB_ERROR,S_OB_DESPITE,S_SR_CODE_REF" id="1.1">The following statement produces a compilation error in JDT, even though it 
looks to me as a syntactically correct statement:</st>
        </parg>
        <parg ob="" eb="" sr="" id="2">
            <st ob="" eb="" sr="" id="2.1">char a = '\u000a';</st>
        </parg>
        <parg ob="" eb="" sr="" id="3">
            <st ob="" eb="" sr="" id="3.1">same result is obtained for</st>
        </parg>
        <parg ob="" eb="" sr="" id="4">
            <st ob="" eb="" sr="" id="4.1">char a = '\u000A';</st>
        </parg>
        <parg ob="x" eb="" sr="" id="5">
            <st ob="x" eb="" sr="" patterns="S_OB_VERB_ERROR" id="5.1">Trying to comment the line out by appending the line with // still produces a 
compile-time error, which clearly indicates that something is wrong.</st>
        </parg>
        <parg ob="" eb="" sr="" id="6">
            <st ob="" eb="" sr="" id="6.1">----</st>
        </parg>
        <parg ob="" eb="" sr="" id="7">
            <st ob="" eb="" sr="" id="7.1">Other unicode character sequences such as</st>
        </parg>
        <parg ob="" eb="" sr="" id="8">
            <st ob="" eb="" sr="" id="8.1">char a = '\u000b';</st>
        </parg>
        <parg ob="" eb="" sr="" id="9">
            <st ob="" eb="" sr="" id="9.1">are accepted as correct.</st>
        </parg>
    </desc>
</bug>
