<?xml version="1.0" encoding="UTF-8" standalone="yes"?>
<bug no-bug="" comments="">
    <id>52985</id>
    <title ob="" eb="" sr="" patterns="">Instance stat. view show wrong Instance numbers</title>
    <desc>
        <parg ob="" eb="" sr="" id="1">
            <st ob="" eb="" sr="" id="1.1">stream&gt;1.0.3
In the Instance Statistic view.</st>
            <st ob="x" eb="" sr="" patterns="S_OB_POS_COND" id="1.2">The Total Instances and Live Instances are showning n-1 number of instances as 
listed when you expend a class.</st>
            <st ob="" eb="" sr="" id="1.3">screen cap follows.</st>
        </parg>
    </desc>
</bug>
