<?xml version="1.0" encoding="UTF-8" standalone="yes"?>
<bug no-bug="" comments="">
    <id>53958</id>
    <title ob="x" eb="" sr="" patterns="S_OB_TOO">Package explorer too eager to do things...</title>
    <desc>
        <parg ob="" eb="" sr="x" patterns="P_SR_CONTINOUS_PRESENT_PAST" id="1">
            <st ob="x" eb="" sr="" patterns="S_OB_WHY" id="1.1">I was starting a big workspace and I was wondering why it was taking time.</st>
            <st ob="" eb="" sr="" id="1.2">Trying to find someone to blame ;-) I debugged and randomly stop and here is the
capture of the stack at this point.</st>
        </parg>
        <parg ob="" eb="" sr="" id="2">
            <st ob="" eb="" sr="" id="2.1">Of course you will tell me: most of the time is spent in JDT Core, resources,
PDE, etc. but down below if you look what triggered all these actions is the
opening of the "package explorer".</st>
        </parg>
        <parg ob="" eb="x" sr="" id="3">
            <st ob="" eb="x" sr="" patterns="S_EB_COULD_QUESTION" id="3.1">Could not background jobs be used to do the filling, so that even if my
workspace is big and I left it open on a package explorer it starts up faster?</st>
        </parg>
        <parg ob="" eb="" sr="" id="4">
            <st ob="" eb="" sr="" id="4.1">	at org.eclipse.core.internal.localstore.FileSystemResourceManager.write</st>
            <st ob="" eb="" sr="" id="4.2">(FileSystemResourceManager.java:671)</st>
            <st ob="" eb="" sr="" id="4.3">	at org.eclipse.core.internal.resources.File.internalSetContents</st>
            <st ob="" eb="" sr="" id="4.4">(File.java:251)</st>
            <st ob="" eb="" sr="" id="4.5">	at org.eclipse.core.internal.resources.File.setContents(File.java:293)</st>
            <st ob="" eb="" sr="" id="4.6">	at </st>
            <st ob="" eb="" sr="" id="4.7">org.eclipse.core.internal.localstore.FileSystemResourceManager.internalWrite</st>
            <st ob="" eb="" sr="" id="4.8">(FileSystemResourceManager.java:259)</st>
            <st ob="" eb="" sr="" id="4.9">	at org.eclipse.core.internal.resources.Project.writeDescription</st>
            <st ob="" eb="" sr="" id="4.10">(Project.java:925)</st>
            <st ob="" eb="" sr="" id="4.11">	at org.eclipse.core.internal.resources.Project.setDescription</st>
            <st ob="" eb="" sr="" id="4.12">(Project.java:825)</st>
            <st ob="" eb="" sr="" id="4.13">	at org.eclipse.core.internal.resources.Project.setDescription</st>
            <st ob="" eb="" sr="" id="4.14">(Project.java:847)</st>
            <st ob="" eb="" sr="" id="4.15">	at </st>
            <st ob="" eb="" sr="" id="4.16">org.eclipse.jdt.internal.core.SetClasspathOperation.updateProjectReferencesIfNe</st>
            <st ob="" eb="" sr="" id="4.17">cessary(SetClasspathOperation.java:810)</st>
            <st ob="" eb="" sr="" id="4.18">	at org.eclipse.jdt.internal.core.SetClasspathOperation.executeOperation</st>
            <st ob="" eb="" sr="" id="4.19">(SetClasspathOperation.java:232)</st>
            <st ob="" eb="" sr="" id="4.20">	at org.eclipse.jdt.internal.core.JavaModelOperation.run</st>
            <st ob="" eb="" sr="" id="4.21">(JavaModelOperation.java:700)</st>
            <st ob="" eb="" sr="" id="4.22">	at org.eclipse.core.internal.resources.Workspace.run</st>
            <st ob="" eb="" sr="" id="4.23">(Workspace.java:1567)</st>
            <st ob="" eb="" sr="" id="4.24">	at org.eclipse.jdt.internal.core.JavaModelOperation.runOperation</st>
            <st ob="" eb="" sr="" id="4.25">(JavaModelOperation.java:744)</st>
            <st ob="" eb="" sr="" id="4.26">	at org.eclipse.jdt.internal.core.JavaProject.setRawClasspath</st>
            <st ob="" eb="" sr="" id="4.27">(JavaProject.java:2629)</st>
            <st ob="" eb="" sr="" id="4.28">	at org.eclipse.jdt.core.JavaCore$5.run(JavaCore.java:3304)</st>
            <st ob="" eb="" sr="" id="4.29">	at org.eclipse.jdt.internal.core.BatchOperation.executeOperation</st>
            <st ob="" eb="" sr="" id="4.30">(BatchOperation.java:34)</st>
            <st ob="" eb="" sr="" id="4.31">	at org.eclipse.jdt.internal.core.JavaModelOperation.run</st>
            <st ob="" eb="" sr="" id="4.32">(JavaModelOperation.java:700)</st>
            <st ob="" eb="" sr="" id="4.33">	at org.eclipse.core.internal.resources.Workspace.run</st>
            <st ob="" eb="" sr="" id="4.34">(Workspace.java:1567)</st>
            <st ob="" eb="" sr="" id="4.35">	at org.eclipse.core.internal.resources.Workspace.run</st>
            <st ob="" eb="" sr="" id="4.36">(Workspace.java:1586)</st>
            <st ob="" eb="" sr="" id="4.37">	at org.eclipse.jdt.core.JavaCore.run(JavaCore.java:3164)</st>
            <st ob="" eb="" sr="" id="4.38">	at org.eclipse.jdt.core.JavaCore.setClasspathContainer</st>
            <st ob="" eb="" sr="" id="4.39">(JavaCore.java:3290)</st>
            <st ob="" eb="" sr="" id="4.40">	at org.eclipse.pde.internal.core.ModelEntry.updateClasspathContainer</st>
            <st ob="" eb="" sr="" id="4.41">(ModelEntry.java:110)</st>
            <st ob="" eb="" sr="" id="4.42">	at org.eclipse.pde.internal.core.RequiredPluginsInitializer.initialize</st>
            <st ob="" eb="" sr="" id="4.43">(RequiredPluginsInitializer.java:40)</st>
            <st ob="" eb="" sr="" id="4.44">	at org.eclipse.jdt.core.JavaCore$1.run(JavaCore.java:1170)</st>
            <st ob="" eb="" sr="" id="4.45">	at org.eclipse.core.internal.runtime.InternalPlatform.run</st>
            <st ob="" eb="" sr="" id="4.46">(InternalPlatform.java:788)</st>
            <st ob="" eb="" sr="" id="4.47">	at org.eclipse.core.runtime.Platform.run(Platform.java:497)</st>
            <st ob="" eb="" sr="" id="4.48">	at org.eclipse.jdt.core.JavaCore.getClasspathContainer</st>
            <st ob="" eb="" sr="" id="4.49">(JavaCore.java:1165)</st>
            <st ob="" eb="" sr="" id="4.50">	at org.eclipse.jdt.internal.core.JavaProject.getResolvedClasspath</st>
            <st ob="" eb="" sr="" id="4.51">(JavaProject.java:1867)</st>
            <st ob="" eb="" sr="" id="4.52">	at org.eclipse.jdt.internal.core.JavaProject.getResolvedClasspath</st>
            <st ob="" eb="" sr="" id="4.53">(JavaProject.java:1790)</st>
            <st ob="" eb="" sr="" id="4.54">	at org.eclipse.jdt.internal.core.JavaProject.computeExpandedClasspath</st>
            <st ob="" eb="" sr="" id="4.55">(JavaProject.java:351)</st>
            <st ob="" eb="" sr="" id="4.56">	at org.eclipse.jdt.internal.core.JavaProject.computeExpandedClasspath</st>
            <st ob="" eb="" sr="" id="4.57">(JavaProject.java:368)</st>
            <st ob="" eb="" sr="" id="4.58">	at org.eclipse.jdt.internal.core.JavaProject.getExpandedClasspath</st>
            <st ob="" eb="" sr="" id="4.59">(JavaProject.java:1316)</st>
            <st ob="" eb="" sr="" id="4.60">	at org.eclipse.jdt.internal.core.JavaProject.getExpandedClasspath</st>
            <st ob="" eb="" sr="" id="4.61">(JavaProject.java:1295)</st>
            <st ob="" eb="" sr="" id="4.62">	at </st>
            <st ob="" eb="" sr="" id="4.63">org.eclipse.jdt.internal.core.SetClasspathOperation.updateAffectedProjects</st>
            <st ob="" eb="" sr="" id="4.64">(SetClasspathOperation.java:636)</st>
            <st ob="" eb="" sr="" id="4.65">	at </st>
            <st ob="" eb="" sr="" id="4.66">org.eclipse.jdt.internal.core.SetClasspathOperation.generateClasspathChangeDelt</st>
            <st ob="" eb="" sr="" id="4.67">as(SetClasspathOperation.java:515)</st>
            <st ob="" eb="" sr="" id="4.68">	at org.eclipse.jdt.internal.core.SetClasspathOperation.updateClasspath</st>
            <st ob="" eb="" sr="" id="4.69">(SetClasspathOperation.java:606)</st>
            <st ob="" eb="" sr="" id="4.70">	at org.eclipse.jdt.internal.core.SetClasspathOperation.executeOperation</st>
            <st ob="" eb="" sr="" id="4.71">(SetClasspathOperation.java:245)</st>
            <st ob="" eb="" sr="" id="4.72">	at org.eclipse.jdt.internal.core.JavaModelOperation.run</st>
            <st ob="" eb="" sr="" id="4.73">(JavaModelOperation.java:700)</st>
            <st ob="" eb="" sr="" id="4.74">	at org.eclipse.core.internal.resources.Workspace.run</st>
            <st ob="" eb="" sr="" id="4.75">(Workspace.java:1567)</st>
            <st ob="" eb="" sr="" id="4.76">	at org.eclipse.jdt.internal.core.JavaModelOperation.runOperation</st>
            <st ob="" eb="" sr="" id="4.77">(JavaModelOperation.java:744)</st>
            <st ob="" eb="" sr="" id="4.78">	at org.eclipse.jdt.internal.core.JavaProject.setRawClasspath</st>
            <st ob="" eb="" sr="" id="4.79">(JavaProject.java:2629)</st>
            <st ob="" eb="" sr="" id="4.80">	at org.eclipse.jdt.core.JavaCore$5.run(JavaCore.java:3304)</st>
            <st ob="" eb="" sr="" id="4.81">	at org.eclipse.jdt.internal.core.BatchOperation.executeOperation</st>
            <st ob="" eb="" sr="" id="4.82">(BatchOperation.java:34)</st>
            <st ob="" eb="" sr="" id="4.83">	at org.eclipse.jdt.internal.core.JavaModelOperation.run</st>
            <st ob="" eb="" sr="" id="4.84">(JavaModelOperation.java:700)</st>
            <st ob="" eb="" sr="" id="4.85">	at org.eclipse.core.internal.resources.Workspace.run</st>
            <st ob="" eb="" sr="" id="4.86">(Workspace.java:1567)</st>
            <st ob="" eb="" sr="" id="4.87">	at org.eclipse.core.internal.resources.Workspace.run</st>
            <st ob="" eb="" sr="" id="4.88">(Workspace.java:1586)</st>
            <st ob="" eb="" sr="" id="4.89">	at org.eclipse.jdt.core.JavaCore.run(JavaCore.java:3164)</st>
            <st ob="" eb="" sr="" id="4.90">	at org.eclipse.jdt.core.JavaCore.setClasspathContainer</st>
            <st ob="" eb="" sr="" id="4.91">(JavaCore.java:3290)</st>
            <st ob="" eb="" sr="" id="4.92">	at org.eclipse.pde.internal.core.ModelEntry.updateClasspathContainer</st>
            <st ob="" eb="" sr="" id="4.93">(ModelEntry.java:110)</st>
            <st ob="" eb="" sr="" id="4.94">	at org.eclipse.pde.internal.core.RequiredPluginsInitializer.initialize</st>
            <st ob="" eb="" sr="" id="4.95">(RequiredPluginsInitializer.java:40)</st>
            <st ob="" eb="" sr="" id="4.96">	at org.eclipse.jdt.core.JavaCore$1.run(JavaCore.java:1170)</st>
            <st ob="" eb="" sr="" id="4.97">	at org.eclipse.core.internal.runtime.InternalPlatform.run</st>
            <st ob="" eb="" sr="" id="4.98">(InternalPlatform.java:788)</st>
            <st ob="" eb="" sr="" id="4.99">	at org.eclipse.core.runtime.Platform.run(Platform.java:497)</st>
            <st ob="" eb="" sr="" id="4.100">	at org.eclipse.jdt.core.JavaCore.getClasspathContainer</st>
            <st ob="" eb="" sr="" id="4.101">(JavaCore.java:1165)</st>
            <st ob="" eb="" sr="" id="4.102">	at org.eclipse.jdt.internal.core.JavaProject.getResolvedClasspath</st>
            <st ob="" eb="" sr="" id="4.103">(JavaProject.java:1867)</st>
            <st ob="" eb="" sr="" id="4.104">	at org.eclipse.jdt.internal.core.JavaProject.getResolvedClasspath</st>
            <st ob="" eb="" sr="" id="4.105">(JavaProject.java:1790)</st>
            <st ob="" eb="" sr="" id="4.106">	at org.eclipse.jdt.internal.core.JavaProject.computeExpandedClasspath</st>
            <st ob="" eb="" sr="" id="4.107">(JavaProject.java:351)</st>
            <st ob="" eb="" sr="" id="4.108">	at org.eclipse.jdt.internal.core.JavaProject.computeExpandedClasspath</st>
            <st ob="" eb="" sr="" id="4.109">(JavaProject.java:368)</st>
            <st ob="" eb="" sr="" id="4.110">	at org.eclipse.jdt.internal.core.JavaProject.getExpandedClasspath</st>
            <st ob="" eb="" sr="" id="4.111">(JavaProject.java:1316)</st>
            <st ob="" eb="" sr="" id="4.112">	at org.eclipse.jdt.internal.core.JavaProject.getExpandedClasspath</st>
            <st ob="" eb="" sr="" id="4.113">(JavaProject.java:1295)</st>
            <st ob="" eb="" sr="" id="4.114">	at </st>
            <st ob="" eb="" sr="" id="4.115">org.eclipse.jdt.internal.core.SetClasspathOperation.updateAffectedProjects</st>
            <st ob="" eb="" sr="" id="4.116">(SetClasspathOperation.java:636)</st>
            <st ob="" eb="" sr="" id="4.117">	at </st>
            <st ob="" eb="" sr="" id="4.118">org.eclipse.jdt.internal.core.SetClasspathOperation.generateClasspathChangeDelt</st>
            <st ob="" eb="" sr="" id="4.119">as(SetClasspathOperation.java:515)</st>
            <st ob="" eb="" sr="" id="4.120">	at org.eclipse.jdt.internal.core.SetClasspathOperation.updateClasspath</st>
            <st ob="" eb="" sr="" id="4.121">(SetClasspathOperation.java:606)</st>
            <st ob="" eb="" sr="" id="4.122">	at org.eclipse.jdt.internal.core.SetClasspathOperation.executeOperation</st>
            <st ob="" eb="" sr="" id="4.123">(SetClasspathOperation.java:245)</st>
            <st ob="" eb="" sr="" id="4.124">	at org.eclipse.jdt.internal.core.JavaModelOperation.run</st>
            <st ob="" eb="" sr="" id="4.125">(JavaModelOperation.java:700)</st>
            <st ob="" eb="" sr="" id="4.126">	at org.eclipse.core.internal.resources.Workspace.run</st>
            <st ob="" eb="" sr="" id="4.127">(Workspace.java:1567)</st>
            <st ob="" eb="" sr="" id="4.128">	at org.eclipse.jdt.internal.core.JavaModelOperation.runOperation</st>
            <st ob="" eb="" sr="" id="4.129">(JavaModelOperation.java:744)</st>
            <st ob="" eb="" sr="" id="4.130">	at org.eclipse.jdt.internal.core.JavaProject.setRawClasspath</st>
            <st ob="" eb="" sr="" id="4.131">(JavaProject.java:2629)</st>
            <st ob="" eb="" sr="" id="4.132">	at org.eclipse.jdt.core.JavaCore$5.run(JavaCore.java:3304)</st>
            <st ob="" eb="" sr="" id="4.133">	at org.eclipse.jdt.internal.core.BatchOperation.executeOperation</st>
            <st ob="" eb="" sr="" id="4.134">(BatchOperation.java:34)</st>
            <st ob="" eb="" sr="" id="4.135">	at org.eclipse.jdt.internal.core.JavaModelOperation.run</st>
            <st ob="" eb="" sr="" id="4.136">(JavaModelOperation.java:700)</st>
            <st ob="" eb="" sr="" id="4.137">	at org.eclipse.core.internal.resources.Workspace.run</st>
            <st ob="" eb="" sr="" id="4.138">(Workspace.java:1567)</st>
            <st ob="" eb="" sr="" id="4.139">	at org.eclipse.core.internal.resources.Workspace.run</st>
            <st ob="" eb="" sr="" id="4.140">(Workspace.java:1586)</st>
            <st ob="" eb="" sr="" id="4.141">	at org.eclipse.jdt.core.JavaCore.run(JavaCore.java:3164)</st>
            <st ob="" eb="" sr="" id="4.142">	at org.eclipse.jdt.core.JavaCore.setClasspathContainer</st>
            <st ob="" eb="" sr="" id="4.143">(JavaCore.java:3290)</st>
            <st ob="" eb="" sr="" id="4.144">	at org.eclipse.pde.internal.core.ModelEntry.updateClasspathContainer</st>
            <st ob="" eb="" sr="" id="4.145">(ModelEntry.java:110)</st>
            <st ob="" eb="" sr="" id="4.146">	at org.eclipse.pde.internal.core.RequiredPluginsInitializer.initialize</st>
            <st ob="" eb="" sr="" id="4.147">(RequiredPluginsInitializer.java:40)</st>
            <st ob="" eb="" sr="" id="4.148">	at org.eclipse.jdt.core.JavaCore$1.run(JavaCore.java:1170)</st>
            <st ob="" eb="" sr="" id="4.149">	at org.eclipse.core.internal.runtime.InternalPlatform.run</st>
            <st ob="" eb="" sr="" id="4.150">(InternalPlatform.java:788)</st>
            <st ob="" eb="" sr="" id="4.151">	at org.eclipse.core.runtime.Platform.run(Platform.java:497)</st>
            <st ob="" eb="" sr="" id="4.152">	at org.eclipse.jdt.core.JavaCore.getClasspathContainer</st>
            <st ob="" eb="" sr="" id="4.153">(JavaCore.java:1165)</st>
            <st ob="" eb="" sr="" id="4.154">	at org.eclipse.jdt.internal.core.JavaProject.getResolvedClasspath</st>
            <st ob="" eb="" sr="" id="4.155">(JavaProject.java:1867)</st>
            <st ob="" eb="" sr="" id="4.156">	at org.eclipse.jdt.internal.core.JavaProject.getResolvedClasspath</st>
            <st ob="" eb="" sr="" id="4.157">(JavaProject.java:1790)</st>
            <st ob="" eb="" sr="" id="4.158">	at org.eclipse.jdt.internal.core.JavaProject.getResolvedClasspath</st>
            <st ob="" eb="" sr="" id="4.159">(JavaProject.java:1762)</st>
            <st ob="" eb="" sr="" id="4.160">	at org.eclipse.jdt.internal.core.DeltaProcessingState.initializeRoots</st>
            <st ob="" eb="" sr="" id="4.161">(DeltaProcessingState.java:147)</st>
            <st ob="" eb="" sr="" id="4.162">	at org.eclipse.jdt.internal.core.JavaModelOperation.run</st>
            <st ob="" eb="" sr="" id="4.163">(JavaModelOperation.java:698)</st>
            <st ob="" eb="" sr="" id="4.164">	at org.eclipse.core.internal.resources.Workspace.run</st>
            <st ob="" eb="" sr="" id="4.165">(Workspace.java:1567)</st>
            <st ob="" eb="" sr="" id="4.166">	at org.eclipse.core.internal.resources.Workspace.run</st>
            <st ob="" eb="" sr="" id="4.167">(Workspace.java:1586)</st>
            <st ob="" eb="" sr="" id="4.168">	at org.eclipse.jdt.core.JavaCore.run(JavaCore.java:3164)</st>
            <st ob="" eb="" sr="" id="4.169">	at org.eclipse.jdt.core.JavaCore.setClasspathContainer</st>
            <st ob="" eb="" sr="" id="4.170">(JavaCore.java:3290)</st>
            <st ob="" eb="" sr="" id="4.171">	at </st>
            <st ob="" eb="" sr="" id="4.172">org.eclipse.jdt.internal.launching.JREContainerInitializer.initialize</st>
            <st ob="" eb="" sr="" id="4.173">(JREContainerInitializer.java:51)</st>
            <st ob="" eb="" sr="" id="4.174">	at org.eclipse.jdt.core.JavaCore$1.run(JavaCore.java:1170)</st>
            <st ob="" eb="" sr="" id="4.175">	at org.eclipse.core.internal.runtime.InternalPlatform.run</st>
            <st ob="" eb="" sr="" id="4.176">(InternalPlatform.java:788)</st>
            <st ob="" eb="" sr="" id="4.177">	at org.eclipse.core.runtime.Platform.run(Platform.java:497)</st>
            <st ob="" eb="" sr="" id="4.178">	at org.eclipse.jdt.core.JavaCore.getClasspathContainer</st>
            <st ob="" eb="" sr="" id="4.179">(JavaCore.java:1165)</st>
            <st ob="" eb="" sr="" id="4.180">	at org.eclipse.jdt.internal.core.JavaProject.getResolvedClasspath</st>
            <st ob="" eb="" sr="" id="4.181">(JavaProject.java:1867)</st>
            <st ob="" eb="" sr="" id="4.182">	at org.eclipse.jdt.internal.core.JavaProject.getResolvedClasspath</st>
            <st ob="" eb="" sr="" id="4.183">(JavaProject.java:1790)</st>
            <st ob="" eb="" sr="" id="4.184">	at org.eclipse.jdt.internal.core.JavaProject.getResolvedClasspath</st>
            <st ob="" eb="" sr="" id="4.185">(JavaProject.java:1762)</st>
            <st ob="" eb="" sr="" id="4.186">	at org.eclipse.jdt.core.JavaCore.setClasspathContainer</st>
            <st ob="" eb="" sr="" id="4.187">(JavaCore.java:3281)</st>
            <st ob="" eb="" sr="" id="4.188">	at org.eclipse.pde.internal.core.ModelEntry.updateClasspathContainer</st>
            <st ob="" eb="" sr="" id="4.189">(ModelEntry.java:110)</st>
            <st ob="" eb="" sr="" id="4.190">	at org.eclipse.pde.internal.core.RequiredPluginsInitializer.initialize</st>
            <st ob="" eb="" sr="" id="4.191">(RequiredPluginsInitializer.java:40)</st>
            <st ob="" eb="" sr="" id="4.192">	at org.eclipse.jdt.core.JavaCore$1.run(JavaCore.java:1170)</st>
            <st ob="" eb="" sr="" id="4.193">	at org.eclipse.core.internal.runtime.InternalPlatform.run</st>
            <st ob="" eb="" sr="" id="4.194">(InternalPlatform.java:788)</st>
            <st ob="" eb="" sr="" id="4.195">	at org.eclipse.core.runtime.Platform.run(Platform.java:497)</st>
            <st ob="" eb="" sr="" id="4.196">	at org.eclipse.jdt.core.JavaCore.getClasspathContainer</st>
            <st ob="" eb="" sr="" id="4.197">(JavaCore.java:1165)</st>
            <st ob="" eb="" sr="" id="4.198">	at org.eclipse.jdt.internal.core.JavaProject.getResolvedClasspath</st>
            <st ob="" eb="" sr="" id="4.199">(JavaProject.java:1867)</st>
            <st ob="" eb="" sr="" id="4.200">	at org.eclipse.jdt.internal.core.JavaProject.getResolvedClasspath</st>
            <st ob="" eb="" sr="" id="4.201">(JavaProject.java:1790)</st>
            <st ob="" eb="" sr="" id="4.202">	at org.eclipse.jdt.internal.core.JavaProject.getResolvedClasspath</st>
            <st ob="" eb="" sr="" id="4.203">(JavaProject.java:1762)</st>
            <st ob="" eb="" sr="" id="4.204">	at org.eclipse.jdt.internal.core.JavaProject.buildStructure</st>
            <st ob="" eb="" sr="" id="4.205">(JavaProject.java:262)</st>
            <st ob="" eb="" sr="" id="4.206">	at org.eclipse.jdt.internal.core.Openable.generateInfos</st>
            <st ob="" eb="" sr="" id="4.207">(Openable.java:169)</st>
            <st ob="" eb="" sr="" id="4.208">	at org.eclipse.jdt.internal.core.JavaElement.openWhenClosed</st>
            <st ob="" eb="" sr="" id="4.209">(JavaElement.java:536)</st>
            <st ob="" eb="" sr="" id="4.210">	at org.eclipse.jdt.internal.core.JavaElement.getElementInfo</st>
            <st ob="" eb="" sr="" id="4.211">(JavaElement.java:280)</st>
            <st ob="" eb="" sr="" id="4.212">	at org.eclipse.jdt.internal.core.JavaElement.getElementInfo</st>
            <st ob="" eb="" sr="" id="4.213">(JavaElement.java:266)</st>
            <st ob="" eb="" sr="" id="4.214">	at org.eclipse.jdt.internal.core.JavaElement.getChildren</st>
            <st ob="" eb="" sr="" id="4.215">(JavaElement.java:221)</st>
            <st ob="" eb="" sr="" id="4.216">	at org.eclipse.jdt.internal.core.Openable.hasChildren</st>
            <st ob="" eb="" sr="" id="4.217">(Openable.java:272)</st>
            <st ob="" eb="" sr="" id="4.218">	at org.eclipse.jdt.ui.StandardJavaElementContentProvider.hasChildren</st>
            <st ob="" eb="" sr="" id="4.219">(StandardJavaElementContentProvider.java:213)</st>
            <st ob="" eb="" sr="" id="4.220">	at org.eclipse.jface.viewers.AbstractTreeViewer.isExpandable</st>
            <st ob="" eb="" sr="" id="4.221">(AbstractTreeViewer.java:1152)</st>
            <st ob="" eb="" sr="" id="4.222">	at org.eclipse.jface.viewers.AbstractTreeViewer.updatePlus</st>
            <st ob="" eb="" sr="" id="4.223">(AbstractTreeViewer.java:1596)</st>
            <st ob="" eb="" sr="" id="4.224">	at org.eclipse.jface.viewers.AbstractTreeViewer.createTreeItem</st>
            <st ob="" eb="" sr="" id="4.225">(AbstractTreeViewer.java:384)</st>
            <st ob="" eb="" sr="" id="4.226">	at org.eclipse.jface.viewers.AbstractTreeViewer$1.run</st>
            <st ob="" eb="" sr="" id="4.227">(AbstractTreeViewer.java:363)</st>
            <st ob="" eb="" sr="" id="4.228">	at org.eclipse.swt.custom.BusyIndicator.showWhile</st>
            <st ob="" eb="" sr="" id="4.229">(BusyIndicator.java:84)</st>
            <st ob="" eb="" sr="" id="4.230">	at org.eclipse.jface.viewers.AbstractTreeViewer.createChildren</st>
            <st ob="" eb="" sr="" id="4.231">(AbstractTreeViewer.java:349)</st>
            <st ob="" eb="" sr="" id="4.232">	at org.eclipse.jface.viewers.AbstractTreeViewer$5.run</st>
            <st ob="" eb="" sr="" id="4.233">(AbstractTreeViewer.java:808)</st>
            <st ob="" eb="" sr="" id="4.234">	at org.eclipse.jface.viewers.StructuredViewer.preservingSelection</st>
            <st ob="" eb="" sr="" id="4.235">(StructuredViewer.java:810)</st>
            <st ob="" eb="" sr="" id="4.236">	at org.eclipse.jface.viewers.AbstractTreeViewer.inputChanged</st>
            <st ob="" eb="" sr="" id="4.237">(AbstractTreeViewer.java:798)</st>
            <st ob="" eb="" sr="" id="4.238">	at org.eclipse.jface.viewers.ContentViewer.setInput</st>
            <st ob="" eb="" sr="" id="4.239">(ContentViewer.java:238)</st>
            <st ob="" eb="" sr="" id="4.240">	at org.eclipse.jface.viewers.StructuredViewer.setInput</st>
            <st ob="" eb="" sr="" id="4.241">(StructuredViewer.java:1004)</st>
            <st ob="" eb="" sr="" id="4.242">	at </st>
            <st ob="" eb="" sr="" id="4.243">org.eclipse.jdt.internal.ui.packageview.PackageExplorerPart.createPartControl</st>
            <st ob="" eb="" sr="" id="4.244">(PackageExplorerPart.java:284)</st>
            <st ob="" eb="" sr="" id="4.245">	at org.eclipse.ui.internal.PartPane$1.run(PartPane.java:118)</st>
            <st ob="" eb="" sr="" id="4.246">	at org.eclipse.core.internal.runtime.InternalPlatform.run</st>
            <st ob="" eb="" sr="" id="4.247">(InternalPlatform.java:788)</st>
            <st ob="" eb="" sr="" id="4.248">	at org.eclipse.core.runtime.Platform.run(Platform.java:497)</st>
            <st ob="" eb="" sr="" id="4.249">	at org.eclipse.ui.internal.PartPane.createChildControl</st>
            <st ob="" eb="" sr="" id="4.250">(PartPane.java:114)</st>
            <st ob="" eb="" sr="" id="4.251">	at org.eclipse.ui.internal.ViewPane.createChildControl</st>
            <st ob="" eb="" sr="" id="4.252">(ViewPane.java:322)</st>
            <st ob="" eb="" sr="" id="4.253">	at org.eclipse.ui.internal.PartPane.createControl(PartPane.java:226)</st>
            <st ob="" eb="" sr="" id="4.254">	at org.eclipse.ui.internal.ViewPane.createControl(ViewPane.java:275)</st>
            <st ob="" eb="" sr="" id="4.255">	at org.eclipse.ui.internal.PartTabFolder.createPartTab</st>
            <st ob="" eb="" sr="" id="4.256">(PartTabFolder.java:589)</st>
            <st ob="" eb="" sr="" id="4.257">	at org.eclipse.ui.internal.PartTabFolder.createControl</st>
            <st ob="" eb="" sr="" id="4.258">(PartTabFolder.java:528)</st>
            <st ob="" eb="" sr="" id="4.259">	at org.eclipse.ui.internal.PartSashContainer.createControl</st>
            <st ob="" eb="" sr="" id="4.260">(PartSashContainer.java:240)</st>
            <st ob="" eb="" sr="" id="4.261">	at org.eclipse.ui.internal.PerspectivePresentation.activate</st>
            <st ob="" eb="" sr="" id="4.262">(PerspectivePresentation.java:117)</st>
            <st ob="" eb="" sr="" id="4.263">	at org.eclipse.ui.internal.Perspective.onActivate(Perspective.java:629)</st>
            <st ob="" eb="" sr="" id="4.264">	at org.eclipse.ui.internal.WorkbenchPage.onActivate</st>
            <st ob="" eb="" sr="" id="4.265">(WorkbenchPage.java:1957)</st>
            <st ob="" eb="" sr="" id="4.266">	at org.eclipse.ui.internal.WorkbenchWindow$6.run</st>
            <st ob="" eb="" sr="" id="4.267">(WorkbenchWindow.java:1670)</st>
            <st ob="" eb="" sr="" id="4.268">	at org.eclipse.swt.custom.BusyIndicator.showWhile</st>
            <st ob="" eb="" sr="" id="4.269">(BusyIndicator.java:84)</st>
            <st ob="" eb="" sr="" id="4.270">	at org.eclipse.ui.internal.WorkbenchWindow.setActivePage</st>
            <st ob="" eb="" sr="" id="4.271">(WorkbenchWindow.java:1657)</st>
            <st ob="" eb="" sr="" id="4.272">	at org.eclipse.ui.internal.WorkbenchWindow.restoreState</st>
            <st ob="" eb="" sr="" id="4.273">(WorkbenchWindow.java:1250)</st>
            <st ob="" eb="" sr="" id="4.274">	at org.eclipse.ui.internal.Workbench.restoreState(Workbench.java:1385)</st>
            <st ob="" eb="" sr="" id="4.275">	at org.eclipse.ui.internal.Workbench.access$9(Workbench.java:1353)</st>
            <st ob="" eb="" sr="" id="4.276">	at org.eclipse.ui.internal.Workbench$14.run(Workbench.java:1275)</st>
            <st ob="" eb="" sr="" id="4.277">	at org.eclipse.core.internal.runtime.InternalPlatform.run</st>
            <st ob="" eb="" sr="" id="4.278">(InternalPlatform.java:788)</st>
            <st ob="" eb="" sr="" id="4.279">	at org.eclipse.core.runtime.Platform.run(Platform.java:497)</st>
            <st ob="" eb="" sr="" id="4.280">	at org.eclipse.ui.internal.Workbench.openPreviousWorkbenchState</st>
            <st ob="" eb="" sr="" id="4.281">(Workbench.java:1231)</st>
            <st ob="" eb="" sr="" id="4.282">	at org.eclipse.ui.internal.Workbench.init(Workbench.java:907)</st>
            <st ob="" eb="" sr="" id="4.283">	at org.eclipse.ui.internal.Workbench.runUI(Workbench.java:1519)</st>
            <st ob="" eb="" sr="" id="4.284">	at org.eclipse.ui.internal.Workbench.createAndRunWorkbench</st>
            <st ob="" eb="" sr="" id="4.285">(Workbench.java:263)</st>
            <st ob="" eb="" sr="" id="4.286">	at org.eclipse.ui.PlatformUI.createAndRunWorkbench(PlatformUI.java:139)</st>
            <st ob="" eb="" sr="" id="4.287">	at org.eclipse.ui.internal.ide.IDEApplication.run</st>
            <st ob="" eb="" sr="" id="4.288">(IDEApplication.java:47)</st>
            <st ob="" eb="" sr="" id="4.289">	at org.eclipse.core.internal.runtime.PlatformActivator$1.run</st>
            <st ob="" eb="" sr="" id="4.290">(PlatformActivator.java:256)</st>
            <st ob="" eb="" sr="" id="4.291">	at org.eclipse.core.runtime.adaptor.EclipseStarter.run</st>
            <st ob="" eb="" sr="" id="4.292">(EclipseStarter.java:100)</st>
            <st ob="" eb="" sr="" id="4.293">	at sun.reflect.NativeMethodAccessorImpl.invoke0(Native Method)</st>
            <st ob="" eb="" sr="" id="4.294">	at sun.reflect.NativeMethodAccessorImpl.invoke</st>
            <st ob="" eb="" sr="" id="4.295">(NativeMethodAccessorImpl.java:39)</st>
            <st ob="" eb="" sr="" id="4.296">	at sun.reflect.DelegatingMethodAccessorImpl.invoke</st>
            <st ob="" eb="" sr="" id="4.297">(DelegatingMethodAccessorImpl.java:25)</st>
            <st ob="" eb="" sr="" id="4.298">	at java.lang.reflect.Method.invoke(Method.java:324)</st>
            <st ob="" eb="" sr="" id="4.299">	at org.eclipse.core.launcher.Main.basicRun(Main.java:279)</st>
            <st ob="" eb="" sr="" id="4.300">	at org.eclipse.core.launcher.Main.run(Main.java:742)</st>
            <st ob="" eb="" sr="" id="4.301">	at org.eclipse.core.launcher.Main.main(Main.java:581)</st>
            <st ob="" eb="" sr="" id="4.302">!SUBENTRY 1 org.eclipse.core.resources 4 274 Mar 05, 2004 16:55:09.683</st>
            <st ob="" eb="" sr="" id="4.303">!MESSAGE Resource is out of sync with the file </st>
            <st ob="" eb="" sr="" id="4.304">system: /org.eclipse.ui/.project.</st>
            <st ob="" eb="" sr="" id="4.305">!ENTRY org.eclipse.core.runtime 4 2 Mar 05, 2004 16:55:09.808</st>
            <st ob="" eb="" sr="" id="4.306">!MESSAGE Problems occurred when invoking code from plug-</st>
            <st ob="" eb="" sr="" id="4.307">in: "org.eclipse.core.runtime".</st>
        </parg>
    </desc>
</bug>
