<?xml version="1.0" encoding="UTF-8" standalone="yes"?>
<bug no-bug="" comments="">
    <id>57037</id>
    <title ob="x" eb="" sr="" patterns="S_OB_NEG_VERB">CVS checkout of module fails in M8</title>
    <desc>
        <parg ob="" eb="" sr="" id="1">
            <st ob="" eb="" sr="" id="1.1">Using M8 on WinNT4 SP6</st>
        </parg>
        <parg ob="" eb="" sr="" id="2">
            <st ob="" eb="" sr="" id="2.1">I have a cvs repository /cvs-eqperl that has a folder called /cvs-eqperl/batch
I also have a module defined called batch which is defined as:</st>
        </parg>
        <parg ob="" eb="" sr="" id="3">
            <st ob="" eb="" sr="" id="3.1">batch  -a batch/apps/DataLoadProcess batch/apps/employee batch/apps/mktdata
batch/apps/Reports</st>
        </parg>
        <parg ob="x" eb="" sr="x" id="4">
            <st ob="x" eb="" sr="x" patterns="S_OB_COND_NEG,S_SR_COND_SEQUENCE" id="4.1">When I try to checkout the batch folder from CVS OR if I try to checkout the
batch module from Eclipse M8 I get an error reported from cvs server dialog
whose details are:</st>
        </parg>
        <parg ob="" eb="" sr="" id="5">
            <st ob="x" eb="" sr="" patterns="S_OB_VERB_ERROR,S_OB_NEG_COND" id="5.1">The server reported an error while performing the "cvs checkout" command.</st>
            <st ob="" eb="" sr="" id="5.2">: cvs server: existing repository /cvs-eqperl/batch/apps/DataLoadProcess does
not match /cvs-eqperl/batch/apps/employee
  : cvs server: ignoring module batch/apps/employee
  : cvs server: existing repository /cvs-eqperl/batch/apps/DataLoadProcess does
not match /cvs-eqperl/batch/apps/mktdata
  : cvs server: ignoring module batch/apps/mktdata
  : cvs server: existing repository /cvs-eqperl/batch/apps/DataLoadProcess does
not match /cvs-eqperl/batch/apps/Reports
  : cvs server: ignoring module batch/apps/Reports</st>
        </parg>
        <parg ob="x" eb="" sr="" id="6">
            <st ob="x" eb="" sr="" patterns="S_OB_WORKS_FINE" id="6.1">When I try to perform the same action on Eclipse 2.1.2 using the checkout module
popup menu it works fine.</st>
        </parg>
        <parg ob="x" eb="" sr="" id="7">
            <st ob="x" eb="" sr="" patterns="S_OB_WORKS_FINE" id="7.1">It also works fine using the cvsnt command line utility</st>
        </parg>
        <parg ob="" eb="" sr="" id="8">
            <st ob="" eb="" sr="" id="8.1">/sanjay</st>
        </parg>
    </desc>
</bug>
