<?xml version="1.0" encoding="UTF-8" standalone="yes"?>
<bug no-bug="" comments="">
    <id>5820</id>
    <title ob="x" eb="" sr="" patterns="S_OB_SIMPLE_PRESENT">Close all editors brings up hierarchy of object</title>
    <desc>
        <parg ob="" eb="" sr="" id="1">
            <st ob="" eb="" sr="" id="1.1">Build: 1107</st>
        </parg>
        <parg ob="" eb="" sr="x" patterns="P_SR_ACTIONS_INF" id="2">
            <st ob="" eb="" sr="" id="2.1">1 Open a Java editor in the Java perspective</st>
            <st ob="" eb="" sr="" id="2.2">2 Select the project</st>
            <st ob="" eb="" sr="" id="2.3">3 Hit Ctrl-Shift-F4</st>
        </parg>
        <parg ob="" eb="" sr="" id="3">
            <st ob="x" eb="" sr="" patterns="S_OB_AFTER_TIME" id="3.1">The hierarchy for Object appears after ~30 seconds.</st>
            <st ob="" eb="" sr="" id="3.2">This is very confusing.</st>
        </parg>
    </desc>
</bug>
