<?xml version="1.0" encoding="UTF-8" standalone="yes"?>
<bug no-bug="" comments="">
    <id>60101</id>
    <title ob="" eb="x" sr="" patterns="S_EB_SHOULD">Sort by parent path should take method name into account</title>
    <desc>
        <parg ob="" eb="" sr="" id="1">
            <st ob="" eb="" sr="" id="1.1">build i0420:0800</st>
        </parg>
        <parg ob="" eb="" sr="" id="2">
            <st ob="" eb="" sr="x" patterns="S_SR_SIMPLE_PRESENT_SUBORDINATES" id="2.1">- I do a Java Search and sort the results by Parent Path</st>
            <st ob="" eb="x" sr="" patterns="S_EB_SHOULD" id="2.2">- I believe the secondary sort consideration should be the method name</st>
            <st ob="" eb="x" sr="" patterns="S_EB_WOULD_BE" id="2.3">- this would make the results sorted alphabetically</st>
        </parg>
        <parg ob="" eb="" sr="" patterns="" id="3">
            <st ob="x" eb="" sr="" patterns="S_OB_OBS_BEHAVIOR,S_OB_OUTPUT" id="3.1">Here are the currently results.</st>
            <st ob="" eb="" sr="" id="3.2">Note I removed part of the package name to make
the list clearer.</st>
            <st ob="" eb="" sr="" id="3.3">(#addChild is out of order alphabetically) I'm not sure what
order its listed in...#addChild is at the beginning of the java file so its not
by order of appearance in the file.</st>
        </parg>
        <parg ob="" eb="" sr="" id="4">
            <st ob="" eb="" sr="" id="4.1">preferences.EclipsePreferences.childrenNames()
preferences.EclipsePreferences.getChild(String) (2 matches)
preferences.EclipsePreferences.getChildren() (2 matches)
preferences.EclipsePreferences.removeNode(IEclipsePreferences) (4 matches)
preferences.EclipsePreferences.addChild(String, IEclipsePreferences) (3 matches)
preferences.RootPreferences.getChild(String) (2 matches)</st>
        </parg>
    </desc>
</bug>
