<?xml version="1.0" encoding="UTF-8" standalone="yes"?>
<bug no-bug="" comments="">
    <id>60657</id>
    <title ob="x" eb="" sr="" patterns="S_OB_TOO">Default size of Shell is too big in multi-monitors</title>
    <desc>
        <parg ob="x" eb="" sr="x" id="1">
            <st ob="x" eb="" sr="x" patterns="S_OB_POS_COND,S_SR_CODE_REF" id="1.1">The snippet below opens a shell that goes across multiple monitors when there 
are multiple monitors installed.</st>
        </parg>
        <parg ob="" eb="" sr="" id="2">
            <st ob="" eb="" sr="" id="2.1">Shell shell = new Shell(display);
shell.open()</st>
        </parg>
    </desc>
</bug>
