<?xml version="1.0" encoding="UTF-8" standalone="yes"?>
<bug no-bug="" comments="">
    <id>63650</id>
    <title ob="x" eb="" sr="" patterns="S_OB_NEG_VERB">3.0M9 crashes when opening 3.0M8 workspace</title>
    <desc>
        <parg ob="" eb="" sr="" id="1">
            <st ob="x" eb="" sr="" patterns="S_OB_BUT_NEG" id="1.1">I'm trying to open my old workspace with M9, but eclipse fails.</st>
            <st ob="" eb="" sr="" id="1.2">Error message:</st>
            <st ob="" eb="" sr="" id="1.3">JVM terminated.</st>
            <st ob="" eb="" sr="" id="1.4">Exit code=1</st>
            <st ob="" eb="" sr="" id="1.5">/home/dirk/j2sdk1.4.2_01/bin/java</st>
            <st ob="" eb="" sr="" id="1.6">-cp /home/dirk/eclipse/startup.jar org.eclipse.core.launcher.Main</st>
            <st ob="" eb="" sr="" id="1.7">-os linux</st>
            <st ob="" eb="" sr="" id="1.8">-ws gtk</st>
            <st ob="" eb="" sr="" id="1.9">-arch x86</st>
            <st ob="" eb="" sr="" id="1.10">-showsplash /home/dirk/eclipse/eclipse -showsplash 600</st>
            <st ob="" eb="" sr="" id="1.11">-exitdata /home/dirk/eclipse/eclipse -exitdata 498016</st>
            <st ob="" eb="" sr="" id="1.12">-vm /home/dirk/j2sdk1.4.2_01/bin/java</st>
            <st ob="" eb="" sr="" id="1.13">-vmargs</st>
            <st ob="" eb="" sr="" id="1.14">-cp /home/dirk/eclipse/startup.jar org.eclipse.core.launcher.Main</st>
        </parg>
        <parg ob="" eb="" sr="" id="2">
            <st ob="" eb="" sr="x" patterns="S_SR_CODE_REF" id="2.1">Command line used to start eclipse:</st>
            <st ob="" eb="" sr="" id="2.2">[dirk@zappws010 eclipse]$ eclipse -vm /home/dirk/j2sdk1.4.2_01/bin/java</st>
            <st ob="" eb="" sr="" id="2.3">Unable to find Action Set: org.eclipse.help.internal.ui.HelpActionSet</st>
        </parg>
        <parg ob="" eb="" sr="" id="3">
            <st ob="" eb="" sr="" id="3.1">When I start M9 with an empty workspace, it starts without a problem.</st>
            <st ob="" eb="" sr="" id="3.2">The error message about the Action Set is also the only thing I can see in the</st>
            <st ob="" eb="" sr="" id="3.3">workspace/.</st>
            <st ob="" eb="" sr="" id="3.4">metadata/.</st>
            <st ob="" eb="" sr="" id="3.5">log file:</st>
            <st ob="" eb="" sr="" id="3.6">!</st>
            <st ob="" eb="" sr="" id="3.7">SESSION May 24, 2004 12:03:45.198</st>
            <st ob="" eb="" sr="" id="3.8">---------------------------------------------eclipse.buildId=I200405211200</st>
            <st ob="" eb="" sr="" id="3.9">java.version=1.4.2_01</st>
            <st ob="" eb="" sr="" id="3.10">java.vendor=Sun Microsystems Inc.</st>
            <st ob="" eb="" sr="" id="3.11">BootLoader constants: OS=linux, ARCH=x86, WS=gtk, NL=en_US</st>
            <st ob="" eb="" sr="" id="3.12">!</st>
            <st ob="" eb="" sr="" id="3.13">ENTRY org.eclipse.ui 4 4 May 24, 2004 12:03:45.199</st>
            <st ob="" eb="" sr="" id="3.14">!</st>
            <st ob="" eb="" sr="" id="3.15">MESSAGE Unable to find Action Set: org.eclipse.help.internal.ui.HelpActionSet</st>
        </parg>
    </desc>
</bug>
