<?xml version="1.0" encoding="UTF-8" standalone="yes"?>
<bug no-bug="" comments="">
    <id>67940</id>
    <title ob="x" eb="" sr="" patterns="S_OB_NEG_AUX_VERB">Merge wizard start tag list does not resize with wizard</title>
    <desc>
        <parg ob="" eb="" sr="" id="1">
            <st ob="x" eb="" sr="x" patterns="S_OB_NEG_AUX_VERB,S_SR_CONTINOUS_PRESENT" id="1.1">I was making the Merge wizard smaller and noticed that the start tag list did 
not shrink past a certain size.</st>
            <st ob="" eb="" sr="" id="1.2">Not a big deal but...</st>
        </parg>
    </desc>
</bug>
