<?xml version="1.0" encoding="UTF-8" standalone="yes"?>
<bug no-bug="" comments="">
    <id>69678</id>
    <title ob="x" eb="" sr="" patterns="S_OB_COND_NEG">If mozilla is not installed, launching help internally throws an error</title>
    <desc>
        <parg ob="" eb="" sr="" id="1">
            <st ob="x" eb="" sr="" patterns="S_OB_NEG_AUX_VERB,S_OB_NEG_COND" id="1.1">If mozilla is not installed, launching help internally throws an error.</st>
            <st ob="" eb="" sr="" id="1.2">I can 
workaround it by entering an external browser.</st>
            <st ob="" eb="x" sr="" patterns="S_EB_SHOULD" id="1.3">On linux platforms, it should 
also look for atleast "konqueror" and "firefox" and launch internally.</st>
            <st ob="x" eb="" sr="" patterns="S_OB_SEEMS,S_OB_ADV_TIME_POS,S_OB_ONLY" id="1.4">Right 
now, it seem to look only for mozilla and netscape.</st>
        </parg>
    </desc>
</bug>
