<?xml version="1.0" encoding="UTF-8" standalone="yes"?>
<bug no-bug="" comments="">
    <id>72121</id>
    <title ob="x" eb="" sr="" patterns="S_OB_NOUN_NOT">[ViewMgmt] View titles not read by screen readers</title>
    <desc>
        <parg ob="" eb="" sr="x" patterns="P_SR_ACTIONS_MULTI_OBS_BEHAVIOR" id="1">
            <st ob="" eb="" sr="" id="1.1">(by Crystal Xiao)
Create a java project
Create a java class
Turn on narrator</st>
            <st ob="x" eb="" sr="" patterns="S_OB_NEG_AUX_VERB" id="1.2">Show in Package explorer, the narrator does not read out the name of the view 
(Package explorer view).</st>
            <st ob="" eb="" sr="" id="1.3">(NOT EXPECTED)
Now turn on MS Jaws and show in Package explorer.</st>
            <st ob="x" eb="" sr="" patterns="S_OB_NEG_AUX_VERB" id="1.4">The MS Jaws also does not 
read out the name of the view (Package explorer view).</st>
            <st ob="" eb="" sr="" id="1.5">(NOT EXPECTED)</st>
        </parg>
    </desc>
</bug>
