<?xml version="1.0" encoding="UTF-8" standalone="yes"?>
<bug no-bug="" comments="">
    <id>73299</id>
    <title ob="" eb="x" sr="" patterns="S_EB_SHOULD">[JUnit] Upon "Unknown Source" in a stacktrace,  a double-click should open the properties-Java Build Path - Libraries [JUnit]</title>
    <desc>
        <parg ob="x" eb="" sr="" id="1">
            <st ob="x" eb="" sr="" patterns="S_OB_VERB_ERROR" id="1.1">in a junit test run, I get the following stack trace</st>
        </parg>
        <parg ob="" eb="" sr="" id="2">
            <st ob="" eb="" sr="" id="2.1">at java.text.SimpleDateFormat.format(SimpleDateFormat.java:775)</st>
            <st ob="" eb="" sr="" id="2.2">	at javax.mail.internet.MailDateFormat.format(Unknown Source)</st>
            <st ob="" eb="" sr="" id="2.3">	at java.text.DateFormat.format(DateFormat.java:314)</st>
        </parg>
        <parg ob="" eb="" sr="" id="3">
            <st ob="x" eb="" sr="" patterns="S_OB_COND_NEG,S_OB_NEG_AUX_VERB" id="3.1">While for all the other source files, a double click brings me into the right
place in the source file, understandably this doesn't happen for the "Unknown
Source" case.</st>
            <st ob="" eb="x" sr="" patterns="S_EB_WOULD_BE" id="3.2">However, it would be great if upon a double click there, the Project
properties-Java Build Path-Libraries would open the concerned library where I
could attach the source.</st>
        </parg>
        <parg ob="" eb="x" sr="" id="4">
            <st ob="" eb="x" sr="" patterns="S_EB_WOULD_BE" id="4.1">This would be especially useful if the .class file is present in multiple .jar
files because it then would bring to the one implementation that gets really used.</st>
        </parg>
    </desc>
</bug>
