<?xml version="1.0" encoding="UTF-8" standalone="yes"?>
<bug no-bug="" comments="">
    <id>73947</id>
    <title ob="x" eb="" sr="" patterns="S_OB_PROBLEM_IN">Truncation Issue in Korean</title>
    <desc>
        <parg ob="" eb="" sr="x" id="1">
            <st ob="" eb="" sr="x" patterns="S_SR_MENU_NAV" id="1.1">Go to Windows -&gt; Preference -&gt; Plugin Developement -&gt; Compiler.</st>
        </parg>
        <parg ob="x" eb="" sr="" id="2">
            <st ob="x" eb="" sr="" patterns="S_OB_NEG_ADV_ADJ" id="2.1">The items in the drop down menus are truncated.</st>
        </parg>
    </desc>
</bug>
