<?xml version="1.0" encoding="UTF-8" standalone="yes"?>
<bug no-bug="" comments="">
    <id>7485</id>
    <title ob="x" eb="" sr="" patterns="S_OB_NEG_VERB">IType resolve fails</title>
    <desc>
        <parg ob="" eb="" sr="x" patterns="P_SR_ACTIONS_INF" id="1">
            <st ob="" eb="" sr="" id="1.1">20108</st>
            <st ob="" eb="" sr="" id="1.2">1 create (A.java)</st>
            <st ob="" eb="" sr="" id="1.3">import java.util.Vector;</st>
            <st ob="" eb="" sr="" id="1.4">public class A {</st>
            <st ob="" eb="" sr="" id="1.5">public A(Vector v) {</st>
            <st ob="" eb="" sr="" id="1.6">}</st>
            <st ob="" eb="" sr="" id="1.7">}</st>
            <st ob="" eb="" sr="" id="1.8">(B.java)</st>
            <st ob="" eb="" sr="" id="1.9">public class B extends A {</st>
            <st ob="" eb="" sr="" id="1.10">}</st>
            <st ob="" eb="" sr="" id="1.11">2 in the outliner on B, choose 'Add constructors from superclass'</st>
            <st ob="x" eb="" sr="" patterns="S_OB_BUT_NEG" id="1.12">Constructor is added but no import for Vector.</st>
            <st ob="" eb="" sr="" id="1.13">3 Dio it again but set a breakpoint in JavaModelUtil.getResolvedTypeName.</st>
            <st ob="" eb="" sr="" id="1.14">It is called to resolve type name 'Vector' in A.</st>
            <st ob="" eb="" sr="" id="1.15">No results.</st>
        </parg>
    </desc>
</bug>
