<?xml version="1.0" encoding="UTF-8" standalone="yes"?>
<bug no-bug="" comments="">
    <id>75521</id>
    <title ob="x" eb="" sr="" patterns="S_OB_NEG_VERB">Eclipse 3.1M2 crashes when software update is run</title>
    <desc>
        <parg ob="" eb="" sr="" id="1">
            <st ob="" eb="" sr="x" patterns="S_SR_MENU_SELECT" id="1.1">Upon startup, I select the Help, Software Updates, and Find and Install menu options.</st>
            <st ob="" eb="" sr="" id="1.2">The loading 
cursor is replaced immediatly by the Apple spinning "beach ball" cursor.</st>
            <st ob="x" eb="" sr="" patterns="S_OB_NEG_VERB" id="1.3">Shortly after the application 
crashes and displays an message</st>
        </parg>
        <parg ob="" eb="" sr="" id="2">
            <st ob="" eb="" sr="" id="2.1">JVM terminated
Exit code=10
.....
.....</st>
        </parg>
    </desc>
</bug>
