<?xml version="1.0" encoding="UTF-8" standalone="yes"?>
<bug no-bug="" comments="">
    <id>78058</id>
    <title ob="x" eb="" sr="" patterns="S_OB_PROBLEM_IN">Errors in basebuilder/builderTemplate/build.xml</title>
    <desc>
        <parg ob="" eb="" sr="" id="1">
            <st ob="x" eb="" sr="" patterns="S_OB_SIMPLE_PRESENT" id="1.1">The build.xml contains '&lt;' and '&gt;' within an XML argument.</st>
            <st ob="" eb="" sr="" id="1.2">The attached patched
will replace this with "&amp;lt;" and "&amp;gt;".</st>
        </parg>
    </desc>
</bug>
