<?xml version="1.0" encoding="UTF-8" standalone="yes"?>
<bug no-bug="" comments="">
    <id>79982</id>
    <title ob="" eb="" sr="">[Problems] Add filter: active workingset</title>
    <desc>
        <parg ob="x" eb="" sr="" id="1">
            <st ob="x" eb="" sr="" patterns="S_OB_ADV_TIME_POS" id="1.1">Currently, you can select (in the problem filter):
On working set:
 &lt;select&gt;</st>
        </parg>
        <parg ob="" eb="x" sr="" id="2">
            <st ob="" eb="x" sr="" patterns="S_EB_SHOULD" id="2.1">You should be able to select 'active workingset', so that when you change 
workingsets, the filter also changes.</st>
        </parg>
    </desc>
</bug>
