<?xml version="1.0" encoding="UTF-8" standalone="yes"?>
<bug no-bug="" comments="">
    <id>82710</id>
    <title ob="x" eb="" sr="" patterns="S_OB_ERROR_COND">Exception when doing Revert To File</title>
    <desc>
        <parg ob="" eb="" sr="x" id="1">
            <st ob="" eb="" sr="x" patterns="S_SR_COND_OBS" id="1.1">Happens to me when I do "revert to file" using the right click menu.</st>
        </parg>
        <parg ob="" eb="" sr="" id="2">
            <st ob="" eb="" sr="" id="2.1">I use Eclipse M4.</st>
        </parg>
        <parg ob="" eb="" sr="" id="3">
            <st ob="" eb="" sr="" id="3.1">java.lang.IllegalArgumentException: Argument not valid</st>
            <st ob="" eb="" sr="" id="3.2">at org.eclipse.swt.SWT.error(SWT.java:2813)</st>
            <st ob="" eb="" sr="" id="3.3">at org.eclipse.swt.SWT.error(SWT.java:2752)</st>
            <st ob="" eb="" sr="" id="3.4">at org.eclipse.swt.SWT.error(SWT.java:2723)</st>
            <st ob="" eb="" sr="" id="3.5">at org.eclipse.swt.custom.StyledText.getBidiSegments(StyledText.java:4144)</st>
            <st ob="" eb="" sr="" id="3.6">at org.eclipse.swt.custom.DisplayRenderer.getBidiSegments(DisplayRenderer.java:</st>
            <st ob="" eb="" sr="" id="3.7">128)</st>
            <st ob="" eb="" sr="" id="3.8">at org.eclipse.swt.custom.StyledTextRenderer.getTextLayout</st>
            <st ob="" eb="" sr="" id="3.9">(StyledTextRenderer.java:415)</st>
            <st ob="" eb="" sr="" id="3.10">at org.eclipse.swt.custom.StyledText$ContentWidthCache.contentWidth</st>
            <st ob="" eb="" sr="" id="3.11">(StyledText.java:1257)</st>
            <st ob="" eb="" sr="" id="3.12">at org.eclipse.swt.custom.StyledText$ContentWidthCache.calculate</st>
            <st ob="" eb="" sr="" id="3.13">(StyledText.java:1221)</st>
            <st ob="" eb="" sr="" id="3.14">at org.eclipse.swt.custom.StyledText.redraw(StyledText.java:5873)</st>
            <st ob="" eb="" sr="" id="3.15">at org.eclipse.swt.custom.StyledText.handleResize(StyledText.java:5114)</st>
            <st ob="" eb="" sr="" id="3.16">at org.eclipse.swt.custom.StyledText$7.handleEvent(StyledText.java:4757)</st>
            <st ob="" eb="" sr="" id="3.17">at org.eclipse.swt.widgets.EventTable.sendEvent(EventTable.java:82)</st>
            <st ob="" eb="" sr="" id="3.18">at org.eclipse.swt.widgets.Widget.sendEvent(Widget.java:833)</st>
            <st ob="" eb="" sr="" id="3.19">at org.eclipse.swt.widgets.Widget.sendEvent(Widget.java:857)</st>
            <st ob="" eb="" sr="" id="3.20">at org.eclipse.swt.widgets.Widget.sendEvent(Widget.java:838)</st>
            <st ob="" eb="" sr="" id="3.21">at org.eclipse.swt.widgets.Control.WM_SIZE(Control.java:3623)</st>
            <st ob="" eb="" sr="" id="3.22">at org.eclipse.swt.widgets.Scrollable.WM_SIZE(Scrollable.java:319)</st>
            <st ob="" eb="" sr="" id="3.23">at org.eclipse.swt.widgets.Composite.WM_SIZE(Composite.java:1150)</st>
            <st ob="" eb="" sr="" id="3.24">at org.eclipse.swt.widgets.Canvas.WM_SIZE(Canvas.java:251)</st>
            <st ob="" eb="" sr="" id="3.25">at org.eclipse.swt.widgets.Control.windowProc(Control.java:3081)</st>
            <st ob="" eb="" sr="" id="3.26">at org.eclipse.swt.widgets.Display.windowProc(Display.java:3370)</st>
            <st ob="" eb="" sr="" id="3.27">at org.eclipse.swt.internal.win32.OS.CallWindowProcW(Native Method)</st>
            <st ob="" eb="" sr="" id="3.28">at org.eclipse.swt.internal.win32.OS.CallWindowProc(OS.java:1494)</st>
            <st ob="" eb="" sr="" id="3.29">at org.eclipse.swt.internal.BidiUtil.windowProc(BidiUtil.java:648)</st>
            <st ob="" eb="" sr="" id="3.30">at org.eclipse.swt.internal.win32.OS.DefWindowProcW(Native Method)</st>
            <st ob="" eb="" sr="" id="3.31">at org.eclipse.swt.internal.win32.OS.DefWindowProc(OS.java:1565)</st>
            <st ob="" eb="" sr="" id="3.32">at org.eclipse.swt.widgets.Scrollable.callWindowProc(Scrollable.java:77)</st>
            <st ob="" eb="" sr="" id="3.33">at org.eclipse.swt.widgets.Control.windowProc(Control.java:3097)</st>
            <st ob="" eb="" sr="" id="3.34">at org.eclipse.swt.widgets.Display.windowProc(Display.java:3370)</st>
            <st ob="" eb="" sr="" id="3.35">at org.eclipse.swt.internal.win32.OS.CallWindowProcW(Native Method)</st>
            <st ob="" eb="" sr="" id="3.36">at org.eclipse.swt.internal.win32.OS.CallWindowProc(OS.java:1494)</st>
            <st ob="" eb="" sr="" id="3.37">at org.eclipse.swt.internal.BidiUtil.windowProc(BidiUtil.java:648)</st>
            <st ob="" eb="" sr="" id="3.38">at org.eclipse.swt.internal.win32.OS.EndDeferWindowPos(Native Method)</st>
            <st ob="" eb="" sr="" id="3.39">at org.eclipse.swt.widgets.Composite.resizeChildren(Composite.java:647)</st>
            <st ob="" eb="" sr="" id="3.40">at org.eclipse.swt.widgets.Composite.resizeChildren(Composite.java:613)</st>
            <st ob="" eb="" sr="" id="3.41">at org.eclipse.swt.widgets.Composite.setResizeChildren(Composite.java:745)</st>
            <st ob="" eb="" sr="" id="3.42">at org.eclipse.swt.widgets.Composite.updateLayout(Composite.java:826)</st>
            <st ob="" eb="" sr="" id="3.43">at org.eclipse.swt.widgets.Composite.layout(Composite.java:487)</st>
            <st ob="" eb="" sr="" id="3.44">at org.eclipse.swt.widgets.Composite.layout(Composite.java:452)</st>
            <st ob="" eb="" sr="" id="3.45">at org.eclipse.jface.text.source.CompositeRuler.layoutTextViewer</st>
            <st ob="" eb="" sr="" id="3.46">(CompositeRuler.java:606)</st>
            <st ob="" eb="" sr="" id="3.47">at org.eclipse.jface.text.source.CompositeRuler.addDecorator</st>
            <st ob="" eb="" sr="" id="3.48">(CompositeRuler.java:560)</st>
            <st ob="" eb="" sr="" id="3.49">at </st>
            <st ob="" eb="" sr="" id="3.50">org.eclipse.jface.text.source.projection.ProjectionViewer.addVerticalRulerColum</st>
            <st ob="" eb="" sr="" id="3.51">n(ProjectionViewer.java:1187)</st>
            <st ob="" eb="" sr="" id="3.52">at </st>
            <st ob="" eb="" sr="" id="3.53">org.eclipse.jface.text.source.projection.ProjectionSupport.doEnableProjection</st>
            <st ob="" eb="" sr="" id="3.54">(ProjectionSupport.java:253)</st>
            <st ob="" eb="" sr="" id="3.55">at </st>
            <st ob="" eb="" sr="" id="3.56">org.eclipse.jface.text.source.projection.ProjectionSupport$ProjectionListener.p</st>
            <st ob="" eb="" sr="" id="3.57">rojectionEnabled(ProjectionSupport.java:141)</st>
            <st ob="" eb="" sr="" id="3.58">at </st>
            <st ob="" eb="" sr="" id="3.59">org.eclipse.jface.text.source.projection.ProjectionViewer.fireProjectionEnabled</st>
            <st ob="" eb="" sr="" id="3.60">(ProjectionViewer.java:473)</st>
            <st ob="" eb="" sr="" id="3.61">at org.eclipse.jface.text.source.projection.ProjectionViewer.enableProjection</st>
            <st ob="" eb="" sr="" id="3.62">(ProjectionViewer.java:521)</st>
            <st ob="" eb="" sr="" id="3.63">at org.eclipse.jdt.internal.ui.javaeditor.JavaEditor.performRevert</st>
            <st ob="" eb="" sr="" id="3.64">(JavaEditor.java:3612)</st>
            <st ob="" eb="" sr="" id="3.65">at org.eclipse.ui.texteditor.AbstractTextEditor.doRevertToSaved</st>
            <st ob="" eb="" sr="" id="3.66">(AbstractTextEditor.java:3709)</st>
            <st ob="" eb="" sr="" id="3.67">at org.eclipse.ui.texteditor.StatusTextEditor.doRevertToSaved</st>
            <st ob="" eb="" sr="" id="3.68">(StatusTextEditor.java:183)</st>
            <st ob="" eb="" sr="" id="3.69">at org.eclipse.ui.texteditor.RevertToSavedAction.run(RevertToSavedAction.java:</st>
            <st ob="" eb="" sr="" id="3.70">47)</st>
            <st ob="" eb="" sr="" id="3.71">at org.eclipse.jface.action.Action.runWithEvent(Action.java:989)</st>
            <st ob="" eb="" sr="" id="3.72">at org.eclipse.jface.action.ActionContributionItem.handleWidgetSelection</st>
            <st ob="" eb="" sr="" id="3.73">(ActionContributionItem.java:555)</st>
            <st ob="" eb="" sr="" id="3.74">at org.eclipse.jface.action.ActionContributionItem.access$2</st>
            <st ob="" eb="" sr="" id="3.75">(ActionContributionItem.java:505)</st>
            <st ob="" eb="" sr="" id="3.76">at org.eclipse.jface.action.ActionContributionItem$6.handleEvent</st>
            <st ob="" eb="" sr="" id="3.77">(ActionContributionItem.java:419)</st>
            <st ob="" eb="" sr="" id="3.78">at org.eclipse.swt.widgets.EventTable.sendEvent(EventTable.java:82)</st>
            <st ob="" eb="" sr="" id="3.79">at org.eclipse.swt.widgets.Widget.sendEvent(Widget.java:833)</st>
            <st ob="" eb="" sr="" id="3.80">at org.eclipse.swt.widgets.Display.runDeferredEvents(Display.java:2803)</st>
            <st ob="" eb="" sr="" id="3.81">at org.eclipse.swt.widgets.Display.readAndDispatch(Display.java:2448)</st>
            <st ob="" eb="" sr="" id="3.82">at org.eclipse.ui.internal.Workbench.runEventLoop(Workbench.java:1569)</st>
            <st ob="" eb="" sr="" id="3.83">at org.eclipse.ui.internal.Workbench.runUI(Workbench.java:1540)</st>
            <st ob="" eb="" sr="" id="3.84">at org.eclipse.ui.internal.Workbench.createAndRunWorkbench(Workbench.java:285)</st>
            <st ob="" eb="" sr="" id="3.85">at org.eclipse.ui.PlatformUI.createAndRunWorkbench(PlatformUI.java:144)</st>
            <st ob="" eb="" sr="" id="3.86">at org.eclipse.ui.internal.ide.IDEApplication.run(IDEApplication.java:102)</st>
            <st ob="" eb="" sr="" id="3.87">at org.eclipse.core.internal.runtime.PlatformActivator$1.run</st>
            <st ob="" eb="" sr="" id="3.88">(PlatformActivator.java:220)</st>
            <st ob="" eb="" sr="" id="3.89">at org.eclipse.core.runtime.adaptor.EclipseStarter.run(EclipseStarter.java:273)</st>
            <st ob="" eb="" sr="" id="3.90">at org.eclipse.core.runtime.adaptor.EclipseStarter.run(EclipseStarter.java:129)</st>
            <st ob="" eb="" sr="" id="3.91">at sun.reflect.NativeMethodAccessorImpl.invoke0(Native Method)</st>
            <st ob="" eb="" sr="" id="3.92">at sun.reflect.NativeMethodAccessorImpl.invoke(NativeMethodAccessorImpl.java:</st>
            <st ob="" eb="" sr="" id="3.93">39)</st>
            <st ob="" eb="" sr="" id="3.94">at sun.reflect.DelegatingMethodAccessorImpl.invoke</st>
            <st ob="" eb="" sr="" id="3.95">(DelegatingMethodAccessorImpl.java:25)</st>
            <st ob="" eb="" sr="" id="3.96">at java.lang.reflect.Method.invoke(Method.java:324)</st>
            <st ob="" eb="" sr="" id="3.97">at org.eclipse.core.launcher.Main.basicRun(Main.java:185)</st>
            <st ob="" eb="" sr="" id="3.98">at org.eclipse.core.launcher.Main.run(Main.java:710)</st>
            <st ob="" eb="" sr="" id="3.99">at org.eclipse.core.launcher.Main.main(Main.java:694)</st>
        </parg>
    </desc>
</bug>
