<?xml version="1.0" encoding="UTF-8" standalone="yes"?>
<bug no-bug="" comments="">
    <id>83292</id>
    <title ob="x" eb="" sr="" patterns="S_OB_PROBLEM_IN">NPE in new project wizard</title>
    <desc>
        <parg ob="" eb="" sr="" id="1">
            <st ob="" eb="" sr="" id="1.1">Build I20050118-1015:</st>
        </parg>
        <parg ob="" eb="" sr="x" patterns="P_SR_LABELED_LIST" id="2">
            <st ob="" eb="" sr="" id="2.1">Steps to reproduce:</st>
            <st ob="" eb="" sr="" id="2.2">- Use 5.0 workspace settings</st>
            <st ob="" eb="" sr="" id="2.3">- Create new project using wizard</st>
            <st ob="" eb="" sr="" id="2.4">- Press next once</st>
            <st ob="" eb="" sr="" id="2.5">- Configure some settings (sorry for the vague description)</st>
            <st ob="" eb="" sr="" id="2.6">- Press back once</st>
        </parg>
        <parg ob="" eb="" sr="" id="3">
            <st ob="" eb="" sr="" id="3.1">java.lang.NullPointerException</st>
            <st ob="" eb="" sr="" id="3.2">at org.eclipse.jdt.internal.corext.buildpath.ClasspathModifier.filtersSet</st>
            <st ob="" eb="" sr="" id="3.3">(ClasspathModifier.java:924)</st>
            <st ob="" eb="" sr="" id="3.4">at </st>
            <st ob="" eb="" sr="" id="3.5">org.eclipse.jdt.internal.ui.wizards.buildpaths.newsourcepage.DialogPackageExplo</st>
            <st ob="" eb="" sr="" id="3.6">rer$PackageLabelProvider.getText(DialogPackageExplorer.java:164)</st>
            <st ob="" eb="" sr="" id="3.7">at org.eclipse.jface.viewers.DecoratingLabelProvider.getText</st>
            <st ob="" eb="" sr="" id="3.8">(DecoratingLabelProvider.java:118)</st>
            <st ob="" eb="" sr="" id="3.9">at org.eclipse.jface.viewers.DecoratingLabelProvider.updateLabel</st>
            <st ob="" eb="" sr="" id="3.10">(DecoratingLabelProvider.java:208)</st>
            <st ob="" eb="" sr="" id="3.11">at org.eclipse.jface.viewers.StructuredViewer.buildLabel</st>
            <st ob="" eb="" sr="" id="3.12">(StructuredViewer.java:1703)</st>
            <st ob="" eb="" sr="" id="3.13">at org.eclipse.jface.viewers.TreeViewer.doUpdateItem(TreeViewer.java:107)</st>
            <st ob="" eb="" sr="" id="3.14">at org.eclipse.jface.viewers.AbstractTreeViewer$UpdateItemSafeRunnable.run</st>
            <st ob="" eb="" sr="" id="3.15">(AbstractTreeViewer.java:86)</st>
            <st ob="" eb="" sr="" id="3.16">at org.eclipse.core.internal.runtime.InternalPlatform.run</st>
            <st ob="" eb="" sr="" id="3.17">(InternalPlatform.java:1061)</st>
            <st ob="" eb="" sr="" id="3.18">at org.eclipse.core.runtime.Platform.run(Platform.java:747)</st>
            <st ob="" eb="" sr="" id="3.19">at org.eclipse.jface.viewers.AbstractTreeViewer.doUpdateItem</st>
            <st ob="" eb="" sr="" id="3.20">(AbstractTreeViewer.java:490)</st>
            <st ob="" eb="" sr="" id="3.21">at org.eclipse.jface.viewers.StructuredViewer$UpdateItemSafeRunnable.run</st>
            <st ob="" eb="" sr="" id="3.22">(StructuredViewer.java:352)</st>
            <st ob="" eb="" sr="" id="3.23">at org.eclipse.core.internal.runtime.InternalPlatform.run</st>
            <st ob="" eb="" sr="" id="3.24">(InternalPlatform.java:1061)</st>
            <st ob="" eb="" sr="" id="3.25">at org.eclipse.core.runtime.Platform.run(Platform.java:747)</st>
            <st ob="" eb="" sr="" id="3.26">at org.eclipse.jface.viewers.StructuredViewer.updateItem</st>
            <st ob="" eb="" sr="" id="3.27">(StructuredViewer.java:1646)</st>
            <st ob="" eb="" sr="" id="3.28">at org.eclipse.jface.viewers.StructuredViewer.internalUpdate</st>
            <st ob="" eb="" sr="" id="3.29">(StructuredViewer.java:1629)</st>
            <st ob="" eb="" sr="" id="3.30">at org.eclipse.jface.viewers.StructuredViewer.update</st>
            <st ob="" eb="" sr="" id="3.31">(StructuredViewer.java:1594)</st>
            <st ob="" eb="" sr="" id="3.32">at org.eclipse.jface.viewers.StructuredViewer.update</st>
            <st ob="" eb="" sr="" id="3.33">(StructuredViewer.java:1548)</st>
            <st ob="" eb="" sr="" id="3.34">at org.eclipse.jface.viewers.StructuredViewer.handleLabelProviderChanged</st>
            <st ob="" eb="" sr="" id="3.35">(StructuredViewer.java:915)</st>
            <st ob="" eb="" sr="" id="3.36">at org.eclipse.jface.viewers.ContentViewer$1.labelProviderChanged</st>
            <st ob="" eb="" sr="" id="3.37">(ContentViewer.java:74)</st>
            <st ob="" eb="" sr="" id="3.38">at org.eclipse.ui.internal.decorators.DecoratorManager$1.run</st>
            <st ob="" eb="" sr="" id="3.39">(DecoratorManager.java:227)</st>
            <st ob="" eb="" sr="" id="3.40">at org.eclipse.core.internal.runtime.InternalPlatform.run</st>
            <st ob="" eb="" sr="" id="3.41">(InternalPlatform.java:1061)</st>
            <st ob="" eb="" sr="" id="3.42">at org.eclipse.core.runtime.Platform.run(Platform.java:747)</st>
            <st ob="" eb="" sr="" id="3.43">at org.eclipse.ui.internal.decorators.DecoratorManager.fireListeners</st>
            <st ob="" eb="" sr="" id="3.44">(DecoratorManager.java:225)</st>
            <st ob="" eb="" sr="" id="3.45">at org.eclipse.ui.internal.decorators.DecorationScheduler$2.runInUIThread</st>
            <st ob="" eb="" sr="" id="3.46">(DecorationScheduler.java:405)</st>
            <st ob="" eb="" sr="" id="3.47">at org.eclipse.ui.progress.UIJob$1.run(UIJob.java:96)</st>
            <st ob="" eb="" sr="" id="3.48">at org.eclipse.swt.widgets.RunnableLock.run(RunnableLock.java:35)</st>
            <st ob="" eb="" sr="" id="3.49">at org.eclipse.swt.widgets.Synchronizer.runAsyncMessages(Synchronizer.java:118)</st>
            <st ob="" eb="" sr="" id="3.50">at org.eclipse.swt.widgets.Display.runAsyncMessages(Display.java:2787)</st>
            <st ob="" eb="" sr="" id="3.51">at org.eclipse.swt.widgets.Display.readAndDispatch(Display.java:2458)</st>
            <st ob="" eb="" sr="" id="3.52">at org.eclipse.jface.operation.ModalContext$ModalContextThread.block</st>
            <st ob="" eb="" sr="" id="3.53">(ModalContext.java:151)</st>
            <st ob="" eb="" sr="" id="3.54">at org.eclipse.jface.operation.ModalContext.run(ModalContext.java:301)</st>
            <st ob="" eb="" sr="" id="3.55">at org.eclipse.jface.wizard.WizardDialog.run(WizardDialog.java:824)</st>
            <st ob="" eb="" sr="" id="3.56">at </st>
            <st ob="" eb="" sr="" id="3.57">org.eclipse.jdt.internal.ui.wizards.JavaProjectWizardSecondPage.removeProject</st>
            <st ob="" eb="" sr="" id="3.58">(JavaProjectWizardSecondPage.java:256)</st>
            <st ob="" eb="" sr="" id="3.59">at org.eclipse.jdt.internal.ui.wizards.JavaProjectWizardSecondPage.setVisible</st>
            <st ob="" eb="" sr="" id="3.60">(JavaProjectWizardSecondPage.java:86)</st>
            <st ob="" eb="" sr="" id="3.61">at org.eclipse.jface.wizard.WizardDialog.updateForPage(WizardDialog.java:1026)</st>
            <st ob="" eb="" sr="" id="3.62">at org.eclipse.jface.wizard.WizardDialog.access$2(WizardDialog.java:1007)</st>
            <st ob="" eb="" sr="" id="3.63">at org.eclipse.jface.wizard.WizardDialog$4.run(WizardDialog.java:997)</st>
            <st ob="" eb="" sr="" id="3.64">at org.eclipse.swt.custom.BusyIndicator.showWhile(BusyIndicator.java:69)</st>
            <st ob="" eb="" sr="" id="3.65">at org.eclipse.jface.wizard.WizardDialog.showPage(WizardDialog.java:995)</st>
            <st ob="" eb="" sr="" id="3.66">at org.eclipse.jface.wizard.WizardDialog.backPressed(WizardDialog.java:321)</st>
            <st ob="" eb="" sr="" id="3.67">at org.eclipse.jface.wizard.WizardDialog.buttonPressed(WizardDialog.java:334)</st>
            <st ob="" eb="" sr="" id="3.68">at org.eclipse.jface.dialogs.Dialog$2.widgetSelected(Dialog.java:543)</st>
            <st ob="" eb="" sr="" id="3.69">at org.eclipse.swt.widgets.TypedListener.handleEvent(TypedListener.java:89)</st>
            <st ob="" eb="" sr="" id="3.70">at org.eclipse.swt.widgets.EventTable.sendEvent(EventTable.java:82)</st>
            <st ob="" eb="" sr="" id="3.71">at org.eclipse.swt.widgets.Widget.sendEvent(Widget.java:833)</st>
            <st ob="" eb="" sr="" id="3.72">at org.eclipse.swt.widgets.Display.runDeferredEvents(Display.java:2810)</st>
            <st ob="" eb="" sr="" id="3.73">at org.eclipse.swt.widgets.Display.readAndDispatch(Display.java:2455)</st>
            <st ob="" eb="" sr="" id="3.74">at org.eclipse.jface.window.Window.runEventLoop(Window.java:718)</st>
            <st ob="" eb="" sr="" id="3.75">at org.eclipse.jface.window.Window.open(Window.java:696)</st>
            <st ob="" eb="" sr="" id="3.76">at org.eclipse.ui.actions.NewProjectAction.run(NewProjectAction.java:117)</st>
            <st ob="" eb="" sr="" id="3.77">at org.eclipse.jface.action.Action.runWithEvent(Action.java:989)</st>
            <st ob="" eb="" sr="" id="3.78">at org.eclipse.jface.action.ActionContributionItem.handleWidgetSelection</st>
            <st ob="" eb="" sr="" id="3.79">(ActionContributionItem.java:555)</st>
            <st ob="" eb="" sr="" id="3.80">at org.eclipse.jface.action.ActionContributionItem.access$2</st>
            <st ob="" eb="" sr="" id="3.81">(ActionContributionItem.java:505)</st>
            <st ob="" eb="" sr="" id="3.82">at org.eclipse.jface.action.ActionContributionItem$6.handleEvent</st>
            <st ob="" eb="" sr="" id="3.83">(ActionContributionItem.java:419)</st>
            <st ob="" eb="" sr="" id="3.84">at org.eclipse.swt.widgets.EventTable.sendEvent(EventTable.java:82)</st>
            <st ob="" eb="" sr="" id="3.85">at org.eclipse.swt.widgets.Widget.sendEvent(Widget.java:833)</st>
            <st ob="" eb="" sr="" id="3.86">at org.eclipse.swt.widgets.Display.runDeferredEvents(Display.java:2810)</st>
            <st ob="" eb="" sr="" id="3.87">at org.eclipse.swt.widgets.Display.readAndDispatch(Display.java:2455)</st>
            <st ob="" eb="" sr="" id="3.88">at org.eclipse.ui.internal.Workbench.runEventLoop(Workbench.java:1575)</st>
            <st ob="" eb="" sr="" id="3.89">at org.eclipse.ui.internal.Workbench.runUI(Workbench.java:1541)</st>
            <st ob="" eb="" sr="" id="3.90">at org.eclipse.ui.internal.Workbench.createAndRunWorkbench(Workbench.java:287)</st>
            <st ob="" eb="" sr="" id="3.91">at org.eclipse.ui.PlatformUI.createAndRunWorkbench(PlatformUI.java:144)</st>
            <st ob="" eb="" sr="" id="3.92">at org.eclipse.ui.internal.ide.IDEApplication.run(IDEApplication.java:102)</st>
            <st ob="" eb="" sr="" id="3.93">at org.eclipse.core.internal.runtime.PlatformActivator$1.run</st>
            <st ob="" eb="" sr="" id="3.94">(PlatformActivator.java:220)</st>
            <st ob="" eb="" sr="" id="3.95">at org.eclipse.core.runtime.adaptor.EclipseStarter.run(EclipseStarter.java:274)</st>
            <st ob="" eb="" sr="" id="3.96">at org.eclipse.core.runtime.adaptor.EclipseStarter.run(EclipseStarter.java:129)</st>
            <st ob="" eb="" sr="" id="3.97">at sun.reflect.NativeMethodAccessorImpl.invoke0(Native Method)</st>
            <st ob="" eb="" sr="" id="3.98">at sun.reflect.NativeMethodAccessorImpl.invoke</st>
            <st ob="" eb="" sr="" id="3.99">(NativeMethodAccessorImpl.java:39)</st>
            <st ob="" eb="" sr="" id="3.100">at sun.reflect.DelegatingMethodAccessorImpl.invoke</st>
            <st ob="" eb="" sr="" id="3.101">(DelegatingMethodAccessorImpl.java:25)</st>
            <st ob="" eb="" sr="" id="3.102">at java.lang.reflect.Method.invoke(Method.java:585)</st>
            <st ob="" eb="" sr="" id="3.103">at org.eclipse.core.launcher.Main.basicRun(Main.java:255)</st>
            <st ob="" eb="" sr="" id="3.104">at org.eclipse.core.launcher.Main.run(Main.java:811)</st>
            <st ob="" eb="" sr="" id="3.105">at org.eclipse.core.launcher.Main.main(Main.java:795)</st>
        </parg>
    </desc>
</bug>
