<?xml version="1.0" encoding="UTF-8" standalone="yes"?>
<bug no-bug="" comments="">
    <id>87363</id>
    <title ob="x" eb="" sr="" patterns="S_OB_NO_LONGER">Regression: MenuDetect no longer opens new menus</title>
    <desc>
        <parg ob="" eb="" sr="" id="1">
            <st ob="" eb="" sr="" id="1.1">Bug introduced Nov 5, 2004.</st>
        </parg>
        <parg ob="" eb="" sr="" id="2">
            <st ob="" eb="" sr="" id="2.1">Prior to change Control.showMenu did this:</st>
        </parg>
        <parg ob="" eb="" sr="" id="3">
            <st ob="" eb="" sr="" id="3.1">boolean showMenu (int x, int y) {
	Event event = new Event ();
	event.x = x;
	event.y = y;
	sendEvent (SWT.MenuDetect, event);
	if (!</st>
            <st ob="" eb="" sr="" id="3.2">event.doit) return true;
	if (menu !</st>
            <st ob="" eb="" sr="" id="3.3">= null &amp;&amp; !</st>
            <st ob="" eb="" sr="" id="3.4">menu.isDisposed ()) {
		if (x !</st>
            <st ob="" eb="" sr="" id="3.5">= event.x || y !</st>
            <st ob="" eb="" sr="" id="3.6">= event.y) {
			menu.setLocation (event.x, event.y);
		}
		menu.setVisible (true);
		return true;
	}
	return false;
}</st>
        </parg>
        <parg ob="" eb="" sr="" id="4">
            <st ob="" eb="" sr="" id="4.1">If a menu was created during the MenuDetect listener notification, the menu 
field was updated and the menu was set visible.</st>
        </parg>
        <parg ob="" eb="" sr="" id="5">
            <st ob="" eb="" sr="" id="5.1">After Nov 5, 2004 the method was moved to Widget and now looks like this:</st>
        </parg>
        <parg ob="" eb="" sr="" id="6">
            <st ob="" eb="" sr="" id="6.1">boolean showMenu (Menu menu, int x, int y) {
	Event event = new Event ();
	event.x = x;
	event.y = y;
	sendEvent (SWT.MenuDetect, event);
	if (!</st>
            <st ob="" eb="" sr="" id="6.2">event.doit) return true;
	if (menu !</st>
            <st ob="" eb="" sr="" id="6.3">= null &amp;&amp; !</st>
            <st ob="" eb="" sr="" id="6.4">menu.isDisposed ()) {
		if (x !</st>
            <st ob="" eb="" sr="" id="6.5">= event.x || y !</st>
            <st ob="" eb="" sr="" id="6.6">= event.y) {
			menu.setLocation (event.x, event.y);
		}
		menu.setVisible (true);
		return true;
	}
	return false;
}</st>
        </parg>
        <parg ob="x" eb="" sr="" id="7">
            <st ob="x" eb="" sr="" patterns="S_OB_NEG_AUX_VERB,S_OB_NEG_COND" id="7.1">Since menu is just a local variable, it is not updated when a menu is created 
in the MenuDetect event.</st>
        </parg>
        <parg ob="" eb="" sr="x" id="8">
            <st ob="" eb="" sr="x" patterns="S_SR_CODE_REF" id="8.1">The following example demonstrates the problem:</st>
        </parg>
        <parg ob="" eb="" sr="" id="9">
            <st ob="" eb="" sr="" id="9.1">public static void main(String[] args) {
	Display display = new Display();
	final Shell shell = new Shell(display);
	shell.addListener(SWT.MenuDetect, new Listener() {
		int count = 0;
		public void handleEvent(Event event) {
			Menu menu = shell.getMenu();
			if (menu !</st>
            <st ob="" eb="" sr="" id="9.2">= null) menu.dispose();
			menu = new Menu(shell, SWT.POP_UP);
			MenuItem item = new MenuItem(menu, SWT.PUSH);
			item.setText("Menu " + count++);
			shell.setMenu(menu);
		}
	});
	shell.pack();
	shell.open();
	while (!</st>
            <st ob="" eb="" sr="" id="9.3">shell.isDisposed()) {
		if (!</st>
            <st ob="" eb="" sr="" id="9.4">display.readAndDispatch()) display.sleep();
	}
	display.dispose();
}</st>
        </parg>
    </desc>
</bug>
