<?xml version="1.0" encoding="UTF-8" standalone="yes"?>
<bug no-bug="" comments="">
    <id>96887</id>
    <title ob="x" eb="" sr="" patterns="S_OB_SIMPLE_PRESENT">Extension point reference matches open new editor each time</title>
    <desc>
        <parg ob="" eb="" sr="" id="1">
            <st ob="" eb="" sr="" id="1.1">build I20050526-1200</st>
        </parg>
        <parg ob="" eb="" sr="x" patterns="P_SR_ACTIONS_INF" id="2">
            <st ob="" eb="" sr="" id="2.1">- platform-ui module loaded from head</st>
            <st ob="" eb="" sr="" id="2.2">- open the manifest editor for org.eclipse.ui</st>
            <st ob="" eb="" sr="" id="2.3">- select the editorActions extension point</st>
            <st ob="" eb="" sr="" id="2.4">- search for references from the context menu</st>
            <st ob="" eb="" sr="" id="2.5">- open the resulting matches several times</st>
            <st ob="" eb="" sr="" id="2.6">- a new editor is opened each time</st>
        </parg>
        <parg ob="x" eb="x" sr="" id="3">
            <st ob="x" eb="x" sr="" patterns="S_OB_INSTEAD_OF,S_EB_SHOULD,S_EB_INSTEAD_OF_EXP_BEHAVIOR" id="3.1">It should reactivate any matching editor instead of opening a new one.</st>
        </parg>
    </desc>
</bug>
