<?xml version="1.0" encoding="UTF-8" standalone="yes"?>
<bug no-bug="" comments="">
    <id>98412</id>
    <title ob="x" eb="" sr="" patterns="S_OB_NOUN_NOT">[launching] JARs from ${user.home}/.ant/lib not added to Ant classpath</title>
    <desc>
        <parg ob="" eb="" sr="" id="1">
            <st ob="" eb="" sr="" id="1.1">My build file relies on JARs in ${user.home}/.</st>
            <st ob="" eb="" sr="" id="1.2">ant/lib.</st>
            <st ob="x" eb="" sr="x" patterns="S_OB_BUT_NEG,S_SR_COND_OBS" id="1.3">But those JARs are not
loaded into Ant when I run it from within Eclipse.</st>
            <st ob="" eb="" sr="" id="1.4">The normal Ant version loads JARs from ${user.home}/.</st>
            <st ob="" eb="" sr="" id="1.5">ant/lib automatically.</st>
            <st ob="" eb="" sr="" patterns="" id="1.6">So
Eclipse behaves different from normal Ant.</st>
        </parg>
    </desc>
</bug>
