<?xml version="1.0" encoding="UTF-8" standalone="yes"?>
<bug no-bug="" comments="">
    <id>98780</id>
    <title ob="x" eb="" sr="" patterns="S_OB_NEG_VERB">Logging Examples fail in TPTP 4.0</title>
    <desc>
        <parg ob="x" eb="" sr="" id="1">
            <st ob="x" eb="" sr="" patterns="S_OB_NEG_VERB" id="1.1">The following Examples fails in TPTP 4.0:
 HyadesEMFCommonBaseEventv101Project
 HyadesLoggingCommonsProject
 HyadesLoggingJava14Project
 HyadesLoggingLog4JProject</st>
        </parg>
        <parg ob="" eb="" sr="" id="2">
            <st ob="x" eb="" sr="" patterns="S_OB_ERROR_NOUN_PHRASE" id="2.1">with the following error messages:</st>
            <st ob="" eb="" sr="" id="2.2">Severity	Description	Resource	In Folder	Location</st>
            <st ob="" eb="" sr="" id="2.3">2	Project HyadesEMFCommonBaseEventv101Project is missing required library:</st>
            <st ob="" eb="" sr="" id="2.4">'D:\ibm\400\eclipse\plugins\org.eclipse.emf.common_2.1.0\runtime\common.jar'</st>
            <st ob="" eb="" sr="" id="2.5">HyadesEMFCommonBaseEventv101Project</st>
            <st ob="" eb="" sr="" id="2.6">2	Project HyadesEMFCommonBaseEventv101Project is missing required library:</st>
            <st ob="" eb="" sr="" id="2.7">'D:\ibm\400\eclipse\plugins\org.eclipse.emf.ecore_2.1.0\runtime\ecore.jar'</st>
            <st ob="" eb="" sr="" id="2.8">HyadesEMFCommonBaseEventv101Project	</st>
            <st ob="" eb="" sr="" id="2.9">2	The project cannot be built until build path errors are resolved</st>
            <st ob="" eb="" sr="" id="2.10">HyadesEMFCommonBaseEventv101Project</st>
            <st ob="" eb="" sr="" id="2.11">2	Project HyadesLoggingCommonsProject is missing required library:</st>
            <st ob="" eb="" sr="" id="2.12">'D:\ibm\400\eclipse\plugins\org.eclipse.emf.common_2.1.0\runtime\common.jar'</st>
            <st ob="" eb="" sr="" id="2.13">HyadesLoggingCommonsProject</st>
            <st ob="" eb="" sr="" id="2.14">2	Project HyadesLoggingCommonsProject is missing required library:</st>
            <st ob="" eb="" sr="" id="2.15">'D:\ibm\400\eclipse\plugins\org.eclipse.emf.ecore_2.1.0\runtime\ecore.jar'</st>
            <st ob="" eb="" sr="" id="2.16">HyadesLoggingCommonsProject</st>
            <st ob="" eb="" sr="" id="2.17">2	The project cannot be built until build path errors are resolved</st>
            <st ob="" eb="" sr="" id="2.18">HyadesLoggingCommonsProject</st>
            <st ob="" eb="" sr="" id="2.19">2	Project HyadesLoggingJava14Project is missing required library:</st>
            <st ob="" eb="" sr="" id="2.20">'D:\ibm\400\eclipse\plugins\org.eclipse.emf.common_2.1.0\runtime\common.jar'</st>
            <st ob="" eb="" sr="" id="2.21">HyadesLoggingJava14Project</st>
            <st ob="" eb="" sr="" id="2.22">2	Project HyadesLoggingJava14Project is missing required library:</st>
            <st ob="" eb="" sr="" id="2.23">'D:\ibm\400\eclipse\plugins\org.eclipse.emf.ecore_2.1.0\runtime\ecore.jar'</st>
            <st ob="" eb="" sr="" id="2.24">HyadesLoggingJava14Project</st>
            <st ob="" eb="" sr="" id="2.25">2	The project cannot be built until build path errors are resolved</st>
            <st ob="" eb="" sr="" id="2.26">HyadesLoggingJava14Project</st>
            <st ob="" eb="" sr="" id="2.27">2	Project HyadesLoggingLog4JProject is missing required library:</st>
            <st ob="" eb="" sr="" id="2.28">'D:\ibm\400\eclipse\plugins\org.eclipse.emf.common_2.1.0\runtime\common.jar'</st>
            <st ob="" eb="" sr="" id="2.29">HyadesLoggingLog4JProject</st>
            <st ob="" eb="" sr="" id="2.30">2	Project HyadesLoggingLog4JProject is missing required library:</st>
            <st ob="" eb="" sr="" id="2.31">'D:\ibm\400\eclipse\plugins\org.eclipse.emf.ecore_2.1.0\runtime\ecore.jar'</st>
            <st ob="" eb="" sr="" id="2.32">HyadesLoggingLog4JProject</st>
            <st ob="" eb="" sr="" id="2.33">2	The project cannot be built until build path errors are resolved</st>
            <st ob="" eb="" sr="" id="2.34">HyadesLoggingLog4JProject</st>
        </parg>
        <parg ob="x" eb="" sr="" id="3">
            <st ob="x" eb="" sr="" patterns="S_OB_NO_LONGER" id="3.1">EMF jar are no longer packaged in runtime folder</st>
        </parg>
    </desc>
</bug>
