<?xml version="1.0" encoding="UTF-8" standalone="yes"?>
<bug no-bug="" comments="">
    <id>99059</id>
    <title ob="x" eb="" sr="" patterns="S_OB_BEING">[Connection] Network connection problems being written to the Eclipse log</title>
    <desc>
        <parg ob="" eb="" sr="" id="1">
            <st ob="" eb="" sr="" id="1.1">N20050608-0010</st>
        </parg>
        <parg ob="" eb="" sr="" id="2">
            <st ob="" eb="" sr="" id="2.1">Found this in my log.</st>
            <st ob="x" eb="" sr="" patterns="S_OB_SEEMS_TO_BE" id="2.2">This seems to be a normal network connection problem, not
a bug in Eclipse.</st>
            <st ob="" eb="x" sr="" patterns="S_EB_SHOULD" id="2.3">It should not be written to the log.</st>
        </parg>
        <parg ob="" eb="" sr="" id="3">
            <st ob="" eb="" sr="" id="3.1">Could not connect to :aoeuaoeu:saoeuu@aoeuaoeu:/home/aouaoeu: I/O exception
occurred: Connection refused: /home/aouaoeu: no such repository</st>
        </parg>
        <parg ob="" eb="" sr="" id="4">
            <st ob="" eb="" sr="" id="4.1">java.io.IOException: Connection refused: /home/aouaoeu: no such repository</st>
            <st ob="" eb="" sr="" id="4.2">at</st>
            <st ob="" eb="" sr="" id="4.3">org.eclipse.team.internal.ccvs.core.connection.PServerConnection.authenticate(PServerConnection.java:196)</st>
            <st ob="" eb="" sr="" id="4.4">at</st>
            <st ob="" eb="" sr="" id="4.5">org.eclipse.team.internal.ccvs.core.connection.PServerConnection.open(PServerConnection.java:108)</st>
            <st ob="" eb="" sr="" id="4.6">at</st>
            <st ob="" eb="" sr="" id="4.7">org.eclipse.team.internal.ccvs.core.connection.Connection.open(Connection.java:128)</st>
            <st ob="" eb="" sr="" id="4.8">at</st>
            <st ob="" eb="" sr="" id="4.9">org.eclipse.team.internal.ccvs.core.connection.CVSRepositoryLocation.createConnection(CVSRepositoryLocation.java:494)</st>
            <st ob="" eb="" sr="" id="4.10">at</st>
            <st ob="" eb="" sr="" id="4.11">org.eclipse.team.internal.ccvs.core.connection.CVSRepositoryLocation.openConnection(CVSRepositoryLocation.java:735)</st>
            <st ob="" eb="" sr="" id="4.12">at org.eclipse.team.internal.ccvs.core.client.Session.open(Session.java:149)</st>
            <st ob="" eb="" sr="" id="4.13">at</st>
            <st ob="" eb="" sr="" id="4.14">org.eclipse.team.internal.ccvs.core.resources.RemoteFolderMemberFetcher.performUpdate(RemoteFolderMemberFetcher.java:95)</st>
            <st ob="" eb="" sr="" id="4.15">at</st>
            <st ob="" eb="" sr="" id="4.16">org.eclipse.team.internal.ccvs.ui.operations.FetchMembersOperation$InternalRemoteFolderMemberFetcher.performUpdate(FetchMembersOperation.java:69)</st>
            <st ob="" eb="" sr="" id="4.17">at</st>
            <st ob="" eb="" sr="" id="4.18">org.eclipse.team.internal.ccvs.core.resources.RemoteFolderMemberFetcher.fetchMembers(RemoteFolderMemberFetcher.java:62)</st>
            <st ob="" eb="" sr="" id="4.19">at</st>
            <st ob="" eb="" sr="" id="4.20">org.eclipse.team.internal.ccvs.core.resources.RemoteFolderMemberFetcher.fetchMembers(RemoteFolderMemberFetcher.java:53)</st>
            <st ob="" eb="" sr="" id="4.21">at</st>
            <st ob="" eb="" sr="" id="4.22">org.eclipse.team.internal.ccvs.ui.operations.FetchMembersOperation.execute(FetchMembersOperation.java:107)</st>
            <st ob="" eb="" sr="" id="4.23">at</st>
            <st ob="" eb="" sr="" id="4.24">org.eclipse.team.internal.ccvs.ui.operations.CVSOperation.run(CVSOperation.java:79)</st>
            <st ob="" eb="" sr="" id="4.25">at</st>
            <st ob="" eb="" sr="" id="4.26">org.eclipse.team.internal.ccvs.ui.model.CVSTagElement.fetchDeferredChildren(CVSTagElement.java:134)</st>
            <st ob="" eb="" sr="" id="4.27">at</st>
            <st ob="" eb="" sr="" id="4.28">org.eclipse.ui.progress.DeferredTreeContentManager$1.run(DeferredTreeContentManager.java:192)</st>
            <st ob="" eb="" sr="" id="4.29">at org.eclipse.core.internal.jobs.Worker.run(Worker.java:76)</st>
        </parg>
    </desc>
</bug>
