<?xml version="1.0" encoding="UTF-8" standalone="yes"?>
<bug no-bug="" comments="">
    <id>1884</id>
    <title ob="x" eb="" sr="">view todo-items by poster: selected item deselected by argo</title>
    <desc>
        <parg ob="" eb="" sr="" id="1">
            <st ob="" eb="" sr="" id="1.1">view todo-items by poster.</st>
            <st ob="" eb="" sr="x" id="1.2">Open any of the poster groups.</st>
            <st ob="" eb="" sr="x" id="1.3">Select one of the todo items.</st>
            <st ob="x" eb="" sr="" id="1.4">It will be automatically deselected after about one second.</st>
            <st ob="" eb="" sr="" id="1.5">Cross-checked V0.12, same problem occures.</st>
        </parg>
    </desc>
</bug>
