<?xml version="1.0" encoding="UTF-8" standalone="yes"?>
<bug no-bug="" comments="">
    <id>2460</id>
    <title ob="x" eb="" sr="">[Java] Missing label on radiobuttons in Import Sources -&gt; Java</title>
    <desc>
        <parg ob="" eb="" sr="" id="1">
            <st ob="x" eb="" sr="" id="1.1">Missing label on radiobuttons in Import Sources -&gt; Java</st>
        </parg>
        <parg ob="" eb="" sr="" id="2">
            <st ob="x" eb="" sr="" id="2.1">In the "Import Sources" dialog, tab "Java":
The 2nd radiobutton pair does not have a label, conform to the 1st one.</st>
            <st ob="" eb="x" sr="" id="2.2">It should read: "Arrays modelled as", and the buttons: "Datatypes" 
and "Multiplicity 1.</st>
            <st ob="" eb="" sr="" id="2.3">.</st>
            <st ob="" eb="" sr="" id="2.4">n".</st>
        </parg>
    </desc>
</bug>
