<?xml version="1.0" encoding="UTF-8" standalone="yes"?>
<bug no-bug="" comments="">
    <id>2472</id>
    <title ob="" eb="" sr="">Wrong keyboard focus in Settings dialog after close &amp; reopen</title>
    <desc>
        <parg ob="" eb="" sr="" id="1">
            <st ob="" eb="" sr="" id="1.1">The keyboard focus (indicated by a blue rectangle) location remains after closing the Settings dialog box with the close button in the window border and reopening it.</st>
        </parg>
        <parg ob="" eb="" sr="" id="2">
            <st ob="" eb="" sr="" id="2.1">1. Select in the Menu Edit -&gt; Settings... The keyboard focus is initially on the Preferences tab.</st>
            <st ob="" eb="" sr="" id="2.2">2. Click on the last checkmark.</st>
            <st ob="" eb="" sr="" id="2.3">The keyboard focus is indicated by a blue rectangle around this item.</st>
            <st ob="" eb="" sr="" id="2.4">3. Close the dialog box with the close button in the top right corner of the window border.</st>
            <st ob="" eb="" sr="" id="2.5">4. Select in the Menu Edit -&gt; Settings... The keyboard focus is now still on the last checkbox.</st>
            <st ob="" eb="" sr="" id="2.6">This is wrong; it should be as in 1 above.</st>
            <st ob="" eb="" sr="" id="2.7">5. Close the dialog with the Cancel button.</st>
            <st ob="" eb="" sr="" id="2.8">6. Select in the Menu Edit -&gt; Settings... The keyboard focus is again on the</st>
            <st ob="" eb="" sr="" id="2.9">Preferences tab.</st>
            <st ob="" eb="" sr="" id="2.10">So, in this case it is OK.</st>
        </parg>
    </desc>
</bug>
