<?xml version="1.0" encoding="UTF-8" standalone="yes"?>
<bug no-bug="" comments="">
    <id>2618</id>
    <title ob="x" eb="" sr="">Editing association rolename adds +, ++, +++</title>
    <desc>
        <parg ob="" eb="" sr="" id="1">
            <st ob="x" eb="" sr="x" id="1.1">When I first create an association I see + and +, one for each role.</st>
        </parg>
        <parg ob="" eb="" sr="" id="2">
            <st ob="x" eb="" sr="x" id="2.1">If I double click on a "+" and type in a role name "foo", I now see "++foo", and the role name property is recorded as "+foo".</st>
        </parg>
        <parg ob="" eb="" sr="" id="3">
            <st ob="" eb="x" sr="" id="3.1">To fix, the parsing of the in-diagram user-entered text must process and strip off any visibility characters (+, -, #).</st>
        </parg>
    </desc>
</bug>
