<?xml version="1.0" encoding="UTF-8" standalone="yes"?>
<bug no-bug="" comments="">
    <id>3100</id>
    <title ob="x" eb="" sr="">new package or class shown with funny name in explorer</title>
    <desc>
        <parg ob="" eb="" sr="" id="1">
            <st ob="x" eb="" sr="x" id="1.1">After adding a new package, the package is shown in the explorer with a funny 
name: "(anon Package)" or "(anon Class)".</st>
            <st ob="" eb="" sr="" id="1.2">My guess it stands for "anonymous 
package" or "anonymous class", however this came to me after many hours or 
thinking.</st>
            <st ob="" eb="" sr="" id="1.3">I wonder why this cryptic description whas chosen?</st>
            <st ob="" eb="x" sr="" id="1.4">Why not write the 
whole string, there's plenty of room.</st>
        </parg>
    </desc>
</bug>
