<?xml version="1.0" encoding="UTF-8" standalone="yes"?>
<bug no-bug="" comments="">
    <id>3164</id>
    <title ob="" eb="" sr="">Entering an internal transition via PropPanel does not update state</title>
    <desc>
        <parg ob="" eb="" sr="" id="1">
            <st ob="" eb="" sr="" id="1.1">When the designer enters an internal transition (do, entry, exit, or "plain" internal transition), the state in the diagram is not updated accordingly.</st>
        </parg>
        <parg ob="" eb="" sr="" id="2">
            <st ob="" eb="" sr="" id="2.1">Editing the fields in the state fig itself behaves correctly and does update the model.</st>
        </parg>
    </desc>
</bug>
