<?xml version="1.0" encoding="UTF-8" standalone="yes"?>
<bug no-bug="" comments="">
    <id>3665</id>
    <title ob="x" eb="" sr="">Activity Diagram drop not properly constrained</title>
    <desc>
        <parg ob="" eb="" sr="" id="1">
            <st ob="" eb="" sr="x" id="1.1">Create a Use Case in a Use Case Diagram
Create an Activity Diagram in the Use Case
Create a 2nd Activity Diagram in the same Use Case
Create a Start state in the Activity Diagram
Select the 1st Activity Diagram
From the Explorer pane, drag the Start node contained by the 2nd Activity Graph
onto the Diagram pane (which now contains the 1st Activity Graph)</st>
        </parg>
        <parg ob="" eb="" sr="" id="2">
            <st ob="x" eb="" sr="" id="2.1">ArgoUML throws several CompositionViolationExceptions.</st>
        </parg>
    </desc>
</bug>
