<?xml version="1.0" encoding="UTF-8" standalone="yes"?>
<bug no-bug="" comments="">
    <id>3774</id>
    <title ob="" eb="x" sr="">Do not set namespace of Model when adding to diagram</title>
    <desc>
        <parg ob="" eb="" sr="" id="1">
            <st ob="" eb="" sr="x" id="1.1">To repeat:
Start argouml.</st>
            <st ob="" eb="" sr="x" id="1.2">Drag the created defaultmodel into the class diagram.</st>
        </parg>
        <parg ob="" eb="" sr="" id="2">
            <st ob="x" eb="" sr="" id="2.1">Here is the backtrace:</st>
            <st ob="" eb="" sr="" id="2.2">[echo] --- Executing ArgoUML ---</st>
            <st ob="" eb="" sr="" id="2.3">[argouml] log4j:WARN No appenders could be found for logger</st>
            <st ob="" eb="" sr="" id="2.4">(org.argouml.uml.diagram.static_structure.ClassDiagramGraphModel).</st>
            <st ob="" eb="" sr="" id="2.5">[argouml] log4j:WARN Please initialize the log4j system properly.</st>
            <st ob="" eb="" sr="" id="2.6">[argouml] javax.jmi.reflect.CompositionCycleException</st>
            <st ob="" eb="" sr="" id="2.7">[argouml]     at org.netbeans.mdr.storagemodel.StorableObject.setComposite</st>
            <st ob="" eb="" sr="" id="2.8">(StorableObject.java:275)</st>
            <st ob="" eb="" sr="" id="2.9">[argouml]     at org.netbeans.mdr.storagemodel.AssocEndIndexSet.add</st>
            <st ob="" eb="" sr="" id="2.10">(AssocEndIndexSet.java:150)</st>
            <st ob="" eb="" sr="" id="2.11">[argouml]     at org.netbeans.mdr.storagemodel.StorableAssociation.addLink</st>
            <st ob="" eb="" sr="" id="2.12">(StorableAssociation.java:370)</st>
            <st ob="" eb="" sr="" id="2.13">[argouml]     at org.netbeans.mdr.handlers.AssociationHandler.</st>
            <st ob="" eb="" sr="" id="2.14">_handleLocalAdd</st>
            <st ob="" eb="" sr="" id="2.15">(AssociationHandler.java:161)</st>
            <st ob="" eb="" sr="" id="2.16">[argouml]     at org.netbeans.mdr.handlers.AssociationHandler.</st>
            <st ob="" eb="" sr="" id="2.17">_handleAdd</st>
            <st ob="" eb="" sr="" id="2.18">(AssociationHandler.java:150)</st>
            <st ob="" eb="" sr="" id="2.19">[argouml]     at org.omg.uml.foundation.core.ANamespaceOwnedElement$Impl.add</st>
            <st ob="" eb="" sr="" id="2.20">(Unknown Source)</st>
            <st ob="" eb="" sr="" id="2.21">[argouml]     at org.omg.uml.foundation.core.ANamespaceOwnedElement$Impl.</st>
            <st ob="" eb="" sr="" id="2.22">_add</st>
            <st ob="" eb="" sr="" id="2.23">(Unknown Source)</st>
            <st ob="" eb="" sr="" id="2.24">[argouml]     at org.netbeans.mdr.handlers.InstanceHandler.</st>
            <st ob="" eb="" sr="" id="2.25">_handleSetR</st>
            <st ob="" eb="" sr="" id="2.26">(InstanceHandler.java:149)</st>
            <st ob="" eb="" sr="" id="2.27">[argouml]     at org.omg.uml.modelmanagement.Model$Impl.setNamespace(Unknown</st>
            <st ob="" eb="" sr="" id="2.28">Source)</st>
            <st ob="" eb="" sr="" id="2.29">[argouml]     at org.argouml.model.mdr.CoreHelperMDRImpl.addOwnedElement</st>
            <st ob="" eb="" sr="" id="2.30">(CoreHelperMDRImpl.java:1972)</st>
            <st ob="" eb="" sr="" id="2.31">[argouml]     at</st>
            <st ob="" eb="" sr="" id="2.32">org.argouml.model.AbstractCoreHelperDecorator.addOwnedElement</st>
            <st ob="" eb="" sr="" id="2.33">(AbstractCoreHelperDecorator.java:620)</st>
            <st ob="" eb="" sr="" id="2.34">[argouml]     at</st>
            <st ob="" eb="" sr="" id="2.35">org.argouml.uml.diagram.static_structure.ClassDiagramGraphModel.addNode</st>
            <st ob="" eb="" sr="" id="2.36">(ClassDiagramGraphModel.java:355)</st>
            <st ob="" eb="" sr="" id="2.37">[argouml]     at org.tigris.gef.base.ModePlace.mouseReleasedModePlace.java:18</st>
            <st ob="" eb="" sr="" id="2.38">9</st>
            <st ob="" eb="" sr="" id="2.39">[argouml]     at org.argouml.uml.diagram.ui.AddExistingNodeCommand.execute</st>
            <st ob="" eb="" sr="" id="2.40">(AddExistingNodeCommand.java:151)</st>
            <st ob="" eb="" sr="" id="2.41">[argouml]     at org.argouml.uml.diagram.ui.DnDJGraph.drop</st>
            <st ob="" eb="" sr="" id="2.42">(DnDJGraph.java:176)</st>
        </parg>
        <parg ob="" eb="" sr="" id="3">
            <st ob="" eb="" sr="" id="3.1">  [argouml]     at java.awt.dnd.DropTarget.drop(DropTarget.java:398)</st>
            <st ob="" eb="" sr="" id="3.2">  [argouml]     at sun.awt.dnd.SunDropTargetContextPeer.processDropMessage</st>
            <st ob="" eb="" sr="" id="3.3">(SunDropTargetContextPeer.java:542)</st>
            <st ob="" eb="" sr="" id="3.4">  [argouml]     at sun.awt.dnd.SunDropTargetContextPeer.access$800</st>
            <st ob="" eb="" sr="" id="3.5">(SunDropTargetContextPeer.java:52)</st>
            <st ob="" eb="" sr="" id="3.6">  [argouml]     at </st>
            <st ob="" eb="" sr="" id="3.7">sun.awt.dnd.SunDropTargetContextPeer$EventDispatcher.dispatchDropEvent</st>
            <st ob="" eb="" sr="" id="3.8">(SunDropTargetContextPeer.java:805)</st>
            <st ob="" eb="" sr="" id="3.9">  [argouml]     at </st>
            <st ob="" eb="" sr="" id="3.10">sun.awt.dnd.SunDropTargetContextPeer$EventDispatcher.dispatchEvent</st>
            <st ob="" eb="" sr="" id="3.11">(SunDropTargetContextPeer.java:743)</st>
            <st ob="" eb="" sr="" id="3.12">  [argouml]     at sun.awt.dnd.SunDropTargetEvent.dispatch</st>
            <st ob="" eb="" sr="" id="3.13">(SunDropTargetEvent.java:29)</st>
            <st ob="" eb="" sr="" id="3.14">  [argouml]     at java.awt.Component.dispatchEventImpl(Component.java:3494)</st>
            <st ob="" eb="" sr="" id="3.15">  [argouml]     at java.awt.Container.dispatchEventImpl(Container.java:1627)</st>
            <st ob="" eb="" sr="" id="3.16">  [argouml]     at java.awt.Component.dispatchEvent(Component.java:3477)</st>
            <st ob="" eb="" sr="" id="3.17">  [argouml]     at java.awt.LightweightDispatcher.retargetMouseEvent</st>
            <st ob="" eb="" sr="" id="3.18">(Container.java:3483)</st>
            <st ob="" eb="" sr="" id="3.19">  [argouml]     at java.awt.LightweightDispatcher.processDropTargetEvent</st>
            <st ob="" eb="" sr="" id="3.20">(Container.java:3269)</st>
            <st ob="" eb="" sr="" id="3.21">  [argouml]     at java.awt.LightweightDispatcher.dispatchEvent</st>
            <st ob="" eb="" sr="" id="3.22">(Container.java:3123)</st>
            <st ob="" eb="" sr="" id="3.23">  [argouml]     at java.awt.Container.dispatchEventImpl(Container.java:1613)</st>
            <st ob="" eb="" sr="" id="3.24">  [argouml]     at java.awt.Window.dispatchEventImpl(Window.java:1606)</st>
            <st ob="" eb="" sr="" id="3.25">  [argouml]     at java.awt.Component.dispatchEvent(Component.java:3477)</st>
            <st ob="" eb="" sr="" id="3.26">  [argouml]     at java.awt.EventQueue.dispatchEvent(EventQueue.java:456)</st>
            <st ob="" eb="" sr="" id="3.27">  [argouml]     at java.awt.EventDispatchThread.pumpOneEventForHierarchy</st>
            <st ob="" eb="" sr="" id="3.28">(EventDispatchThread.java:201)</st>
            <st ob="" eb="" sr="" id="3.29">  [argouml]     at java.awt.EventDispatchThread.pumpEventsForHierarchy</st>
            <st ob="" eb="" sr="" id="3.30">(EventDispatchThread.java:151)</st>
            <st ob="" eb="" sr="" id="3.31">  [argouml]     at java.awt.EventDispatchThread.pumpEvents</st>
            <st ob="" eb="" sr="" id="3.32">(EventDispatchThread.java:145)</st>
            <st ob="" eb="" sr="" id="3.33">  [argouml]     at java.awt.EventDispatchThread.pumpEvents</st>
            <st ob="" eb="" sr="" id="3.34">(EventDispatchThread.java:137)</st>
            <st ob="" eb="" sr="" id="3.35">  [argouml]     at java.awt.EventDispatchThread.run</st>
            <st ob="" eb="" sr="" id="3.36">(EventDispatchThread.java:100)</st>
        </parg>
    </desc>
</bug>
