<?xml version="1.0" encoding="UTF-8" standalone="yes"?>
<bug no-bug="" comments="">
    <id>3803</id>
    <title ob="x" eb="" sr="">Direct entry into text fields on drawings results in doubled first character</title>
    <desc>
        <parg ob="" eb="" sr="" id="1">
            <st ob="" eb="" sr="x" id="1.1">For instance, in a statechart, select a previously unselected transition.</st>
            <st ob="x" eb="" sr="x" id="1.2">Now 
the first character that you type will be doubled in the text field.</st>
            <st ob="" eb="" sr="" id="1.3">This is 
annoying.</st>
            <st ob="" eb="" sr="" id="1.4">Under Tiger 10.4 with an updated Java VM (via Web Start).</st>
        </parg>
    </desc>
</bug>
