<?xml version="1.0" encoding="UTF-8" standalone="yes"?>
<bug no-bug="" comments="">
    <id>3923</id>
    <title ob="" eb="" sr="">Problem importing Poseidon activity diagrams from XMI</title>
    <desc>
        <parg ob="" eb="" sr="" id="1">
            <st ob="" eb="" sr="" id="1.1">There is a bug in Beta 3 which prevents you using the activity diagram for AndroMDA.</st>
        </parg>
        <parg ob="" eb="" sr="" id="2">
            <st ob="" eb="" sr="" id="2.1">Here is what I've done:</st>
            <st ob="" eb="" sr="x" id="2.2">1) Import an XMI from Poseidon, which works well with AndroMDA (the</st>
            <st ob="" eb="" sr="x" id="2.3">PiggyBank example).</st>
            <st ob="" eb="" sr="" id="2.4">Everything went fine.</st>
        </parg>
        <parg ob="" eb="" sr="" id="3">
            <st ob="x" eb="" sr="x" id="3.1">2) If I add my activity diagram under the use case diagram I always get a new activity graph, so I have 2 activity graphs alltogether.</st>
            <st ob="x" eb="" sr="" id="3.2">I cannot add an activity diagram under the imported activity graph.</st>
            <st ob="x" eb="" sr="" id="3.3">Please see the screenshot I attached.</st>
            <st ob="" eb="" sr="" id="3.4">See: http://argouml.tigris.org/servlets/ReadMsg?list=dev&amp;msgNo=19267</st>
            <st ob="x" eb="" sr="" id="3.5">Screenshot:</st>
            <st ob="" eb="" sr="" id="3.6">http://argouml.tigris.org/servlets/GetAttachment?list=dev&amp;msgId=770688&amp;attachId=1</st>
        </parg>
        <parg ob="" eb="" sr="" id="4">
            <st ob="" eb="" sr="x" id="4.1">3) This code, which works with Poseidon, won't work with ArgoUML:</st>
        </parg>
        <parg ob="" eb="" sr="" id="5">
            <st ob="" eb="" sr="" id="5.1">Collection actionStates = getModel().</st>
            <st ob="" eb="" sr="" id="5.2">getAllActionStates();</st>
            <st ob="" eb="" sr="" id="5.3">for (Iterator iterActionState = actionStates.iterator();</st>
            <st ob="" eb="" sr="" id="5.4">iterActionState.hasNext();) {</st>
            <st ob="" eb="" sr="" id="5.5">ActionStateFacade actionState =</st>
            <st ob="" eb="" sr="" id="5.6">(ActionStateFacade) iterActionState.next();</st>
        </parg>
        <parg ob="" eb="" sr="" id="6">
            <st ob="x" eb="" sr="" id="6.1">actionState is always "null".</st>
        </parg>
        <parg ob="" eb="" sr="" id="7">
            <st ob="x" eb="" sr="x" id="7.1">4) Importing the activity diagram from Poseidon works and the result can be processed by AndroMDA but if you are making the activity diagram from the beginning with ArgoUML, it won't work because of the error above</st>
            <st ob="" eb="" sr="" id="7.2">(nr.</st>
            <st ob="" eb="" sr="" id="7.3">3).</st>
        </parg>
        <parg ob="" eb="" sr="" id="8">
            <st ob="" eb="" sr="" id="8.1">So, it seems that ArgoUML still has a problem with activity diagram...</st>
        </parg>
        <parg ob="" eb="" sr="" id="9">
            <st ob="" eb="" sr="" id="9.1">Thanks,</st>
            <st ob="" eb="" sr="" id="9.2">Lofi.</st>
        </parg>
    </desc>
</bug>
