<?xml version="1.0" encoding="UTF-8" standalone="yes"?>
<bug no-bug="" comments="">
    <id>3945</id>
    <title ob="x" eb="" sr="">Exception assigning an operation to a callevent</title>
    <desc>
        <parg ob="" eb="" sr="" id="1">
            <st ob="x" eb="" sr="" id="1.1">The following Exception happens when assigning an operatioon to a callevent in 
the following way:</st>
        </parg>
        <parg ob="" eb="" sr="" id="2">
            <st ob="" eb="" sr="x" id="2.1">1 Start ArgoUML.</st>
            <st ob="" eb="" sr="x" id="2.2">2 Draw a class.</st>
            <st ob="" eb="" sr="x" id="2.3">3 Create an operation for the class.</st>
            <st ob="" eb="" sr="x" id="2.4">4 Select the class, and create a statechart diagram.</st>
            <st ob="" eb="" sr="x" id="2.5">5 Create 2 states and a transition.</st>
            <st ob="" eb="" sr="x" id="2.6">6 Rightclick the trigger fiels of the transition and create a new callevent.</st>
            <st ob="" eb="" sr="x" id="2.7">7 Create a parameter for this callevent.</st>
            <st ob="" eb="" sr="x" id="2.8">8 Set the type of the parameter to int and the initial value to 1, and give</st>
            <st ob="" eb="" sr="x" id="2.9">it a name.</st>
            <st ob="" eb="" sr="x" id="2.10">9 Navigate to the callevent, and select the "newOperation" from the dropdown.</st>
            <st ob="" eb="" sr="" id="2.11">Bang:</st>
        </parg>
        <parg ob="" eb="" sr="" id="3">
            <st ob="" eb="" sr="" id="3.1">[argouml] [org.netbeans.mdr.Logger] INFORMATIONAL *********** Exception 
occurred ************ at Mon Feb 13 13:03:31 CET 2006
  [argouml] java.lang.IllegalArgumentException: handle: CallEvent$Impl  
ID: .</st>
            <st ob="" eb="" sr="" id="3.2">:0000000000000786  MID: .</st>
            <st ob="" eb="" sr="" id="3.3">:00000000000004FE  OPCKG: .</st>
            <st ob="" eb="" sr="" id="3.4">:0000000000000622 or 
operation:</st>
        </parg>
        <parg ob="" eb="" sr="" id="4">
            <st ob="" eb="" sr="" id="4.1">  [argouml]     at </st>
            <st ob="" eb="" sr="" id="4.2">org.argouml.model.mdr.CommonBehaviorHelperMDRImpl.setOperation</st>
            <st ob="" eb="" sr="" id="4.3">(CommonBehaviorHelperMDRImpl.java:249)</st>
            <st ob="" eb="" sr="" id="4.4">  [argouml]     at </st>
            <st ob="" eb="" sr="" id="4.5">org.argouml.model.AbstractCommonBehaviorHelperDecorator.setOperation</st>
            <st ob="" eb="" sr="" id="4.6">(AbstractCommonBehaviorHelperDecorator.java:152)</st>
            <st ob="" eb="" sr="" id="4.7">  [argouml]     at </st>
            <st ob="" eb="" sr="" id="4.8">org.argouml.uml.ui.behavior.state_machines.UMLCallEventOperationComboBox2.actio</st>
            <st ob="" eb="" sr="" id="4.9">nPerformed(PropPanelCallEvent.java:91)</st>
            <st ob="" eb="" sr="" id="4.10">  [argouml]     at javax.swing.JComboBox.fireActionEvent(JComboBox.java:1197)</st>
            <st ob="" eb="" sr="" id="4.11">  [argouml]     at javax.swing.JComboBox.contentsChanged(JComboBox.java:1268)</st>
            <st ob="" eb="" sr="" id="4.12">  [argouml]     at javax.swing.AbstractListModel.fireContentsChanged</st>
            <st ob="" eb="" sr="" id="4.13">(AbstractListModel.java:100)</st>
            <st ob="" eb="" sr="" id="4.14">  [argouml]     at org.argouml.uml.ui.UMLComboBoxModel2.fireContentsChanged</st>
            <st ob="" eb="" sr="" id="4.15">(UMLComboBoxModel2.java:501)</st>
            <st ob="" eb="" sr="" id="4.16">  [argouml]     at org.argouml.uml.ui.UMLComboBoxModel2.setSelectedItem</st>
            <st ob="" eb="" sr="" id="4.17">(UMLComboBoxModel2.java:391)</st>
            <st ob="" eb="" sr="" id="4.18">  [argouml]     at org.argouml.uml.ui.UMLComboBoxModel2.removeElement</st>
            <st ob="" eb="" sr="" id="4.19">(UMLComboBoxModel2.java:402)</st>
            <st ob="" eb="" sr="" id="4.20">  [argouml]     at org.argouml.uml.ui.UMLComboBoxModel2.propertyChange</st>
            <st ob="" eb="" sr="" id="4.21">(UMLComboBoxModel2.java:168)</st>
            <st ob="" eb="" sr="" id="4.22">  [argouml]     at org.argouml.model.mdr.ModelEventPumpMDRImpl.fire</st>
            <st ob="" eb="" sr="" id="4.23">(ModelEventPumpMDRImpl.java:437)</st>
            <st ob="" eb="" sr="" id="4.24">  [argouml]     at org.argouml.model.mdr.ModelEventPumpMDRImpl.change</st>
            <st ob="" eb="" sr="" id="4.25">(ModelEventPumpMDRImpl.java:356)</st>
            <st ob="" eb="" sr="" id="4.26">  [argouml]     at org.netbeans.mdr.util.EventNotifier$EventsDelivery.run</st>
            <st ob="" eb="" sr="" id="4.27">(EventNotifier.java:270)</st>
            <st ob="" eb="" sr="" id="4.28">  [argouml]     at java.lang.Thread.run(Thread.java:595)</st>
        </parg>
    </desc>
</bug>
