<?xml version="1.0" encoding="UTF-8" standalone="yes"?>
<bug no-bug="" comments="">
    <id>3947</id>
    <title ob="" eb="" sr="">bad behaviour in sequence diagrams when remove simple states or call actions</title>
    <desc>
        <parg ob="" eb="" sr="" id="1">
            <st ob="" eb="" sr="x" id="1.1">I have created a sequence diagram for an use case.</st>
            <st ob="x" eb="" sr="x" id="1.2">I have added to it some 
classified roles and some callings and returns, in one of the returns of a 
call the 'activity' doens't finish at the point of the return and this causes 
that I can't insert new call at the lane.</st>
            <st ob="x" eb="" sr="x" id="1.3">When I reload the seuqence diagram 
to check if the problem persist the white rectangle that indicates the 
duration of the call doesn't appear in any lane for any call and is imposible 
to add new calls.</st>
        </parg>
        <parg ob="" eb="" sr="" id="2">
            <st ob="" eb="" sr="" id="2.1">This makes these diagrams impossible to use.</st>
        </parg>
    </desc>
</bug>
