<?xml version="1.0" encoding="UTF-8" standalone="yes"?>
<bug no-bug="" comments="">
    <id>4007</id>
    <title ob="" eb="" sr="">Exception when deleting other diagram</title>
    <desc>
        <parg ob="" eb="" sr="" id="1">
            <st ob="" eb="" sr="" id="1.1">An exception occurs when deleting a diagram indirectly that is not the current one.</st>
        </parg>
        <parg ob="" eb="" sr="" id="2">
            <st ob="" eb="" sr="" id="2.1">1. Load the attached zargo.</st>
            <st ob="" eb="" sr="" id="2.2">2. Go to the activity diagram.</st>
            <st ob="" eb="" sr="" id="2.3">3. In the explorer, select class A, and delete from model.</st>
            <st ob="" eb="" sr="" id="2.4">4. Answer Yes to the dialog.</st>
        </parg>
        <parg ob="" eb="" sr="" id="3">
            <st ob="" eb="" sr="" id="3.1">This causes following exception:</st>
        </parg>
        <parg ob="" eb="" sr="" id="4">
            <st ob="" eb="" sr="" id="4.1">[echo] --- Executing ArgoUML ---</st>
            <st ob="" eb="" sr="" id="4.2">[argouml] [org.netbeans.mdr.Logger] INFORMATIONAL *********** Exception occurred ************ at Sun Feb 26 20:40:03 CET 2006</st>
            <st ob="" eb="" sr="" id="4.3">[argouml] javax.jmi.reflect.InvalidObjectException: Object with MOFID</st>
            <st ob="" eb="" sr="" id="4.4">.</st>
            <st ob="" eb="" sr="" id="4.5">:00000000000007DD no longer exists.</st>
            <st ob="" eb="" sr="" id="4.6">[argouml]     at org.netbeans.mdr.handlers.BaseObjectHandler.</st>
            <st ob="" eb="" sr="" id="4.7">_getDelegate(BaseObjectHandler.java:353)</st>
            <st ob="" eb="" sr="" id="4.8">[argouml]     at</st>
            <st ob="" eb="" sr="" id="4.9">org.netbeans.mdr.handlers.InstanceHandler.getInstanceDelegate(InstanceHandler.java:48)</st>
            <st ob="" eb="" sr="" id="4.10">[argouml]     at org.netbeans.mdr.handlers.InstanceHandler.</st>
            <st ob="" eb="" sr="" id="4.11">_handleGetR(InstanceHandler.java:103)</st>
            <st ob="" eb="" sr="" id="4.12">[argouml]     at org.omg.uml.behavioralelements.statemachines.SimpleState$Impl.getDoActivity(Unknown</st>
            <st ob="" eb="" sr="" id="4.13">Source)</st>
            <st ob="" eb="" sr="" id="4.14">[argouml]     at</st>
            <st ob="" eb="" sr="" id="4.15">org.argouml.model.mdr.FacadeMDRImpl.getDoActivity(FacadeMDRImpl.java:2765)</st>
            <st ob="" eb="" sr="" id="4.16">[argouml]     at</st>
            <st ob="" eb="" sr="" id="4.17">org.argouml.uml.diagram.state.ui.FigState.updateListeners(FigState.java:150)</st>
            <st ob="" eb="" sr="" id="4.18">[argouml]     at</st>
            <st ob="" eb="" sr="" id="4.19">org.argouml.uml.diagram.ui.FigNodeModelElement.setOwner(FigNodeModelElement.java:1236)</st>
            <st ob="" eb="" sr="" id="4.20">[argouml]     at</st>
            <st ob="" eb="" sr="" id="4.21">org.argouml.uml.diagram.state.ui.FigState.setOwner(FigState.java:110)</st>
            <st ob="" eb="" sr="" id="4.22">  [argouml]     at org.tigris.gef.presentation.Fig.removeFromDiagram(Fig.java:705)</st>
            <st ob="" eb="" sr="" id="4.23">[argouml]     at</st>
            <st ob="" eb="" sr="" id="4.24">org.tigris.gef.presentation.FigNode.removeFromDiagram(FigNode.java:230)</st>
            <st ob="" eb="" sr="" id="4.25">[argouml]     at</st>
            <st ob="" eb="" sr="" id="4.26">org.argouml.uml.diagram.ui.FigNodeModelElement.removeFromDiagram(FigNodeModelElement.java:1569)</st>
            <st ob="" eb="" sr="" id="4.27">  [argouml]     at org.argouml.kernel.Project.removeFigs(Project.java:1055)</st>
            <st ob="" eb="" sr="" id="4.28">  [argouml]     at org.argouml.kernel.Project.trashInternal(Project.java:969)</st>
            <st ob="" eb="" sr="" id="4.29">  [argouml]     at org.argouml.kernel.Project.moveToTrash(Project.java:947)</st>
            <st ob="" eb="" sr="" id="4.30">[argouml]     at</st>
            <st ob="" eb="" sr="" id="4.31">org.argouml.uml.diagram.ui.FigNodeModelElement.propertyChange(FigNodeModelElement.java:910)</st>
            <st ob="" eb="" sr="" id="4.32">[argouml]     at</st>
            <st ob="" eb="" sr="" id="4.33">org.argouml.model.mdr.ModelEventPumpMDRImpl.fire(ModelEventPumpMDRImpl.java:437)</st>
            <st ob="" eb="" sr="" id="4.34">[argouml]     at</st>
            <st ob="" eb="" sr="" id="4.35">org.argouml.model.mdr.ModelEventPumpMDRImpl.change(ModelEventPumpMDRImpl.java:356)</st>
            <st ob="" eb="" sr="" id="4.36">[argouml]     at</st>
            <st ob="" eb="" sr="" id="4.37">org.netbeans.mdr.util.EventNotifier$EventsDelivery.run(EventNotifier.java:270)</st>
            <st ob="" eb="" sr="" id="4.38">  [argouml]     at java.lang.Thread.run(Thread.java:595)</st>
            <st ob="" eb="" sr="" id="4.39">[argouml] log4j:WARN No appenders could be found for logger</st>
            <st ob="" eb="" sr="" id="4.40">(org.argouml.ui.targetmanager.TargetManager).</st>
            <st ob="" eb="" sr="" id="4.41">[argouml] log4j:WARN Please initialize the log4j system properly.</st>
            <st ob="" eb="" sr="" id="4.42">[argouml] java.lang.NullPointerException</st>
            <st ob="" eb="" sr="" id="4.43">[argouml]     at</st>
            <st ob="" eb="" sr="" id="4.44">javax.swing.SwingUtilities.computeIntersection(SwingUtilities.java:417)</st>
            <st ob="" eb="" sr="" id="4.45">[argouml]     at</st>
            <st ob="" eb="" sr="" id="4.46">javax.swing.RepaintManager.paintDirtyRegions(RepaintManager.java:430)</st>
            <st ob="" eb="" sr="" id="4.47">[argouml]     at</st>
            <st ob="" eb="" sr="" id="4.48">org.argouml.uml.diagram.ui.TabDiagram.setTarget(TabDiagram.java:195)</st>
            <st ob="" eb="" sr="" id="4.49">[argouml]     at</st>
            <st ob="" eb="" sr="" id="4.50">org.argouml.uml.diagram.ui.TabDiagram.targetSet(TabDiagram.java:372)</st>
            <st ob="" eb="" sr="" id="4.51">[argouml]     at</st>
            <st ob="" eb="" sr="" id="4.52">org.argouml.ui.targetmanager.TargetManager.fireTargetSet(TargetManager.java:783)</st>
            <st ob="" eb="" sr="" id="4.53">[argouml]     at</st>
            <st ob="" eb="" sr="" id="4.54">org.argouml.ui.targetmanager.TargetManager.internalOnSetTarget(TargetManager.java:487)</st>
            <st ob="" eb="" sr="" id="4.55">[argouml]     at</st>
            <st ob="" eb="" sr="" id="4.56">org.argouml.ui.targetmanager.TargetManager.setTarget(TargetManager.java:467)</st>
            <st ob="" eb="" sr="" id="4.57">[argouml]     at</st>
            <st ob="" eb="" sr="" id="4.58">org.argouml.uml.diagram.ui.UMLDiagram.propertyChange(UMLDiagram.java:484)</st>
            <st ob="" eb="" sr="" id="4.59">[argouml]     at</st>
            <st ob="" eb="" sr="" id="4.60">org.argouml.model.mdr.ModelEventPumpMDRImpl.fire(ModelEventPumpMDRImpl.java:437)</st>
            <st ob="" eb="" sr="" id="4.61">[argouml]     at</st>
            <st ob="" eb="" sr="" id="4.62">org.argouml.model.mdr.ModelEventPumpMDRImpl.change(ModelEventPumpMDRImpl.java:356)</st>
            <st ob="" eb="" sr="" id="4.63">[argouml]     at</st>
            <st ob="" eb="" sr="" id="4.64">org.netbeans.mdr.util.EventNotifier$EventsDelivery.run(EventNotifier.java:270)</st>
            <st ob="" eb="" sr="" id="4.65">  [argouml]     at java.lang.Thread.run(Thread.java:595)</st>
            <st ob="" eb="" sr="" id="4.66">[argouml] [org.netbeans.mdr.Logger] INFORMATIONAL *********** Exception occurred ************ at Sun Feb 26 20:40:03 CET 2006</st>
            <st ob="" eb="" sr="" id="4.67">[argouml] javax.jmi.reflect.InvalidObjectException: Object with MOFID</st>
            <st ob="" eb="" sr="" id="4.68">.</st>
            <st ob="" eb="" sr="" id="4.69">:00000000000007DE no longer exists.</st>
            <st ob="" eb="" sr="" id="4.70">[argouml]     at org.netbeans.mdr.handlers.BaseObjectHandler.</st>
            <st ob="" eb="" sr="" id="4.71">_getDelegate(BaseObjectHandler.java:353)</st>
            <st ob="" eb="" sr="" id="4.72">[argouml]     at</st>
            <st ob="" eb="" sr="" id="4.73">org.netbeans.mdr.handlers.InstanceHandler.getInstanceDelegate(InstanceHandler.java:48)</st>
            <st ob="" eb="" sr="" id="4.74">[argouml]     at org.netbeans.mdr.handlers.InstanceHandler.</st>
            <st ob="" eb="" sr="" id="4.75">_handleGetR(InstanceHandler.java:103)</st>
            <st ob="" eb="" sr="" id="4.76">[argouml]     at org.omg.uml.behavioralelements.statemachines.SimpleState$Impl.getExit(Unknown</st>
            <st ob="" eb="" sr="" id="4.77">Source)</st>
            <st ob="" eb="" sr="" id="4.78">[argouml]     at</st>
            <st ob="" eb="" sr="" id="4.79">org.argouml.model.mdr.FacadeMDRImpl.getExit(FacadeMDRImpl.java:1821)</st>
            <st ob="" eb="" sr="" id="4.80">[argouml]     at</st>
            <st ob="" eb="" sr="" id="4.81">org.argouml.uml.notation.uml.StateBodyNotationUml.toString(StateBodyNotationUml.java:85)</st>
            <st ob="" eb="" sr="" id="4.82">[argouml]     at</st>
            <st ob="" eb="" sr="" id="4.83">org.argouml.uml.diagram.state.ui.FigState.updateInternal(FigState.java:278)</st>
            <st ob="" eb="" sr="" id="4.84">[argouml]     at</st>
            <st ob="" eb="" sr="" id="4.85">org.argouml.uml.diagram.state.ui.FigState.modelChanged(FigState.java:131)</st>
            <st ob="" eb="" sr="" id="4.86">[argouml]     at</st>
            <st ob="" eb="" sr="" id="4.87">org.argouml.uml.diagram.ui.FigNodeModelElement.propertyChange(FigNodeModelElement.java:942)</st>
            <st ob="" eb="" sr="" id="4.88">[argouml]     at</st>
            <st ob="" eb="" sr="" id="4.89">org.argouml.model.mdr.ModelEventPumpMDRImpl.fire(ModelEventPumpMDRImpl.java:437)</st>
            <st ob="" eb="" sr="" id="4.90">[argouml]     at</st>
            <st ob="" eb="" sr="" id="4.91">org.argouml.model.mdr.ModelEventPumpMDRImpl.change(ModelEventPumpMDRImpl.java:356)</st>
            <st ob="" eb="" sr="" id="4.92">[argouml]     at</st>
            <st ob="" eb="" sr="" id="4.93">org.netbeans.mdr.util.EventNotifier$EventsDelivery.run(EventNotifier.java:270)</st>
            <st ob="" eb="" sr="" id="4.94">  [argouml]     at java.lang.Thread.run(Thread.java:595)</st>
            <st ob="" eb="" sr="" id="4.95">[argouml] [org.netbeans.mdr.Logger] INFORMATIONAL *********** Exception occurred ************ at Sun Feb 26 20:40:03 CET 2006</st>
            <st ob="" eb="" sr="" id="4.96">[argouml] javax.jmi.reflect.InvalidObjectException: Object with MOFID</st>
            <st ob="" eb="" sr="" id="4.97">.</st>
            <st ob="" eb="" sr="" id="4.98">:00000000000007DE no longer exists.</st>
            <st ob="" eb="" sr="" id="4.99">[argouml]     at org.netbeans.mdr.handlers.BaseObjectHandler.</st>
            <st ob="" eb="" sr="" id="4.100">_getDelegate(BaseObjectHandler.java:353)</st>
            <st ob="" eb="" sr="" id="4.101">[argouml]     at</st>
            <st ob="" eb="" sr="" id="4.102">org.netbeans.mdr.handlers.InstanceHandler.getInstanceDelegate(InstanceHandler.java:48)</st>
            <st ob="" eb="" sr="" id="4.103">[argouml]     at org.netbeans.mdr.handlers.InstanceHandler.</st>
            <st ob="" eb="" sr="" id="4.104">_handleGetR(InstanceHandler.java:103)</st>
            <st ob="" eb="" sr="" id="4.105">[argouml]     at org.omg.uml.behavioralelements.statemachines.SimpleState$Impl.getExit(Unknown</st>
            <st ob="" eb="" sr="" id="4.106">Source)</st>
            <st ob="" eb="" sr="" id="4.107">[argouml]     at</st>
            <st ob="" eb="" sr="" id="4.108">org.argouml.model.mdr.FacadeMDRImpl.getExit(FacadeMDRImpl.java:1821)</st>
            <st ob="" eb="" sr="" id="4.109">[argouml]     at</st>
            <st ob="" eb="" sr="" id="4.110">org.argouml.uml.notation.uml.StateBodyNotationUml.toString(StateBodyNotationUml.java:85)</st>
            <st ob="" eb="" sr="" id="4.111">[argouml]     at</st>
            <st ob="" eb="" sr="" id="4.112">org.argouml.uml.diagram.state.ui.FigState.updateInternal(FigState.java:278)</st>
            <st ob="" eb="" sr="" id="4.113">[argouml]     at</st>
            <st ob="" eb="" sr="" id="4.114">org.argouml.uml.diagram.state.ui.FigState.modelChanged(FigState.java:131)</st>
            <st ob="" eb="" sr="" id="4.115">[argouml]     at</st>
            <st ob="" eb="" sr="" id="4.116">org.argouml.uml.diagram.ui.FigNodeModelElement.propertyChange(FigNodeModelElement.java:942)</st>
            <st ob="" eb="" sr="" id="4.117">[argouml]     at</st>
            <st ob="" eb="" sr="" id="4.118">org.argouml.model.mdr.ModelEventPumpMDRImpl.fire(ModelEventPumpMDRImpl.java:437)</st>
            <st ob="" eb="" sr="" id="4.119">[argouml]     at</st>
            <st ob="" eb="" sr="" id="4.120">org.argouml.model.mdr.ModelEventPumpMDRImpl.change(ModelEventPumpMDRImpl.java:356)</st>
            <st ob="" eb="" sr="" id="4.121">[argouml]     at</st>
            <st ob="" eb="" sr="" id="4.122">org.netbeans.mdr.util.EventNotifier$EventsDelivery.run(EventNotifier.java:270)</st>
            <st ob="" eb="" sr="" id="4.123">  [argouml]     at java.lang.Thread.run(Thread.java:595)</st>
        </parg>
    </desc>
</bug>
