<?xml version="1.0" encoding="UTF-8" standalone="yes"?>
<bug no-bug="" comments="">
    <id>4031</id>
    <title ob="" eb="" sr="">TagDefinition of type Enumeration problem - AndroMDA profile</title>
    <desc>
        <parg ob="" eb="" sr="" id="1">
            <st ob="" eb="" sr="x" id="1.1">Open the ArgoUML compatible (single file version) AndroMDA profile and look for the TagDefinition @andromda.</st>
            <st ob="" eb="" sr="x" id="1.2">hibernate.generator.class which is owned by the stereotype &lt;&lt;Entity&gt;&gt;.</st>
            <st ob="" eb="x" sr="" id="1.3">The type of the TagDefinition should be</st>
            <st ob="x" eb="x" sr="" id="1.4">HibernateGeneratorClass but instead it shows up as what looks like an internal xmi.id and is greyed out.</st>
        </parg>
    </desc>
</bug>
