<?xml version="1.0" encoding="UTF-8" standalone="yes"?>
<bug no-bug="" comments="">
    <id>4043</id>
    <title ob="x" eb="" sr="">Names of states disappear when project is loaded</title>
    <desc>
        <parg ob="" eb="" sr="" id="1">
            <st ob="" eb="" sr="x" id="1.1">Make a state chart.</st>
            <st ob="" eb="" sr="x" id="1.2">Name the states in it.</st>
            <st ob="" eb="" sr="x" id="1.3">Save it.</st>
            <st ob="" eb="" sr="x" id="1.4">Load it.</st>
            <st ob="x" eb="" sr="" id="1.5">The state names are
no longer displayed.</st>
        </parg>
        <parg ob="" eb="" sr="" id="2">
            <st ob="" eb="" sr="" id="2.1">build from CVS HEAD on 7 March 2006.</st>
        </parg>
    </desc>
</bug>
