<?xml version="1.0" encoding="UTF-8" standalone="yes"?>
<bug no-bug="" comments="">
    <id>4049</id>
    <title ob="x" eb="" sr="x">Updating the role phrase of an association on a diagram does not update the connections pane</title>
    <desc>
        <parg ob="" eb="" sr="" id="1">
            <st ob="x" eb="" sr="x" id="1.1">Changing the role phrase of an association end does not change the connections
panel until you change tabs and back again.</st>
        </parg>
        <parg ob="" eb="" sr="" id="2">
            <st ob="" eb="x" sr="" id="2.1">This should happen immediately.</st>
        </parg>
    </desc>
</bug>
