<?xml version="1.0" encoding="UTF-8" standalone="yes"?>
<bug no-bug="" comments="">
    <id>4103</id>
    <title ob="x" eb="" sr="">Exception when deleting transition</title>
    <desc>
        <parg ob="" eb="" sr="" id="1">
            <st ob="x" eb="" sr="" id="1.1">The following causes an exception:</st>
        </parg>
        <parg ob="" eb="" sr="" id="2">
            <st ob="" eb="" sr="x" id="2.1">1 Create a statechart diagram.with 2 states and a transition.</st>
            <st ob="" eb="" sr="x" id="2.2">2 Make the transition visible in the explorer.</st>
            <st ob="" eb="" sr="x" id="2.3">3 Delete one of the states.</st>
        </parg>
        <parg ob="" eb="" sr="" id="3">
            <st ob="" eb="" sr="" id="3.1">[org.netbeans.mdr.Logger] INFORMATIONAL *********** Exception occurred</st>
            <st ob="" eb="" sr="" id="3.2">************ at Sun Mar 19 17:39:53 CET 2006</st>
            <st ob="" eb="" sr="" id="3.3">javax.jmi.reflect.InvalidObjectException: Object with MOFID .</st>
            <st ob="" eb="" sr="" id="3.4">:00000000000007F7</st>
            <st ob="" eb="" sr="" id="3.5">no longer exists.</st>
            <st ob="" eb="" sr="" id="3.6">at</st>
            <st ob="" eb="" sr="" id="3.7">org.netbeans.mdr.handlers.BaseObjectHandler.</st>
            <st ob="" eb="" sr="" id="3.8">_getDelegate(BaseObjectHandler.java:353)</st>
            <st ob="" eb="" sr="" id="3.9">at</st>
            <st ob="" eb="" sr="" id="3.10">org.netbeans.mdr.handlers.InstanceHandler.getInstanceDelegate(InstanceHandler.java:48)</st>
            <st ob="" eb="" sr="" id="3.11">	at org.netbeans.mdr.handlers.InstanceHandler._handleGetR(InstanceHandler.java:103)</st>
            <st ob="" eb="" sr="" id="3.12">at</st>
            <st ob="" eb="" sr="" id="3.13">org.omg.uml.behavioralelements.statemachines.Transition$Impl.getTrigger(Unknown</st>
            <st ob="" eb="" sr="" id="3.14">Source)</st>
            <st ob="" eb="" sr="" id="3.15">	at org.argouml.model.mdr.FacadeMDRImpl.getTrigger(FacadeMDRImpl.java:3413)</st>
            <st ob="" eb="" sr="" id="3.16">at</st>
            <st ob="" eb="" sr="" id="3.17">org.argouml.uml.notation.uml.TransitionNotationUml.toString(TransitionNotationUml.java:430)</st>
            <st ob="" eb="" sr="" id="3.18">	at org.argouml.ui.explorer.ExplorerTree.convertValueToText(ExplorerTree.java:256)</st>
            <st ob="" eb="" sr="" id="3.19">at</st>
            <st ob="" eb="" sr="" id="3.20">javax.swing.tree.DefaultTreeCellRenderer.getTreeCellRendererComponent(DefaultTreeCellRenderer.java:331)</st>
            <st ob="" eb="" sr="" id="3.21">at</st>
            <st ob="" eb="" sr="" id="3.22">org.argouml.uml.ui.UMLTreeCellRenderer.getTreeCellRendererComponent(UMLTreeCellRenderer.java:78)</st>
            <st ob="" eb="" sr="" id="3.23">at</st>
            <st ob="" eb="" sr="" id="3.24">javax.swing.plaf.basic.BasicTreeUI$NodeDimensionsHandler.getNodeDimensions(BasicTreeUI.java:2693)</st>
            <st ob="" eb="" sr="" id="3.25">at</st>
            <st ob="" eb="" sr="" id="3.26">javax.swing.tree.AbstractLayoutCache.getNodeDimensions(AbstractLayoutCache.java:475)</st>
            <st ob="" eb="" sr="" id="3.27">at</st>
            <st ob="" eb="" sr="" id="3.28">javax.swing.tree.VariableHeightLayoutCache$TreeStateNode.updatePreferredSize(VariableHeightLayoutCache.java:1342)</st>
            <st ob="" eb="" sr="" id="3.29">at</st>
            <st ob="" eb="" sr="" id="3.30">javax.swing.tree.VariableHeightLayoutCache$TreeStateNode.updatePreferredSize(VariableHeightLayoutCache.java:1333)</st>
            <st ob="" eb="" sr="" id="3.31">at</st>
            <st ob="" eb="" sr="" id="3.32">javax.swing.tree.VariableHeightLayoutCache.treeNodesChanged(VariableHeightLayoutCache.java:418)</st>
            <st ob="" eb="" sr="" id="3.33">at</st>
            <st ob="" eb="" sr="" id="3.34">javax.swing.plaf.basic.BasicTreeUI$Handler.treeNodesChanged(BasicTreeUI.java:3667)</st>
            <st ob="" eb="" sr="" id="3.35">at</st>
            <st ob="" eb="" sr="" id="3.36">javax.swing.tree.DefaultTreeModel.fireTreeNodesChanged(DefaultTreeModel.java:466)</st>
            <st ob="" eb="" sr="" id="3.37">	at javax.swing.tree.DefaultTreeModel.nodesChanged(DefaultTreeModel.java:328)</st>
            <st ob="" eb="" sr="" id="3.38">	at javax.swing.tree.DefaultTreeModel.nodeChanged(DefaultTreeModel.java:261)</st>
            <st ob="" eb="" sr="" id="3.39">	at org.argouml.ui.explorer.ExplorerTreeNode.nodeModified(ExplorerTreeNode.java:102)</st>
            <st ob="" eb="" sr="" id="3.40">at</st>
            <st ob="" eb="" sr="" id="3.41">org.argouml.ui.explorer.ExplorerTreeModel.traverseModified(ExplorerTreeModel.java:237)</st>
            <st ob="" eb="" sr="" id="3.42">at</st>
            <st ob="" eb="" sr="" id="3.43">org.argouml.ui.explorer.ExplorerTreeModel.traverseModified(ExplorerTreeModel.java:233)</st>
            <st ob="" eb="" sr="" id="3.44">at</st>
            <st ob="" eb="" sr="" id="3.45">org.argouml.ui.explorer.ExplorerTreeModel.traverseModified(ExplorerTreeModel.java:233)</st>
            <st ob="" eb="" sr="" id="3.46">at</st>
            <st ob="" eb="" sr="" id="3.47">org.argouml.ui.explorer.ExplorerTreeModel.traverseModified(ExplorerTreeModel.java:233)</st>
            <st ob="" eb="" sr="" id="3.48">at</st>
            <st ob="" eb="" sr="" id="3.49">org.argouml.ui.explorer.ExplorerTreeModel.traverseModified(ExplorerTreeModel.java:233)</st>
            <st ob="" eb="" sr="" id="3.50">at</st>
            <st ob="" eb="" sr="" id="3.51">org.argouml.ui.explorer.ExplorerTreeModel.traverseModified(ExplorerTreeModel.java:233)</st>
            <st ob="" eb="" sr="" id="3.52">at</st>
            <st ob="" eb="" sr="" id="3.53">org.argouml.ui.explorer.ExplorerTreeModel.modelElementChanged(ExplorerTreeModel.java:213)</st>
            <st ob="" eb="" sr="" id="3.54">at</st>
            <st ob="" eb="" sr="" id="3.55">org.argouml.ui.explorer.ExplorerEventAdaptor.propertyChange(ExplorerEventAdaptor.java:196)</st>
            <st ob="" eb="" sr="" id="3.56">	at org.argouml.model.mdr.ModelEventPumpMDRImpl.fire(ModelEventPumpMDRImpl.java:438)</st>
            <st ob="" eb="" sr="" id="3.57">at</st>
            <st ob="" eb="" sr="" id="3.58">org.argouml.model.mdr.ModelEventPumpMDRImpl.change(ModelEventPumpMDRImpl.java:357)</st>
            <st ob="" eb="" sr="" id="3.59">	at org.netbeans.mdr.util.EventNotifier$EventsDelivery.run(EventNotifier.java:270)</st>
            <st ob="" eb="" sr="" id="3.60">	at java.lang.Thread.run(Thread.java:595)</st>
        </parg>
    </desc>
</bug>
