<?xml version="1.0" encoding="UTF-8" standalone="yes"?>
<bug no-bug="" comments="">
    <id>4130</id>
    <title ob="" eb="" sr="">Exception when startng new project with Node selected</title>
    <desc>
        <parg ob="" eb="" sr="" id="1">
            <st ob="" eb="" sr="" id="1.1">A "no longer exists" exception hapens when selecting "New..." for the attached project.</st>
        </parg>
        <parg ob="" eb="" sr="" id="2">
            <st ob="" eb="" sr="" id="2.1">1. Load the attached project.</st>
            <st ob="" eb="" sr="" id="2.2">2. In the Deployment diagram, select the only Node.</st>
            <st ob="" eb="" sr="" id="2.3">3. Select "New...".</st>
            <st ob="" eb="" sr="" id="2.4">Answer No.</st>
        </parg>
        <parg ob="" eb="" sr="" id="3">
            <st ob="" eb="" sr="" id="3.1">[org.netbeans.mdr.Logger] INFORMATIONAL *********** Exception occurred</st>
            <st ob="" eb="" sr="" id="3.2">************ at Sun Mar 26 23:13:55 CEST 2006 javax.jmi.reflect.InvalidObjectException: Object with MOFID</st>
            <st ob="" eb="" sr="" id="3.3">10-0-0-9--3049a8a5:10a386296b1:-8000:0000000000000CBD no longer exists.</st>
            <st ob="" eb="" sr="" id="3.4">at org.netbeans.mdr.handlers.BaseObjectHandler.</st>
            <st ob="" eb="" sr="" id="3.5">_getDelegate(BaseObjectHandler.java:353)</st>
            <st ob="" eb="" sr="" id="3.6">at</st>
            <st ob="" eb="" sr="" id="3.7">org.netbeans.mdr.handlers.InstanceHandler.getInstanceDelegate(InstanceHandler.java:48)</st>
            <st ob="" eb="" sr="" id="3.8">at org.netbeans.mdr.handlers.InstanceHandler.</st>
            <st ob="" eb="" sr="" id="3.9">_handleGetR(InstanceHandler.java:103)</st>
            <st ob="" eb="" sr="" id="3.10">	at org.omg.uml.foundation.core.Node$Impl.getDeployedComponent(Unknown Source)</st>
            <st ob="" eb="" sr="" id="3.11">at</st>
            <st ob="" eb="" sr="" id="3.12">org.argouml.model.mdr.FacadeMDRImpl.getDeployedComponents(FacadeMDRImpl.java:2605)</st>
            <st ob="" eb="" sr="" id="3.13">at</st>
            <st ob="" eb="" sr="" id="3.14">org.argouml.uml.ui.foundation.core.UMLNodeDeployedComponentListModel.buildModelList(PropPanelNode.java:107)</st>
            <st ob="" eb="" sr="" id="3.15">at</st>
            <st ob="" eb="" sr="" id="3.16">org.argouml.uml.ui.UMLModelElementListModel2.propertyChange(UMLModelElementListModel2.java:117)</st>
            <st ob="" eb="" sr="" id="3.17">	at org.argouml.model.mdr.ModelEventPumpMDRImpl.fire(ModelEventPumpMDRImpl.java:438)</st>
            <st ob="" eb="" sr="" id="3.18">at</st>
            <st ob="" eb="" sr="" id="3.19">org.argouml.model.mdr.ModelEventPumpMDRImpl.change(ModelEventPumpMDRImpl.java:357)</st>
            <st ob="" eb="" sr="" id="3.20">	at org.netbeans.mdr.util.EventNotifier$EventsDelivery.run(EventNotifier.java:270)</st>
            <st ob="" eb="" sr="" id="3.21">	at java.lang.Thread.run(Unknown Source)</st>
            <st ob="" eb="" sr="" id="3.22">[org.netbeans.mdr.Logger] INFORMATIONAL *********** Exception occurred</st>
            <st ob="" eb="" sr="" id="3.23">************ at Sun Mar 26 23:13:55 CEST 2006 javax.jmi.reflect.InvalidObjectException: Object with MOFID</st>
            <st ob="" eb="" sr="" id="3.24">10-0-0-9--3049a8a5:10a386296b1:-8000:0000000000000CBD no longer exists.</st>
            <st ob="" eb="" sr="" id="3.25">at org.netbeans.mdr.handlers.BaseObjectHandler.</st>
            <st ob="" eb="" sr="" id="3.26">_getDelegate(BaseObjectHandler.java:353)</st>
            <st ob="" eb="" sr="" id="3.27">at</st>
            <st ob="" eb="" sr="" id="3.28">org.netbeans.mdr.handlers.InstanceHandler.getInstanceDelegate(InstanceHandler.java:48)</st>
            <st ob="" eb="" sr="" id="3.29">at org.netbeans.mdr.handlers.InstanceHandler.</st>
            <st ob="" eb="" sr="" id="3.30">_handleGetR(InstanceHandler.java:103)</st>
            <st ob="" eb="" sr="" id="3.31">	at org.omg.uml.foundation.core.Node$Impl.getDeployedComponent(Unknown Source)</st>
            <st ob="" eb="" sr="" id="3.32">at</st>
            <st ob="" eb="" sr="" id="3.33">org.argouml.model.mdr.FacadeMDRImpl.getDeployedComponents(FacadeMDRImpl.java:2605)</st>
            <st ob="" eb="" sr="" id="3.34">at</st>
            <st ob="" eb="" sr="" id="3.35">org.argouml.uml.ui.foundation.core.UMLNodeDeployedComponentListModel.buildModelList(PropPanelNode.java:107)</st>
            <st ob="" eb="" sr="" id="3.36">at</st>
            <st ob="" eb="" sr="" id="3.37">org.argouml.uml.ui.UMLModelElementListModel2.propertyChange(UMLModelElementListModel2.java:117)</st>
            <st ob="" eb="" sr="" id="3.38">	at org.argouml.model.mdr.ModelEventPumpMDRImpl.fire(ModelEventPumpMDRImpl.java:438)</st>
            <st ob="" eb="" sr="" id="3.39">at</st>
            <st ob="" eb="" sr="" id="3.40">org.argouml.model.mdr.ModelEventPumpMDRImpl.change(ModelEventPumpMDRImpl.java:357)</st>
            <st ob="" eb="" sr="" id="3.41">	at org.netbeans.mdr.util.EventNotifier$EventsDelivery.run(EventNotifier.java:270)</st>
            <st ob="" eb="" sr="" id="3.42">	at java.lang.Thread.run(Unknown Source)</st>
        </parg>
    </desc>
</bug>
