<?xml version="1.0" encoding="UTF-8" standalone="yes"?>
<bug no-bug="" comments="">
    <id>4155</id>
    <title ob="x" eb="" sr="">File Save overwrites without confirmation</title>
    <desc>
        <parg ob="" eb="" sr="" id="1">
            <st ob="x" eb="" sr="x" id="1.1">If you create a new project and then select File-&gt;Save and specify an existing
filename, the file will be overwritten without any warning or confirmation.</st>
            <st ob="x" eb="" sr="" id="1.2">The
File-&gt;Save As operation does ask for confirmation, so there are apparently two
different code paths.</st>
        </parg>
    </desc>
</bug>
