<?xml version="1.0" encoding="UTF-8" standalone="yes"?>
<bug no-bug="" comments="">
    <id>4181</id>
    <title ob="" eb="" sr="">Drawing associationclass broken</title>
    <desc>
        <parg ob="" eb="" sr="" id="1">
            <st ob="x" eb="" sr="" id="1.1">It is impossible to draw an associationclass on the diagram.</st>
        </parg>
        <parg ob="" eb="" sr="" id="2">
            <st ob="x" eb="" sr="x" id="2.1">When you try, the edge does not attach, and you get the following exception:</st>
        </parg>
        <parg ob="" eb="" sr="" id="3">
            <st ob="" eb="" sr="" id="3.1">Exception in thread "AWT-EventQueue-0" java.lang.ClassCastException:</st>
            <st ob="" eb="" sr="" id="3.2">org.argouml.uml.diagram.ui.FigAssociationClass</st>
            <st ob="" eb="" sr="" id="3.3">	at</st>
            <st ob="" eb="" sr="" id="3.4">org.argouml.model.mdr.ModelEventPumpMDRImpl.registerModelEvent(ModelEventPumpMDRImpl.java:461)</st>
            <st ob="" eb="" sr="" id="3.5">	at</st>
            <st ob="" eb="" sr="" id="3.6">org.argouml.model.mdr.ModelEventPumpMDRImpl.addModelEventListener(ModelEventPumpMDRImpl.java:170)</st>
            <st ob="" eb="" sr="" id="3.7">	at</st>
            <st ob="" eb="" sr="" id="3.8">org.argouml.uml.diagram.ui.FigNodeModelElement.addElementListener(FigNodeModelElement.java:1674)</st>
            <st ob="" eb="" sr="" id="3.9">	at</st>
            <st ob="" eb="" sr="" id="3.10">org.argouml.uml.diagram.static_structure.ui.FigClass.updateListeners(FigClass.java:878)</st>
            <st ob="" eb="" sr="" id="3.11">	at</st>
            <st ob="" eb="" sr="" id="3.12">org.argouml.uml.diagram.ui.FigNodeModelElement.setOwner(FigNodeModelElement.java:1208)</st>
            <st ob="" eb="" sr="" id="3.13">	at org.argouml.uml.diagram.static_structure.ui.FigClass.&lt;init&gt;(FigClass.java:152)</st>
            <st ob="" eb="" sr="" id="3.14">	at</st>
            <st ob="" eb="" sr="" id="3.15">org.argouml.uml.diagram.ui.FigClassAssociationClass.&lt;init&gt;(FigClassAssociationClass.java:56)</st>
            <st ob="" eb="" sr="" id="3.16">	at</st>
            <st ob="" eb="" sr="" id="3.17">org.argouml.uml.diagram.ui.ModeCreateAssociationClass.endAttached(ModeCreateAssociationClass.java:75)</st>
            <st ob="" eb="" sr="" id="3.18">	at</st>
            <st ob="" eb="" sr="" id="3.19">org.tigris.gef.base.ModeCreatePolyEdge.mouseReleased(ModeCreatePolyEdge.java:250)</st>
            <st ob="" eb="" sr="" id="3.20">	at org.tigris.gef.base.ModeManager.mouseReleased(ModeManager.java:220)</st>
            <st ob="" eb="" sr="" id="3.21">	at org.tigris.gef.base.Editor.mouseReleased(Editor.java:772)</st>
            <st ob="" eb="" sr="" id="3.22">	at java.awt.AWTEventMulticaster.mouseReleased(AWTEventMulticaster.java:231)</st>
            <st ob="" eb="" sr="" id="3.23">	at java.awt.Component.processMouseEvent(Component.java:5488)</st>
            <st ob="" eb="" sr="" id="3.24">	at javax.swing.JComponent.processMouseEvent(JComponent.java:3126)</st>
            <st ob="" eb="" sr="" id="3.25">	at</st>
            <st ob="" eb="" sr="" id="3.26">org.tigris.gef.graph.presentation.JGraphInternalPane.processMouseEvent(JGraph.java:640)</st>
            <st ob="" eb="" sr="" id="3.27">	at java.awt.Component.processEvent(Component.java:5253)</st>
            <st ob="" eb="" sr="" id="3.28">	at java.awt.Container.processEvent(Container.java:1966)</st>
            <st ob="" eb="" sr="" id="3.29">	at java.awt.Component.dispatchEventImpl(Component.java:3955)</st>
            <st ob="" eb="" sr="" id="3.30">	at java.awt.Container.dispatchEventImpl(Container.java:2024)</st>
            <st ob="" eb="" sr="" id="3.31">	at java.awt.Component.dispatchEvent(Component.java:3803)</st>
            <st ob="" eb="" sr="" id="3.32">	at java.awt.LightweightDispatcher.retargetMouseEvent(Container.java:4212)</st>
            <st ob="" eb="" sr="" id="3.33">	at java.awt.LightweightDispatcher.processMouseEvent(Container.java:3892)</st>
            <st ob="" eb="" sr="" id="3.34">	at java.awt.LightweightDispatcher.dispatchEvent(Container.java:3822)</st>
            <st ob="" eb="" sr="" id="3.35">	at java.awt.Container.dispatchEventImpl(Container.java:2010)</st>
            <st ob="" eb="" sr="" id="3.36">	at java.awt.Window.dispatchEventImpl(Window.java:1774)</st>
            <st ob="" eb="" sr="" id="3.37">	at java.awt.Component.dispatchEvent(Component.java:3803)</st>
            <st ob="" eb="" sr="" id="3.38">	at java.awt.EventQueue.dispatchEvent(EventQueue.java:463)</st>
            <st ob="" eb="" sr="" id="3.39">	at</st>
            <st ob="" eb="" sr="" id="3.40">java.awt.EventDispatchThread.pumpOneEventForHierarchy(EventDispatchThread.java:242)</st>
            <st ob="" eb="" sr="" id="3.41">	at</st>
            <st ob="" eb="" sr="" id="3.42">java.awt.EventDispatchThread.pumpEventsForHierarchy(EventDispatchThread.java:163)</st>
            <st ob="" eb="" sr="" id="3.43">	at java.awt.EventDispatchThread.pumpEvents(EventDispatchThread.java:157)</st>
            <st ob="" eb="" sr="" id="3.44">	at java.awt.EventDispatchThread.pumpEvents(EventDispatchThread.java:149)</st>
            <st ob="" eb="" sr="" id="3.45">	at java.awt.EventDispatchThread.run(EventDispatchThread.java:110)</st>
        </parg>
    </desc>
</bug>
