<?xml version="1.0" encoding="UTF-8" standalone="yes"?>
<bug no-bug="" comments="">
    <id>4194</id>
    <title ob="" eb="" sr="">Exception: Class PropPanelTaggedValue for Panel not found</title>
    <desc>
        <parg ob="" eb="" sr="" id="1">
            <st ob="" eb="" sr="" id="1.1">When selecting a TaggedValue in the explorer, you get an exception complaining that:</st>
            <st ob="" eb="" sr="" id="1.2">"Class org.argouml.uml.ui.foundation.core.PropPanelTaggedValue for Panel not found!"</st>
            <st ob="" eb="" sr="" id="1.3">AFAIK, you only can do this from within the Composite-Centric explorer perspective.</st>
        </parg>
        <parg ob="" eb="" sr="" id="2">
            <st ob="" eb="" sr="" id="2.1">Indeed, the TaggedValue is a ModelElement, but has no Proppanel.</st>
        </parg>
        <parg ob="" eb="" sr="" id="3">
            <st ob="" eb="" sr="" id="3.1">Should it have one?</st>
        </parg>
        <parg ob="" eb="" sr="" id="4">
            <st ob="" eb="" sr="" id="4.1">Simply excluding the TaggedValue in TabProps.setTarget() is not sufficient - still exceptions are thrown.</st>
        </parg>
    </desc>
</bug>
