<?xml version="1.0" encoding="UTF-8" standalone="yes"?>
<bug no-bug="" comments="fix parsing">
    <id>4200</id>
    <title ob="x" eb="" sr="">Activity diagrams vanish in a new Package</title>
    <desc>
        <parg ob="" eb="" sr="" id="1">
            <st ob="x" eb="" sr="" id="1.1">Activity diagrams vanish in a Package.</st>
            <st ob="" eb="" sr="x" id="1.2">That is how you can get the defect:</st>
            <st ob="" eb="" sr="x" id="1.3">stand on the main Model folder;</st>
            <st ob="" eb="" sr="x" id="1.4">right mouse click and choose from droped meniu "Add Package";</st>
            <st ob="x" eb="" sr="" id="1.5">new package appears;</st>
            <st ob="" eb="" sr="x" id="1.6">rename the package;</st>
            <st ob="" eb="" sr="x" id="1.7">there are some diagrams below, so i jus drag them one by one using right</st>
            <st ob="" eb="" sr="x" id="1.8">mouse button and releasing over the package;</st>
            <st ob="x" eb="x" sr="" id="1.9">the package remains unchanged (i expected it should become expandable like a
diagram in the tree);</st>
            <st ob="x" eb="" sr="" id="1.10">in selected package Properties Owned Elements I can see my diagrams, but
double click does not allow me to review them.</st>
        </parg>
    </desc>
</bug>
