<?xml version="1.0" encoding="UTF-8" standalone="yes"?>
<bug no-bug="" comments="">
    <id>4222</id>
    <title ob="x" eb="" sr="">Operation and argument names refresh incorrectly</title>
    <desc>
        <parg ob="" eb="" sr="" id="1">
            <st ob="x" eb="" sr="" id="1.1">When you change the name of an argument of a operation in a class it doesn't
work in some circunstances.</st>
        </parg>
        <parg ob="" eb="" sr="" id="2">
            <st ob="" eb="" sr="x" id="2.1">1 Create a new class</st>
        </parg>
        <parg ob="" eb="" sr="" id="3">
            <st ob="" eb="" sr="x" id="3.1">2 Create new operation in the class</st>
        </parg>
        <parg ob="" eb="" sr="" id="4">
            <st ob="" eb="" sr="x" id="4.1">3 Add argument (set the name of the argument)</st>
        </parg>
        <parg ob="" eb="" sr="" id="5">
            <st ob="x" eb="" sr="" id="5.1">4 The diagram doesn't refresh this name and save the project with the default
name  of the argument.</st>
            <st ob="x" eb="" sr="" id="5.2">It also changes the name of the operation.</st>
        </parg>
        <parg ob="" eb="" sr="" id="6">
            <st ob="x" eb="" sr="" id="6.1">5 Next time you open the project all this doens't happen</st>
        </parg>
    </desc>
</bug>
