<?xml version="1.0" encoding="UTF-8" standalone="yes"?>
<bug no-bug="" comments="">
    <id>4245</id>
    <title ob="x" eb="" sr="">Repaint exception when creating sequence diagram</title>
    <desc>
        <parg ob="" eb="" sr="" id="1">
            <st ob="x" eb="" sr="x" id="1.1">I get the following exception the first time a sequence diagram is created.</st>
            <st ob="" eb="" sr="" id="1.2">I've tried catching it in the debugger and looking at the context, but didn't
see anything obvious which would indicate what is causing the problem.</st>
        </parg>
        <parg ob="" eb="" sr="" id="2">
            <st ob="" eb="" sr="" id="2.1">This appears to be the same problem that both Michiel and I reported in comments
to issue 4174 (which has since been closed).</st>
        </parg>
        <parg ob="" eb="" sr="" id="3">
            <st ob="" eb="" sr="" id="3.1">Exception in thread "AWT-EventQueue-0" java.lang.NullPointerException</st>
            <st ob="" eb="" sr="" id="3.2">	at java.awt.Rectangle.setBounds(Unknown Source)</st>
            <st ob="" eb="" sr="" id="3.3">	at javax.swing.RepaintManager.collectDirtyComponents(Unknown Source)</st>
            <st ob="" eb="" sr="" id="3.4">	at javax.swing.RepaintManager.paintDirtyRegions(Unknown Source)</st>
            <st ob="" eb="" sr="" id="3.5">	at javax.swing.SystemEventQueueUtilities$ComponentWorkRequest.run(Unknown Source)</st>
            <st ob="" eb="" sr="" id="3.6">	at java.awt.event.InvocationEvent.dispatch(Unknown Source)</st>
            <st ob="" eb="" sr="" id="3.7">	at java.awt.EventQueue.dispatchEvent(Unknown Source)</st>
            <st ob="" eb="" sr="" id="3.8">	at java.awt.EventDispatchThread.pumpOneEventForHierarchy(Unknown Source)</st>
            <st ob="" eb="" sr="" id="3.9">	at java.awt.EventDispatchThread.pumpEventsForHierarchy(Unknown Source)</st>
            <st ob="" eb="" sr="" id="3.10">	at java.awt.EventDispatchThread.pumpEvents(Unknown Source)</st>
            <st ob="" eb="" sr="" id="3.11">	at java.awt.EventDispatchThread.pumpEvents(Unknown Source)</st>
            <st ob="" eb="" sr="" id="3.12">	at java.awt.EventDispatchThread.run(Unknown Source)</st>
        </parg>
    </desc>
</bug>
