<?xml version="1.0" encoding="UTF-8" standalone="yes"?>
<bug no-bug="" comments="">
    <id>4272</id>
    <title ob="x" eb="" sr="">InvalidElementException in Checklist</title>
    <desc>
        <parg ob="" eb="" sr="" id="1">
            <st ob="x" eb="" sr="" id="1.1">The following causes a complete crash of ArgoUML due to InvalidElementException:</st>
        </parg>
        <parg ob="" eb="" sr="" id="2">
            <st ob="" eb="" sr="x" id="2.1">1 Draw 2 Classes.</st>
            <st ob="" eb="" sr="x" id="2.2">2 Draw an association between them.</st>
            <st ob="" eb="" sr="x" id="2.3">3 Delete from model the association.</st>
            <st ob="" eb="" sr="x" id="2.4">4 Again, draw an association between these classes.</st>
            <st ob="" eb="" sr="x" id="2.5">5 Click on the Checklist tab.</st>
            <st ob="" eb="" sr="x" id="2.6">6 Minimize the ArgoUML window.</st>
            <st ob="" eb="" sr="x" id="2.7">7 Show the screen again.</st>
        </parg>
        <parg ob="" eb="" sr="" id="3">
            <st ob="x" eb="" sr="" id="3.1">This shows an empty ArgoUML window.</st>
            <st ob="" eb="" sr="" id="3.2">The last 2 steps are only needed to show the
severeness of the problem.</st>
        </parg>
        <parg ob="" eb="" sr="" id="4">
            <st ob="" eb="" sr="" id="4.1">This issue is similar to issue 4182.</st>
        </parg>
        <parg ob="" eb="" sr="" id="5">
            <st ob="x" eb="" sr="" id="5.1">The exception:</st>
        </parg>
        <parg ob="" eb="" sr="" id="6">
            <st ob="" eb="" sr="" id="6.1">Exception in thread "AWT-EventQueue-0"</st>
            <st ob="" eb="" sr="" id="6.2">org.argouml.model.InvalidElementException: UUID:</st>
            <st ob="" eb="" sr="" id="6.3">10-0-0-9--c3a8a2a:10bd3d01e34:-8000:00000000000009AC</st>
            <st ob="" eb="" sr="" id="6.4">        at org.argouml.model.mdr.FacadeMDRImpl.getName(FacadeMDRImpl.java:4403)</st>
            <st ob="" eb="" sr="" id="6.5">        at</st>
            <st ob="" eb="" sr="" id="6.6">org.argouml.ocl.CriticOclEvaluator.evalToString(CriticOclEvaluator.java:64)</st>
            <st ob="" eb="" sr="" id="6.7">        at</st>
            <st ob="" eb="" sr="" id="6.8">org.argouml.uml.cognitive.checklist.UMLCheckItem.expand(UMLCheckItem.java:87)</st>
            <st ob="" eb="" sr="" id="6.9">        at</st>
            <st ob="" eb="" sr="" id="6.10">org.argouml.cognitive.checklist.CheckItem.getDescription(CheckItem.java:128)</st>
            <st ob="" eb="" sr="" id="6.11">        at</st>
            <st ob="" eb="" sr="" id="6.12">org.argouml.cognitive.checklist.ui.TableModelChecklist.getValueAt(TabChecklist.java:363)</st>
            <st ob="" eb="" sr="" id="6.13">        at javax.swing.JTable.getValueAt(Unknown Source)</st>
            <st ob="" eb="" sr="" id="6.14">        at javax.swing.JTable.prepareRenderer(Unknown Source)</st>
            <st ob="" eb="" sr="" id="6.15">        at javax.swing.plaf.basic.BasicTableUI.paintCell(Unknown Source)</st>
            <st ob="" eb="" sr="" id="6.16">        at javax.swing.plaf.basic.BasicTableUI.paintCells(Unknown Source)</st>
            <st ob="" eb="" sr="" id="6.17">        at javax.swing.plaf.basic.BasicTableUI.paint(Unknown Source)</st>
            <st ob="" eb="" sr="" id="6.18">        at javax.swing.plaf.ComponentUI.update(Unknown Source)</st>
            <st ob="" eb="" sr="" id="6.19">        at javax.swing.JComponent.paintComponent(Unknown Source)</st>
            <st ob="" eb="" sr="" id="6.20">        at javax.swing.JComponent.paint(Unknown Source)</st>
            <st ob="" eb="" sr="" id="6.21">        at javax.swing.JComponent.paintChildren(Unknown Source)</st>
            <st ob="" eb="" sr="" id="6.22">        at javax.swing.JComponent.paint(Unknown Source)</st>
            <st ob="" eb="" sr="" id="6.23">        at javax.swing.JViewport.paint(Unknown Source)</st>
            <st ob="" eb="" sr="" id="6.24">        at javax.swing.JComponent.paintChildren(Unknown Source)</st>
            <st ob="" eb="" sr="" id="6.25">        at javax.swing.JComponent.paint(Unknown Source)</st>
            <st ob="" eb="" sr="" id="6.26">        at javax.swing.JComponent.paintChildren(Unknown Source)</st>
            <st ob="" eb="" sr="" id="6.27">        at javax.swing.JComponent.paint(Unknown Source)</st>
            <st ob="" eb="" sr="" id="6.28">        at javax.swing.JComponent.paintChildren(Unknown Source)</st>
            <st ob="" eb="" sr="" id="6.29">        at javax.swing.JComponent.paint(Unknown Source)</st>
            <st ob="" eb="" sr="" id="6.30">        at javax.swing.JComponent.paintChildren(Unknown Source)</st>
            <st ob="" eb="" sr="" id="6.31">        at javax.swing.JComponent.paint(Unknown Source)</st>
            <st ob="" eb="" sr="" id="6.32">        at javax.swing.JComponent.paintWithOffscreenBuffer(Unknown Source)</st>
            <st ob="" eb="" sr="" id="6.33">        at javax.swing.JComponent.paintDoubleBuffered(Unknown Source)</st>
            <st ob="" eb="" sr="" id="6.34">        at javax.swing.JComponent._paintImmediately(Unknown Source)</st>
            <st ob="" eb="" sr="" id="6.35">        at javax.swing.JComponent.paintImmediately(Unknown Source)</st>
            <st ob="" eb="" sr="" id="6.36">        at javax.swing.RepaintManager.paintDirtyRegions(Unknown Source)</st>
            <st ob="" eb="" sr="" id="6.37">        at</st>
            <st ob="" eb="" sr="" id="6.38">javax.swing.SystemEventQueueUtilities$ComponentWorkRequest.run(Unknown Source)</st>
            <st ob="" eb="" sr="" id="6.39">        at java.awt.event.InvocationEvent.dispatch(Unknown Source)</st>
            <st ob="" eb="" sr="" id="6.40">        at java.awt.EventQueue.dispatchEvent(Unknown Source)</st>
            <st ob="" eb="" sr="" id="6.41">        at java.awt.EventDispatchThread.pumpOneEventForHierarchy(Unknown Source)</st>
            <st ob="" eb="" sr="" id="6.42">        at java.awt.EventDispatchThread.pumpEventsForHierarchy(Unknown Source)</st>
            <st ob="" eb="" sr="" id="6.43">        at java.awt.EventDispatchThread.pumpEvents(Unknown Source)</st>
            <st ob="" eb="" sr="" id="6.44">        at java.awt.EventDispatchThread.pumpEvents(Unknown Source)</st>
            <st ob="" eb="" sr="" id="6.45">        at java.awt.EventDispatchThread.run(Unknown Source)</st>
            <st ob="" eb="" sr="" id="6.46">Caused by: javax.jmi.reflect.InvalidObjectException: Object with MOFID</st>
            <st ob="" eb="" sr="" id="6.47">10-0-0-9--c3a8a2a:10bd3d01e34:-8000:00000000000009AC no longer exists.</st>
            <st ob="" eb="" sr="" id="6.48">        at</st>
            <st ob="" eb="" sr="" id="6.49">org.netbeans.mdr.handlers.BaseObjectHandler._getDelegate(BaseObjectHandler.java:353)</st>
            <st ob="" eb="" sr="" id="6.50">        at</st>
            <st ob="" eb="" sr="" id="6.51">org.netbeans.mdr.handlers.InstanceHandler.getInstanceDelegate(InstanceHandler.java:48)</st>
            <st ob="" eb="" sr="" id="6.52">        at</st>
            <st ob="" eb="" sr="" id="6.53">org.netbeans.mdr.handlers.InstanceHandler._handleGet(InstanceHandler.java:193)</st>
            <st ob="" eb="" sr="" id="6.54">        at org.omg.uml.foundation.core.UmlAssociation$Impl.getName(Unknown Source)</st>
            <st ob="" eb="" sr="" id="6.55">        at org.argouml.model.mdr.FacadeMDRImpl.getName(FacadeMDRImpl.java:4394)</st>
            <st ob="" eb="" sr="" id="6.56">        ... 36 more</st>
        </parg>
    </desc>
</bug>
