<?xml version="1.0" encoding="UTF-8" standalone="yes"?>
<bug no-bug="" comments="">
    <id>4276</id>
    <title ob="x" eb="" sr="">InvalidObjectException when deleting 2 classes at once</title>
    <desc>
        <parg ob="" eb="" sr="" id="1">
            <st ob="" eb="" sr="x" id="1.1">1 Draw 2 classes.</st>
            <st ob="" eb="" sr="x" id="1.2">2 Select them both.</st>
            <st ob="" eb="" sr="x" id="1.3">3 Delete from Model (in the menu, or by rightclicking).</st>
        </parg>
        <parg ob="" eb="" sr="" id="2">
            <st ob="" eb="" sr="" id="2.1">javax.jmi.reflect.InvalidObjectException: Object with MOFID</st>
            <st ob="" eb="" sr="" id="2.2">127-0-0-2--249892a7:10bd8531009:-8000:00000000000007E2 no longer exists.</st>
            <st ob="" eb="" sr="" id="2.3">	at</st>
            <st ob="" eb="" sr="" id="2.4">org.netbeans.mdr.handlers.BaseObjectHandler._getDelegate(BaseObjectHandler.java:353)</st>
            <st ob="" eb="" sr="" id="2.5">	at</st>
            <st ob="" eb="" sr="" id="2.6">org.netbeans.mdr.handlers.BaseObjectHandler.refMetaObject(BaseObjectHandler.java:292)</st>
            <st ob="" eb="" sr="" id="2.7">	at</st>
            <st ob="" eb="" sr="" id="2.8">org.argouml.model.mdr.ModelEventPumpMDRImpl.registerModelEvent(ModelEventPumpMDRImpl.java:446)</st>
            <st ob="" eb="" sr="" id="2.9">	at</st>
            <st ob="" eb="" sr="" id="2.10">org.argouml.model.mdr.ModelEventPumpMDRImpl.addModelEventListener(ModelEventPumpMDRImpl.java:152)</st>
            <st ob="" eb="" sr="" id="2.11">	at</st>
            <st ob="" eb="" sr="" id="2.12">org.argouml.model.AbstractModelEventPump.addModelEventListener(AbstractModelEventPump.java:63)</st>
            <st ob="" eb="" sr="" id="2.13">	at</st>
            <st ob="" eb="" sr="" id="2.14">org.argouml.uml.ui.UMLModelElementListModel2.setTarget(UMLModelElementListModel2.java:305)</st>
            <st ob="" eb="" sr="" id="2.15">	at</st>
            <st ob="" eb="" sr="" id="2.16">org.argouml.uml.ui.UMLModelElementListModel2.targetRemoved(UMLModelElementListModel2.java:429)</st>
            <st ob="" eb="" sr="" id="2.17">	at org.argouml.uml.ui.PropPanel.fireTargetRemoved(PropPanel.java:529)</st>
            <st ob="" eb="" sr="" id="2.18">	at org.argouml.uml.ui.PropPanel.targetRemoved(PropPanel.java:483)</st>
            <st ob="" eb="" sr="" id="2.19">	at org.argouml.uml.ui.TabProps.fireTargetRemoved(TabProps.java:849)</st>
            <st ob="" eb="" sr="" id="2.20">	at org.argouml.uml.ui.TabProps.targetRemoved(TabProps.java:789)</st>
            <st ob="" eb="" sr="" id="2.21">	at org.argouml.ui.DetailsPane.fireTargetRemoved(DetailsPane.java:677)</st>
            <st ob="" eb="" sr="" id="2.22">	at org.argouml.ui.DetailsPane.targetRemoved(DetailsPane.java:605)</st>
            <st ob="" eb="" sr="" id="2.23">	at</st>
            <st ob="" eb="" sr="" id="2.24">org.argouml.ui.targetmanager.TargetManager.fireTargetRemoved(TargetManager.java:809)</st>
            <st ob="" eb="" sr="" id="2.25">	at</st>
            <st ob="" eb="" sr="" id="2.26">org.argouml.ui.targetmanager.TargetManager.internalOnSetTarget(TargetManager.java:478)</st>
            <st ob="" eb="" sr="" id="2.27">	at org.argouml.ui.targetmanager.TargetManager.removeTarget(TargetManager.java:642)</st>
            <st ob="" eb="" sr="" id="2.28">	at</st>
            <st ob="" eb="" sr="" id="2.29">org.argouml.ui.targetmanager.TargetManager$TargetRemover.remove(TargetManager.java:1116)</st>
            <st ob="" eb="" sr="" id="2.30">	at</st>
            <st ob="" eb="" sr="" id="2.31">org.argouml.ui.targetmanager.TargetManager$Remover.propertyChange(TargetManager.java:1107)</st>
            <st ob="" eb="" sr="" id="2.32">	at org.argouml.model.mdr.ModelEventPumpMDRImpl.fire(ModelEventPumpMDRImpl.java:412)</st>
            <st ob="" eb="" sr="" id="2.33">	at</st>
            <st ob="" eb="" sr="" id="2.34">org.argouml.model.mdr.ModelEventPumpMDRImpl.change(ModelEventPumpMDRImpl.java:334)</st>
            <st ob="" eb="" sr="" id="2.35">	at org.netbeans.mdr.util.EventNotifier$EventsDelivery.run(EventNotifier.java:270)</st>
            <st ob="" eb="" sr="" id="2.36">	at java.lang.Thread.run(Thread.java:595)</st>
        </parg>
    </desc>
</bug>
