<?xml version="1.0" encoding="UTF-8" standalone="yes"?>
<bug no-bug="" comments="">
    <id>4279</id>
    <title ob="x" eb="" sr="">InvalidElementException when setting notation language on project load</title>
    <desc>
        <parg ob="" eb="" sr="" id="1">
            <st ob="x" eb="" sr="x" id="1.1">I had a project loaded and cleared it using File-&gt;New, then tried to load a new
project and got the following exception.</st>
            <st ob="x" eb="" sr="" id="1.2">The only way to load a new project
after it got into this state was to restart ArgoUML.</st>
        </parg>
        <parg ob="" eb="" sr="" id="2">
            <st ob="" eb="" sr="" id="2.1">Error opening file : issue4274-Softiam.zargo</st>
            <st ob="" eb="" sr="" id="2.2"> System Info:</st>
            <st ob="" eb="" sr="" id="2.3">ArgoUML version : PRE-0.22.alpha2</st>
            <st ob="" eb="" sr="" id="2.4">Java Version : 1.5.0_02</st>
            <st ob="" eb="" sr="" id="2.5">Java Vendor : Sun Microsystems Inc.</st>
            <st ob="" eb="" sr="" id="2.6">Java Vendor URL : http://java.sun.com/</st>
            <st ob="" eb="" sr="" id="2.7">Java Home Directory : C:\Program Files\Java\jre1.5.0_02</st>
            <st ob="" eb="" sr="" id="2.8">Java Classpath :</st>
            <st ob="" eb="" sr="" id="2.9">\argouml-core-lib\build-eclipse;C:\eclipse-workspace\argouml-core-lib\antlrall-2.7.2.jar;C:\eclipse-workspace\argouml-core-lib\commons-logging-1.0.2.jar;C:\eclipse-workspace\argouml-core-lib\log4j-1.2.6.jar;C:\eclipse-workspace\argouml-core-lib\ocl-argo-1.1.jar;C:\eclipse-workspace\argouml-core-lib\toolbar-1.2.jar;C:\eclipse-workspace\argouml-core-lib\swidgets-0.1.4.jar;C:\eclipse-workspace\argouml-core-lib\gef-0.11.3M10.jar;C:\eclipse-workspace\argouml-core-model\build-eclipse;C:\eclipse-workspace\argouml-core-model-mdr\build-eclipse;C:\eclipse-workspace\argouml-core-model-mdr\lib\jmi.jar;C:\eclipse-workspace\argouml-core-model-mdr\lib\jmiutils.jar;C:\eclipse-workspace\argouml-core-model-mdr\lib\mdrapi.jar;C:\eclipse-workspace\argouml-core-model-mdr\lib\mof.jar;C:\eclipse-workspace\argouml-core-model-mdr\lib\nbmdr.jar;C:\eclipse-workspace\argouml-core-model-mdr\lib\openide-util.jar;\argouml-core-tools\build-eclipse;C:\eclipse-workspace\argouml-core-tools\ant-1.6.2\lib\ant.jar;C:\eclipse-workspace\argouml-core-tools\junit-3.8.1\junit.jar;C:\eclipse-workspace\argouml-core-tools\lib\easymock12.jar;C:\eclipse-workspace\argouml\build-eclipse;C:\eclipse-workspace\argouml-core-lib\antlrall-2.7.2.jar;C:\eclipse-workspace\argouml-core-lib\commons-logging-1.0.2.jar;C:\eclipse-workspace\argouml-core-lib\log4j-1.2.6.jar;C:\eclipse-workspace\argouml-core-lib\ocl-argo-1.1.jar;C:\eclipse-workspace\argouml-core-lib\toolbar-1.2.jar;C:\eclipse-workspace\argouml-core-lib\swidgets-0.1.4.jar;C:\eclipse-workspace\argouml-core-lib\gef-0.11.3M10.jar;C:\eclipse-workspace\argouml-core-model\build-eclipse;C:\eclipse-workspace\argouml-core-lib\log4j-1.2.6.jar;C:\eclipse-workspace\argouml-core-tools\ant-1.6.2\lib\ant.jar;C:\eclipse-workspace\argouml-core-tools\junit-3.8.1\junit.jar;C:\eclipse-workspace\argouml-core-tools\lib\easymock12.jar</st>
            <st ob="" eb="" sr="" id="2.10">Operation System : Windows XP, Version 5.1</st>
            <st ob="" eb="" sr="" id="2.11">Architecture : x86</st>
            <st ob="" eb="" sr="" id="2.12">User Name : tom.morris</st>
            <st ob="" eb="" sr="" id="2.13">User Home Directory : C:\Documents and Settings\tom.morris</st>
            <st ob="" eb="" sr="" id="2.14">Current Directory : C:\eclipse-workspace\argouml</st>
            <st ob="" eb="" sr="" id="2.15">JVM Total Memory : 68018176</st>
            <st ob="" eb="" sr="" id="2.16">JVM Free Memory : 12835120</st>
        </parg>
        <parg ob="" eb="" sr="" id="3">
            <st ob="" eb="" sr="" id="3.1">Error occurred at : Fri Jun 16 11:46:16 EDT 2006</st>
            <st ob="" eb="" sr="" id="3.2">Cause : org.argouml.model.InvalidElementException:</st>
            <st ob="" eb="" sr="" id="3.3">javax.jmi.reflect.InvalidObjectException: Object with MOFID</st>
            <st ob="" eb="" sr="" id="3.4">-64--88-1-100-116c26bc:10bdbac263d:-8000:0000000000001005 no longer exists.</st>
            <st ob="" eb="" sr="" id="3.5">at org.argouml.model.mdr.FacadeMDRImpl.getBase(FacadeMDRImpl.java:1651)</st>
            <st ob="" eb="" sr="" id="3.6">at org.argouml.model.mdr.CoreHelperMDRImpl.getSource(CoreHelperMDRImpl.java:1233)</st>
            <st ob="" eb="" sr="" id="3.7">at</st>
            <st ob="" eb="" sr="" id="3.8">org.argouml.model.AbstractCoreHelperDecorator.getSource(AbstractCoreHelperDecorator.java:380)</st>
            <st ob="" eb="" sr="" id="3.9">at</st>
            <st ob="" eb="" sr="" id="3.10">org.argouml.uml.diagram.ui.FigEdgeModelElement.getSource(FigEdgeModelElement.java:1132)</st>
            <st ob="" eb="" sr="" id="3.11">at</st>
            <st ob="" eb="" sr="" id="3.12">org.argouml.uml.diagram.ui.FigEdgeModelElement.updateClassifiers(FigEdgeModelElement.java:1022)</st>
            <st ob="" eb="" sr="" id="3.13">at</st>
            <st ob="" eb="" sr="" id="3.14">org.argouml.uml.diagram.ui.FigEdgeModelElement.renderingChanged(FigEdgeModelElement.java:712)</st>
            <st ob="" eb="" sr="" id="3.15">at</st>
            <st ob="" eb="" sr="" id="3.16">org.argouml.uml.diagram.ui.FigEdgeModelElement.notationChanged(FigEdgeModelElement.java:898)</st>
            <st ob="" eb="" sr="" id="3.17">at</st>
            <st ob="" eb="" sr="" id="3.18">org.argouml.application.events.ArgoEventPump.handleFireNotationEvent(ArgoEventPump.java:190)</st>
            <st ob="" eb="" sr="" id="3.19">at</st>
            <st ob="" eb="" sr="" id="3.20">org.argouml.application.events.ArgoEventPump.handleFireEvent(ArgoEventPump.java:264)</st>
            <st ob="" eb="" sr="" id="3.21">at org.argouml.application.events.ArgoEventPump.doFireEvent(ArgoEventPump.java:298)</st>
            <st ob="" eb="" sr="" id="3.22">at org.argouml.application.events.ArgoEventPump.fireEvent(ArgoEventPump.java:282)</st>
            <st ob="" eb="" sr="" id="3.23">at org.argouml.kernel.ProjectSettings.fireEvent(ProjectSettings.java:425)</st>
            <st ob="" eb="" sr="" id="3.24">at org.argouml.kernel.ProjectSettings.setNotationLanguage(ProjectSettings.java:116)</st>
            <st ob="" eb="" sr="" id="3.25">at org.argouml.persistence.ArgoParser.handleNotationLanguage(ArgoParser.java:307)</st>
            <st ob="" eb="" sr="" id="3.26">at org.argouml.persistence.ArgoParser.handleEndElement(ArgoParser.java:174)</st>
            <st ob="" eb="" sr="" id="3.27">at org.argouml.persistence.SAXParserBase.endElement(SAXParserBase.java:247)</st>
            <st ob="" eb="" sr="" id="3.28">at</st>
            <st ob="" eb="" sr="" id="3.29">com.sun.org.apache.xerces.internal.parsers.AbstractSAXParser.endElement(Unknown</st>
            <st ob="" eb="" sr="" id="3.30">Source)</st>
            <st ob="" eb="" sr="" id="3.31">at</st>
            <st ob="" eb="" sr="" id="3.32">com.sun.org.apache.xerces.internal.impl.XMLDocumentFragmentScannerImpl.scanEndElement(Unknown</st>
            <st ob="" eb="" sr="" id="3.33">Source)</st>
            <st ob="" eb="" sr="" id="3.34">at</st>
            <st ob="" eb="" sr="" id="3.35">com.sun.org.apache.xerces.internal.impl.XMLDocumentFragmentScannerImpl$FragmentContentDispatcher.dispatch(Unknown</st>
            <st ob="" eb="" sr="" id="3.36">Source)</st>
            <st ob="" eb="" sr="" id="3.37">at</st>
            <st ob="" eb="" sr="" id="3.38">com.sun.org.apache.xerces.internal.impl.XMLDocumentFragmentScannerImpl.scanDocument(Unknown</st>
            <st ob="" eb="" sr="" id="3.39">Source)</st>
            <st ob="" eb="" sr="" id="3.40">at com.sun.org.apache.xerces.internal.parsers.XML11Configuration.parse(Unknown</st>
            <st ob="" eb="" sr="" id="3.41">Source)</st>
            <st ob="" eb="" sr="" id="3.42">at com.sun.org.apache.xerces.internal.parsers.XML11Configuration.parse(Unknown</st>
            <st ob="" eb="" sr="" id="3.43">Source)</st>
            <st ob="" eb="" sr="" id="3.44">at com.sun.org.apache.xerces.internal.parsers.XMLParser.parse(Unknown Source)</st>
            <st ob="" eb="" sr="" id="3.45">at com.sun.org.apache.xerces.internal.parsers.AbstractSAXParser.parse(Unknown</st>
            <st ob="" eb="" sr="" id="3.46">Source)</st>
            <st ob="" eb="" sr="" id="3.47">at javax.xml.parsers.SAXParser.parse(Unknown Source)</st>
            <st ob="" eb="" sr="" id="3.48">at org.argouml.persistence.SAXParserBase.parse(SAXParserBase.java:146)</st>
            <st ob="" eb="" sr="" id="3.49">at org.argouml.persistence.ArgoParser.readProject(ArgoParser.java:90)</st>
            <st ob="" eb="" sr="" id="3.50">at org.argouml.persistence.UmlFilePersister.doLoad(UmlFilePersister.java:343)</st>
            <st ob="" eb="" sr="" id="3.51">at org.argouml.persistence.ZargoFilePersister.doLoad(ZargoFilePersister.java:341)</st>
            <st ob="" eb="" sr="" id="3.52">at org.argouml.ui.ProjectBrowser.loadProject(ProjectBrowser.java:1281)</st>
            <st ob="" eb="" sr="" id="3.53">at org.argouml.uml.ui.ActionOpenProject.actionPerformed(ActionOpenProject.java:164)</st>
            <st ob="" eb="" sr="" id="3.54">at javax.swing.AbstractButton.fireActionPerformed(Unknown Source)</st>
            <st ob="" eb="" sr="" id="3.55">at javax.swing.AbstractButton$Handler.actionPerformed(Unknown Source)</st>
            <st ob="" eb="" sr="" id="3.56">at javax.swing.DefaultButtonModel.fireActionPerformed(Unknown Source)</st>
            <st ob="" eb="" sr="" id="3.57">at javax.swing.DefaultButtonModel.setPressed(Unknown Source)</st>
            <st ob="" eb="" sr="" id="3.58">at javax.swing.plaf.basic.BasicButtonListener.mouseReleased(Unknown Source)</st>
            <st ob="" eb="" sr="" id="3.59">at java.awt.AWTEventMulticaster.mouseReleased(Unknown Source)</st>
            <st ob="" eb="" sr="" id="3.60">at java.awt.AWTEventMulticaster.mouseReleased(Unknown Source)</st>
            <st ob="" eb="" sr="" id="3.61">at java.awt.Component.processMouseEvent(Unknown Source)</st>
            <st ob="" eb="" sr="" id="3.62">at javax.swing.JComponent.processMouseEvent(Unknown Source)</st>
            <st ob="" eb="" sr="" id="3.63">at java.awt.Component.processEvent(Unknown Source)</st>
            <st ob="" eb="" sr="" id="3.64">at java.awt.Container.processEvent(Unknown Source)</st>
            <st ob="" eb="" sr="" id="3.65">at java.awt.Component.dispatchEventImpl(Unknown Source)</st>
            <st ob="" eb="" sr="" id="3.66">at java.awt.Container.dispatchEventImpl(Unknown Source)</st>
            <st ob="" eb="" sr="" id="3.67">at java.awt.Component.dispatchEvent(Unknown Source)</st>
            <st ob="" eb="" sr="" id="3.68">at java.awt.LightweightDispatcher.retargetMouseEvent(Unknown Source)</st>
            <st ob="" eb="" sr="" id="3.69">at java.awt.LightweightDispatcher.processMouseEvent(Unknown Source)</st>
            <st ob="" eb="" sr="" id="3.70">at java.awt.LightweightDispatcher.dispatchEvent(Unknown Source)</st>
            <st ob="" eb="" sr="" id="3.71">at java.awt.Container.dispatchEventImpl(Unknown Source)</st>
            <st ob="" eb="" sr="" id="3.72">at java.awt.Window.dispatchEventImpl(Unknown Source)</st>
            <st ob="" eb="" sr="" id="3.73">at java.awt.Component.dispatchEvent(Unknown Source)</st>
            <st ob="" eb="" sr="" id="3.74">at java.awt.EventQueue.dispatchEvent(Unknown Source)</st>
            <st ob="" eb="" sr="" id="3.75">at java.awt.EventDispatchThread.pumpOneEventForHierarchy(Unknown Source)</st>
            <st ob="" eb="" sr="" id="3.76">at java.awt.EventDispatchThread.pumpEventsForHierarchy(Unknown Source)</st>
            <st ob="" eb="" sr="" id="3.77">at java.awt.EventDispatchThread.pumpEvents(Unknown Source)</st>
            <st ob="" eb="" sr="" id="3.78">at java.awt.EventDispatchThread.pumpEvents(Unknown Source)</st>
            <st ob="" eb="" sr="" id="3.79">at java.awt.EventDispatchThread.run(Unknown Source)</st>
            <st ob="" eb="" sr="" id="3.80">Caused by: javax.jmi.reflect.InvalidObjectException: Object with MOFID</st>
            <st ob="" eb="" sr="" id="3.81">-64--88-1-100-116c26bc:10bdbac263d:-8000:0000000000001005 no longer exists.</st>
            <st ob="" eb="" sr="" id="3.82">at</st>
            <st ob="" eb="" sr="" id="3.83">org.netbeans.mdr.handlers.BaseObjectHandler.</st>
            <st ob="" eb="" sr="" id="3.84">_getDelegate(BaseObjectHandler.java:353)</st>
            <st ob="" eb="" sr="" id="3.85">at</st>
            <st ob="" eb="" sr="" id="3.86">org.netbeans.mdr.handlers.InstanceHandler.getInstanceDelegate(InstanceHandler.java:48)</st>
            <st ob="" eb="" sr="" id="3.87">at org.netbeans.mdr.handlers.InstanceHandler.</st>
            <st ob="" eb="" sr="" id="3.88">_handleGetR(InstanceHandler.java:103)</st>
            <st ob="" eb="" sr="" id="3.89">at org.omg.uml.behavioralelements.usecases.Include$Impl.getBase(Unknown Source)</st>
            <st ob="" eb="" sr="" id="3.90">at org.argouml.model.mdr.FacadeMDRImpl.getBase(FacadeMDRImpl.java:1644)</st>
            <st ob="" eb="" sr="" id="3.91">... 56 more</st>
            <st ob="" eb="" sr="" id="3.92">-------</st>
            <st ob="" eb="" sr="" id="3.93">Full exception : org.argouml.persistence.OpenException:</st>
            <st ob="" eb="" sr="" id="3.94">org.argouml.model.InvalidElementException:</st>
            <st ob="" eb="" sr="" id="3.95">javax.jmi.reflect.InvalidObjectException: Object with MOFID</st>
            <st ob="" eb="" sr="" id="3.96">-64--88-1-100-116c26bc:10bdbac263d:-8000:0000000000001005 no longer exists.</st>
            <st ob="" eb="" sr="" id="3.97">at org.argouml.persistence.UmlFilePersister.doLoad(UmlFilePersister.java:363)</st>
            <st ob="" eb="" sr="" id="3.98">at org.argouml.persistence.ZargoFilePersister.doLoad(ZargoFilePersister.java:341)</st>
            <st ob="" eb="" sr="" id="3.99">at org.argouml.ui.ProjectBrowser.loadProject(ProjectBrowser.java:1281)</st>
            <st ob="" eb="" sr="" id="3.100">at org.argouml.uml.ui.ActionOpenProject.actionPerformed(ActionOpenProject.java:164)</st>
            <st ob="" eb="" sr="" id="3.101">at javax.swing.AbstractButton.fireActionPerformed(Unknown Source)</st>
            <st ob="" eb="" sr="" id="3.102">at javax.swing.AbstractButton$Handler.actionPerformed(Unknown Source)</st>
            <st ob="" eb="" sr="" id="3.103">at javax.swing.DefaultButtonModel.fireActionPerformed(Unknown Source)</st>
            <st ob="" eb="" sr="" id="3.104">at javax.swing.DefaultButtonModel.setPressed(Unknown Source)</st>
            <st ob="" eb="" sr="" id="3.105">at javax.swing.plaf.basic.BasicButtonListener.mouseReleased(Unknown Source)</st>
            <st ob="" eb="" sr="" id="3.106">at java.awt.AWTEventMulticaster.mouseReleased(Unknown Source)</st>
            <st ob="" eb="" sr="" id="3.107">at java.awt.AWTEventMulticaster.mouseReleased(Unknown Source)</st>
            <st ob="" eb="" sr="" id="3.108">at java.awt.Component.processMouseEvent(Unknown Source)</st>
            <st ob="" eb="" sr="" id="3.109">at javax.swing.JComponent.processMouseEvent(Unknown Source)</st>
            <st ob="" eb="" sr="" id="3.110">at java.awt.Component.processEvent(Unknown Source)</st>
            <st ob="" eb="" sr="" id="3.111">at java.awt.Container.processEvent(Unknown Source)</st>
            <st ob="" eb="" sr="" id="3.112">at java.awt.Component.dispatchEventImpl(Unknown Source)</st>
            <st ob="" eb="" sr="" id="3.113">at java.awt.Container.dispatchEventImpl(Unknown Source)</st>
            <st ob="" eb="" sr="" id="3.114">at java.awt.Component.dispatchEvent(Unknown Source)</st>
            <st ob="" eb="" sr="" id="3.115">at java.awt.LightweightDispatcher.retargetMouseEvent(Unknown Source)</st>
            <st ob="" eb="" sr="" id="3.116">at java.awt.LightweightDispatcher.processMouseEvent(Unknown Source)</st>
            <st ob="" eb="" sr="" id="3.117">at java.awt.LightweightDispatcher.dispatchEvent(Unknown Source)</st>
            <st ob="" eb="" sr="" id="3.118">at java.awt.Container.dispatchEventImpl(Unknown Source)</st>
            <st ob="" eb="" sr="" id="3.119">at java.awt.Window.dispatchEventImpl(Unknown Source)</st>
            <st ob="" eb="" sr="" id="3.120">at java.awt.Component.dispatchEvent(Unknown Source)</st>
            <st ob="" eb="" sr="" id="3.121">at java.awt.EventQueue.dispatchEvent(Unknown Source)</st>
            <st ob="" eb="" sr="" id="3.122">at java.awt.EventDispatchThread.pumpOneEventForHierarchy(Unknown Source)</st>
            <st ob="" eb="" sr="" id="3.123">at java.awt.EventDispatchThread.pumpEventsForHierarchy(Unknown Source)</st>
            <st ob="" eb="" sr="" id="3.124">at java.awt.EventDispatchThread.pumpEvents(Unknown Source)</st>
            <st ob="" eb="" sr="" id="3.125">at java.awt.EventDispatchThread.pumpEvents(Unknown Source)</st>
            <st ob="" eb="" sr="" id="3.126">at java.awt.EventDispatchThread.run(Unknown Source)</st>
            <st ob="" eb="" sr="" id="3.127">Caused by: org.argouml.model.InvalidElementException:</st>
            <st ob="" eb="" sr="" id="3.128">javax.jmi.reflect.InvalidObjectException: Object with MOFID</st>
            <st ob="" eb="" sr="" id="3.129">-64--88-1-100-116c26bc:10bdbac263d:-8000:0000000000001005 no longer exists.</st>
            <st ob="" eb="" sr="" id="3.130">at org.argouml.model.mdr.FacadeMDRImpl.getBase(FacadeMDRImpl.java:1651)</st>
            <st ob="" eb="" sr="" id="3.131">at org.argouml.model.mdr.CoreHelperMDRImpl.getSource(CoreHelperMDRImpl.java:1233)</st>
            <st ob="" eb="" sr="" id="3.132">at</st>
            <st ob="" eb="" sr="" id="3.133">org.argouml.model.AbstractCoreHelperDecorator.getSource(AbstractCoreHelperDecorator.java:380)</st>
            <st ob="" eb="" sr="" id="3.134">at</st>
            <st ob="" eb="" sr="" id="3.135">org.argouml.uml.diagram.ui.FigEdgeModelElement.getSource(FigEdgeModelElement.java:1132)</st>
            <st ob="" eb="" sr="" id="3.136">at</st>
            <st ob="" eb="" sr="" id="3.137">org.argouml.uml.diagram.ui.FigEdgeModelElement.updateClassifiers(FigEdgeModelElement.java:1022)</st>
            <st ob="" eb="" sr="" id="3.138">at</st>
            <st ob="" eb="" sr="" id="3.139">org.argouml.uml.diagram.ui.FigEdgeModelElement.renderingChanged(FigEdgeModelElement.java:712)</st>
            <st ob="" eb="" sr="" id="3.140">at</st>
            <st ob="" eb="" sr="" id="3.141">org.argouml.uml.diagram.ui.FigEdgeModelElement.notationChanged(FigEdgeModelElement.java:898)</st>
            <st ob="" eb="" sr="" id="3.142">at</st>
            <st ob="" eb="" sr="" id="3.143">org.argouml.application.events.ArgoEventPump.handleFireNotationEvent(ArgoEventPump.java:190)</st>
            <st ob="" eb="" sr="" id="3.144">at</st>
            <st ob="" eb="" sr="" id="3.145">org.argouml.application.events.ArgoEventPump.handleFireEvent(ArgoEventPump.java:264)</st>
            <st ob="" eb="" sr="" id="3.146">at org.argouml.application.events.ArgoEventPump.doFireEvent(ArgoEventPump.java:298)</st>
            <st ob="" eb="" sr="" id="3.147">at org.argouml.application.events.ArgoEventPump.fireEvent(ArgoEventPump.java:282)</st>
            <st ob="" eb="" sr="" id="3.148">at org.argouml.kernel.ProjectSettings.fireEvent(ProjectSettings.java:425)</st>
            <st ob="" eb="" sr="" id="3.149">at org.argouml.kernel.ProjectSettings.setNotationLanguage(ProjectSettings.java:116)</st>
            <st ob="" eb="" sr="" id="3.150">at org.argouml.persistence.ArgoParser.handleNotationLanguage(ArgoParser.java:307)</st>
            <st ob="" eb="" sr="" id="3.151">at org.argouml.persistence.ArgoParser.handleEndElement(ArgoParser.java:174)</st>
            <st ob="" eb="" sr="" id="3.152">at org.argouml.persistence.SAXParserBase.endElement(SAXParserBase.java:247)</st>
            <st ob="" eb="" sr="" id="3.153">at</st>
            <st ob="" eb="" sr="" id="3.154">com.sun.org.apache.xerces.internal.parsers.AbstractSAXParser.endElement(Unknown</st>
            <st ob="" eb="" sr="" id="3.155">Source)</st>
            <st ob="" eb="" sr="" id="3.156">at</st>
            <st ob="" eb="" sr="" id="3.157">com.sun.org.apache.xerces.internal.impl.XMLDocumentFragmentScannerImpl.scanEndElement(Unknown</st>
            <st ob="" eb="" sr="" id="3.158">Source)</st>
            <st ob="" eb="" sr="" id="3.159">at</st>
            <st ob="" eb="" sr="" id="3.160">com.sun.org.apache.xerces.internal.impl.XMLDocumentFragmentScannerImpl$FragmentContentDispatcher.dispatch(Unknown</st>
            <st ob="" eb="" sr="" id="3.161">Source)</st>
            <st ob="" eb="" sr="" id="3.162">at</st>
            <st ob="" eb="" sr="" id="3.163">com.sun.org.apache.xerces.internal.impl.XMLDocumentFragmentScannerImpl.scanDocument(Unknown</st>
            <st ob="" eb="" sr="" id="3.164">Source)</st>
            <st ob="" eb="" sr="" id="3.165">at com.sun.org.apache.xerces.internal.parsers.XML11Configuration.parse(Unknown</st>
            <st ob="" eb="" sr="" id="3.166">Source)</st>
            <st ob="" eb="" sr="" id="3.167">at com.sun.org.apache.xerces.internal.parsers.XML11Configuration.parse(Unknown</st>
            <st ob="" eb="" sr="" id="3.168">Source)</st>
            <st ob="" eb="" sr="" id="3.169">at com.sun.org.apache.xerces.internal.parsers.XMLParser.parse(Unknown Source)</st>
            <st ob="" eb="" sr="" id="3.170">at com.sun.org.apache.xerces.internal.parsers.AbstractSAXParser.parse(Unknown</st>
            <st ob="" eb="" sr="" id="3.171">Source)</st>
            <st ob="" eb="" sr="" id="3.172">at javax.xml.parsers.SAXParser.parse(Unknown Source)</st>
            <st ob="" eb="" sr="" id="3.173">at org.argouml.persistence.SAXParserBase.parse(SAXParserBase.java:146)</st>
            <st ob="" eb="" sr="" id="3.174">at org.argouml.persistence.ArgoParser.readProject(ArgoParser.java:90)</st>
            <st ob="" eb="" sr="" id="3.175">at org.argouml.persistence.UmlFilePersister.doLoad(UmlFilePersister.java:343)</st>
            <st ob="" eb="" sr="" id="3.176">... 29 more</st>
            <st ob="" eb="" sr="" id="3.177">Caused by: javax.jmi.reflect.InvalidObjectException: Object with MOFID</st>
            <st ob="" eb="" sr="" id="3.178">-64--88-1-100-116c26bc:10bdbac263d:-8000:0000000000001005 no longer exists.</st>
            <st ob="" eb="" sr="" id="3.179">at</st>
            <st ob="" eb="" sr="" id="3.180">org.netbeans.mdr.handlers.BaseObjectHandler.</st>
            <st ob="" eb="" sr="" id="3.181">_getDelegate(BaseObjectHandler.java:353)</st>
            <st ob="" eb="" sr="" id="3.182">at</st>
            <st ob="" eb="" sr="" id="3.183">org.netbeans.mdr.handlers.InstanceHandler.getInstanceDelegate(InstanceHandler.java:48)</st>
            <st ob="" eb="" sr="" id="3.184">at org.netbeans.mdr.handlers.InstanceHandler.</st>
            <st ob="" eb="" sr="" id="3.185">_handleGetR(InstanceHandler.java:103)</st>
            <st ob="" eb="" sr="" id="3.186">at org.omg.uml.behavioralelements.usecases.Include$Impl.getBase(Unknown Source)</st>
            <st ob="" eb="" sr="" id="3.187">at org.argouml.model.mdr.FacadeMDRImpl.getBase(FacadeMDRImpl.java:1644)</st>
            <st ob="" eb="" sr="" id="3.188">... 56 more</st>
        </parg>
    </desc>
</bug>
