<?xml version="1.0" encoding="UTF-8" standalone="yes"?>
<bug no-bug="" comments="">
    <id>4324</id>
    <title ob="" eb="" sr="">Wrong default extension while saving</title>
    <desc>
        <parg ob="" eb="" sr="" id="1">
            <st ob="" eb="" sr="" id="1.1">Steps to reproduce:</st>
        </parg>
        <parg ob="" eb="" sr="" id="2">
            <st ob="" eb="" sr="x" id="2.1">- Create a new project, add a component, save it with name "foo" and extension</st>
            <st ob="" eb="" sr="x" id="2.2">".</st>
            <st ob="" eb="" sr="x" id="2.3">uml"</st>
            <st ob="" eb="" sr="x" id="2.4">- Now, do some changes, and resave the project.</st>
            <st ob="x" eb="" sr="" id="2.5">The default file name is</st>
            <st ob="x" eb="" sr="" id="2.6">"foo.uml" (correct) but the default extension is ".</st>
            <st ob="x" eb="" sr="" id="2.7">zargo"!</st>
            <st ob="x" eb="" sr="x" id="2.8">If I press "save", I get a foo.uml.zargo file.</st>
            <st ob="" eb="" sr="" id="2.9">That's not good.</st>
        </parg>
        <parg ob="" eb="" sr="" id="3">
            <st ob="" eb="x" sr="" id="3.1">Maybe we should alreaedy save the chosen extension, or just deduce it from the file name.</st>
        </parg>
        <parg ob="" eb="" sr="" id="4">
            <st ob="x" eb="" sr="" id="4.1">Moreover, the file name gets cancelled when the extension is changed.</st>
            <st ob="" eb="" sr="" id="4.2">But I fear it's a FileChooserDialog issue...</st>
        </parg>
    </desc>
</bug>
