<?xml version="1.0" encoding="UTF-8" standalone="yes"?>
<bug no-bug="" comments="">
    <id>4330</id>
    <title ob="x" eb="" sr="">Exception in "Send email to expert"</title>
    <desc>
        <parg ob="" eb="" sr="" id="1">
            <st ob="" eb="" sr="" id="1.1">Steps to reproduce:</st>
            <st ob="" eb="" sr="x" id="1.2">- select an active critic from the ToDoPane</st>
            <st ob="" eb="" sr="x" id="1.3">- press the "send email to expert" button</st>
        </parg>
        <parg ob="" eb="" sr="" id="2">
            <st ob="x" eb="" sr="" id="2.1">The following exception is thrown (stack from the console, no pop-ups appear):</st>
            <st ob="" eb="" sr="" id="2.2">Exception in thread "AWT-EventQueue-0" java.lang.NullPointerException</st>
            <st ob="" eb="" sr="" id="2.3">	at org.argouml.ui.cmd.ActionEmailExpert.actionPerformed(ActionEmailExpert.java:57)</st>
            <st ob="" eb="" sr="" id="2.4">	at javax.swing.AbstractButton.fireActionPerformed(Unknown Source)</st>
            <st ob="" eb="" sr="" id="2.5">	at javax.swing.AbstractButton$Handler.actionPerformed(Unknown Source)</st>
            <st ob="" eb="" sr="" id="2.6">	at javax.swing.DefaultButtonModel.fireActionPerformed(Unknown Source)</st>
            <st ob="" eb="" sr="" id="2.7">	at javax.swing.DefaultButtonModel.setPressed(Unknown Source)</st>
            <st ob="" eb="" sr="" id="2.8">	at javax.swing.plaf.basic.BasicButtonListener.mouseReleased(Unknown Source)</st>
            <st ob="" eb="" sr="" id="2.9">	at java.awt.AWTEventMulticaster.mouseReleased(Unknown Source)</st>
            <st ob="" eb="" sr="" id="2.10">	at java.awt.AWTEventMulticaster.mouseReleased(Unknown Source)</st>
            <st ob="" eb="" sr="" id="2.11">	at java.awt.Component.processMouseEvent(Unknown Source)</st>
            <st ob="" eb="" sr="" id="2.12">	at javax.swing.JComponent.processMouseEvent(Unknown Source)</st>
            <st ob="" eb="" sr="" id="2.13">	at java.awt.Component.processEvent(Unknown Source)</st>
            <st ob="" eb="" sr="" id="2.14">	at java.awt.Container.processEvent(Unknown Source)</st>
            <st ob="" eb="" sr="" id="2.15">	at java.awt.Component.dispatchEventImpl(Unknown Source)</st>
            <st ob="" eb="" sr="" id="2.16">	at java.awt.Container.dispatchEventImpl(Unknown Source)</st>
            <st ob="" eb="" sr="" id="2.17">	at java.awt.Component.dispatchEvent(Unknown Source)</st>
            <st ob="" eb="" sr="" id="2.18">	at java.awt.LightweightDispatcher.retargetMouseEvent(Unknown Source)</st>
            <st ob="" eb="" sr="" id="2.19">	at java.awt.LightweightDispatcher.processMouseEvent(Unknown Source)</st>
            <st ob="" eb="" sr="" id="2.20">	at java.awt.LightweightDispatcher.dispatchEvent(Unknown Source)</st>
            <st ob="" eb="" sr="" id="2.21">	at java.awt.Container.dispatchEventImpl(Unknown Source)</st>
            <st ob="" eb="" sr="" id="2.22">	at java.awt.Window.dispatchEventImpl(Unknown Source)</st>
            <st ob="" eb="" sr="" id="2.23">	at java.awt.Component.dispatchEvent(Unknown Source)</st>
            <st ob="" eb="" sr="" id="2.24">	at java.awt.EventQueue.dispatchEvent(Unknown Source)</st>
            <st ob="" eb="" sr="" id="2.25">	at java.awt.EventDispatchThread.pumpOneEventForHierarchy(Unknown Source)</st>
            <st ob="" eb="" sr="" id="2.26">	at java.awt.EventDispatchThread.pumpEventsForHierarchy(Unknown Source)</st>
            <st ob="" eb="" sr="" id="2.27">	at java.awt.EventDispatchThread.pumpEvents(Unknown Source)</st>
            <st ob="" eb="" sr="" id="2.28">	at java.awt.EventDispatchThread.pumpEvents(Unknown Source)</st>
            <st ob="" eb="" sr="" id="2.29">	at java.awt.EventDispatchThread.run(Unknown Source)</st>
        </parg>
    </desc>
</bug>
