<?xml version="1.0" encoding="UTF-8" standalone="yes"?>
<bug no-bug="" comments="">
    <id>4349</id>
    <title ob="x" eb="" sr="">Activity Diagram not refreshed after deletion of a Action State</title>
    <desc>
        <parg ob="" eb="" sr="" id="1">
            <st ob="" eb="" sr="" id="1.1">Steps to repeat bug.</st>
        </parg>
        <parg ob="" eb="" sr="" id="2">
            <st ob="" eb="" sr="x" id="2.1">1 Delete all the transiton associted with the action state you want to delete.</st>
        </parg>
        <parg ob="" eb="" sr="" id="3">
            <st ob="" eb="" sr="x" id="3.1">2 Delete the action state.</st>
        </parg>
        <parg ob="" eb="" sr="" id="4">
            <st ob="x" eb="" sr="" id="4.1">Nothing happens the action state does not get removed form the Activity Diagram
and as soon as you save the model.</st>
            <st ob="x" eb="" sr="" id="4.2">The action state does get remove and the
following error is generated.</st>
        </parg>
        <parg ob="" eb="" sr="" id="5">
            <st ob="" eb="" sr="" id="5.1">An inconsistency has been detected when saving the model.These have been
repaired and are reported below.</st>
            <st ob="" eb="" sr="" id="5.2">The save will continue with the model having
been amended as described.</st>
            <st ob="" eb="" sr="" id="5.3">org.argouml.uml.diagram.activity.ui.FigActionState
"Deleted Action State" -- Removed: model element no longer in the repository</st>
        </parg>
        <parg ob="" eb="" sr="" id="6">
            <st ob="" eb="" sr="" id="6.1">Thankyou</st>
        </parg>
    </desc>
</bug>
