<?xml version="1.0" encoding="UTF-8" standalone="yes"?>
<bug no-bug="" comments="">
    <id>4354</id>
    <title ob="" eb="" sr="">Errors on Deployment Diagram</title>
    <desc>
        <parg ob="" eb="" sr="" id="1">
            <st ob="" eb="" sr="" id="1.1">I'm not sure if these two errors are related, but they occured in the same set
of operations while placing Components and Nodes on a Deployment Diagram.</st>
            <st ob="x" eb="" sr="" id="1.2">Also
perhaps related is the fact that Associations which are visible in the property
panel connecting two Components aren't being displayed on the diagram.</st>
        </parg>
        <parg ob="" eb="" sr="" id="2">
            <st ob="" eb="" sr="" id="2.1">Exception in thread "AWT-EventQueue-0" java.lang.IllegalStateException: Both the</st>
            <st ob="" eb="" sr="" id="2.2">source port and dest port fig must be defined on a</st>
            <st ob="" eb="" sr="" id="2.3">org.argouml.uml.diagram.ui.FigAssociation before the edge can be layed out</st>
            <st ob="" eb="" sr="" id="2.4">	at org.tigris.gef.presentation.FigEdgePoly.layoutEdge(FigEdgePoly.java:130)</st>
            <st ob="" eb="" sr="" id="2.5">	at org.tigris.gef.presentation.FigEdgePoly.computeRouteImpl(FigEdgePoly.java:89)</st>
            <st ob="" eb="" sr="" id="2.6">	at org.tigris.gef.presentation.FigEdge.computeRoute(FigEdge.java:169)</st>
            <st ob="" eb="" sr="" id="2.7">	at org.tigris.gef.base.LayerPerspective.edgeAdded(LayerPerspective.java:222)</st>
            <st ob="" eb="" sr="" id="2.8">	at</st>
            <st ob="" eb="" sr="" id="2.9">org.tigris.gef.graph.MutableGraphSupport.fireEdgeAdded(MutableGraphSupport.java:323)</st>
            <st ob="" eb="" sr="" id="2.10">	at</st>
            <st ob="" eb="" sr="" id="2.11">org.argouml.uml.diagram.deployment.DeploymentDiagramGraphModel.addEdge(DeploymentDiagramGraphModel.java:320)</st>
            <st ob="" eb="" sr="" id="2.12">	at</st>
            <st ob="" eb="" sr="" id="2.13">org.argouml.uml.diagram.deployment.DeploymentDiagramGraphModel.addNodeRelatedEdges(DeploymentDiagramGraphModel.java:337)</st>
            <st ob="" eb="" sr="" id="2.14">	at org.tigris.gef.base.ModePlace.mouseReleased(ModePlace.java:194)</st>
            <st ob="" eb="" sr="" id="2.15">	at</st>
            <st ob="" eb="" sr="" id="2.16">org.argouml.uml.diagram.ui.AddExistingNodeCommand.execute(AddExistingNodeCommand.java:160)</st>
            <st ob="" eb="" sr="" id="2.17">	at org.argouml.uml.diagram.ui.DnDJGraph.drop(DnDJGraph.java:200)</st>
            <st ob="" eb="" sr="" id="2.18">	at java.awt.dnd.DropTarget.drop(Unknown Source)</st>
            <st ob="" eb="" sr="" id="2.19">	at sun.awt.dnd.SunDropTargetContextPeer.processDropMessage(Unknown Source)</st>
            <st ob="" eb="" sr="" id="2.20">	at sun.awt.dnd.SunDropTargetContextPeer.access$800(Unknown Source)</st>
            <st ob="" eb="" sr="" id="2.21">	at</st>
            <st ob="" eb="" sr="" id="2.22">sun.awt.dnd.SunDropTargetContextPeer$EventDispatcher.dispatchDropEvent(Unknown</st>
            <st ob="" eb="" sr="" id="2.23">Source)</st>
            <st ob="" eb="" sr="" id="2.24">	at sun.awt.dnd.SunDropTargetContextPeer$EventDispatcher.dispatchEvent(Unknown</st>
            <st ob="" eb="" sr="" id="2.25">Source)</st>
            <st ob="" eb="" sr="" id="2.26">	at sun.awt.dnd.SunDropTargetEvent.dispatch(Unknown Source)</st>
            <st ob="" eb="" sr="" id="2.27">	at java.awt.Component.dispatchEventImpl(Unknown Source)</st>
            <st ob="" eb="" sr="" id="2.28">	at java.awt.Container.dispatchEventImpl(Unknown Source)</st>
            <st ob="" eb="" sr="" id="2.29">	at java.awt.Component.dispatchEvent(Unknown Source)</st>
            <st ob="" eb="" sr="" id="2.30">	at java.awt.LightweightDispatcher.retargetMouseEvent(Unknown Source)</st>
            <st ob="" eb="" sr="" id="2.31">	at java.awt.LightweightDispatcher.processDropTargetEvent(Unknown Source)</st>
            <st ob="" eb="" sr="" id="2.32">	at java.awt.LightweightDispatcher.dispatchEvent(Unknown Source)</st>
            <st ob="" eb="" sr="" id="2.33">	at java.awt.Container.dispatchEventImpl(Unknown Source)</st>
            <st ob="" eb="" sr="" id="2.34">	at java.awt.Window.dispatchEventImpl(Unknown Source)</st>
            <st ob="" eb="" sr="" id="2.35">	at java.awt.Component.dispatchEvent(Unknown Source)</st>
            <st ob="" eb="" sr="" id="2.36">	at java.awt.EventQueue.dispatchEvent(Unknown Source)</st>
            <st ob="" eb="" sr="" id="2.37">	at java.awt.EventDispatchThread.pumpOneEventForHierarchy(Unknown Source)</st>
            <st ob="" eb="" sr="" id="2.38">	at java.awt.EventDispatchThread.pumpEventsForHierarchy(Unknown Source)</st>
            <st ob="" eb="" sr="" id="2.39">	at java.awt.EventDispatchThread.pumpEvents(Unknown Source)</st>
            <st ob="" eb="" sr="" id="2.40">	at java.awt.EventDispatchThread.pumpEvents(Unknown Source)</st>
            <st ob="" eb="" sr="" id="2.41">	at java.awt.EventDispatchThread.run(Unknown Source)</st>
        </parg>
        <parg ob="" eb="" sr="" id="3">
            <st ob="" eb="" sr="" id="3.1">ERROR: Edge rejected.</st>
            <st ob="" eb="" sr="" id="3.2">Its source end is attached to Component$Impl  ID:</st>
            <st ob="" eb="" sr="" id="3.3">-64--88-1-100--5d4b0696:10c795a88a1:-8000:0000000000003DD7  MID:</st>
            <st ob="" eb="" sr="" id="3.4">-64--88-1-100--5d4b0696:10c795a88a1:-8000:0000000000000388  OPCKG:</st>
            <st ob="" eb="" sr="" id="3.5">-64--88-1-100--5d4b0696:10c795a88a1:-8000:0000000000000622 but this is not in</st>
            <st ob="" eb="" sr="" id="3.6">the graph model (DeploymentDiagramGraphModel.java:267)</st>
        </parg>
    </desc>
</bug>
