<?xml version="1.0" encoding="UTF-8" standalone="yes"?>
<bug no-bug="" comments="">
    <id>4362</id>
    <title ob="x" eb="" sr="">Exception thrown drawing generalization</title>
    <desc>
        <parg ob="" eb="" sr="" id="1">
            <st ob="" eb="" sr="" id="1.1">This is the same problem as issue 4354 but collab diagrams.</st>
            <st ob="x" eb="" sr="x" id="1.2">Place 2 collaborations and draw a generalization between them, an exception is
thrown.</st>
        </parg>
        <parg ob="" eb="" sr="" id="2">
            <st ob="" eb="" sr="" id="2.1">Linus, is it okay to commit a similar fix to that of issue 4354?</st>
        </parg>
    </desc>
</bug>
