<?xml version="1.0" encoding="UTF-8" standalone="yes"?>
<bug no-bug="" comments="">
    <id>4364</id>
    <title ob="x" eb="" sr="">Dragging association onto diagram creates n-ary diamond</title>
    <desc>
        <parg ob="" eb="" sr="" id="1">
            <st ob="x" eb="" sr="" id="1.1">There's also an exception thrown.</st>
        </parg>
        <parg ob="" eb="" sr="" id="2">
            <st ob="" eb="" sr="x" id="2.1">1 Start ArgoUML</st>
            <st ob="" eb="" sr="x" id="2.2">2 Place 2 classes and association them</st>
            <st ob="" eb="" sr="x" id="2.3">3 Drag the association from explorer onto diagram</st>
        </parg>
        <parg ob="" eb="" sr="" id="3">
            <st ob="" eb="" sr="" id="3.1">I think I can see the problem here.</st>
            <st ob="" eb="" sr="" id="3.2">Will investigate tomorrow.</st>
        </parg>
        <parg ob="" eb="" sr="" id="4">
            <st ob="" eb="" sr="" id="4.1"></st>
            <st ob="" eb="" sr="" id="4.2">java.lang.ClassCastException</st>
            <st ob="" eb="" sr="" id="4.3">	at</st>
            <st ob="" eb="" sr="" id="4.4">org.argouml.uml.diagram.static_structure.ui.ClassDiagramRenderer.getFigEdgeFor(ClassDiagramRenderer.java:166)</st>
            <st ob="" eb="" sr="" id="4.5">	at org.tigris.gef.base.LayerPerspective.edgeAdded(LayerPerspective.java:217)</st>
            <st ob="" eb="" sr="" id="4.6">	at</st>
            <st ob="" eb="" sr="" id="4.7">org.tigris.gef.graph.MutableGraphSupport.fireEdgeAdded(MutableGraphSupport.java:323)</st>
            <st ob="" eb="" sr="" id="4.8">	at</st>
            <st ob="" eb="" sr="" id="4.9">org.argouml.uml.diagram.static_structure.ClassDiagramGraphModel.addEdge(ClassDiagramGraphModel.java:424)</st>
            <st ob="" eb="" sr="" id="4.10">	at</st>
            <st ob="" eb="" sr="" id="4.11">org.argouml.uml.diagram.static_structure.ClassDiagramGraphModel.addNodeRelatedEdges(ClassDiagramGraphModel.java:490)</st>
            <st ob="" eb="" sr="" id="4.12">INFO: Adding an edge of type org.omg.uml.foundation.core.AssociationEnd$Impl to</st>
            <st ob="" eb="" sr="" id="4.13">class diagram. (ClassDiagramGraphModel.java:406)</st>
        </parg>
        <parg ob="" eb="" sr="" id="5">
            <st ob="" eb="" sr="" id="5.1">	at org.tigris.gef.base.ModePlace.mouseReleased(ModePlace.java:194)</st>
            <st ob="" eb="" sr="" id="5.2">	at</st>
            <st ob="" eb="" sr="" id="5.3">org.argouml.uml.diagram.ui.AddExistingNodeCommand.execute(AddExistingNodeCommand.java:160)</st>
            <st ob="" eb="" sr="" id="5.4">	at org.argouml.uml.diagram.ui.DnDJGraph.drop(DnDJGraph.java:200)</st>
            <st ob="" eb="" sr="" id="5.5">	at java.awt.dnd.DropTarget.drop(DropTarget.java:398)</st>
            <st ob="" eb="" sr="" id="5.6">	at</st>
            <st ob="" eb="" sr="" id="5.7">sun.awt.dnd.SunDropTargetContextPeer.processDropMessage(SunDropTargetContextPeer.java:542)</st>
            <st ob="" eb="" sr="" id="5.8">	at</st>
            <st ob="" eb="" sr="" id="5.9">sun.awt.dnd.SunDropTargetContextPeer.access$800(SunDropTargetContextPeer.java:52)</st>
            <st ob="" eb="" sr="" id="5.10">	at</st>
            <st ob="" eb="" sr="" id="5.11">sun.awt.dnd.SunDropTargetContextPeer$EventDispatcher.dispatchDropEvent(SunDropTargetContextPeer.java:805)</st>
            <st ob="" eb="" sr="" id="5.12">	at</st>
            <st ob="" eb="" sr="" id="5.13">sun.awt.dnd.SunDropTargetContextPeer$EventDispatcher.dispatchEvent(SunDropTargetContextPeer.java:743)</st>
            <st ob="" eb="" sr="" id="5.14">	at sun.awt.dnd.SunDropTargetEvent.dispatch(SunDropTargetEvent.java:29)</st>
            <st ob="" eb="" sr="" id="5.15">	at java.awt.Component.dispatchEventImpl(Component.java:3494)</st>
            <st ob="" eb="" sr="" id="5.16">	at java.awt.Container.dispatchEventImpl(Container.java:1627)</st>
            <st ob="" eb="" sr="" id="5.17">	at java.awt.Component.dispatchEvent(Component.java:3477)</st>
            <st ob="" eb="" sr="" id="5.18">	at java.awt.LightweightDispatcher.retargetMouseEvent(Container.java:3483)</st>
            <st ob="" eb="" sr="" id="5.19">	at java.awt.LightweightDispatcher.processDropTargetEvent(Container.java:3269)</st>
            <st ob="" eb="" sr="" id="5.20">	at java.awt.LightweightDispatcher.dispatchEvent(Container.java:3123)</st>
            <st ob="" eb="" sr="" id="5.21">	at java.awt.Container.dispatchEventImpl(Container.java:1613)</st>
            <st ob="" eb="" sr="" id="5.22">	at java.awt.Window.dispatchEventImpl(Window.java:1606)</st>
            <st ob="" eb="" sr="" id="5.23">	at java.awt.Component.dispatchEvent(Component.java:3477)</st>
            <st ob="" eb="" sr="" id="5.24">	at java.awt.EventQueue.dispatchEvent(EventQueue.java:456)</st>
            <st ob="" eb="" sr="" id="5.25">	at</st>
            <st ob="" eb="" sr="" id="5.26">java.awt.EventDispatchThread.pumpOneEventForHierarchy(EventDispatchThread.java:201)</st>
            <st ob="" eb="" sr="" id="5.27">	at</st>
            <st ob="" eb="" sr="" id="5.28">java.awt.EventDispatchThread.pumpEventsForHierarchy(EventDispatchThread.java:151)</st>
            <st ob="" eb="" sr="" id="5.29">	at java.awt.EventDispatchThread.pumpEvents(EventDispatchThread.java:145)</st>
            <st ob="" eb="" sr="" id="5.30">	at java.awt.EventDispatchThread.pumpEvents(EventDispatchThread.java:137)</st>
            <st ob="" eb="" sr="" id="5.31">	at java.awt.EventDispatchThread.run(EventDispatchThread.java:100)</st>
        </parg>
    </desc>
</bug>
