<?xml version="1.0" encoding="UTF-8" standalone="yes"?>
<bug no-bug="" comments="">
    <id>4367</id>
    <title ob="x" eb="" sr="">deleting call self action throws InvalidElementException and makes Argo unstable</title>
    <desc>
        <parg ob="" eb="" sr="" id="1">
            <st ob="" eb="" sr="" id="1.1">steps:</st>
            <st ob="" eb="" sr="x" id="1.2">1 - create a *new file*</st>
            <st ob="" eb="" sr="x" id="1.3">2 - create a sequence diagram</st>
            <st ob="" eb="" sr="x" id="1.4">3 - create 2 classifier roles</st>
            <st ob="" eb="" sr="x" id="1.5">4 - create new call action from 1st to 2nd</st>
            <st ob="" eb="" sr="x" id="1.6">5 - create new call action from 2nd to it self</st>
            <st ob="" eb="" sr="x" id="1.7">6 - assign a name to calls</st>
            <st ob="" eb="" sr="x" id="1.8">7 - select call action in step 5</st>
            <st ob="" eb="" sr="x" id="1.9">8 - Right click and select delete from model</st>
        </parg>
        <parg ob="" eb="" sr="" id="2">
            <st ob="x" eb="" sr="" id="2.1">At this time Argo is complete unstable</st>
        </parg>
        <parg ob="" eb="" sr="" id="3">
            <st ob="" eb="" sr="x" id="3.1">9 - Save &amp; get a report (0.22b2 only)</st>
        </parg>
        <parg ob="" eb="" sr="" id="4">
            <st ob="" eb="" sr="" id="4.1">Found in 0.22B1 and B2, probably older releases too</st>
        </parg>
    </desc>
</bug>
