<?xml version="1.0" encoding="UTF-8" standalone="yes"?>
<bug no-bug="" comments="">
    <id>AMQ-5328</id>
    <title ob="x" eb="" sr="">Store limit reset to a smaller value than the current size  </title>
    <desc>
        <parg ob="" eb="" sr="" id="1">
            <st ob="" eb="" sr="" id="1.1">We have a cluster setup using "Shared File System Master Slave".</st>
            <st ob="" eb="" sr="" id="1.2">The kahadb database is stored on a 20 GB shared filesystem.</st>
            <st ob="x" eb="" sr="" id="1.3">The last weeks we have had a couple of times where producers where stopped because the persistent store usage was at 100%.</st>
            <st ob="x" eb="" sr="" id="1.4">I found that where about 8 GB of disk available, so the persistent store usage shouldn't be more than around 60%.</st>
        </parg>
        <parg ob="" eb="" sr="" id="2">
            <st ob="x" eb="" sr="" id="2.1">I found that when starting up or failing over the max size of the persistent store is adjusted to be no more then the available disk space.</st>
            <st ob="x" eb="" sr="" id="2.2">Found this in the log:</st>
            <st ob="" eb="" sr="" id="2.3">INFO   | jvm 1    | 2014/07/27 06:36:09 |  WARN | Store limit is 20480 mb, whilst the data directory: \\pulbrscbfs1\ActiveMQ\kahadb only has 7945 mb of usable space - resetting to maximum available disk space: 7945 mb</st>
        </parg>
        <parg ob="" eb="" sr="" id="3">
            <st ob="x" eb="" sr="" id="3.1">And then this occurs:</st>
            <st ob="" eb="" sr="" id="3.2">INFO   | jvm 1    | 2014/07/27 06:40:03 |  INFO | Usage(default:store:queue://PCIS.SCH.Notes.Jobs:store) percentUsage=153%, usage=12813873606, limit=8331595776, percentUsageMinDelta=1%;Parent:Usage(default:store) percentUsage=153%, usage=12813873606, limit=8331595776, percentUsageMinDelta=1%: Persistent store is Full, 100% of 8331595776.</st>
            <st ob="" eb="" sr="" id="3.3">Stopping producer (ID:PULBRSCBMULE2-49430-1406435872187-1:1:4:1) to prevent flooding queue://PCIS.SCH.Notes.Jobs.</st>
            <st ob="" eb="" sr="" id="3.4">See http://activemq.apache.org/producer-flow-control.html for more info (blocking for: 2s)</st>
        </parg>
        <parg ob="" eb="" sr="" id="4">
            <st ob="" eb="" sr="" id="4.1">As you can see the percentUsage is 153%!</st>
            <st ob="" eb="x" sr="" id="4.2">So the reset of the store limit to 7945 mb is wrong and should have been 12220 mb + 7945 mb = 20165 mb</st>
        </parg>
    </desc>
</bug>
