<?xml version="1.0" encoding="UTF-8" standalone="yes"?>
<bug no-bug="" comments="">
    <id>AMQ-2319</id>
    <title ob="x" eb="" sr="x">Specifying an IP in a transport URI doesn't make the resulting listen socket use that IP only</title>
    <desc>
        <parg ob="" eb="" sr="" id="1">
            <st ob="x" eb="" sr="" id="1.1">The following configuration</st>
        </parg>
        <parg ob="" eb="" sr="" id="2">
            <st ob="" eb="" sr="" id="2.1">&lt;transportConnector name="openwire" uri="tcp://127.0.0.1:61616" /&gt;</st>
        </parg>
        <parg ob="" eb="" sr="" id="3">
            <st ob="x" eb="" sr="" id="3.1">yields the following output from netstat:</st>
        </parg>
        <parg ob="" eb="" sr="" id="4">
            <st ob="" eb="" sr="" id="4.1">tcp6       0      0 :::61616                :::*                    LISTEN     6528/java</st>
        </parg>
        <parg ob="" eb="" sr="" id="5">
            <st ob="" eb="x" sr="" id="5.1">Instead of listening on :: (the ipv6 equivalent of 0.0.0.0), it should only listen on 127.0.0.1</st>
        </parg>
    </desc>
</bug>
