<?xml version="1.0" encoding="UTF-8" standalone="yes"?>
<bug no-bug="" comments="">
    <id>AMQ-4783</id>
    <title ob="x" eb="" sr="">Scheduled messages lost if broker is shut down during the scheduled time of the message</title>
    <desc>
        <parg ob="" eb="" sr="" id="1">
            <st ob="" eb="" sr="x" id="1.1">a.	Send a scheduled message to broker , let us say to deliver in 60 sec b.	Immediately shut down the broker and keep it down for 60 seconds (down at the time the message is scheduled to deliver)</st>
            <st ob="x" eb="" sr="" id="1.2">On coming up , the message is not queued .</st>
        </parg>
        <parg ob="" eb="" sr="" id="2">
            <st ob="x" eb="" sr="" id="2.1">When the broker starts , it adds listeners to it’s store</st>
            <st ob="" eb="" sr="" id="2.2">2013-04-18 19:35:42,184  INFO Broker starter  activemq.broker.BrokerService:633 - Apache ActiveMQ 5.8.0 (authorizerBroker, ID:Joycomp-4951-1366328140528-1:1) is starting</st>
            <st ob="" eb="" sr="" id="2.3">2013-04-18 19:35:42,199 DEBUG Broker starter  kahadb.scheduler.JobSchedulerImpl:82 - Joy - Adding job listener</st>
            <st ob="" eb="" sr="" id="2.4">2013-04-18 19:35:42,215 DEBUG Broker starter  kahadb.scheduler.JobSchedulerImpl:85 - Joy - Added Listener is scheduler broker</st>
        </parg>
        <parg ob="" eb="" sr="" id="3">
            <st ob="x" eb="" sr="" id="3.1">After that when message’s scheduld time comes , it fires the message to queue as below -:</st>
        </parg>
        <parg ob="" eb="" sr="" id="4">
            <st ob="" eb="" sr="" id="4.1">2013-04-18 19:37:41,012 DEBUG JobScheduler:JMS  kahadb.scheduler.JobSchedulerImpl:442 - Firing Job [id=ID:Joycomp-4951-1366328140528-5:1:1:1:1, startTime=Thu Apr 18 19:37:36 EDT 2013, delay=5000, period=0, repeat=0, nextTime=Thu Apr 18 19:37:41 EDT 2013]</st>
            <st ob="" eb="" sr="" id="4.2">2013-04-18 19:37:41,012 DEBUG JobScheduler:JMS  kahadb.scheduler.JobSchedulerImpl:445 - byte sequnce = org.apache.activemq.util.ByteSequence@f0c67</st>
            <st ob="" eb="" sr="" id="4.3">2013-04-18 19:37:41,012 DEBUG JobScheduler:JMS  kahadb.scheduler.JobSchedulerImpl:446 - Job listeners list=1</st>
        </parg>
        <parg ob="" eb="" sr="" id="5">
            <st ob="x" eb="" sr="" id="5.1">Now , for my case , on a restart , if it finds that a message’s scheduled time is past the time of start of the broker , during the initialization it fires the message even before the broker is started</st>
        </parg>
        <parg ob="" eb="" sr="" id="6">
            <st ob="" eb="" sr="" id="6.1">2013-04-18 19:40:57,387  INFO Broker starter  kahadb.plist.PListStoreImpl:331 - PListStore:[C:\Joy\servers\tomcat\7.0.37\dist\bin\activemq-data\authorizerBroker\tmp_storage] started</st>
            <st ob="" eb="" sr="" id="6.2">2013-04-18 19:40:58,356 DEBUG JobScheduler:JMS  kahadb.scheduler.JobSchedulerImpl:445 - byte sequnce = org.apache.activemq.util.ByteSequence@10ee5b8</st>
            <st ob="" eb="" sr="" id="6.3">2013-04-18 19:40:58,356 DEBUG JobScheduler:JMS  kahadb.scheduler.JobSchedulerImpl:446 - Job listeners list=0</st>
            <st ob="" eb="" sr="" id="6.4">// Broker started later -:</st>
            <st ob="" eb="" sr="" id="6.5">2013-04-18 19:40:59,199  INFO Broker starter  activemq.broker.BrokerService:633 - Apache ActiveMQ 5.8.0 (authorizerBroker, ID:Joycomp-1494-1366328458231-1:1) is starting</st>
            <st ob="" eb="" sr="" id="6.6">2013-04-18 19:40:59,246 DEBUG Broker starter  kahadb.scheduler.JobSchedulerImpl:82 - Joy - Adding job listener</st>
            <st ob="" eb="" sr="" id="6.7">2013-04-18 19:40:59,246 DEBUG Broker starter  kahadb.scheduler.JobSchedulerImpl:85 - Joy - Added Listener is scheduler broker</st>
        </parg>
    </desc>
</bug>
