<?xml version="1.0" encoding="UTF-8" standalone="yes"?>
<bug no-bug="" comments="">
    <id>AMQ-2497</id>
    <title ob="x" eb="" sr="x">Message broker won't come back when the databse goes offline and comes back online</title>
    <desc>
        <parg ob="" eb="" sr="" id="1">
            <st ob="" eb="" sr="x" id="1.1">- deployed ActiveMQ 5.3.0 as RAR on JBoss</st>
            <st ob="x" eb="" sr="" id="1.2">- broker comes up fine</st>
            <st ob="" eb="" sr="x" id="1.3">- at some point database goes offline</st>
            <st ob="x" eb="" sr="" id="1.4">- broker can't communicate with database and shuts down</st>
            <st ob="" eb="" sr="x" id="1.5">- now database comes back online</st>
            <st ob="x" eb="" sr="" id="1.6">- borker will never come back again and will have to restart the JBoss manually again to start the broker</st>
        </parg>
        <parg ob="" eb="" sr="" id="2">
            <st ob="" eb="" sr="" id="2.1">This will be a blocker for us to go to production as there is no availability of broker when database goes offline and comes back.</st>
        </parg>
        <parg ob="" eb="" sr="" id="3">
            <st ob="" eb="" sr="x" id="3.1">Here is my broker-config.xml, let me know if any configuration is missing :</st>
        </parg>
        <parg ob="" eb="" sr="" id="4">
            <st ob="" eb="" sr="" id="4.1">&lt;beans xmlns="http://activemq.apache.org/schema/core"&gt;</st>
        </parg>
        <parg ob="" eb="" sr="" id="5">
            <st ob="" eb="" sr="" id="5.1">&lt;bean xmlns="" class="org.springframework.beans.factory.config.PropertyPlaceholderConfigurer"/&gt;</st>
        </parg>
        <parg ob="" eb="" sr="" id="6">
            <st ob="" eb="" sr="" id="6.1">&lt;bean xmlns="" id="my-ds" class="org.apache.commons.dbcp.BasicDataSource" destroy-method="close"&gt;</st>
            <st ob="" eb="" sr="" id="6.2">&lt;property name="driverClassName" value="com.microsoft.sqlserver.jdbc.SQLServerDriver"/&gt;</st>
            <st ob="" eb="" sr="" id="6.3">&lt;property name="url" value="jdbc:sqlserver://mydb:1433;databaseName=myds"/&gt;</st>
            <st ob="" eb="" sr="" id="6.4">&lt;property name="username" value="sql"/&gt;</st>
            <st ob="" eb="" sr="" id="6.5">&lt;property name="password" value="sql"/&gt;</st>
            <st ob="" eb="" sr="" id="6.6">&lt;property name="initialSize" value="10"/&gt;</st>
            <st ob="" eb="" sr="" id="6.7">&lt;property name="poolPreparedStatements" value="true"/&gt;</st>
            <st ob="" eb="" sr="" id="6.8">&lt;/bean&gt;</st>
        </parg>
        <parg ob="" eb="" sr="" id="7">
            <st ob="" eb="" sr="" id="7.1">&lt;!-- shutdown hook is disabled as RAR classloader may be gone at shutdown --&gt;</st>
            <st ob="" eb="" sr="" id="7.2">&lt;broker useJmx="true" brokerName="sample.broker1" useShutdownHook="false"&gt;</st>
        </parg>
        <parg ob="" eb="" sr="" id="8">
            <st ob="" eb="" sr="" id="8.1">&lt;destinations&gt;</st>
            <st ob="" eb="" sr="" id="8.2">&lt;topic physicalName="pocket" /&gt;</st>
            <st ob="" eb="" sr="" id="8.3">&lt;/destinations&gt;</st>
        </parg>
        <parg ob="" eb="" sr="" id="9">
            <st ob="" eb="" sr="" id="9.1">&lt;managementContext&gt;</st>
            <st ob="" eb="" sr="" id="9.2">&lt;!</st>
            <st ob="" eb="" sr="" id="9.3">-- use appserver provided context instead of creating one, for jboss use: -Djboss.platform.mbeanserver --&gt;</st>
            <st ob="" eb="" sr="" id="9.4">&lt;managementContext createConnector="false"/&gt;</st>
            <st ob="" eb="" sr="" id="9.5">&lt;/managementContext&gt;</st>
        </parg>
        <parg ob="" eb="" sr="" id="10">
            <st ob="" eb="" sr="" id="10.1">&lt;persistenceAdapter&gt;</st>
            <st ob="" eb="" sr="" id="10.2">&lt;!-- &lt;amqPersistenceAdapter syncOnWrite="false" directory="${jboss.server.data.dir}/activemq" maxFileLength="20 mb"/&gt; --&gt;</st>
            <st ob="" eb="" sr="" id="10.3">&lt;!-- &lt;journaledJDBC journalLogFiles="5" dataDirectory="${jboss.server.data.dir}/activemq"/&gt; --&gt;</st>
            <st ob="" eb="" sr="" id="10.4">&lt;!-- To use a different datasource, use th following syntax : --&gt;</st>
        </parg>
        <parg ob="" eb="" sr="" id="11">
            <st ob="" eb="" sr="" id="11.1">&lt;!-- &lt;kahaPersistenceAdapter directory="${jboss.server.data.dir}/activemq" maxDataFileLength="33554432"/&gt; --&gt;</st>
        </parg>
        <parg ob="" eb="" sr="" id="12">
            <st ob="" eb="" sr="" id="12.1">&lt;journaledJDBC journalLogFiles="5" dataDirectory="${jboss.server.data.dir}/activemq" dataSource="#my-ds" useDatabaseLock="false" /&gt;</st>
        </parg>
        <parg ob="" eb="" sr="" id="13">
            <st ob="" eb="" sr="" id="13.1">&lt;/persistenceAdapter&gt;</st>
        </parg>
        <parg ob="" eb="" sr="" id="14">
            <st ob="" eb="" sr="" id="14.1">&lt;transportConnectors&gt;</st>
            <st ob="" eb="" sr="" id="14.2">&lt;transportConnector name="sample.broker1" uri="tcp://localhost:3030" discoveryUri="multicast://default"/&gt;</st>
            <st ob="" eb="" sr="" id="14.3">&lt;/transportConnectors&gt;</st>
        </parg>
        <parg ob="" eb="" sr="" id="15">
            <st ob="" eb="" sr="" id="15.1">&lt;/broker&gt;</st>
            <st ob="" eb="" sr="" id="15.2">&lt;/beans&gt;</st>
        </parg>
    </desc>
</bug>
