<?xml version="1.0" encoding="UTF-8" standalone="yes"?>
<bug no-bug="" comments="">
    <id>AMQ-4683</id>
    <title ob="x" eb="" sr="">Scheduler discards overdue messages on startup</title>
    <desc>
        <parg ob="" eb="" sr="" id="1">
            <st ob="x" eb="" sr="" id="1.1">When message is scheduled for a delivery (using AMQ_SCHEDULED_PERIOD property) it is not posted to the queue, but saved to the scheduler’s repository instead.</st>
            <st ob="x" eb="" sr="" id="1.2">If Broker instance is shut down at the time for which the message is scheduled for a delivery, the scheduler will try to process the message at the next time broker is started up.</st>
            <st ob="x" eb="" sr="" id="1.3">Due to a bug in the scheduler implementation such messages may be dismissed rather than posted to the queue depending on the racing conditions inside the JVM.</st>
        </parg>
        <parg ob="" eb="" sr="" id="2">
            <st ob="" eb="" sr="" id="2.1">Actual bug resides in org.apache.activemq.broker.scheduler.SchedulerBroker.getInternalScheduler() method.</st>
            <st ob="x" eb="" sr="" id="2.2">This method first calls JobSchedulerStoreImpl.</st>
            <st ob="x" eb="" sr="" id="2.3">getJobScheduler(String name) method which in turn creates an instance of runnable JobSchedulerImpl class and starts it.</st>
            <st ob="x" eb="" sr="" id="2.4">Then SchedulerBroker registers itselfas a listener of the newly created JobSchedulerImpl.</st>
            <st ob="x" eb="" sr="" id="2.5">Unfortunately this may happen after the JobSchedulerImpl have dismissed all the “missed” tasks as “fired” as there were no listeners configured.</st>
        </parg>
    </desc>
</bug>
