<?xml version="1.0" encoding="UTF-8" standalone="yes"?>
<bug no-bug="" comments="">
    <id>AMQ-738</id>
    <title ob="x" eb="" sr="">Broker does not recognize failed broker upon reconnect</title>
    <desc>
        <parg ob="" eb="" sr="" id="1">
            <st ob="x" eb="" sr="x" id="1.1">After normal shutdown of a broker and bring it back up, the first broker reports this error:</st>
        </parg>
        <parg ob="" eb="" sr="" id="2">
            <st ob="" eb="" sr="" id="2.1">[11:07:15.162] Establishing network connection between from vm://app1-test? network=true to tcp://10.</st>
            <st ob="" eb="" sr="" id="2.2">xxx:49995</st>
            <st ob="" eb="" sr="" id="2.3">[11:07:15.165] Starting a network connection between vm://app1-test#20 and tcp://null:0 has been established.</st>
            <st ob="" eb="" sr="" id="2.4">[11:07:15.294] Async error occurred: javax.jms.InvalidClientIDException: Broker: app1-test - Client: NC_app2-test_inboundapp1-test already connected</st>
            <st ob="" eb="" sr="" id="2.5">[11:07:15.294] javax.jms.InvalidClientIDException: Broker: app1-test - Client: NC_app2-test_inboundapp1-test already connected</st>
            <st ob="" eb="" sr="" id="2.6">[11:07:15.294]  at org.apache.activemq.broker.region.RegionBroker.addConnection(RegionBroker.java:176)</st>
            <st ob="" eb="" sr="" id="2.7">[11:07:15.294]  at org.apache.activemq.broker.BrokerFilter.addConnection(BrokerFilter.java:69)</st>
            <st ob="" eb="" sr="" id="2.8">[11:07:15.294]  at org.apache.activemq.advisory.AdvisoryBroker.addConnection(AdvisoryBroker.java:69)</st>
            <st ob="" eb="" sr="" id="2.9">[11:07:15.294]  at org.apache.activemq.broker.BrokerFilter.addConnection(BrokerFilter.java:69)</st>
            <st ob="" eb="" sr="" id="2.10">[11:07:15.294]  at org.apache.activemq.broker.MutableBrokerFilter.addConnection(MutableBrokerFilter.java:82)</st>
            <st ob="" eb="" sr="" id="2.11">[11:07:15.294]  at org.apache.activemq.broker.AbstractConnection.processAddConnection(AbstractConnection.java:507)</st>
            <st ob="" eb="" sr="" id="2.12">[11:07:15.294]  at org.apache.activemq.command.ConnectionInfo.visit(ConnectionInfo.java:118)</st>
            <st ob="" eb="" sr="" id="2.13">[11:07:15.294]  at org.apache.activemq.broker.AbstractConnection.service(AbstractConnection.java:201)</st>
            <st ob="" eb="" sr="" id="2.14">[11:07:15.294]  at org.apache.activemq.broker.TransportConnection$1.onCommand(TransportConnection.java:62)</st>
            <st ob="" eb="" sr="" id="2.15">[11:07:15.294]  at org.apache.activemq.transport.ResponseCorrelator.onCommand(ResponseCorrelator.java:97)</st>
            <st ob="" eb="" sr="" id="2.16">[11:07:15.294]  at org.apache.activemq.transport.TransportFilter.onCommand(TransportFilter.java:63)</st>
            <st ob="" eb="" sr="" id="2.17">[11:07:15.294]  at org.apache.activemq.transport.vm.VMTransport.oneway(VMTransport.java:76)</st>
            <st ob="" eb="" sr="" id="2.18">[11:07:15.294]  at org.apache.activemq.transport.MutexTransport.oneway(MutexTransport.java:44)</st>
            <st ob="" eb="" sr="" id="2.19">[11:07:15.294]  at org.apache.activemq.transport.ResponseCorrelator.oneway(ResponseCorrelator.java:60)</st>
            <st ob="" eb="" sr="" id="2.20">[11:07:15.294]  at org.apache.activemq.network.DemandForwardingBridgeSupport.startLocalBridge(DemandForwardingBridgeSupport.java:192)</st>
            <st ob="" eb="" sr="" id="2.21">[11:07:15.294]  at org.apache.activemq.network.DemandForwardingBridgeSupport$3.run(DemandForwardingBridgeSupport.java:162)</st>
            <st ob="" eb="" sr="" id="2.22">[11:07:15.327] Network connection between vm://app1-test#20 and tcp://app2.xxx/10.</st>
            <st ob="" eb="" sr="" id="2.23">xxx:49995(app2-test) has been established.</st>
            <st ob="" eb="" sr="" id="2.24">[11:07:15.347] Unexpected local command: ConnectionError {commandId = 2, responseRequired = false, connectionId = null, exception = javax.jms.InvalidClientIDException: Broker: app1-test - Client: NC_app2-test_inboundapp1-test already connected}</st>
        </parg>
    </desc>
</bug>
