<?xml version="1.0" encoding="UTF-8" standalone="yes"?>
<bug no-bug="" comments="">
    <id>AMQ-646</id>
    <title ob="x" eb="" sr="">Receiver hangs after receiving about 1000 messages</title>
    <desc>
        <parg ob="" eb="" sr="" id="1">
            <st ob="" eb="" sr="x" id="1.1">I'm using ActiveMQ whith Jencks JCA container.</st>
            <st ob="" eb="" sr="" id="1.2">After receiving about 1000 messages, my listener stops receiving any messages.</st>
            <st ob="" eb="" sr="x" id="1.3">If I restart client application, again about 1000 messages are received.</st>
            <st ob="" eb="" sr="" id="1.4">It only happens inside Jencks container.</st>
            <st ob="" eb="x" sr="" id="1.5">If I'm using my own listener, everything works fine.</st>
            <st ob="" eb="" sr="" id="1.6">Everything was working fine on ActiveMQ 3.2</st>
        </parg>
    </desc>
</bug>
