<?xml version="1.0" encoding="UTF-8" standalone="yes"?>
<bug no-bug="" comments="">
    <id>AMQ-3712</id>
    <title ob="x" eb="" sr="">ActiveMQ browser shows negative message count with messages dequeued count greater than messages enqueued</title>
    <desc>
        <parg ob="" eb="" sr="" id="1">
            <st ob="" eb="" sr="" id="1.1">It happened in regular activemq environment.</st>
            <st ob="x" eb="" sr="" id="1.2">It seems messages are rightly consumed but messages dequeued count is greater than messages enqueued.</st>
        </parg>
    </desc>
</bug>
