<?xml version="1.0" encoding="UTF-8" standalone="yes"?>
<bug no-bug="" comments="">
    <id>AMQ-4259</id>
    <title ob="x" eb="" sr="">ClassCastException on Durable topic</title>
    <desc>
        <parg ob="" eb="" sr="" id="1">
            <st ob="" eb="" sr="" id="1.1">ERROR | TopicStorePrefetch(dawid,MakeItLast) ID:LE111851-3194-1358355851041-1:1:1:1 - org.apache.activemq.broker.region.cursors.TopicStorePrefetch@53ed8f:jms/To pic,batchResetNeeded=false,storeHasMessages=true,size=118,cacheEnabled=false,maxBatchSize:118 - Failed to fill batch java.lang.ClassCastException: java.lang.Long cannot be cast to java.lang.String</st>
            <st ob="" eb="" sr="" id="1.2">        at java.lang.String.compareTo(String.java:108)</st>
            <st ob="" eb="" sr="" id="1.3">        at java.util.Arrays.binarySearch0(Arrays.java:1481)</st>
            <st ob="" eb="" sr="" id="1.4">        at java.util.Arrays.binarySearch(Arrays.java:1423)</st>
            <st ob="" eb="" sr="" id="1.5">        at org.apache.kahadb.index.BTreeNode.contains(BTreeNode.java:699)</st>
            <st ob="" eb="" sr="" id="1.6">        at org.apache.kahadb.index.BTreeIndex.containsKey(BTreeIndex.java:179)</st>
            <st ob="" eb="" sr="" id="1.7">        at org.apache.activemq.store.kahadb.MessageDatabase$MessageOrderIndex.setBatch(MessageDatabase.java:2534)</st>
            <st ob="" eb="" sr="" id="1.8">        at org.apache.activemq.store.kahadb.MessageDatabase$MessageOrderIndex.setBatch(MessageDatabase.java:2550)</st>
            <st ob="" eb="" sr="" id="1.9">        at org.apache.activemq.store.kahadb.KahaDBStore$KahaDBTopicMessageStore$5.execute(KahaDBStore.java:858)</st>
            <st ob="" eb="" sr="" id="1.10">        at org.apache.kahadb.page.Transaction.execute(Transaction.java:769)</st>
            <st ob="" eb="" sr="" id="1.11">        at org.apache.activemq.store.kahadb.KahaDBStore$KahaDBTopicMessageStore.recoverNextMessages(KahaDBStore.java:847)</st>
            <st ob="" eb="" sr="" id="1.12">        at org.apache.activemq.store.ProxyTopicMessageStore.recoverNextMessages(ProxyTopicMessageStore.java:115)</st>
            <st ob="" eb="" sr="" id="1.13">        at org.apache.activemq.broker.region.cursors.TopicStorePrefetch.doFillBatch(TopicStorePrefetch.java:109)</st>
            <st ob="" eb="" sr="" id="1.14">        at org.apache.activemq.broker.region.cursors.AbstractStoreCursor.fillBatch(AbstractStoreCursor.java:274)</st>
            <st ob="" eb="" sr="" id="1.15">        at org.apache.activemq.broker.region.cursors.AbstractStoreCursor.reset(AbstractStoreCursor.java:110)</st>
            <st ob="" eb="" sr="" id="1.16">        at org.apache.activemq.broker.region.cursors.StoreDurableSubscriberCursor.reset(StoreDurableSubscriberCursor.java:287)</st>
            <st ob="" eb="" sr="" id="1.17">        at org.apache.activemq.broker.region.PrefetchSubscription.dispatchPending(PrefetchSubscription.java:619)</st>
            <st ob="" eb="" sr="" id="1.18">        at org.apache.activemq.broker.region.DurableTopicSubscription.dispatchPending(DurableTopicSubscription.java:248)</st>
            <st ob="" eb="" sr="" id="1.19">        at org.apache.activemq.broker.region.DurableTopicSubscription.activate(DurableTopicSubscription.java:167)</st>
            <st ob="" eb="" sr="" id="1.20">        at org.apache.activemq.broker.region.TopicRegion.addConsumer(TopicRegion.java:158)</st>
            <st ob="" eb="" sr="" id="1.21">        at org.apache.activemq.broker.region.RegionBroker.addConsumer(RegionBroker.java:421)</st>
            <st ob="" eb="" sr="" id="1.22">        at org.apache.activemq.broker.jmx.ManagedRegionBroker.addConsumer(ManagedRegionBroker.java:257)</st>
            <st ob="" eb="" sr="" id="1.23">        at org.apache.activemq.broker.BrokerFilter.addConsumer(BrokerFilter.java:89)</st>
            <st ob="" eb="" sr="" id="1.24">        at org.apache.activemq.advisory.AdvisoryBroker.addConsumer(AdvisoryBroker.java:92)</st>
            <st ob="" eb="" sr="" id="1.25">        at org.apache.activemq.broker.BrokerFilter.addConsumer(BrokerFilter.java:89)</st>
            <st ob="" eb="" sr="" id="1.26">        at org.apache.activemq.broker.BrokerFilter.addConsumer(BrokerFilter.java:89)</st>
            <st ob="" eb="" sr="" id="1.27">        at org.apache.activemq.broker.MutableBrokerFilter.addConsumer(MutableBrokerFilter.java:95)</st>
            <st ob="" eb="" sr="" id="1.28">        at org.apache.activemq.broker.TransportConnection.processAddConsumer(TransportConnection.java:562)</st>
            <st ob="" eb="" sr="" id="1.29">        at org.apache.activemq.command.ConsumerInfo.visit(ConsumerInfo.java:332)</st>
            <st ob="" eb="" sr="" id="1.30">        at org.apache.activemq.broker.TransportConnection.service(TransportConnection.java:294)</st>
            <st ob="" eb="" sr="" id="1.31">        at org.apache.activemq.broker.TransportConnection$1.onCommand(TransportConnection.java:152)</st>
            <st ob="" eb="" sr="" id="1.32">        at org.apache.activemq.transport.MutexTransport.onCommand(MutexTransport.java:50)</st>
            <st ob="" eb="" sr="" id="1.33">        at org.apache.activemq.transport.WireFormatNegotiator.onCommand(WireFormatNegotiator.java:113)</st>
            <st ob="" eb="" sr="" id="1.34">        at org.apache.activemq.transport.AbstractInactivityMonitor.onCommand(AbstractInactivityMonitor.java:256)</st>
            <st ob="" eb="" sr="" id="1.35">        at org.apache.activemq.transport.TransportSupport.doConsume(TransportSupport.java:83)</st>
            <st ob="" eb="" sr="" id="1.36">        at org.apache.activemq.transport.tcp.TcpTransport.doRun(TcpTransport.java:222)</st>
            <st ob="" eb="" sr="" id="1.37">        at org.apache.activemq.transport.tcp.TcpTransport.run(TcpTransport.java:204)</st>
            <st ob="" eb="" sr="" id="1.38">        at java.lang.Thread.run(Thread.java:722)</st>
        </parg>
    </desc>
</bug>
