<?xml version="1.0" encoding="UTF-8" standalone="yes"?>
<bug no-bug="" comments="">
    <id>AMQ-6110</id>
    <title ob="x" eb="" sr="">ObjectMessage exception is swallowed</title>
    <desc>
        <parg ob="" eb="" sr="" id="1">
            <st ob="x" eb="" sr="" id="1.1">After upgrading to 5.13.0, I started getting opaque exceptions from ActiveMQObjectMessage.getObject (see full stacktrace below).</st>
            <st ob="x" eb="" sr="" id="1.2">Since the error messages were quite cryptic, I had to debug through the ActiveMQObjectMessage and ObjectInputStream code, and only with a breakpoint in ObjectInputStream.readOrdinaryObject I saw the internally thrown exception, which has an excellent informative message: "java.lang.ClassNotFoundException: Forbidden class com.myapp.MyObject!</st>
            <st ob="" eb="" sr="" id="1.3">This class is not allowed to be serialized.</st>
            <st ob="" eb="" sr="" id="1.4">Add package with 'org.apache.activemq.SERIALIZABLE_PACKAGES' system property."</st>
        </parg>
        <parg ob="" eb="" sr="" id="2">
            <st ob="" eb="" sr="" id="2.1">That would have been very useful to know, if only it were propagated to somewhere the user can see it.</st>
            <st ob="" eb="" sr="" id="2.2">This is arguably a bug in the JDK itself, but I think it may be an ActiveMQ issue after all, since the JDK code has special handling for ClassNotFoundException which seems to swallow it, and it is not entirely correct for ClassNotFoundException to be thrown by ActiveMQ since the class is found, but simply has security restrictions on it.</st>
            <st ob="" eb="" sr="" id="2.3">Perhaps a SecurityException or some other more accurate exception should be thrown, and will get handled differently and propagated to the user.</st>
            <st ob="" eb="" sr="" id="2.4">I'm not sure this is the case, just guessing here, but I'm reporting this issue so someone knowledgeable on this code can determine how/where it should be solved.</st>
        </parg>
        <parg ob="" eb="" sr="" id="3">
            <st ob="" eb="" sr="" id="3.1">As it stands, it wastes a lot of developer time for no reason (I'm sure I'm not the only one upgrading to 5.13.0 or using future versions that will miss the system property now required for serialization).</st>
            <st ob="" eb="" sr="" id="3.2">There's a great informative exception message, and it's a shame it gets swallowed.</st>
        </parg>
        <parg ob="" eb="" sr="" id="4">
            <st ob="x" eb="" sr="" id="4.1">The user-facing stack trace:</st>
            <st ob="" eb="" sr="" id="4.2">{quote} javax.jms.JMSException: Failed to build body from bytes.</st>
            <st ob="" eb="" sr="" id="4.3">Reason: java.io.StreamCorruptedException: invalid type code: 69</st>
            <st ob="" eb="" sr="" id="4.4">	at org.apache.activemq.util.JMSExceptionSupport.create(JMSExceptionSupport.java:36)[74:org.apache.activemq.activemq-osgi:5.13.0]</st>
            <st ob="" eb="" sr="" id="4.5">	at org.apache.activemq.command.ActiveMQObjectMessage.getObject(ActiveMQObjectMessage.java:198)[74:org.apache.activemq.activemq-osgi:5.13.0]</st>
            <st ob="" eb="" sr="" id="4.6">	at com.myapp.jms.Consumer.onMessage(Consumer.java:33)[27:com.myapp.jms:0.1.0.SNAPSHOT]</st>
            <st ob="" eb="" sr="" id="4.7">	at org.apache.activemq.ActiveMQMessageConsumer.dispatch(ActiveMQMessageConsumer.java:1393)[74:org.apache.activemq.activemq-osgi:5.13.0]</st>
            <st ob="" eb="" sr="" id="4.8">	at org.apache.activemq.ActiveMQSessionExecutor.dispatch(ActiveMQSessionExecutor.java:131)[74:org.apache.activemq.activemq-osgi:5.13.0]</st>
            <st ob="" eb="" sr="" id="4.9">	at org.apache.activemq.ActiveMQSessionExecutor.iterate(ActiveMQSessionExecutor.java:202)[74:org.apache.activemq.activemq-osgi:5.13.0]</st>
            <st ob="" eb="" sr="" id="4.10">	at org.apache.activemq.thread.PooledTaskRunner.runTask(PooledTaskRunner.java:133)[74:org.apache.activemq.activemq-osgi:5.13.0]</st>
            <st ob="" eb="" sr="" id="4.11">	at org.apache.activemq.thread.PooledTaskRunner$1.run(PooledTaskRunner.java:48)[74:org.apache.activemq.activemq-osgi:5.13.0]</st>
            <st ob="" eb="" sr="" id="4.12">	at java.util.concurrent.ThreadPoolExecutor.runWorker(ThreadPoolExecutor.java:1142)[:1.8.0_66]</st>
            <st ob="" eb="" sr="" id="4.13">	at java.util.concurrent.ThreadPoolExecutor$Worker.run(ThreadPoolExecutor.java:617)[:1.8.0_66]</st>
            <st ob="" eb="" sr="" id="4.14">	at java.lang.Thread.run(Thread.java:745)[:1.8.0_66]</st>
            <st ob="" eb="" sr="" id="4.15">Caused by: java.io.StreamCorruptedException: invalid type code: 69</st>
            <st ob="" eb="" sr="" id="4.16">	at java.io.ObjectInputStream.readClassDesc(ObjectInputStream.java:1522)[:1.8.0_66]</st>
            <st ob="" eb="" sr="" id="4.17">	at java.io.ObjectInputStream.readClass(ObjectInputStream.java:1484)[:1.8.0_66]</st>
            <st ob="" eb="" sr="" id="4.18">	at java.io.ObjectInputStream.readObject0(ObjectInputStream.java:1334)[:1.8.0_66]</st>
            <st ob="" eb="" sr="" id="4.19">	at java.io.ObjectInputStream.defaultReadFields(ObjectInputStream.java:2000)[:1.8.0_66]</st>
            <st ob="" eb="" sr="" id="4.20">	at java.io.ObjectInputStream.readSerialData(ObjectInputStream.java:1891)[:1.8.0_66]</st>
            <st ob="" eb="" sr="" id="4.21">	at java.io.ObjectInputStream.readOrdinaryObject(ObjectInputStream.java:1801)[:1.8.0_66]</st>
            <st ob="" eb="" sr="" id="4.22">	at java.io.ObjectInputStream.readObject0(ObjectInputStream.java:1351)[:1.8.0_66]</st>
            <st ob="" eb="" sr="" id="4.23">	at java.io.ObjectInputStream.readArray(ObjectInputStream.java:1707)[:1.8.0_66]</st>
            <st ob="" eb="" sr="" id="4.24">	at java.io.ObjectInputStream.readObject0(ObjectInputStream.java:1345)[:1.8.0_66]</st>
            <st ob="" eb="" sr="" id="4.25">	at java.io.ObjectInputStream.defaultReadFields(ObjectInputStream.java:2000)[:1.8.0_66]</st>
            <st ob="" eb="" sr="" id="4.26">	at java.io.ObjectInputStream.readSerialData(ObjectInputStream.java:1891)[:1.8.0_66]</st>
            <st ob="" eb="" sr="" id="4.27">	at java.io.ObjectInputStream.readOrdinaryObject(ObjectInputStream.java:1801)[:1.8.0_66]</st>
            <st ob="" eb="" sr="" id="4.28">	at java.io.ObjectInputStream.readObject0(ObjectInputStream.java:1351)[:1.8.0_66]</st>
            <st ob="" eb="" sr="" id="4.29">	at java.io.ObjectInputStream.defaultReadFields(ObjectInputStream.java:2000)[:1.8.0_66]</st>
            <st ob="" eb="" sr="" id="4.30">	at java.io.ObjectInputStream.readSerialData(ObjectInputStream.java:1891)[:1.8.0_66]</st>
            <st ob="" eb="" sr="" id="4.31">	at java.io.ObjectInputStream.readOrdinaryObject(ObjectInputStream.java:1801)[:1.8.0_66]</st>
            <st ob="" eb="" sr="" id="4.32">	at java.io.ObjectInputStream.readObject0(ObjectInputStream.java:1351)[:1.8.0_66]</st>
            <st ob="" eb="" sr="" id="4.33">	at java.io.ObjectInputStream.readObject(ObjectInputStream.java:371)[:1.8.0_66]</st>
            <st ob="" eb="" sr="" id="4.34">	at org.apache.activemq.command.ActiveMQObjectMessage.getObject(ActiveMQObjectMessage.java:191)[74:org.apache.activemq.activemq-osgi:5.13.0]</st>
            <st ob="" eb="" sr="" id="4.35">	... 9 more</st>
            <st ob="" eb="" sr="" id="4.36">{quote}</st>
        </parg>
    </desc>
</bug>
