<?xml version="1.0" encoding="UTF-8" standalone="yes"?>
<bug no-bug="" comments="">
    <id>AMQ-5356</id>
    <title ob="x" eb="" sr="">Unable to see message contents from the web UI</title>
    <desc>
        <parg ob="" eb="" sr="" id="1">
            <st ob="x" eb="" sr="" id="1.1">When browsing the messages from a queue I'm unable to go into the message's content.</st>
            <st ob="" eb="" sr="" id="1.2">Does Jetty need to be upgraded?</st>
        </parg>
        <parg ob="" eb="" sr="" id="2">
            <st ob="" eb="" sr="x" id="2.1">The URL I'm trying to reach (/admin/message.jsp):</st>
        </parg>
        <parg ob="" eb="" sr="" id="3">
            <st ob="" eb="" sr="" id="3.1">http://192.168.220.188:8161/admin/message.jsp?id=ID%3avcms1-53950-1410478946965-7%3a1%3a2%3a1%3a1&amp;JMSDestination=contactupdatequeue</st>
        </parg>
        <parg ob="" eb="" sr="" id="4">
            <st ob="" eb="" sr="" id="4.1">I'm using JDK8, tried with 8u11 and 8u20.</st>
        </parg>
        <parg ob="" eb="" sr="" id="5">
            <st ob="" eb="" sr="" id="5.1">The output from ps:</st>
        </parg>
        <parg ob="" eb="" sr="" id="6">
            <st ob="" eb="" sr="" id="6.1">/usr/local/jdk1.8.0_20/bin/java -Xms1G -Xmx1G -Djava.util.logging.config.file=logging.properties -Djava.security.auth.login.config=/opt/activemq-5.10.0/conf/login.</st>
            <st ob="" eb="" sr="" id="6.2">config -Dcom.sun.management.jmxremote -Dcom.sun.management.jmxremote -Djava.awt.headless=true -Djava.io.tmpdir=/opt/activemq-5.10.0/tmp -Dactivemq.classpath=/opt/activemq-5.10.0/conf; -Dactivemq.home=/opt/activemq-5.10.0 -Dactivemq.base=/opt/activemq-5.10.0 -Dactivemq.conf=/opt/activemq-5.10.0/conf -Dactivemq.data=/opt/activemq-5.10.0/data -jar /opt/activemq-5.10.0/bin/activemq.jar start</st>
        </parg>
        <parg ob="" eb="" sr="" id="7">
            <st ob="x" eb="" sr="" id="7.1">I get the following exception:</st>
        </parg>
        <parg ob="" eb="" sr="" id="8">
            <st ob="" eb="" sr="" id="8.1">2014-09-15 00:07:07,442 | INFO  | ActiveMQ WebConsole available at http://0.0.0.0:8161/ | org.apache.activemq.web.WebConsoleStarter | main</st>
            <st ob="" eb="" sr="" id="8.2">2014-09-15 00:07:07,482 | INFO  | Initializing Spring FrameworkServlet 'dispatcher' | /admin | main</st>
            <st ob="" eb="" sr="" id="8.3">2014-09-15 00:07:07,808 | INFO  | jolokia-agent: No access restrictor found at classpath:/jolokia-access.xml, access to all MBeans is allowed | /api | main</st>
            <st ob="" eb="" sr="" id="8.4">2014-09-15 01:25:58,377 | INFO  | Connector vm://localhost started | org.apache.activemq.broker.TransportConnector | qtp693267461-37</st>
            <st ob="" eb="" sr="" id="8.5">2014-09-15 01:25:59,870 | WARN  |  | org.eclipse.jetty.servlet.ServletHandler | qtp693267461-39 org.apache.jasper.JasperException: PWC6033: Unable to compile class for JSP</st>
        </parg>
        <parg ob="" eb="" sr="" id="9">
            <st ob="" eb="" sr="" id="9.1">PWC6197: An error occurred at line: 20 in the jsp file: /WEB-INF/tags/form/forEachMapEntry.tag</st>
            <st ob="" eb="" sr="" id="9.2">PWC6199: Generated servlet error:</st>
            <st ob="" eb="" sr="" id="9.3">The type java.util.Map$Entry cannot be resolved.</st>
            <st ob="" eb="" sr="" id="9.4">It is indirectly referenced from required .class files</st>
        </parg>
        <parg ob="" eb="" sr="" id="10">
            <st ob="" eb="" sr="" id="10.1">        at org.apache.jasper.compiler.DefaultErrorHandler.javacError(DefaultErrorHandler.java:123)[jsp-2.1-glassfish-2.1.v20100127.jar:]</st>
            <st ob="" eb="" sr="" id="10.2">        at org.apache.jasper.compiler.ErrorDispatcher.javacError(ErrorDispatcher.java:296)[jsp-2.1-glassfish-2.1.v20100127.jar:]</st>
            <st ob="" eb="" sr="" id="10.3">        at org.apache.jasper.compiler.Compiler.generateClass(Compiler.java:376)[jsp-2.1-glassfish-2.1.v20100127.jar:]</st>
            <st ob="" eb="" sr="" id="10.4">        at org.apache.jasper.compiler.Compiler.compile(Compiler.java:437)[jsp-2.1-glassfish-2.1.v20100127.jar:]</st>
            <st ob="" eb="" sr="" id="10.5">        at org.apache.jasper.JspCompilationContext.compile(JspCompilationContext.java:608)[jsp-2.1-glassfish-2.1.v20100127.jar:]</st>
            <st ob="" eb="" sr="" id="10.6">        at org.apache.jasper.servlet.JspServletWrapper.loadTagFile(JspServletWrapper.java:261)[jsp-2.1-glassfish-2.1.v20100127.jar:]</st>
            <st ob="" eb="" sr="" id="10.7">        at org.apache.jasper.compiler.TagFileProcessor.loadTagFile(TagFileProcessor.java:683)[jsp-2.1-glassfish-2.1.v20100127.jar:]</st>
            <st ob="" eb="" sr="" id="10.8">        at org.apache.jasper.compiler.TagFileProcessor.access$000(TagFileProcessor.java:88)[jsp-2.1-glassfish-2.1.v20100127.jar:]</st>
            <st ob="" eb="" sr="" id="10.9">        at org.apache.jasper.compiler.TagFileProcessor$TagFileLoaderVisitor.visit(TagFileProcessor.java:739)[jsp-2.1-glassfish-2.1.v20100127.jar:]</st>
            <st ob="" eb="" sr="" id="10.10">        at org.apache.jasper.compiler.Node$CustomTag.accept(Node.java:1501)[jsp-2.1-glassfish-2.1.v20100127.jar:]</st>
            <st ob="" eb="" sr="" id="10.11">        at org.apache.jasper.compiler.Node$Nodes.visit(Node.java:2291)[jsp-2.1-glassfish-2.1.v20100127.jar:]</st>
            <st ob="" eb="" sr="" id="10.12">        at org.apache.jasper.compiler.Node$Visitor.visitBody(Node.java:2341)[jsp-2.1-glassfish-2.1.v20100127.jar:]</st>
            <st ob="" eb="" sr="" id="10.13">        at org.apache.jasper.compiler.TagFileProcessor$TagFileLoaderVisitor.visit(TagFileProcessor.java:743)[jsp-2.1-glassfish-2.1.v20100127.jar:]</st>
            <st ob="" eb="" sr="" id="10.14">        at org.apache.jasper.compiler.Node$CustomTag.accept(Node.java:1501)[jsp-2.1-glassfish-2.1.v20100127.jar:]</st>
            <st ob="" eb="" sr="" id="10.15">        at org.apache.jasper.compiler.Node$Nodes.visit(Node.java:2291)[jsp-2.1-glassfish-2.1.v20100127.jar:]</st>
            <st ob="" eb="" sr="" id="10.16">        at org.apache.jasper.compiler.Node$Visitor.visitBody(Node.java:2341)[jsp-2.1-glassfish-2.1.v20100127.jar:]</st>
            <st ob="" eb="" sr="" id="10.17">        at org.apache.jasper.compiler.TagFileProcessor$TagFileLoaderVisitor.visit(TagFileProcessor.java:743)[jsp-2.1-glassfish-2.1.v20100127.jar:]</st>
            <st ob="" eb="" sr="" id="10.18">        at org.apache.jasper.compiler.Node$CustomTag.accept(Node.java:1501)[jsp-2.1-glassfish-2.1.v20100127.jar:]</st>
            <st ob="" eb="" sr="" id="10.19">        at org.apache.jasper.compiler.Node$Nodes.visit(Node.java:2291)[jsp-2.1-glassfish-2.1.v20100127.jar:]</st>
            <st ob="" eb="" sr="" id="10.20">        at org.apache.jasper.compiler.Node$Visitor.visitBody(Node.java:2341)[jsp-2.1-glassfish-2.1.v20100127.jar:]</st>
            <st ob="" eb="" sr="" id="10.21">        at org.apache.jasper.compiler.Node$Visitor.visit(Node.java:2347)[jsp-2.1-glassfish-2.1.v20100127.jar:]</st>
            <st ob="" eb="" sr="" id="10.22">        at org.apache.jasper.compiler.Node$Root.accept(Node.java:498)[jsp-2.1-glassfish-2.1.v20100127.jar:]</st>
            <st ob="" eb="" sr="" id="10.23">        at org.apache.jasper.compiler.Node$Nodes.visit(Node.java:2291)[jsp-2.1-glassfish-2.1.v20100127.jar:]</st>
            <st ob="" eb="" sr="" id="10.24">        at org.apache.jasper.compiler.TagFileProcessor.loadTagFiles(TagFileProcessor.java:757)[jsp-2.1-glassfish-2.1.v20100127.jar:]</st>
            <st ob="" eb="" sr="" id="10.25">        at org.apache.jasper.compiler.Compiler.generateJava(Compiler.java:222)[jsp-2.1-glassfish-2.1.v20100127.jar:]</st>
            <st ob="" eb="" sr="" id="10.26">        at org.apache.jasper.compiler.Compiler.compile(Compiler.java:435)[jsp-2.1-glassfish-2.1.v20100127.jar:]</st>
            <st ob="" eb="" sr="" id="10.27">        at org.apache.jasper.JspCompilationContext.compile(JspCompilationContext.java:608)[jsp-2.1-glassfish-2.1.v20100127.jar:]</st>
            <st ob="" eb="" sr="" id="10.28">        at org.apache.jasper.servlet.JspServletWrapper.service(JspServletWrapper.java:360)[jsp-2.1-glassfish-2.1.v20100127.jar:]</st>
            <st ob="" eb="" sr="" id="10.29">        at org.apache.jasper.servlet.JspServlet.serviceJspFile(JspServlet.java:486)[jsp-2.1-glassfish-2.1.v20100127.jar:]</st>
            <st ob="" eb="" sr="" id="10.30">        at org.apache.jasper.servlet.JspServlet.service(JspServlet.java:380)[jsp-2.1-glassfish-2.1.v20100127.jar:]</st>
            <st ob="" eb="" sr="" id="10.31">        at javax.servlet.http.HttpServlet.service(HttpServlet.java:806)[geronimo-servlet_2.5_spec-1.2.jar:1.2]</st>
            <st ob="" eb="" sr="" id="10.32">        at org.eclipse.jetty.servlet.ServletHolder.handle(ServletHolder.java:652)[jetty-all-server-7.6.9.v20130131.jar:7.6.9.v20130131]</st>
            <st ob="" eb="" sr="" id="10.33">        at org.eclipse.jetty.servlet.ServletHandler$CachedChain.doFilter(ServletHandler.java:1320)[jetty-all-server-7.6.9.v20130131.jar:7.6.9.v20130131]</st>
            <st ob="" eb="" sr="" id="10.34">        at org.springframework.web.filter.RequestContextFilter.doFilterInternal(RequestContextFilter.java:99)[spring-web-3.2.8.RELEASE.jar:3.2.8.RELEASE]</st>
            <st ob="" eb="" sr="" id="10.35">        at org.springframework.web.filter.OncePerRequestFilter.doFilter(OncePerRequestFilter.java:107)[spring-web-3.2.8.RELEASE.jar:3.2.8.RELEASE]</st>
            <st ob="" eb="" sr="" id="10.36">        at org.eclipse.jetty.servlet.ServletHandler$CachedChain.doFilter(ServletHandler.java:1291)[jetty-all-server-7.6.9.v20130131.jar:7.6.9.v20130131]</st>
            <st ob="" eb="" sr="" id="10.37">        at org.apache.activemq.web.SessionFilter.doFilter(SessionFilter.java:45)[activemq-web-5.10.0.jar:5.10.0]</st>
            <st ob="" eb="" sr="" id="10.38">        at org.eclipse.jetty.servlet.ServletHandler$CachedChain.doFilter(ServletHandler.java:1291)[jetty-all-server-7.6.9.v20130131.jar:7.6.9.v20130131]</st>
            <st ob="" eb="" sr="" id="10.39">        at org.apache.activemq.web.filter.ApplicationContextFilter.doFilter(ApplicationContextFilter.java:102)[file:/opt/activemq-5.10.0/webapps/admin/WEB-INF/classes/:]</st>
            <st ob="" eb="" sr="" id="10.40">        at org.eclipse.jetty.servlet.ServletHandler$CachedChain.doFilter(ServletHandler.java:1291)[jetty-all-server-7.6.9.v20130131.jar:7.6.9.v20130131]</st>
            <st ob="" eb="" sr="" id="10.41">        at org.eclipse.jetty.servlet.ServletHandler.doHandle(ServletHandler.java:443)[jetty-all-server-7.6.9.v20130131.jar:7.6.9.v20130131]</st>
            <st ob="" eb="" sr="" id="10.42">        at org.eclipse.jetty.server.handler.ScopedHandler.handle(ScopedHandler.java:137)[jetty-all-server-7.6.9.v20130131.jar:7.6.9.v20130131]</st>
            <st ob="" eb="" sr="" id="10.43">        at org.eclipse.jetty.security.SecurityHandler.handle(SecurityHandler.java:521)[jetty-all-server-7.6.9.v20130131.jar:7.6.9.v20130131]</st>
            <st ob="" eb="" sr="" id="10.44">        at org.eclipse.jetty.server.session.SessionHandler.doHandle(SessionHandler.java:227)[jetty-all-server-7.6.9.v20130131.jar:7.6.9.v20130131]</st>
            <st ob="" eb="" sr="" id="10.45">        at org.eclipse.jetty.server.handler.ContextHandler.doHandle(ContextHandler.java:1044)[jetty-all-server-7.6.9.v20130131.jar:7.6.9.v20130131]</st>
            <st ob="" eb="" sr="" id="10.46">        at org.eclipse.jetty.servlet.ServletHandler.doScope(ServletHandler.java:372)[jetty-all-server-7.6.9.v20130131.jar:7.6.9.v20130131]</st>
            <st ob="" eb="" sr="" id="10.47">        at org.eclipse.jetty.server.session.SessionHandler.doScope(SessionHandler.java:189)[jetty-all-server-7.6.9.v20130131.jar:7.6.9.v20130131]</st>
            <st ob="" eb="" sr="" id="10.48">        at org.eclipse.jetty.server.handler.ContextHandler.doScope(ContextHandler.java:978)[jetty-all-server-7.6.9.v20130131.jar:7.6.9.v20130131]</st>
            <st ob="" eb="" sr="" id="10.49">        at org.eclipse.jetty.server.handler.ScopedHandler.handle(ScopedHandler.java:135)[jetty-all-server-7.6.9.v20130131.jar:7.6.9.v20130131]</st>
            <st ob="" eb="" sr="" id="10.50">        at org.eclipse.jetty.server.handler.HandlerCollection.handle(HandlerCollection.java:154)[jetty-all-server-7.6.9.v20130131.jar:7.6.9.v20130131]</st>
            <st ob="" eb="" sr="" id="10.51">        at org.eclipse.jetty.security.SecurityHandler.handle(SecurityHandler.java:521)[jetty-all-server-7.6.9.v20130131.jar:7.6.9.v20130131]</st>
            <st ob="" eb="" sr="" id="10.52">        at org.eclipse.jetty.server.handler.HandlerCollection.handle(HandlerCollection.java:154)[jetty-all-server-7.6.9.v20130131.jar:7.6.9.v20130131]</st>
            <st ob="" eb="" sr="" id="10.53">        at org.eclipse.jetty.server.handler.HandlerWrapper.handle(HandlerWrapper.java:116)[jetty-all-server-7.6.9.v20130131.jar:7.6.9.v20130131]</st>
            <st ob="" eb="" sr="" id="10.54">        at org.eclipse.jetty.server.Server.handle(Server.java:367)[jetty-all-server-7.6.9.v20130131.jar:7.6.9.v20130131]</st>
            <st ob="" eb="" sr="" id="10.55">        at org.eclipse.jetty.server.AbstractHttpConnection.handleRequest(AbstractHttpConnection.java:486)[jetty-all-server-7.6.9.v20130131.jar:7.6.9.v20130131]</st>
            <st ob="" eb="" sr="" id="10.56">        at org.eclipse.jetty.server.AbstractHttpConnection.headerComplete(AbstractHttpConnection.java:926)[jetty-all-server-7.6.9.v20130131.jar:7.6.9.v20130131]</st>
            <st ob="" eb="" sr="" id="10.57">        at org.eclipse.jetty.server.AbstractHttpConnection$RequestHandler.headerComplete(AbstractHttpConnection.java:988)[jetty-all-server-7.6.9.v20130131.jar:7.6.9.v20130131]</st>
            <st ob="" eb="" sr="" id="10.58">        at org.eclipse.jetty.http.HttpParser.parseNext(HttpParser.java:640)[jetty-all-server-7.6.9.v20130131.jar:7.6.9.v20130131]</st>
            <st ob="" eb="" sr="" id="10.59">        at org.eclipse.jetty.http.HttpParser.parseAvailable(HttpParser.java:235)[jetty-all-server-7.6.9.v20130131.jar:7.6.9.v20130131]</st>
            <st ob="" eb="" sr="" id="10.60">        at org.eclipse.jetty.server.AsyncHttpConnection.handle(AsyncHttpConnection.java:82)[jetty-all-server-7.6.9.v20130131.jar:7.6.9.v20130131]</st>
            <st ob="" eb="" sr="" id="10.61">        at org.eclipse.jetty.io.nio.SelectChannelEndPoint.handle(SelectChannelEndPoint.java:628)[jetty-all-server-7.6.9.v20130131.jar:7.6.9.v20130131]</st>
            <st ob="" eb="" sr="" id="10.62">        at org.eclipse.jetty.io.nio.SelectChannelEndPoint$1.run(SelectChannelEndPoint.java:52)[jetty-all-server-7.6.9.v20130131.jar:7.6.9.v20130131]</st>
            <st ob="" eb="" sr="" id="10.63">        at org.eclipse.jetty.util.thread.QueuedThreadPool.runJob(QueuedThreadPool.java:608)[jetty-all-server-7.6.9.v20130131.jar:7.6.9.v20130131]</st>
            <st ob="" eb="" sr="" id="10.64">        at org.eclipse.jetty.util.thread.QueuedThreadPool$3.run(QueuedThreadPool.java:543)[jetty-all-server-7.6.9.v20130131.jar:7.6.9.v20130131]</st>
            <st ob="" eb="" sr="" id="10.65">        at java.lang.Thread.run(Thread.java:745)[:1.8.0_11]</st>
        </parg>
    </desc>
</bug>
