<?xml version="1.0" encoding="UTF-8" standalone="yes"?>
<bug no-bug="" comments="">
    <id>AMQ-5384</id>
    <title ob="x" eb="" sr="">Deadlock on DB connections in JDBCMessageStore.removeMessage</title>
    <desc>
        <parg ob="" eb="" sr="" id="1">
            <st ob="x" eb="" sr="" id="1.1">AMQ 5.9 gets stuck under 30-50 req/second load when using JDBC persistence - this affects our application as it hangs during performance testing (this happens almost every night).</st>
            <st ob="x" eb="" sr="" id="1.2">Following stacktraces indicate that there's a deadlock on DB connection:</st>
        </parg>
        <parg ob="" eb="" sr="" id="2">
            <st ob="" eb="" sr="" id="2.1">Stack logged by C3P0, showing when first DB connection has been picked from the pool:</st>
            <st ob="" eb="" sr="" id="2.2">{noformat}</st>
            <st ob="" eb="" sr="" id="2.3">2014-10-06 08:44:40,646 | INFO  | Logging the stack trace by which the overdue resource was checked-out.</st>
            <st ob="" eb="" sr="" id="2.4">| com.mchange.v2.resourcepool.BasicResourcePool | C3P0PooledConnectionPoolManager[identityToken-&gt;2x1e6s941raztn6mju110 java.lang.Exception: DEBUG STACK TRACE: Overdue resource check-out stack trace.</st>
            <st ob="" eb="" sr="" id="2.5">        at com.mchange.v2.resourcepool.BasicResourcePool.checkoutResource(BasicResourcePool.java:555)</st>
            <st ob="" eb="" sr="" id="2.6">        at com.mchange.v2.c3p0.impl.C3P0PooledConnectionPool.checkoutAndMarkConnectionInUse(C3P0PooledConnectionPool.java:756)</st>
            <st ob="" eb="" sr="" id="2.7">        at com.mchange.v2.c3p0.impl.C3P0PooledConnectionPool.checkoutPooledConnection(C3P0PooledConnectionPool.java:683)</st>
            <st ob="" eb="" sr="" id="2.8">        at com.mchange.v2.c3p0.impl.AbstractPoolBackedDataSource.getConnection(AbstractPoolBackedDataSource.java:140)</st>
            <st ob="" eb="" sr="" id="2.9">        at org.apache.activemq.store.jdbc.TransactionContext.getConnection(TransactionContext.java:58)</st>
            <st ob="" eb="" sr="" id="2.10">        at org.apache.activemq.store.jdbc.TransactionContext.begin(TransactionContext.java:163)</st>
            <st ob="" eb="" sr="" id="2.11">        at org.apache.activemq.store.jdbc.JDBCPersistenceAdapter.beginTransaction(JDBCPersistenceAdapter.java:510)</st>
            <st ob="" eb="" sr="" id="2.12">        at org.apache.activemq.store.memory.MemoryTransactionStore$Tx.commit(MemoryTransactionStore.java:92)</st>
            <st ob="" eb="" sr="" id="2.13">        at org.apache.activemq.store.memory.MemoryTransactionStore.commit(MemoryTransactionStore.java:259)</st>
            <st ob="" eb="" sr="" id="2.14">        at org.apache.activemq.transaction.XATransaction.storeCommit(XATransaction.java:85)</st>
            <st ob="" eb="" sr="" id="2.15">        at org.apache.activemq.transaction.XATransaction.commit(XATransaction.java:75)</st>
            <st ob="" eb="" sr="" id="2.16">        at org.apache.activemq.broker.TransactionBroker.commitTransaction(TransactionBroker.java:253)</st>
            <st ob="" eb="" sr="" id="2.17">        at org.apache.activemq.broker.MutableBrokerFilter.commitTransaction(MutableBrokerFilter.java:112)</st>
            <st ob="" eb="" sr="" id="2.18">        at org.apache.activemq.broker.TransportConnection.processCommitTransactionTwoPhase(TransportConnection.java:433)</st>
            <st ob="" eb="" sr="" id="2.19">        at org.apache.activemq.command.TransactionInfo.visit(TransactionInfo.java:102)</st>
            <st ob="" eb="" sr="" id="2.20">        at org.apache.activemq.broker.TransportConnection.service(TransportConnection.java:292)</st>
            <st ob="" eb="" sr="" id="2.21">        at org.apache.activemq.broker.TransportConnection$1.onCommand(TransportConnection.java:149)</st>
            <st ob="" eb="" sr="" id="2.22">        at org.apache.activemq.transport.MutexTransport.onCommand(MutexTransport.java:50)</st>
            <st ob="" eb="" sr="" id="2.23">        at org.apache.activemq.transport.WireFormatNegotiator.onCommand(WireFormatNegotiator.java:113)</st>
            <st ob="" eb="" sr="" id="2.24">        at org.apache.activemq.transport.AbstractInactivityMonitor.onCommand(AbstractInactivityMonitor.java:270)</st>
            <st ob="" eb="" sr="" id="2.25">        at org.apache.activemq.transport.TransportSupport.doConsume(TransportSupport.java:83)</st>
            <st ob="" eb="" sr="" id="2.26">        at org.apache.activemq.transport.tcp.TcpTransport.doRun(TcpTransport.java:214)</st>
            <st ob="" eb="" sr="" id="2.27">        at org.apache.activemq.transport.tcp.TcpTransport.run(TcpTransport.java:196)</st>
            <st ob="" eb="" sr="" id="2.28">        at java.lang.Thread.run(Thread.java:662)</st>
            <st ob="" eb="" sr="" id="2.29">{noformat}</st>
        </parg>
        <parg ob="" eb="" sr="" id="3">
            <st ob="x" eb="" sr="" id="3.1">Following stack shows the same thread pending for second DB connection (without releasing the first one):</st>
            <st ob="" eb="" sr="" id="3.2">{noformat}</st>
            <st ob="" eb="" sr="" id="3.3">"ActiveMQ Transport: tcp:///10.132.7.20:36431@5445" daemon prio=10 tid=0x000000004119d000 nid=0x61bf in Object.wait() [0x00007f41120d7000] java.lang.Thread.State: WAITING (on object monitor)</st>
            <st ob="" eb="" sr="" id="3.4">	at java.lang.Object.wait(Native Method)</st>
            <st ob="" eb="" sr="" id="3.5">- waiting on &lt;0x00000000fabdd2c0&gt; (a com.mchange.v2.resourcepool.BasicResourcePool)</st>
            <st ob="" eb="" sr="" id="3.6">	at com.mchange.v2.resourcepool.BasicResourcePool.awaitAvailable(BasicResourcePool.java:1414)</st>
            <st ob="" eb="" sr="" id="3.7">	at com.mchange.v2.resourcepool.BasicResourcePool.prelimCheckoutResource(BasicResourcePool.java:606)</st>
            <st ob="" eb="" sr="" id="3.8">- locked &lt;0x00000000fabdd2c0&gt; (a com.mchange.v2.resourcepool.BasicResourcePool)</st>
            <st ob="" eb="" sr="" id="3.9">	at com.mchange.v2.resourcepool.BasicResourcePool.checkoutResource(BasicResourcePool.java:526)</st>
            <st ob="" eb="" sr="" id="3.10">	at com.mchange.v2.c3p0.impl.C3P0PooledConnectionPool.checkoutAndMarkConnectionInUse(C3P0PooledConnectionPool.java:756)</st>
            <st ob="" eb="" sr="" id="3.11">	at com.mchange.v2.c3p0.impl.C3P0PooledConnectionPool.checkoutPooledConnection(C3P0PooledConnectionPool.java:683)</st>
            <st ob="" eb="" sr="" id="3.12">	at com.mchange.v2.c3p0.impl.AbstractPoolBackedDataSource.getConnection(AbstractPoolBackedDataSource.java:140)</st>
            <st ob="" eb="" sr="" id="3.13">	at org.apache.activemq.store.jdbc.TransactionContext.getConnection(TransactionContext.java:58)</st>
            <st ob="" eb="" sr="" id="3.14">	at org.apache.activemq.store.jdbc.adapter.DefaultJDBCAdapter.getStoreSequenceId(DefaultJDBCAdapter.java:290)</st>
            <st ob="" eb="" sr="" id="3.15">	at org.apache.activemq.store.jdbc.JDBCPersistenceAdapter.getStoreSequenceIdForMessageId(JDBCPersistenceAdapter.java:840)</st>
            <st ob="" eb="" sr="" id="3.16">	at org.apache.activemq.store.jdbc.JDBCMessageStore.removeMessage(JDBCMessageStore.java:194)</st>
            <st ob="" eb="" sr="" id="3.17">	at org.apache.activemq.store.memory.MemoryTransactionStore$4.run(MemoryTransactionStore.java:348)</st>
            <st ob="" eb="" sr="" id="3.18">	at org.apache.activemq.store.memory.MemoryTransactionStore$Tx.commit(MemoryTransactionStore.java:103)</st>
            <st ob="" eb="" sr="" id="3.19">	at org.apache.activemq.store.memory.MemoryTransactionStore.commit(MemoryTransactionStore.java:259)</st>
            <st ob="" eb="" sr="" id="3.20">	at org.apache.activemq.transaction.XATransaction.storeCommit(XATransaction.java:85)</st>
            <st ob="" eb="" sr="" id="3.21">	at org.apache.activemq.transaction.XATransaction.commit(XATransaction.java:69)</st>
            <st ob="" eb="" sr="" id="3.22">	at org.apache.activemq.broker.TransactionBroker.commitTransaction(TransactionBroker.java:253)</st>
            <st ob="" eb="" sr="" id="3.23">	at org.apache.activemq.broker.MutableBrokerFilter.commitTransaction(MutableBrokerFilter.java:112)</st>
            <st ob="" eb="" sr="" id="3.24">	at org.apache.activemq.broker.TransportConnection.processCommitTransactionOnePhase(TransportConnection.java:424)</st>
            <st ob="" eb="" sr="" id="3.25">	at org.apache.activemq.command.TransactionInfo.visit(TransactionInfo.java:100)</st>
            <st ob="" eb="" sr="" id="3.26">	at org.apache.activemq.broker.TransportConnection.service(TransportConnection.java:292)</st>
            <st ob="" eb="" sr="" id="3.27">	at org.apache.activemq.broker.TransportConnection$1.onCommand(TransportConnection.java:149)</st>
            <st ob="" eb="" sr="" id="3.28">	at org.apache.activemq.transport.MutexTransport.onCommand(MutexTransport.java:50)</st>
            <st ob="" eb="" sr="" id="3.29">	at org.apache.activemq.transport.WireFormatNegotiator.onCommand(WireFormatNegotiator.java:113)</st>
            <st ob="" eb="" sr="" id="3.30">	at org.apache.activemq.transport.AbstractInactivityMonitor.onCommand(AbstractInactivityMonitor.java:270)</st>
            <st ob="" eb="" sr="" id="3.31">	at org.apache.activemq.transport.TransportSupport.doConsume(TransportSupport.java:83)</st>
            <st ob="" eb="" sr="" id="3.32">	at org.apache.activemq.transport.tcp.TcpTransport.doRun(TcpTransport.java:214)</st>
            <st ob="" eb="" sr="" id="3.33">	at org.apache.activemq.transport.tcp.TcpTransport.run(TcpTransport.java:196)</st>
            <st ob="" eb="" sr="" id="3.34">	at java.lang.Thread.run(Thread.java:662) </st>
            <st ob="" eb="" sr="" id="3.35">{noformat}</st>
        </parg>
        <parg ob="" eb="" sr="" id="4">
            <st ob="" eb="" sr="" id="4.1">Problem seems to be related with JDBCMessageStore.removeMessage method:</st>
            <st ob="" eb="" sr="" id="4.2">{code:java} public void removeMessage(ConnectionContext context, MessageAck ack) throws IOException { long seq = persistenceAdapter.getStoreSequenceIdForMessageId(ack.getLastMessageId(), destination)[0];</st>
            <st ob="" eb="" sr="" id="4.3">...</st>
            <st ob="" eb="" sr="" id="4.4">{code}</st>
        </parg>
        <parg ob="" eb="" sr="" id="5">
            <st ob="" eb="" sr="" id="5.1">Call to {{removeMessage}} already has one DB connection passed in {{context}} method parameter, but calling {{persistenceAdapter.getStoreSequenceIdForMessageId}} creates another DB connection in the same transaction.</st>
        </parg>
        <parg ob="" eb="" sr="" id="6">
            <st ob="" eb="" sr="" id="6.1">Deadlock occurs when all DB connections are used by {{context}}, so that  {{removeMessage}} can't fetch its own connection.</st>
        </parg>
        <parg ob="" eb="" sr="" id="7">
            <st ob="" eb="" sr="" id="7.1">Possible solution would be to pass {{ConnectionContext}} object to {{persistenceAdapter.getStoreSequenceIdForMessageId}} method, so that the method would reuse same connection.</st>
        </parg>
    </desc>
</bug>
