<?xml version="1.0" encoding="UTF-8" standalone="yes"?>
<bug no-bug="" comments="">
    <id>AMQ-3925</id>
    <title ob="x" eb="" sr="">Advisory messages/topics not generated for ActiveMQ.Advisory.FULL or ActiveMQ.Advisory.FastProducer.Queue</title>
    <desc>
        <parg ob="" eb="" sr="" id="1">
            <st ob="" eb="" sr="" id="1.1">Two problems relating to advisory messages</st>
        </parg>
        <parg ob="" eb="" sr="" id="2">
            <st ob="x" eb="" sr="" id="2.1"># Advisory messages and topics are not being created for {{ActiveMQ.Advisory.FULL}} or {{ActiveMQ.Advisory.FastProducer.</st>
            <st ob="x" eb="" sr="" id="2.2">\{Queue,Topic}}}\\</st>
            <st ob="" eb="" sr="" id="2.3">\\</st>
            <st ob="" eb="" sr="" id="2.4"># The {{PolicyEntry}} property for {{ActiveMQ.Advisory.FastProducer.</st>
            <st ob="" eb="" sr="" id="2.5">\{Queue,Topic}}} is misspelled as advis{color:red}d{color}oryForFastProducers.</st>
            <st ob="" eb="" sr="" id="2.6">\\</st>
            <st ob="" eb="" sr="" id="2.7">\\</st>
            <st ob="" eb="" sr="" id="2.8">Note that it is spelled with an extra 'd' (advisDory....) Moreover, the configuration XML expects the 'd' in this name.</st>
            <st ob="" eb="" sr="" id="2.9">I tried spelling it correctly and activemq 5.6.0 failed when I used the corrected name of advisoryForFastProducers.</st>
            <st ob="" eb="" sr="" id="2.10">\\</st>
            <st ob="" eb="" sr="" id="2.11">\\</st>
        </parg>
        <parg ob="" eb="" sr="" id="3">
            <st ob="" eb="" sr="" id="3.1">I have customized the {{{color:blue}activemq.xml{color}}} configuration file so that advisory support is enabled, and I added a policy entry to turn on {{ActiveMQ.Advisory.FULL}} and {{ActiveMQ.Advisory.FastProducer.Queue}}.</st>
            <st ob="" eb="" sr="" id="3.2">Moreover, {{systemUsage}} has been configured to send an exception to the producer if memory, storage or temp usage exceeds certain amounts.</st>
        </parg>
        <parg ob="" eb="" sr="" id="4">
            <st ob="" eb="" sr="" id="4.1">I have attached my {{{color:blue}activemq.xml{color}}} file.</st>
        </parg>
        <parg ob="" eb="" sr="" id="5">
            <st ob="" eb="" sr="" id="5.1">I have expanded the {{{color:blue}simple_producer.cpp{color}}} example file to use the AMQ client interface that our product has.</st>
            <st ob="" eb="" sr="" id="5.2">Essentially it creates a connection and all the scaffolding to send messages to the broker.</st>
            <st ob="" eb="" sr="" id="5.3">Then it sits in a loop and sends messages.</st>
            <st ob="" eb="" sr="" id="5.4">It has some parameters to allow control such as exiting on the first exception (such as when the broker sends its flow control exception when the producer causes the broker to reach it's configured limits, or limiting the number of messages to send).</st>
        </parg>
        <parg ob="" eb="" sr="" id="6">
            <st ob="" eb="" sr="" id="6.1">This is attached as the {{{color:blue}simple_producer.cpp{color}}} file.</st>
        </parg>
        <parg ob="" eb="" sr="" id="7">
            <st ob="" eb="" sr="" id="7.1">I have expanded the {{{color:blue}simple_consumer.cpp{color}}} example file to display message/queue names and work with advisory messages too.</st>
            <st ob="" eb="" sr="" id="7.2">It has options to allow the user to indicate which queues/topics to connect too, where the default is the queues that our product uses.</st>
        </parg>
        <parg ob="" eb="" sr="" id="8">
            <st ob="" eb="" sr="" id="8.1">This is attached as the {{{color:blue}simple_consumer.cpp{color}}} file.</st>
        </parg>
        <parg ob="" eb="" sr="" id="9">
            <st ob="" eb="" sr="" id="9.1">The test/problem are as follows:</st>
        </parg>
        <parg ob="" eb="" sr="" id="10">
            <st ob="" eb="" sr="" id="10.1"># Start the broker in console mode, validating that no errors occurred, it's current system usage limit configuration is small enough that it doesn't take long to reach the limit.</st>
            <st ob="" eb="" sr="" id="10.2">\\</st>
            <st ob="" eb="" sr="" id="10.3">\\</st>
            <st ob="" eb="" sr="" id="10.4"># Start the *producer* so that it will send messages to it's default queue ({{c.c.p.v.ms.events}}) and terminate as soon as the broker sends it a flow control exception.</st>
            <st ob="" eb="" sr="" id="10.5">\\</st>
            <st ob="" eb="" sr="" id="10.6">\\</st>
            <st ob="" eb="" sr="" id="10.7">{{env EX_LIMIT=1 .</st>
            <st ob="" eb="" sr="" id="10.8">/simple_producer.exe}}\\</st>
            <st ob="" eb="" sr="" id="10.9">\\</st>
            <st ob="" eb="" sr="" id="10.10">This will run for 2-5 minutes.</st>
            <st ob="" eb="" sr="" id="10.11">It usually gets an exception around 25,223 messages.</st>
            <st ob="" eb="" sr="" id="10.12">\\</st>
            <st ob="" eb="" sr="" id="10.13">\\</st>
            <st ob="" eb="" sr="" id="10.14"># When the producer terminates, use the WebConsole to view the broker, navigating to the Topics screen and we see the Advisory topics that are created.</st>
            <st ob="" eb="" sr="" id="10.15">\\</st>
            <st ob="" eb="" sr="" id="10.16">\\</st>
            <st ob="" eb="" sr="" id="10.17">There is only: {{ActiveMQ.Advisory.Connection}}, {{ActiveMQ.Advisory.Producer.Queue.c.c.p.v.ms.events}} and {{ActiveMQ.Advisory.Queue}}.</st>
            <st ob="" eb="" sr="" id="10.18">\\</st>
            <st ob="" eb="" sr="" id="10.19">\\</st>
            <st ob="" eb="" sr="" id="10.20">Since the producer was terminated due to flow control caused by the disk/memory usage limit being reached, we should also see the advisory queues for {{ActiveMQ.Advisory.FULL}} and {{ActiveMQ.Advisory.FastProducer.Queue}}.</st>
            <st ob="" eb="" sr="" id="10.21">\\</st>
            <st ob="" eb="" sr="" id="10.22">\\</st>
            <st ob="" eb="" sr="" id="10.23"># Start the *consumer* so that it will monitor all advisory topics.</st>
            <st ob="" eb="" sr="" id="10.24">\\</st>
            <st ob="" eb="" sr="" id="10.25">\\</st>
            <st ob="" eb="" sr="" id="10.26">{{env DEST="ActiveMQ.Advisory.&gt;"</st>
            <st ob="" eb="" sr="" id="10.27">TOPIC=1 simple_consumer.exe}}\\</st>
            <st ob="" eb="" sr="" id="10.28">\\</st>
            <st ob="" eb="" sr="" id="10.29"># Refresh the WebConsole screen.</st>
            <st ob="" eb="" sr="" id="10.30">Each of the advisory topics will now show a consumer.</st>
            <st ob="" eb="" sr="" id="10.31">\\</st>
            <st ob="" eb="" sr="" id="10.32">\\</st>
            <st ob="" eb="" sr="" id="10.33"># Use the producer to send in one message.</st>
            <st ob="" eb="" sr="" id="10.34">The broker is at its usage limits so that send will be flow controlled, causing an exception to be sent to the producer.</st>
            <st ob="" eb="" sr="" id="10.35">\\</st>
            <st ob="" eb="" sr="" id="10.36">\\</st>
            <st ob="" eb="" sr="" id="10.37">{{env MSG_LIMIT=1 simple_producer.exe}}\\</st>
            <st ob="" eb="" sr="" id="10.38">\\</st>
            <st ob="" eb="" sr="" id="10.39">The consumer will now accept and display the advisory messages it has received.</st>
            <st ob="" eb="" sr="" id="10.40">There will be two for {{ActiveMQ.Advisory.Connection}} for the producers connection start and stop, and two for the {{ActiveMQ.Advisory.Producer.Queue.c.c.p.v.ms.events}} as the producerCount goes to 1 and then to zero as the producer connects and disconnects to the topic.</st>
            <st ob="" eb="" sr="" id="10.41">\\</st>
            <st ob="" eb="" sr="" id="10.42">\\</st>
            <st ob="" eb="" sr="" id="10.43">There is no FastConsumer or FULL advisory generated even though their conditions have been triggered.</st>
            <st ob="" eb="" sr="" id="10.44">\\</st>
            <st ob="" eb="" sr="" id="10.45">\\</st>
        </parg>
        <parg ob="" eb="" sr="" id="11">
            <st ob="" eb="" sr="" id="11.1">Detailed test output for the summary listed above is attached.</st>
        </parg>
    </desc>
</bug>
