<?xml version="1.0" encoding="UTF-8" standalone="yes"?>
<bug no-bug="" comments="">
    <id>AMQ-4329</id>
    <title ob="" eb="" sr="">AMQ2149Test </title>
    <desc>
        <parg ob="" eb="" sr="" id="1">
            <st ob="" eb="" sr="" id="1.1">Note: The KahaDB version of this test (AMQ2149KahaDBTest) is working correctly.</st>
        </parg>
        <parg ob="" eb="" sr="" id="2">
            <st ob="x" eb="" sr="" id="2.1">This test has two cases that fail, testQueueTransactionalOrderWithRestart, and testOrderWithRestart.</st>
            <st ob="x" eb="" sr="" id="2.2">testQueueTransactionalOrderWithRestart fails after the server is restarted with the following exception</st>
        </parg>
        <parg ob="" eb="" sr="" id="3">
            <st ob="" eb="" sr="" id="3.1">junit.framework.AssertionFailedError: queue://test.dest.0 received 6 expected 5681</st>
            <st ob="" eb="" sr="" id="3.2">        at junit.framework.Assert.fail(Assert.java:57)</st>
            <st ob="" eb="" sr="" id="3.3">        at junit.framework.TestCase.fail(TestCase.java:227)</st>
            <st ob="" eb="" sr="" id="3.4">        at org.apache.activemq.bugs.AMQ2149Test$Receiver.onMessage(AMQ2149Test.java:201)</st>
            <st ob="" eb="" sr="" id="3.5">        at org.apache.activemq.ActiveMQMessageConsumer.dispatch(ActiveMQMessageConsumer.java:1321)</st>
            <st ob="" eb="" sr="" id="3.6">        at org.apache.activemq.ActiveMQSessionExecutor.dispatch(ActiveMQSessionExecutor.java:131)</st>
            <st ob="" eb="" sr="" id="3.7">        at org.apache.activemq.ActiveMQSessionExecutor.iterate(ActiveMQSessionExecutor.java:202)</st>
            <st ob="" eb="" sr="" id="3.8">        at org.apache.activemq.thread.PooledTaskRunner.runTask(PooledTaskRunner.java:129)</st>
            <st ob="" eb="" sr="" id="3.9">        at org.apache.activemq.thread.PooledTaskRunner$1.run(PooledTaskRunner.java:47)</st>
            <st ob="" eb="" sr="" id="3.10">        at java.util.concurrent.ThreadPoolExecutor.runWorker(ThreadPoolExecutor.java:1145)</st>
            <st ob="" eb="" sr="" id="3.11">        at java.util.concurrent.ThreadPoolExecutor$Worker.run(ThreadPoolExecutor.java:615)</st>
            <st ob="" eb="" sr="" id="3.12">        at java.lang.Thread.run(Thread.java:722)</st>
        </parg>
        <parg ob="" eb="" sr="" id="4">
            <st ob="x" eb="" sr="" id="4.1">The testOrderWithRestart case works correctly when run on it's own, and only fails if run after testQueueTransactionalOrderWithRestart with messages like the following:</st>
        </parg>
        <parg ob="" eb="" sr="" id="5">
            <st ob="" eb="" sr="" id="5.1">2013-02-18 15:41:25,528 [ Session Task-1] - WARN  AMQ2149Test                    - queue://test.dest.0 received 6082 in msg: ID:Kevins-MacBook-Pro.</st>
            <st ob="" eb="" sr="" id="5.2">local-60920-1361220011508-5:1:1:1:6083 expected 0, l\ astId: null, message:ActiveMQTextMessage {commandId = 6087, responseRequired = true, messageId = ID:Kevins-MacBook-Pro.</st>
            <st ob="" eb="" sr="" id="5.3">local-60920-1361220011508-5:1:1:1:6083, originalDestination = null, originalTran\ sactionId = null, producerId = ID:Kevins-MacBook-Pro.</st>
            <st ob="" eb="" sr="" id="5.4">local-60920-1361220011508-5:1:1:1, destination = queue://test.dest.0, transactionId = null, expiration = 0, timestamp = 1361220082802, arrival = 0\</st>
            <st ob="" eb="" sr="" id="5.5">, brokerInTime = 1361220085522, brokerOutTime = 1361220085522, correlationId = null, replyTo = null, persistent = true, type = null, priority = 4, groupID = null, groupSequence = 0, targetConsumerId \</st>
            <st ob="" eb="" sr="" id="5.6">= null, compressed = false, userID = null, content = null, marshalledProperties = org.apache.activemq.util.ByteSequence@d3bf5f8, dataStructure = null, redeliveryCounter = 0, size = 0, properties = {s\ eqNum=6082}, readOnlyProperties = true, readOnlyBody = true, droppable = false, text = 186704152740050035096258373992406547145203959...321183574477}</st>
            <st ob="" eb="" sr="" id="5.7">2013-02-18 15:41:25,528 [ Session Task-1] - ERROR AMQ2149Test                    - queue://test.dest.0 onMessage error junit.framework.AssertionFailedError: queue://test.dest.0 received 6082 expected 0</st>
            <st ob="" eb="" sr="" id="5.8">        at junit.framework.Assert.fail(Assert.java:57)</st>
            <st ob="" eb="" sr="" id="5.9">        at junit.framework.TestCase.fail(TestCase.java:227)</st>
            <st ob="" eb="" sr="" id="5.10">        at org.apache.activemq.bugs.AMQ2149Test$Receiver.onMessage(AMQ2149Test.java:201)</st>
            <st ob="" eb="" sr="" id="5.11">        at org.apache.activemq.ActiveMQMessageConsumer.dispatch(ActiveMQMessageConsumer.java:1321)</st>
            <st ob="" eb="" sr="" id="5.12">        at org.apache.activemq.ActiveMQSessionExecutor.dispatch(ActiveMQSessionExecutor.java:131)</st>
            <st ob="" eb="" sr="" id="5.13">        at org.apache.activemq.ActiveMQSessionExecutor.iterate(ActiveMQSessionExecutor.java:202)</st>
            <st ob="" eb="" sr="" id="5.14">        at org.apache.activemq.thread.PooledTaskRunner.runTask(PooledTaskRunner.java:129)</st>
            <st ob="" eb="" sr="" id="5.15">        at org.apache.activemq.thread.PooledTaskRunner$1.run(PooledTaskRunner.java:47)</st>
            <st ob="" eb="" sr="" id="5.16">        at java.util.concurrent.ThreadPoolExecutor.runWorker(ThreadPoolExecutor.java:1145)</st>
            <st ob="" eb="" sr="" id="5.17">        at java.util.concurrent.ThreadPoolExecutor$Worker.run(ThreadPoolExecutor.java:615)</st>
            <st ob="" eb="" sr="" id="5.18">        at java.lang.Thread.run(Thread.java:722)</st>
        </parg>
        <parg ob="" eb="" sr="" id="6">
            <st ob="x" eb="" sr="" id="6.1">It looks like messages send by testQueueTransactionalOrderWithRestart are not cleaned up when that test fails.</st>
        </parg>
    </desc>
</bug>
