<?xml version="1.0" encoding="UTF-8" standalone="yes"?>
<bug no-bug="" comments="">
    <id>AMQ-4296</id>
    <title ob="x" eb="" sr="">Unit tests fail intermittently when using LevelDB adapter</title>
    <desc>
        <parg ob="" eb="" sr="" id="1">
            <st ob="x" eb="" sr="x" id="1.1">A couple of the unit tests that have be modified to run with LevelDB as the persistence adapter fail intermittently.</st>
        </parg>
        <parg ob="" eb="" sr="" id="2">
            <st ob="" eb="" sr="" id="2.1">AMQ2870Test</st>
            <st ob="" eb="" sr="" id="2.2">AMQ2584Test#testSize</st>
            <st ob="" eb="" sr="" id="2.3">DuranleSubscriptionOfflineTest#testConsumeOnlyMatchedMessages</st>
            <st ob="" eb="" sr="" id="2.4">LevelDBXARecoveryBrokerTest#testTopicPersistentPreparedAcksAvailableAfterRestartAndRollback</st>
        </parg>
    </desc>
</bug>
