<?xml version="1.0" encoding="UTF-8" standalone="yes"?>
<bug no-bug="" comments="">
    <id>AMQ-5169</id>
    <title ob="x" eb="" sr="">CLONE - heart-beat is disabled when connecting to web socket</title>
    <desc>
        <parg ob="" eb="" sr="" id="1">
            <st ob="x" eb="" sr="" id="1.1">If I use the stomp.js library to connect to ActiveMQ over its WebSocket url (ws://localhost:61614), the CONNECTED frame returns with disabled heart-beat:</st>
        </parg>
        <parg ob="" eb="" sr="" id="2">
            <st ob="" eb="" sr="" id="2.1">CONNECTED heart-beat:0,0 session:ID:retsina.local-63633-1380117269290-2:1 server:ActiveMQ/5.8.0 version:1.1</st>
        </parg>
        <parg ob="" eb="" sr="" id="3">
            <st ob="" eb="" sr="" id="3.1">If I connect to its TCP socket (localhost:61613), the CONNECT frame will have heart-beat:</st>
        </parg>
        <parg ob="" eb="" sr="" id="4">
            <st ob="" eb="" sr="" id="4.1">CONNECTED heart-beat:10000,10000 session:ID:retsina.local-63384-1380115729700-2:12 server:ActiveMQ/5.8.0 version:1.1</st>
        </parg>
        <parg ob="" eb="" sr="" id="5">
            <st ob="" eb="" sr="" id="5.1">In both case, the stomp.js send the same CONNECT frame with heart-beat:</st>
        </parg>
        <parg ob="" eb="" sr="" id="6">
            <st ob="" eb="" sr="" id="6.1">CONNECT login:user passcode:password accept-version:1.1,1.0 heart-beat:10000,10000</st>
        </parg>
        <parg ob="" eb="" sr="" id="7">
            <st ob="" eb="" sr="" id="7.1">Is heart-beat disabled on purpose for Web Socket?</st>
            <st ob="" eb="" sr="" id="7.2">Please note that the stomp.js does support heart-beat (using window.setInterval in a Web browser)</st>
        </parg>
    </desc>
</bug>
