<?xml version="1.0" encoding="UTF-8" standalone="yes"?>
<bug no-bug="" comments="">
    <id>AMQ-5507</id>
    <title ob="x" eb="" sr="">"Duplicate dispatch on connection" with more than 2^31 messages</title>
    <desc>
        <parg ob="" eb="" sr="" id="1">
            <st ob="x" eb="" sr="" id="1.1">A few times over the last few years the busiest queue in our system would suddenly start spewing these "Duplicate dispatch on connection" warning messages into the log and 0 messages would be processed.</st>
            <st ob="" eb="" sr="" id="1.2">Googling around the only references I could find mentioned "optimize acknowledge" may be at fault.</st>
            <st ob="" eb="" sr="" id="1.3">We stopped using that feature and I though perhaps this issue was gone but it popped up again today.</st>
        </parg>
        <parg ob="" eb="" sr="" id="2">
            <st ob="x" eb="" sr="" id="2.1">The log messages look like this:</st>
        </parg>
        <parg ob="" eb="" sr="" id="3">
            <st ob="" eb="" sr="" id="3.1">{noformat}</st>
            <st ob="" eb="" sr="" id="3.2">2015-01-05 20:25:21,310 [ActiveMQ Session Task-2341         ] WARN  apache.activemq.ActiveMQMessageConsumer - Duplicate dispatch on connection: ID:perf4-flexapp-43114-1419911988672-9:1 to consumer: ID:perf4-flexapp-43114-1419911988672-9:1:1:1, ignoring (auto acking) duplicate: MessageDispatch {commandId = 0, responseRequired = false, consumerId = ID:perf4-flexapp-43114-1419911988672-9:1:1:1, destination = queue://*********, message = ActiveMQBytesMessage {commandId = -497935582, responseRequired = false, messageId = ID:perf4-nc-49600-1419436870976-1:8:1:1:3797031711, originalDestination = null, originalTransactionId = null, producerId = ID:perf4-nc-49600-1419436870976-1:8:1:1, destination = queue://*********, transactionId = null, expiration = 0, timestamp = 1420507504378, arrival = 0, brokerInTime = 1420507504527, brokerOutTime = 1420507521253, correlationId = null, replyTo = null, persistent = true, type = null, priority = 4, groupID = null, groupSequence = 0, targetConsumerId = null, compressed = false, userID = null, content = org.apache.activemq.util.ByteSequence@477f9261, marshalledProperties = null, dataStructure = null, redeliveryCounter = 0, size = 0, properties = null, readOnlyProperties = true, readOnlyBody = true, droppable = false} ActiveMQBytesMessage{ bytesOut = null, dataOut = null, dataIn = null }, redeliveryCounter = 0}</st>
            <st ob="" eb="" sr="" id="3.3">{noformat}</st>
        </parg>
        <parg ob="" eb="" sr="" id="4">
            <st ob="x" eb="" sr="" id="4.1">I randomly noticed that the "commandId" was negative.</st>
            <st ob="x" eb="" sr="" id="4.2">I looked at the messageId and sure enough it is very large, in the 2^31 range.</st>
            <st ob="" eb="" sr="" id="4.3">I checked all my field reports for this bug and in all cases the id was just over 2^31.</st>
            <st ob="" eb="" sr="x" id="4.4">I dug into the activemq code and found the issue was the BitArrayBin class doesn't handle values of that size correctly.</st>
            <st ob="" eb="" sr="x" id="4.5">I was about to post that as a critical bug but found it had already been reported and fixed for 5.11.0 in another context.</st>
            <st ob="" eb="" sr="x" id="4.6">AMQ-5016</st>
        </parg>
        <parg ob="" eb="" sr="" id="5">
            <st ob="" eb="" sr="" id="5.1">In case other people have a system stable enough to generate 2^31 messages from a single producer they should know they can add the setting "? checkForDuplicates=false" at the queue or connection level.</st>
            <st ob="" eb="" sr="" id="5.2">Are there any other mitigation strategies I may not know?</st>
        </parg>
    </desc>
</bug>
