<?xml version="1.0" encoding="UTF-8" standalone="yes"?>
<bug no-bug="" comments="">
    <id>AMQ-3818</id>
    <title ob="x" eb="" sr="">Delayed persistent messages are lost if the broker is hard killed during the delay.</title>
    <desc>
        <parg ob="" eb="" sr="" id="1">
            <st ob="x" eb="" sr="x" id="1.1">Persistent messages that are sent with a delay are lost by the ActiveMQ 5.5.1 broker if the broker is hard killed before the scheduler finishes its work at the end of the delay.</st>
            <st ob="x" eb="" sr="" id="1.2">This isn't a problem if the broker is gracefully shutdown or if the broker continues to run beyond the delay, even if a consumer isn't waiting to immediately consume the message.</st>
            <st ob="x" eb="" sr="" id="1.3">If the broker goes down hard during the delay, even if the broker isn't busy, then it will lose 100% of the persistent messages that are waiting for their delay to come to an end.</st>
        </parg>
        <parg ob="" eb="" sr="" id="2">
            <st ob="" eb="" sr="x" id="2.1">A simple test case that reproduces this issue can be made by having a producer send one thousand messages that each have a one minute delay.</st>
            <st ob="" eb="" sr="x" id="2.2">As soon as the last message has been sent by the producer wait an addtional second or two and then hard kill the broker.</st>
            <st ob="" eb="" sr="x" id="2.3">The hard kill should happen before the one minute delay has passed for the first message.</st>
            <st ob="" eb="" sr="x" id="2.4">Immediately restart the broker and then start a consumer that is looking for those one thousand messages.</st>
            <st ob="x" eb="" sr="" id="2.5">Even after a couple of minutes, the messages will not have made it to the consumer.</st>
        </parg>
    </desc>
</bug>
