<?xml version="1.0" encoding="UTF-8" standalone="yes"?>
<bug no-bug="" comments="">
    <id>AMQ-2609</id>
    <title ob="x" eb="" sr="">HTTP transport fails with java.io.UTFDataFormatException exception for messages larger than 64k</title>
    <desc>
        <parg ob="" eb="" sr="" id="1">
            <st ob="x" eb="" sr="x" id="1.1">When using activemq with http transport and trying to receive large messages (~100KB),  the operation fails and the following exception is in the log file:</st>
        </parg>
        <parg ob="" eb="" sr="" id="2">
            <st ob="" eb="" sr="" id="2.1">java.io.UTFDataFormatException: encoded string too long: 219486 bytes</st>
            <st ob="" eb="" sr="" id="2.2">	at java.io.DataOutputStream.writeUTF(DataOutputStream.java:347)</st>
            <st ob="" eb="" sr="" id="2.3">	at java.io.DataOutputStream.writeUTF(DataOutputStream.java:306)</st>
            <st ob="" eb="" sr="" id="2.4">	at org.apache.activemq.transport.util.TextWireFormat.marshal(TextWireFormat.java:44)</st>
            <st ob="" eb="" sr="" id="2.5">	at org.apache.activemq.transport.http.HttpTunnelServlet.doGet(HttpTunnelServlet.java:86)</st>
            <st ob="" eb="" sr="" id="2.6">	at javax.servlet.http.HttpServlet.service(HttpServlet.java:693)</st>
            <st ob="" eb="" sr="" id="2.7">	at javax.servlet.http.HttpServlet.service(HttpServlet.java:806)</st>
            <st ob="" eb="" sr="" id="2.8">	at org.mortbay.jetty.servlet.ServletHolder.handle(ServletHolder.java:487)</st>
            <st ob="" eb="" sr="" id="2.9">	at org.mortbay.jetty.servlet.ServletHandler.handle(ServletHandler.java:362)</st>
            <st ob="" eb="" sr="" id="2.10">	at org.mortbay.jetty.servlet.SessionHandler.handle(SessionHandler.java:181)</st>
            <st ob="" eb="" sr="" id="2.11">	at org.mortbay.jetty.handler.ContextHandler.handle(ContextHandler.java:726)</st>
            <st ob="" eb="" sr="" id="2.12">	at org.mortbay.jetty.handler.HandlerWrapper.handle(HandlerWrapper.java:152)</st>
            <st ob="" eb="" sr="" id="2.13">	at org.mortbay.jetty.Server.handle(Server.java:320)</st>
            <st ob="" eb="" sr="" id="2.14">	at org.mortbay.jetty.HttpConnection.handleRequest(HttpConnection.java:505)</st>
            <st ob="" eb="" sr="" id="2.15">	at org.mortbay.jetty.HttpConnection$RequestHandler.headerComplete(HttpConnection.java:828)</st>
            <st ob="" eb="" sr="" id="2.16">	at org.mortbay.jetty.HttpParser.parseNext(HttpParser.java:514)</st>
            <st ob="" eb="" sr="" id="2.17">	at org.mortbay.jetty.HttpParser.parseAvailable(HttpParser.java:211)</st>
            <st ob="" eb="" sr="" id="2.18">	at org.mortbay.jetty.HttpConnection.handle(HttpConnection.java:380)</st>
            <st ob="" eb="" sr="" id="2.19">	at org.mortbay.jetty.bio.SocketConnector$Connection.run(SocketConnector.java:228)</st>
            <st ob="" eb="" sr="" id="2.20">	at org.mortbay.thread.BoundedThreadPool$PoolThread.run(BoundedThreadPool.java:450)</st>
        </parg>
        <parg ob="" eb="" sr="" id="3">
            <st ob="" eb="" sr="" id="3.1">It may be caused by DataOutputStream.writeUTF implementation being limited to 64k string length.</st>
        </parg>
    </desc>
</bug>
