<?xml version="1.0" encoding="UTF-8" standalone="yes"?>
<bug no-bug="" comments="">
    <id>AMQ-5473</id>
    <title ob="x" eb="" sr="">Race condition caused by Linkstealing might make durable subs inactive</title>
    <desc>
        <parg ob="" eb="" sr="" id="1">
            <st ob="x" eb="" sr="" id="1.1">Link Stealing creates a new connection and disconnects the old connection.</st>
            <st ob="" eb="" sr="" id="1.2">These operations are done concurrently.</st>
            <st ob="" eb="" sr="x" id="1.3">New connection triggers addConsumer() for active subscriptions and old connection stop causes removeConsumer() for the same.</st>
        </parg>
        <parg ob="" eb="" sr="" id="2">
            <st ob="x" eb="" sr="" id="2.1">Problems:</st>
            <st ob="" eb="" sr="" id="2.2">* addConsumer() would throw exception that the sub is already active (if remove did not happen before)</st>
            <st ob="" eb="" sr="" id="2.3">* even if we go past the exception, it will not set the right (new) connection context and consumer info the subs</st>
            <st ob="" eb="" sr="" id="2.4">* removeConsumer() may remove subcription even if it had different connection context (created by linkstealing)</st>
        </parg>
        <parg ob="" eb="" sr="" id="3">
            <st ob="" eb="" sr="" id="3.1">Patch attached.</st>
        </parg>
    </desc>
</bug>
