<?xml version="1.0" encoding="UTF-8" standalone="yes"?>
<bug no-bug="" comments="">
    <id>AMQ-6139</id>
    <title ob="" eb="" sr="">Unable to config maxThreadPoolSize in broker</title>
    <desc>
        <parg ob="" eb="" sr="" id="1">
            <st ob="" eb="" sr="" id="1.1">The default value of maxThreadPoolSize is Integer.MAX_VALUE in TaskRunnerFactory for broker service, which does not make any sense.</st>
            <st ob="" eb="" sr="" id="1.2">If you set -Dorg.apache.activemq.UseDedicatedTaskRunner=false but you are still able to create as many threads as you want.</st>
            <st ob="" eb="" sr="" id="1.3">Suggest to make this configurable to limit the threads number the ActiveMQ broker can create.</st>
        </parg>
    </desc>
</bug>
