<?xml version="1.0" encoding="UTF-8" standalone="yes"?>
<bug no-bug="" comments="">
    <id>AMQ-5418</id>
    <title ob="x" eb="" sr="">MQTT Subscriber is able to receive messages published after unsubscribe()</title>
    <desc>
        <parg ob="" eb="" sr="" id="1">
            <st ob="" eb="" sr="x" id="1.1">* Client1 - Create durable subscription</st>
            <st ob="" eb="" sr="x" id="1.2">* Client2 - Publish</st>
            <st ob="" eb="x" sr="" id="1.3">* Client1 should receive published messages at this point</st>
            <st ob="" eb="" sr="x" id="1.4">* Client1 unsubscribe</st>
            <st ob="" eb="" sr="x" id="1.5">* Client2 Publish</st>
            <st ob="" eb="x" sr="" id="1.6">* Client1 should not receive messages at this point</st>
            <st ob="" eb="" sr="x" id="1.7">* Client1 disconnect</st>
            <st ob="" eb="" sr="x" id="1.8">* Client2 Publish</st>
            <st ob="" eb="" sr="x" id="1.9">* Client1 connect and subscribe to same topic</st>
            <st ob="x" eb="x" sr="" id="1.10">* Client1 should not receive any messages (fails)</st>
        </parg>
    </desc>
</bug>
