<?xml version="1.0" encoding="UTF-8" standalone="yes"?>
<bug no-bug="" comments="">
    <id>AMQ-678</id>
    <title ob="" eb="" sr="">MessageCleanup fails with mysql 4.1.x</title>
    <desc>
        <parg ob="" eb="" sr="" id="1">
            <st ob="x" eb="" sr="x" id="1.1">When ActiveMQ does a message cleanup using mysql-4.1 for jdbc persistence an error occurs.  ActiveMQ complains that the connection is already closed.  The nested exception however is an EOFException.  The exception is thrown by DefaultJDBCAdapter.doDeleteOldMessages(DefaultJDBCAdapter.java:544).  I poked around I found that the sql statement it produces causes mysql to crash.  It even causes mysqld to crash when entered in the mysql client console, so this is not a Connector/J issue.  Here is the statement</st>
            <st ob="" eb="" sr="" id="1.2">DELETE FROM ACTIVEMQ_MSGS WHERE ( EXPIRATION&lt;&gt;0 AND EXPIRATION&lt;1144326387433) OR ID &lt;= ( SELECT min(ACTIVEMQ_ACKS.</st>
            <st ob="" eb="" sr="" id="1.3">LAST_ACKED_ID) FROM ACTIVEMQ_ACKS WHERE ACTIVEMQ_ACKS.</st>
            <st ob="" eb="" sr="" id="1.4">CONTAINER=ACTIVEMQ_MSGS.</st>
            <st ob="" eb="" sr="" id="1.5">CONTAINER)</st>
            <st ob="" eb="" sr="" id="1.6">It can be found in Statements.java:220.</st>
        </parg>
        <parg ob="" eb="" sr="" id="2">
            <st ob="" eb="" sr="" id="2.1">I have tested this under mysql 4.1.12, 4.1.13 &amp; 5.0.18.</st>
            <st ob="" eb="" sr="" id="2.2">The exceptions were only thrown in mysql 4.1.</st>
            <st ob="" eb="" sr="" id="2.3">5.0 behaved as would be expected.</st>
        </parg>
        <parg ob="" eb="" sr="" id="3">
            <st ob="" eb="" sr="" id="3.1">Possible solutions would be :</st>
            <st ob="" eb="" sr="" id="3.2">- rewrite the delete statement so that it doesn't kill mysqld :</st>
            <st ob="" eb="" sr="" id="3.3">- I had a quick look into rewriting the statement but I haven't found how</st>
            <st ob="" eb="" sr="" id="3.4">- change the current delete into a select id from ... (this works) and delete records 1 by 1 using the resultSet ( which really sucks when there are lots of messages to be deleted )</st>
            <st ob="" eb="" sr="" id="3.5">- not use mysql-4.1</st>
        </parg>
    </desc>
</bug>
