<?xml version="1.0" encoding="UTF-8" standalone="yes"?>
<bug no-bug="" comments="">
    <id>AMQ-3912</id>
    <title ob="x" eb="" sr="">Durable subs store messages in error with broker attribute persistent="false"</title>
    <desc>
        <parg ob="" eb="" sr="" id="1">
            <st ob="" eb="" sr="" id="1.1">persistent="false" means use only the memory persistence adapter, ignore the persistence attribute of a message or durable sub.</st>
            <st ob="x" eb="" sr="x" id="1.2">If a &lt;persistenceAdapter /&gt; element is specified in xml config, durable subs do get persistence of messages that will survive a restart.</st>
            <st ob="" eb="" sr="" id="1.3">This is not the intent of persistent="false"</st>
        </parg>
    </desc>
</bug>
