<?xml version="1.0" encoding="UTF-8" standalone="yes"?>
<bug no-bug="" comments="">
    <id>AMQ-4906</id>
    <title ob="x" eb="" sr="">advisory producerCount = 0 is not received on temporary queue</title>
    <desc>
        <parg ob="" eb="" sr="" id="1">
            <st ob="x" eb="" sr="" id="1.1">i notice i never receive producer advisory messages (ActiveMQ.Advisory.Producer.Queue .</st>
            <st ob="x" eb="" sr="" id="1.2">[...]) with producerCount=0 when the client message producers on temporary queue are closed.</st>
            <st ob="x" eb="" sr="" id="1.3">i do receive producerCount &gt; 0.</st>
        </parg>
        <parg ob="" eb="" sr="" id="2">
            <st ob="" eb="" sr="" id="2.1">However, the consumerCount (from ActiveMQ.Advisory.Consumer.Queue.</st>
            <st ob="" eb="" sr="" id="2.2">[...]) appears to work as expected.</st>
        </parg>
        <parg ob="" eb="" sr="" id="3">
            <st ob="" eb="" sr="" id="3.1">From looking into org.apache.activemq.advisory.AdvisoryBroker.java</st>
            <st ob="" eb="" sr="" id="3.2">{code}</st>
            <st ob="" eb="" sr="" id="3.3">@Override public void removeProducer(ConnectionContext context, ProducerInfo info) throws Exception { super.removeProducer(context, info);</st>
        </parg>
        <parg ob="" eb="" sr="" id="4">
            <st ob="" eb="" sr="" id="4.1">// Don't advise advisory topics.</st>
            <st ob="" eb="" sr="" id="4.2">ActiveMQDestination dest = info.getDestination();</st>
            <st ob="" eb="" sr="" id="4.3">if (info.getDestination() !</st>
            <st ob="" eb="" sr="" id="4.4">= null &amp;&amp; !</st>
            <st ob="" eb="" sr="" id="4.5">AdvisorySupport.isAdvisoryTopic(dest)) {</st>
            <st ob="" eb="" sr="" id="4.6">ActiveMQTopic topic = AdvisorySupport.getProducerAdvisoryTopic(dest);</st>
            <st ob="" eb="" sr="" id="4.7">producers.remove(info.getProducerId());</st>
            <st ob="" eb="" sr="" id="4.8">if (! dest.isTemporary() || destinations.contains(dest)) { // PLEASE NOTE: &lt;== could this actually be destinations.containsKey(dest)</st>
            <st ob="" eb="" sr="" id="4.9">fireProducerAdvisory(context, dest,topic, info.createRemoveCommand());</st>
            <st ob="" eb="" sr="" id="4.10">}</st>
            <st ob="" eb="" sr="" id="4.11">}</st>
            <st ob="" eb="" sr="" id="4.12">}</st>
            <st ob="" eb="" sr="" id="4.13">{code}</st>
        </parg>
        <parg ob="" eb="" sr="" id="5">
            <st ob="" eb="" sr="" id="5.1">as reference, the "working" removeConsumer method:</st>
            <st ob="" eb="" sr="" id="5.2">{code}</st>
            <st ob="" eb="" sr="" id="5.3">@Override public void removeConsumer(ConnectionContext context, ConsumerInfo info) throws Exception { super.removeConsumer(context, info);</st>
        </parg>
        <parg ob="" eb="" sr="" id="6">
            <st ob="" eb="" sr="" id="6.1">// Don't advise advisory topics.</st>
            <st ob="" eb="" sr="" id="6.2">ActiveMQDestination dest = info.getDestination();</st>
            <st ob="" eb="" sr="" id="6.3">if (!</st>
            <st ob="" eb="" sr="" id="6.4">AdvisorySupport.isAdvisoryTopic(dest)) {</st>
            <st ob="" eb="" sr="" id="6.5">ActiveMQTopic topic = AdvisorySupport.getConsumerAdvisoryTopic(dest);</st>
            <st ob="" eb="" sr="" id="6.6">consumers.remove(info);</st>
            <st ob="" eb="" sr="" id="6.7">if (! dest.isTemporary() || destinations.containsKey(dest)) { fireConsumerAdvisory(context,dest, topic, info.createRemoveCommand());</st>
            <st ob="" eb="" sr="" id="6.8">}</st>
            <st ob="" eb="" sr="" id="6.9">}</st>
            <st ob="" eb="" sr="" id="6.10">}</st>
            <st ob="" eb="" sr="" id="6.11">{code}</st>
        </parg>
        <parg ob="" eb="" sr="" id="7">
            <st ob="" eb="" sr="" id="7.1">Please note the destinations.containsKey(dest) vs destinations.contains(dest) (for concurrentHashMaps this is identical to containsValue()).</st>
            <st ob="" eb="" sr="" id="7.2">I'm assuming the logic is to make sure the producer destination do exist in both cases</st>
        </parg>
        <parg ob="" eb="" sr="" id="8">
            <st ob="" eb="" sr="" id="8.1">I tested this with 5.7.0.</st>
            <st ob="" eb="" sr="" id="8.2">the code is similar in 5.9.0</st>
        </parg>
    </desc>
</bug>
