<?xml version="1.0" encoding="UTF-8" standalone="yes"?>
<bug no-bug="" comments="">
    <id>AMQ-5257</id>
    <title ob="x" eb="" sr="">5.10.0 cannot startup with leveldb</title>
    <desc>
        <parg ob="" eb="" sr="" id="1">
            <st ob="" eb="" sr="x" id="1.1">Are configured as follows：(I used this configuration in version of 5.9.1 is ok.)</st>
        </parg>
        <parg ob="" eb="" sr="" id="2">
            <st ob="" eb="" sr="" id="2.1">&lt;persistenceAdapter&gt;</st>
            <st ob="" eb="" sr="" id="2.2">&lt;replicatedLevelDB directory="${activemq.data}/leveldb" replicas="3" bind="tcp://0.0.0.0:0" zkAddress="192.168.65.183:2181,192.168.65.184:2181,192.168.65.185:2181" zkPath="/activemq/leveldb-stores" weight="2"/&gt;</st>
            <st ob="" eb="" sr="" id="2.3">&lt;!-- &lt;kahaDB directory="${activemq.data}/kahadb"/&gt; --&gt;</st>
            <st ob="" eb="" sr="" id="2.4">&lt;/persistenceAdapter&gt;</st>
        </parg>
        <parg ob="" eb="" sr="" id="3">
            <st ob="" eb="" sr="" id="3.1">startup log:</st>
            <st ob="" eb="" sr="" id="3.2">[amq@lin-mongo-65-181 bin]$ .</st>
            <st ob="" eb="" sr="" id="3.3">/activemq console</st>
            <st ob="" eb="" sr="" id="3.4">INFO: Using default configuration</st>
            <st ob="" eb="" sr="" id="3.5">(you can configure options in one of these file: /etc/default/activemq /home/amq/.</st>
            <st ob="" eb="" sr="" id="3.6">activemqrc)</st>
        </parg>
        <parg ob="" eb="" sr="" id="4">
            <st ob="" eb="" sr="" id="4.1">INFO: Invoke the following command to create a configuration file</st>
            <st ob="" eb="" sr="" id="4.2">.</st>
            <st ob="" eb="" sr="" id="4.3">/activemq setup [ /etc/default/activemq | /home/amq/.</st>
            <st ob="" eb="" sr="" id="4.4">activemqrc ]</st>
        </parg>
        <parg ob="" eb="" sr="" id="5">
            <st ob="" eb="" sr="" id="5.1">INFO: Using java '/usr/bin/java'</st>
            <st ob="" eb="" sr="" id="5.2">INFO: Starting in foreground, this is just for debugging purposes (stop process by pressing CTRL+C)</st>
            <st ob="" eb="" sr="" id="5.3">Java Runtime: Oracle Corporation 1.7.0_60 /usr/java/jdk1.7.0_60/jre</st>
            <st ob="" eb="" sr="" id="5.4">Heap sizes: current=2010624k  free=1979104k  max=5592576k</st>
            <st ob="" eb="" sr="" id="5.5">JVM args: -Xms2G -Xmx6G -Djava.util.logging.config.file=logging.properties -Djava.security.auth.login.config=/home/amq/apache-activemq-5.10.0/conf/login.</st>
            <st ob="" eb="" sr="" id="5.6">config -Dcom.sun.management.jmxremote.port=11099 -Dcom.sun.management.jmxremote.password.file=/home/amq/apache-activemq-5.10.0/conf/jmx.</st>
            <st ob="" eb="" sr="" id="5.7">password -Dcom.sun.management.jmxremote.access.file=/home/amq/apache-activemq-5.10.0/conf/jmx.</st>
            <st ob="" eb="" sr="" id="5.8">access -Dcom.sun.management.jmxremote.ssl=false -Dcom.sun.management.jmxremote -Djava.awt.headless=true -Djava.io.tmpdir=/home/amq/apache-activemq-5.10.0/tmp -Dactivemq.classpath=/home/amq/apache-activemq-5.10.0/conf; -Dactivemq.home=/home/amq/apache-activemq-5.10.0 -Dactivemq.base=/home/amq/apache-activemq-5.10.0 -Dactivemq.conf=/home/amq/apache-activemq-5.10.0/conf -Dactivemq.data=/amq_data</st>
            <st ob="" eb="" sr="" id="5.9">Extensions classpath:</st>
            <st ob="" eb="" sr="" id="5.10">[/home/amq/apache-activemq-5.10.0/lib,/home/amq/apache-activemq-5.10.0/lib/camel,/home/amq/apache-activemq-5.10.0/lib/optional,/home/amq/apache-activemq-5.10.0/lib/web,/home/amq/apache-activemq-5.10.0/lib/extra]</st>
            <st ob="" eb="" sr="" id="5.11">ACTIVEMQ_HOME: /home/amq/apache-activemq-5.10.0</st>
            <st ob="" eb="" sr="" id="5.12">ACTIVEMQ_BASE: /home/amq/apache-activemq-5.10.0</st>
            <st ob="" eb="" sr="" id="5.13">ACTIVEMQ_CONF: /home/amq/apache-activemq-5.10.0/conf</st>
            <st ob="" eb="" sr="" id="5.14">ACTIVEMQ_DATA: /amq_data</st>
            <st ob="" eb="" sr="" id="5.15">Loading message broker from: xbean:activemq.xml</st>
            <st ob="" eb="" sr="" id="5.16">INFO |AbstractApplicationContext.java:510| Refreshing org.apache.activemq.xbean.XBeanBrokerFactory$1@781efa43: startup date [Wed Jul 02 14:43:11 CST 2014]; root of context hierarchy</st>
            <st ob="" eb="" sr="" id="5.17">INFO |BrokerService.java:636| Using Persistence Adapter: Replicated LevelDB[/amq_data/leveldb, 192.168.65.183:2181,192.168.65.184:2181,192.168.65.185:2181//activemq/leveldb-stores]</st>
            <st ob="" eb="" sr="" id="5.18">INFO |ZKClient.java:343| Starting StateChangeDispatcher</st>
            <st ob="" eb="" sr="" id="5.19">INFO |Environment.java:100| Client environment:zookeeper.version=3.4.5-1392090, built on 09/30/2012 17:52 GMT</st>
            <st ob="" eb="" sr="" id="5.20">INFO |Environment.java:100| Client environment:host.name=lin-mongo-65-181.</st>
            <st ob="" eb="" sr="" id="5.21">ofcardnis</st>
            <st ob="" eb="" sr="" id="5.22">INFO |Environment.java:100| Client environment:java.version=1.7.0_60</st>
            <st ob="" eb="" sr="" id="5.23">INFO |Environment.java:100| Client environment:java.vendor=Oracle Corporation</st>
            <st ob="" eb="" sr="" id="5.24">INFO |Environment.java:100| Client environment:java.home=/usr/java/jdk1.7.0_60/jre</st>
            <st ob="" eb="" sr="" id="5.25">INFO |Environment.java:100| Client environment:java.class.path=/home/amq/apache-activemq-5.10.0/bin/activemq.jar</st>
            <st ob="" eb="" sr="" id="5.26">INFO |Environment.java:100| Client environment:java.library.path=/usr/java/packages/lib/amd64:/usr/lib64:/lib64:/lib:/usr/lib</st>
            <st ob="" eb="" sr="" id="5.27">INFO |Environment.java:100| Client environment:java.io.tmpdir=/home/amq/apache-activemq-5.10.0/tmp</st>
            <st ob="" eb="" sr="" id="5.28">INFO |Environment.java:100| Client environment:java.compiler=&lt;NA&gt;</st>
            <st ob="" eb="" sr="" id="5.29">INFO |Environment.java:100| Client environment:os.name=Linux</st>
            <st ob="" eb="" sr="" id="5.30">INFO |Environment.java:100| Client environment:os.arch=amd64</st>
            <st ob="" eb="" sr="" id="5.31">INFO |Environment.java:100| Client environment:os.version=2.6.32-431.</st>
            <st ob="" eb="" sr="" id="5.32">el6.x86_64</st>
            <st ob="" eb="" sr="" id="5.33">INFO |Environment.java:100| Client environment:user.name=amq</st>
            <st ob="" eb="" sr="" id="5.34">INFO |Environment.java:100| Client environment:user.home=/home/amq</st>
            <st ob="" eb="" sr="" id="5.35">INFO |Environment.java:100| Client environment:user.dir=/home/amq/apache-activemq-5.10.0/bin</st>
            <st ob="" eb="" sr="" id="5.36">INFO |ZooKeeper.java:438| Initiating client connection, connectString=192.168.65.183:2181,192.168.65.184:2181,192.168.65.185:2181 sessionTimeout=2000 watcher=org.apache.activemq.leveldb.replicated.groups.ZKClient@63a06d20</st>
            <st ob="" eb="" sr="" id="5.37">WARN |ClientCnxn.java:949| SASL configuration failed: javax.security.auth.login.LoginException: No JAAS configuration section named 'Client' was found in specified JAAS configuration file: '/home/amq/apache-activemq-5.10.0/conf/login.</st>
            <st ob="" eb="" sr="" id="5.38">config'.</st>
            <st ob="" eb="" sr="" id="5.39">Will continue connection to Zookeeper server without SASL authentication, if Zookeeper server allows it.</st>
            <st ob="" eb="" sr="" id="5.40">INFO |ClientCnxn.java:966| Opening socket connection to server 192.168.65.185/192.168.65.185:2181</st>
            <st ob="" eb="" sr="" id="5.41">WARN |ZKClient.java:222| unprocessed event state: AuthFailed</st>
            <st ob="" eb="" sr="" id="5.42">INFO |ClientCnxn.java:849| Socket connection established to 192.168.65.185/192.168.65.185:2181, initiating session</st>
            <st ob="" eb="" sr="" id="5.43">INFO |ClientCnxn.java:1207| Session establishment complete on server 192.168.65.185/192.168.65.185:2181, sessionid = 0x346e18687c1164c, negotiated timeout = 4000</st>
            <st ob="" eb="" sr="" id="5.44">INFO |Log.scala:93| Not enough cluster members connected to elect a master.</st>
            <st ob="" eb="" sr="" id="5.45">INFO |Log.scala:93| Not enough cluster members connected to elect a master.</st>
            <st ob="" eb="" sr="" id="5.46">INFO |Log.scala:93| Not enough cluster members have reported their update positions yet.</st>
            <st ob="" eb="" sr="" id="5.47">INFO |Log.scala:93| Promoted to master</st>
            <st ob="" eb="" sr="" id="5.48">WARN |ChangeListener.scala:102| listeners are taking too long to process the events</st>
            <st ob="" eb="" sr="" id="5.49">WARN |ChangeListener.scala:102| listeners are taking too long to process the events</st>
            <st ob="" eb="" sr="" id="5.50">INFO |Log.scala:93| Using the pure java LevelDB implementation.</st>
            <st ob="" eb="" sr="" id="5.51">INFO |BrokerService.java:2561| No IOExceptionHandler registered, ignoring IO exception java.io.IOException: com.google.common.base.Objects.firstNonNull(Ljava/lang/Object;Ljava/lang/Object;)Ljava/lang/Object;</st>
            <st ob="" eb="" sr="" id="5.52">	at org.apache.activemq.util.IOExceptionSupport.create(IOExceptionSupport.java:39)[activemq-client-5.10.0.jar:5.10.0] at org.apache.activemq.leveldb.LevelDBClient.might_fail(LevelDBClient.scala:552)[activemq-leveldb-store-5.10.0.jar:5.10.0] at org.apache.activemq.leveldb.LevelDBClient.replay_init(LevelDBClient.scala:657)[activemq-leveldb-store-5.10.0.jar:5.10.0] at org.apache.activemq.leveldb.LevelDBClient.start(LevelDBClient.scala:558)[activemq-leveldb-store-5.10.0.jar:5.10.0] at org.apache.activemq.leveldb.DBManager.start(DBManager.scala:648)[activemq-leveldb-store-5.10.0.jar:5.10.0] at org.apache.activemq.leveldb.LevelDBStore.doStart(LevelDBStore.scala:235)[activemq-leveldb-store-5.10.0.jar:5.10.0] at org.apache.activemq.leveldb.replicated.MasterLevelDBStore.doStart(MasterLevelDBStore.scala:110)[activemq-leveldb-store-5.10.0.jar:5.10.0]</st>
            <st ob="" eb="" sr="" id="5.53">	at org.apache.activemq.util.ServiceSupport.start(ServiceSupport.java:55)[activemq-client-5.10.0.jar:5.10.0] at org.apache.activemq.leveldb.replicated.ElectingLevelDBStore$$anonfun$start_master$1.</st>
            <st ob="" eb="" sr="" id="5.54">apply$mcV$sp(ElectingLevelDBStore.scala:226)[activemq-leveldb-store-5.10.0.jar:5.10.0] at org.fusesource.hawtdispatch.package$$anon$4.</st>
            <st ob="" eb="" sr="" id="5.55">run(hawtdispatch.scala:330)[hawtdispatch-scala-2.11-1.21.jar:1.21]</st>
            <st ob="" eb="" sr="" id="5.56">	at java.util.concurrent.ThreadPoolExecutor.runWorker(ThreadPoolExecutor.java:1145)[:1.7.0_60]</st>
            <st ob="" eb="" sr="" id="5.57">	at java.util.concurrent.ThreadPoolExecutor$Worker.run(ThreadPoolExecutor.java:615)[:1.7.0_60]</st>
            <st ob="" eb="" sr="" id="5.58">	at java.lang.Thread.run(Thread.java:745)[:1.7.0_60]</st>
            <st ob="" eb="" sr="" id="5.59">INFO |Log.scala:93| Stopped LevelDB[/amq_data/leveldb]</st>
        </parg>
    </desc>
</bug>
