<?xml version="1.0" encoding="UTF-8" standalone="yes"?>
<bug no-bug="" comments="">
    <id>AMQ-2745</id>
    <title ob="x" eb="" sr="">Deadlock or Performance Bottleneck when reading messages with Correlation</title>
    <desc>
        <parg ob="" eb="" sr="" id="1">
            <st ob="" eb="" sr="" id="1.1">We have a situation where we are posting messages to a queue with two different correlation ids specifically intended to reach two different clients who subscribe with message selectors for the appropriate correlation.</st>
            <st ob="" eb="" sr="" id="1.2">The clients are reading with message listeners.</st>
            <st ob="" eb="" sr="" id="1.3">When one client stops reading the expected behavior, and the behavior we saw on 5.3.0, is that the messages with the correlation for the stopped client will backup on the queue and will not effect the performance of the second client who is still reading the messages with the other correlation.</st>
            <st ob="" eb="" sr="" id="1.4">With our memory config messages can backup into the hundreds of thousands before noticing any performance impact on the active client.</st>
        </parg>
        <parg ob="" eb="" sr="" id="2">
            <st ob="" eb="" sr="" id="2.1">However this is not the case in 5.3.1 or 5.3.2.</st>
            <st ob="x" eb="" sr="" id="2.2">With 5.3.1 once enough messages backup for the stopped client, suddenly the active client's performance drops drastically 20 ms reads to 30,000ms reads.</st>
            <st ob="x" eb="" sr="" id="2.3">We will see this within a few hundred messages.</st>
            <st ob="x" eb="" sr="" id="2.4">I believe there is some kind of deadlock, or buffering bottleneck that was introduced on the client side.</st>
        </parg>
    </desc>
</bug>
