<?xml version="1.0" encoding="UTF-8" standalone="yes"?>
<bug no-bug="" comments="">
    <id>AMQ-5048</id>
    <title ob="x" eb="" sr="">Unexpected message redelivery after KahaDB metadata recovery</title>
    <desc>
        <parg ob="" eb="" sr="" id="1">
            <st ob="" eb="" sr="" id="1.1">It was an accident when our system ran out of free disk space.</st>
            <st ob="x" eb="" sr="x" id="1.2">ActiveMQ broker was shut down but after disk clean it failed to start with throwing an exception:</st>
        </parg>
        <parg ob="" eb="" sr="" id="2">
            <st ob="" eb="" sr="" id="2.1">2014-01-31 07:59:46,297 | ERROR | Failed to page in more queue messages  | org.apache.activemq.broker.region.Queue | ActiveMQ BrokerService[CORE_FuseMQ] Task-149 java.lang.RuntimeException: java.lang.RuntimeException: java.io.IOException: Could not locate data file /opt/broker/data/kahadb/db-97203.log</st>
            <st ob="" eb="" sr="" id="2.2">        at org.apache.activemq.broker.region.cursors.AbstractStoreCursor.reset(AbstractStoreCursor.java:113)</st>
            <st ob="" eb="" sr="" id="2.3">        at org.apache.activemq.broker.region.cursors.StoreQueueCursor.reset(StoreQueueCursor.java:157)</st>
            <st ob="" eb="" sr="" id="2.4">        at org.apache.activemq.broker.region.Queue.doPageInForDispatch(Queue.java:1775)</st>
            <st ob="" eb="" sr="" id="2.5">        at org.apache.activemq.broker.region.Queue.pageInMessages(Queue.java:2003)</st>
            <st ob="" eb="" sr="" id="2.6">        at org.apache.activemq.broker.region.Queue.iterate(Queue.java:1491)</st>
            <st ob="" eb="" sr="" id="2.7">        at org.apache.activemq.thread.PooledTaskRunner.runTask(PooledTaskRunner.java:129)</st>
            <st ob="" eb="" sr="" id="2.8">        at org.apache.activemq.thread.PooledTaskRunner$1.run(PooledTaskRunner.java:47)</st>
            <st ob="" eb="" sr="" id="2.9">        at java.util.concurrent.ThreadPoolExecutor$Worker.runTask(ThreadPoolExecutor.java:895)</st>
            <st ob="" eb="" sr="" id="2.10">        at java.util.concurrent.ThreadPoolExecutor$Worker.run(ThreadPoolExecutor.java:918)</st>
            <st ob="" eb="" sr="" id="2.11">        at java.lang.Thread.run(Thread.java:662)st</st>
            <st ob="" eb="" sr="" id="2.12">Caused by: java.lang.RuntimeException: java.io.IOException: Could not locate data file /opt/broker/data/kahadb/db-97203.log</st>
            <st ob="" eb="" sr="" id="2.13">        at org.apache.activemq.broker.region.cursors.AbstractStoreCursor.fillBatch(AbstractStoreCursor.java:277)</st>
            <st ob="" eb="" sr="" id="2.14">        at org.apache.activemq.broker.region.cursors.AbstractStoreCursor.reset(AbstractStoreCursor.java:110)</st>
            <st ob="" eb="" sr="" id="2.15">        ... 9 more</st>
            <st ob="" eb="" sr="" id="2.16">Caused by: java.io.IOException: Could not locate data file /opt/broker/data/kahadb/db-97203.log</st>
            <st ob="" eb="" sr="" id="2.17">        at org.apache.activemq.store.kahadb.disk.journal.Journal.getDataFile(Journal.java:353)</st>
            <st ob="" eb="" sr="" id="2.18">        at org.apache.activemq.store.kahadb.disk.journal.Journal.read(Journal.java:600)</st>
            <st ob="" eb="" sr="" id="2.19">        at org.apache.activemq.store.kahadb.MessageDatabase.load(MessageDatabase.java:939)</st>
            <st ob="" eb="" sr="" id="2.20">        at org.apache.activemq.store.kahadb.KahaDBStore.loadMessage(KahaDBStore.java:1029)</st>
            <st ob="" eb="" sr="" id="2.21">        at org.apache.activemq.store.kahadb.KahaDBStore$KahaDBMessageStore$4.execute(KahaDBStore.java:557)</st>
            <st ob="" eb="" sr="" id="2.22">        at org.apache.activemq.store.kahadb.disk.page.Transaction.execute(Transaction.java:779)</st>
            <st ob="" eb="" sr="" id="2.23">        at org.apache.activemq.store.kahadb.KahaDBStore$KahaDBMessageStore.recoverNextMessages(KahaDBStore.java:546)</st>
            <st ob="" eb="" sr="" id="2.24">        at org.apache.activemq.store.ProxyMessageStore.recoverNextMessages(ProxyMessageStore.java:106)</st>
            <st ob="" eb="" sr="" id="2.25">        at org.apache.activemq.broker.region.cursors.QueueStorePrefetch.doFillBatch(QueueStorePrefetch.java:97)</st>
            <st ob="" eb="" sr="" id="2.26">        at org.apache.activemq.broker.region.cursors.AbstractStoreCursor.fillBatch(AbstractStoreCursor.java:274)</st>
            <st ob="" eb="" sr="" id="2.27">        ... 10 more</st>
            <st ob="" eb="" sr="" id="2.28">2014-01-31 07:59:47,305 | ERROR | Looking for key 97203 but not found in fileMap: {55354=db-55354.log number = 55354 , length = 33563112, 93728=db-93728.log number = 93728 , length = 33554796, 9373</st>
            <st ob="" eb="" sr="" id="2.29">2014-01-31 07:59:47,307 | ERROR | org.apache.activemq.broker.region.cursors.QueueStorePrefetch@3a252a17:mdm.kis,batchResetNeeded=false,storeHasMessages=true,size=157,cacheEnabled=false,maxBatchSize java.io.IOException: Could not locate data file /opt/broker/data/kahadb/db-97203.log</st>
            <st ob="" eb="" sr="" id="2.30">        at org.apache.activemq.store.kahadb.disk.journal.Journal.getDataFile(Journal.java:353)</st>
            <st ob="" eb="" sr="" id="2.31">        at org.apache.activemq.store.kahadb.disk.journal.Journal.read(Journal.java:600)</st>
            <st ob="" eb="" sr="" id="2.32">        at org.apache.activemq.store.kahadb.MessageDatabase.load(MessageDatabase.java:939)</st>
            <st ob="" eb="" sr="" id="2.33">        at org.apache.activemq.store.kahadb.KahaDBStore.loadMessage(KahaDBStore.java:1029)</st>
            <st ob="" eb="" sr="" id="2.34">        at org.apache.activemq.store.kahadb.KahaDBStore$KahaDBMessageStore$4.execute(KahaDBStore.java:557)</st>
            <st ob="" eb="" sr="" id="2.35">        at org.apache.activemq.store.kahadb.disk.page.Transaction.execute(Transaction.java:779)</st>
            <st ob="" eb="" sr="" id="2.36">        at org.apache.activemq.store.kahadb.KahaDBStore$KahaDBMessageStore.recoverNextMessages(KahaDBStore.java:546)</st>
            <st ob="" eb="" sr="" id="2.37">        at org.apache.activemq.store.ProxyMessageStore.recoverNextMessages(ProxyMessageStore.java:106)</st>
            <st ob="" eb="" sr="" id="2.38">        at org.apache.activemq.broker.region.cursors.QueueStorePrefetch.doFillBatch(QueueStorePrefetch.java:97)</st>
            <st ob="" eb="" sr="" id="2.39">        at org.apache.activemq.broker.region.cursors.AbstractStoreCursor.fillBatch(AbstractStoreCursor.java:274)</st>
            <st ob="" eb="" sr="" id="2.40">        at org.apache.activemq.broker.region.cursors.AbstractStoreCursor.reset(AbstractStoreCursor.java:110)</st>
            <st ob="" eb="" sr="" id="2.41">        at org.apache.activemq.broker.region.cursors.StoreQueueCursor.reset(StoreQueueCursor.java:157)</st>
            <st ob="" eb="" sr="" id="2.42">        at org.apache.activemq.broker.region.Queue.doPageInForDispatch(Queue.java:1775)</st>
            <st ob="" eb="" sr="" id="2.43">        at org.apache.activemq.broker.region.Queue.pageInMessages(Queue.java:2003)</st>
            <st ob="" eb="" sr="" id="2.44">        at org.apache.activemq.broker.region.Queue.iterate(Queue.java:1491)</st>
            <st ob="" eb="" sr="" id="2.45">        at org.apache.activemq.thread.PooledTaskRunner.runTask(PooledTaskRunner.java:129)</st>
            <st ob="" eb="" sr="" id="2.46">        at org.apache.activemq.thread.PooledTaskRunner$1.run(PooledTaskRunner.java:47)</st>
            <st ob="" eb="" sr="" id="2.47">        at java.util.concurrent.ThreadPoolExecutor$Worker.runTask(ThreadPoolExecutor.java:895)</st>
            <st ob="" eb="" sr="" id="2.48">[...]</st>
        </parg>
        <parg ob="" eb="" sr="" id="3">
            <st ob="" eb="" sr="" id="3.1">We rebuilt metadata as described here: https://access.redhat.com/site/documentation/en-US/Fuse_MQ_Enterprise/7.1/html/Configuring_Broker_Persistence/files/KahaDB-Recovery.html</st>
        </parg>
        <parg ob="" eb="" sr="" id="4">
            <st ob="" eb="" sr="" id="4.1">Performed steps to rebuild:</st>
            <st ob="" eb="" sr="x" id="4.2">1. Stop broker</st>
            <st ob="" eb="" sr="x" id="4.3">2. Delete db.data</st>
            <st ob="" eb="" sr="x" id="4.4">3. Start broker</st>
        </parg>
        <parg ob="" eb="" sr="" id="5">
            <st ob="x" eb="" sr="" id="5.1">Afterwards broker started correctly without exceptions.</st>
            <st ob="x" eb="" sr="" id="5.2">Problem is that some new messages appeared in queues.</st>
            <st ob="" eb="" sr="" id="5.3">Those queues had zero messages before metadata recovery.</st>
            <st ob="" eb="" sr="" id="5.4">Appeared messages were quite outdated and already delivered several months ago.</st>
            <st ob="" eb="" sr="" id="5.5">This is dangerous behaviour because unexpected redelivery in some cases may bring harm to consumers.</st>
        </parg>
    </desc>
</bug>
