<?xml version="1.0" encoding="UTF-8" standalone="yes"?>
<bug no-bug="" comments="">
    <id>AMQ-4698</id>
    <title ob="" eb="" sr="">Failed to deploy AMQ to Glassfish 4</title>
    <desc>
        <parg ob="" eb="" sr="" id="1">
            <st ob="x" eb="" sr="x" id="1.1">When deploying AMQ to Glassfish 4, got the following exception and failed:</st>
        </parg>
        <parg ob="" eb="" sr="" id="2">
            <st ob="" eb="" sr="" id="2.1">[2013-08-29T10:25:35.489+0800] [glassfish 4.0] [SEVERE] [NCLS-CORE-00026] [javax.enterprise.system.core] [tid: _ThreadID=53 _ThreadName=admin-listener(3)] [timeMillis: 1377743135489] [levelValue: 1000] [[</st>
            <st ob="" eb="" sr="" id="2.2">Exception during lifecycle processing java.lang.IllegalStateException: The lifecycle method [afterPropertiesSet] must not throw a checked exception.</st>
            <st ob="" eb="" sr="" id="2.3">Related annotation information: annotation [@javax.</st>
            <st ob="" eb="" sr="" id="2.4">annotation.PostConstruct()] on annotated element [public void org.apache.activemq.security.AuthorizationEntry.afterPropertiesSet() throws java.lang.Exception] of type [METHOD]</st>
            <st ob="" eb="" sr="" id="2.5">	at com.sun.enterprise.deployment.archivist.Archivist.readAnnotations(Archivist.java:518)</st>
            <st ob="" eb="" sr="" id="2.6">	at com.sun.enterprise.deployment.archivist.Archivist.readAnnotations(Archivist.java:446)</st>
            <st ob="" eb="" sr="" id="2.7">	at org.glassfish.web.deployment.archivist.WebArchivist.postAnnotationProcess(WebArchivist.java:338)</st>
            <st ob="" eb="" sr="" id="2.8">	at org.glassfish.web.deployment.archivist.WebArchivist.postAnnotationProcess(WebArchivist.java:91)</st>
            <st ob="" eb="" sr="" id="2.9">	at com.sun.enterprise.deployment.archivist.Archivist.readRestDeploymentDescriptors(Archivist.java:420)</st>
            <st ob="" eb="" sr="" id="2.10">	at com.sun.enterprise.deployment.archivist.Archivist.readDeploymentDescriptors(Archivist.java:396)</st>
            <st ob="" eb="" sr="" id="2.11">	at com.sun.enterprise.deployment.archivist.Archivist.open(Archivist.java:271)</st>
            <st ob="" eb="" sr="" id="2.12">	at com.sun.enterprise.deployment.archivist.Archivist.open(Archivist.java:280)</st>
            <st ob="" eb="" sr="" id="2.13">	at com.sun.enterprise.deployment.archivist.Archivist.open(Archivist.java:241)</st>
            <st ob="" eb="" sr="" id="2.14">	at com.sun.enterprise.deployment.archivist.ApplicationFactory.openArchive(ApplicationFactory.java:161)</st>
            <st ob="" eb="" sr="" id="2.15">	at org.glassfish.javaee.core.deployment.DolProvider.processDOL(DolProvider.java:198)</st>
            <st ob="" eb="" sr="" id="2.16">	at org.glassfish.javaee.core.deployment.DolProvider.load(DolProvider.java:222)</st>
            <st ob="" eb="" sr="" id="2.17">	at org.glassfish.javaee.core.deployment.DolProvider.load(DolProvider.java:96)</st>
            <st ob="" eb="" sr="" id="2.18">	at com.sun.enterprise.v3.server.ApplicationLifecycle.loadDeployer(ApplicationLifecycle.java:878)</st>
            <st ob="" eb="" sr="" id="2.19">	at com.sun.enterprise.v3.server.ApplicationLifecycle.setupContainerInfos(ApplicationLifecycle.java:818)</st>
            <st ob="" eb="" sr="" id="2.20">	at com.sun.enterprise.v3.server.ApplicationLifecycle.deploy(ApplicationLifecycle.java:374)</st>
            <st ob="" eb="" sr="" id="2.21">	at com.sun.enterprise.v3.server.ApplicationLifecycle.deploy(ApplicationLifecycle.java:219)</st>
            <st ob="" eb="" sr="" id="2.22">	at org.glassfish.deployment.admin.DeployCommand.execute(DeployCommand.java:491)</st>
            <st ob="" eb="" sr="" id="2.23">	at com.sun.enterprise.v3.admin.CommandRunnerImpl$2$1.run(CommandRunnerImpl.java:527)</st>
            <st ob="" eb="" sr="" id="2.24">	at com.sun.enterprise.v3.admin.CommandRunnerImpl$2$1.run(CommandRunnerImpl.java:523)</st>
            <st ob="" eb="" sr="" id="2.25">	at java.security.AccessController.doPrivileged(Native Method)</st>
            <st ob="" eb="" sr="" id="2.26">	at javax.security.auth.Subject.doAs(Subject.java:356)</st>
            <st ob="" eb="" sr="" id="2.27">	at com.sun.enterprise.v3.admin.CommandRunnerImpl$2.execute(CommandRunnerImpl.java:522)</st>
            <st ob="" eb="" sr="" id="2.28">	at com.sun.enterprise.v3.admin.CommandRunnerImpl.doCommand(CommandRunnerImpl.java:546)</st>
            <st ob="" eb="" sr="" id="2.29">	at com.sun.enterprise.v3.admin.CommandRunnerImpl.doCommand(CommandRunnerImpl.java:1423)</st>
            <st ob="" eb="" sr="" id="2.30">	at com.sun.enterprise.v3.admin.CommandRunnerImpl.access$1500(CommandRunnerImpl.java:108)</st>
            <st ob="" eb="" sr="" id="2.31">	at com.sun.enterprise.v3.admin.CommandRunnerImpl$ExecutionContext.execute(CommandRunnerImpl.java:1762)</st>
            <st ob="" eb="" sr="" id="2.32">	at com.sun.enterprise.v3.admin.CommandRunnerImpl$ExecutionContext.execute(CommandRunnerImpl.java:1674)</st>
            <st ob="" eb="" sr="" id="2.33">	at com.sun.enterprise.v3.admin.AdminAdapter.doCommand(AdminAdapter.java:534)</st>
            <st ob="" eb="" sr="" id="2.34">	at com.sun.enterprise.v3.admin.AdminAdapter.onMissingResource(AdminAdapter.java:224)</st>
            <st ob="" eb="" sr="" id="2.35">	at org.glassfish.grizzly.http.server.StaticHttpHandler.service(StaticHttpHandler.java:297)</st>
            <st ob="" eb="" sr="" id="2.36">	at com.sun.enterprise.v3.services.impl.ContainerMapper.service(ContainerMapper.java:246)</st>
            <st ob="" eb="" sr="" id="2.37">	at org.glassfish.grizzly.http.server.HttpHandler.runService(HttpHandler.java:191)</st>
            <st ob="" eb="" sr="" id="2.38">	at org.glassfish.grizzly.http.server.HttpHandler.doHandle(HttpHandler.java:168)</st>
            <st ob="" eb="" sr="" id="2.39">	at org.glassfish.grizzly.http.server.HttpServerFilter.handleRead(HttpServerFilter.java:189)</st>
            <st ob="" eb="" sr="" id="2.40">	at org.glassfish.grizzly.filterchain.ExecutorResolver$9.execute(ExecutorResolver.java:119)</st>
            <st ob="" eb="" sr="" id="2.41">	at org.glassfish.grizzly.filterchain.DefaultFilterChain.executeFilter(DefaultFilterChain.java:288)</st>
            <st ob="" eb="" sr="" id="2.42">	at org.glassfish.grizzly.filterchain.DefaultFilterChain.executeChainPart(DefaultFilterChain.java:206)</st>
            <st ob="" eb="" sr="" id="2.43">	at org.glassfish.grizzly.filterchain.DefaultFilterChain.execute(DefaultFilterChain.java:136)</st>
            <st ob="" eb="" sr="" id="2.44">	at org.glassfish.grizzly.filterchain.DefaultFilterChain.process(DefaultFilterChain.java:114)</st>
            <st ob="" eb="" sr="" id="2.45">	at org.glassfish.grizzly.ProcessorExecutor.execute(ProcessorExecutor.java:77)</st>
            <st ob="" eb="" sr="" id="2.46">	at org.glassfish.grizzly.portunif.PUFilter.handleRead(PUFilter.java:231)</st>
            <st ob="" eb="" sr="" id="2.47">	at org.glassfish.grizzly.filterchain.ExecutorResolver$9.execute(ExecutorResolver.java:119)</st>
            <st ob="" eb="" sr="" id="2.48">	at org.glassfish.grizzly.filterchain.DefaultFilterChain.executeFilter(DefaultFilterChain.java:288)</st>
            <st ob="" eb="" sr="" id="2.49">	at org.glassfish.grizzly.filterchain.DefaultFilterChain.executeChainPart(DefaultFilterChain.java:206)</st>
            <st ob="" eb="" sr="" id="2.50">	at org.glassfish.grizzly.filterchain.DefaultFilterChain.execute(DefaultFilterChain.java:136)</st>
            <st ob="" eb="" sr="" id="2.51">	at org.glassfish.grizzly.filterchain.DefaultFilterChain.process(DefaultFilterChain.java:114)</st>
            <st ob="" eb="" sr="" id="2.52">	at org.glassfish.grizzly.ProcessorExecutor.execute(ProcessorExecutor.java:77)</st>
            <st ob="" eb="" sr="" id="2.53">	at org.glassfish.grizzly.portunif.PUFilter.handleRead(PUFilter.java:231)</st>
            <st ob="" eb="" sr="" id="2.54">	at org.glassfish.grizzly.filterchain.ExecutorResolver$9.execute(ExecutorResolver.java:119)</st>
            <st ob="" eb="" sr="" id="2.55">	at org.glassfish.grizzly.filterchain.DefaultFilterChain.executeFilter(DefaultFilterChain.java:288)</st>
            <st ob="" eb="" sr="" id="2.56">	at org.glassfish.grizzly.filterchain.DefaultFilterChain.executeChainPart(DefaultFilterChain.java:206)</st>
            <st ob="" eb="" sr="" id="2.57">	at org.glassfish.grizzly.filterchain.DefaultFilterChain.execute(DefaultFilterChain.java:136)</st>
            <st ob="" eb="" sr="" id="2.58">	at org.glassfish.grizzly.filterchain.DefaultFilterChain.process(DefaultFilterChain.java:114)</st>
            <st ob="" eb="" sr="" id="2.59">	at org.glassfish.grizzly.ProcessorExecutor.execute(ProcessorExecutor.java:77)</st>
            <st ob="" eb="" sr="" id="2.60">	at org.glassfish.grizzly.nio.transport.TCPNIOTransport.fireIOEvent(TCPNIOTransport.java:838)</st>
            <st ob="" eb="" sr="" id="2.61">	at org.glassfish.grizzly.strategies.AbstractIOStrategy.fireIOEvent(AbstractIOStrategy.java:113)</st>
            <st ob="" eb="" sr="" id="2.62">	at org.glassfish.grizzly.strategies.WorkerThreadIOStrategy.run0(WorkerThreadIOStrategy.java:115)</st>
            <st ob="" eb="" sr="" id="2.63">	at org.glassfish.grizzly.strategies.WorkerThreadIOStrategy.access$100(WorkerThreadIOStrategy.java:55)</st>
            <st ob="" eb="" sr="" id="2.64">	at org.glassfish.grizzly.strategies.WorkerThreadIOStrategy$WorkerThreadRunnable.run(WorkerThreadIOStrategy.java:135)</st>
            <st ob="" eb="" sr="" id="2.65">	at org.glassfish.grizzly.threadpool.AbstractThreadPool$Worker.doWork(AbstractThreadPool.java:564)</st>
            <st ob="" eb="" sr="" id="2.66">	at org.glassfish.grizzly.threadpool.AbstractThreadPool$Worker.run(AbstractThreadPool.java:544)</st>
            <st ob="" eb="" sr="" id="2.67">	at java.lang.Thread.run(Thread.java:724)</st>
            <st ob="" eb="" sr="" id="2.68">Caused by: The lifecycle method [afterPropertiesSet] must not throw a checked exception. Related annotation information: annotation [@javax.annotation.PostConstruct()] on annotated element [public void org.apache.activemq.security.AuthorizationEntry.afterPropertiesSet() throws java.lang.Exception] of type [METHOD]</st>
            <st ob="" eb="" sr="" id="2.69">	at org.glassfish.apf.impl.AnnotationProcessorImpl.process(AnnotationProcessorImpl.java:367)</st>
            <st ob="" eb="" sr="" id="2.70">	at org.glassfish.apf.impl.AnnotationProcessorImpl.process(AnnotationProcessorImpl.java:375)</st>
            <st ob="" eb="" sr="" id="2.71">	at org.glassfish.apf.impl.AnnotationProcessorImpl.processAnnotations(AnnotationProcessorImpl.java:289)</st>
            <st ob="" eb="" sr="" id="2.72">	at org.glassfish.apf.impl.AnnotationProcessorImpl.process(AnnotationProcessorImpl.java:217)</st>
            <st ob="" eb="" sr="" id="2.73">	at org.glassfish.apf.impl.AnnotationProcessorImpl.process(AnnotationProcessorImpl.java:134)</st>
            <st ob="" eb="" sr="" id="2.74">	at com.sun.enterprise.deployment.archivist.Archivist.processAnnotations(Archivist.java:626)</st>
            <st ob="" eb="" sr="" id="2.75">	at com.sun.enterprise.deployment.archivist.Archivist.readAnnotations(Archivist.java:462)</st>
            <st ob="" eb="" sr="" id="2.76">	... 62 more</st>
            <st ob="" eb="" sr="" id="2.77">Caused by: java.lang.IllegalArgumentException: The lifecycle method [afterPropertiesSet] must not throw a checked exception</st>
            <st ob="" eb="" sr="" id="2.78">	at com.sun.enterprise.deployment.annotation.handlers.AbstractResourceHandler.validateAnnotatedLifecycleMethod(AbstractResourceHandler.java:186)</st>
            <st ob="" eb="" sr="" id="2.79">	at com.sun.enterprise.deployment.annotation.handlers.PostConstructHandler.processAnnotation(PostConstructHandler.java:72)</st>
            <st ob="" eb="" sr="" id="2.80">	at com.sun.enterprise.deployment.annotation.handlers.AbstractResourceHandler.processAnnotation(AbstractResourceHandler.java:142)</st>
            <st ob="" eb="" sr="" id="2.81">	at com.sun.enterprise.deployment.annotation.factory.SJSASFactory$LazyAnnotationHandler.processAnnotation(SJSASFactory.java:148)</st>
            <st ob="" eb="" sr="" id="2.82">	at org.glassfish.apf.impl.AnnotationProcessorImpl.process(AnnotationProcessorImpl.java:344)</st>
            <st ob="" eb="" sr="" id="2.83">	... 68 more</st>
            <st ob="" eb="" sr="" id="2.84">]]</st>
        </parg>
    </desc>
</bug>
