<?xml version="1.0" encoding="UTF-8" standalone="yes"?>
<bug no-bug="" comments="">
    <id>AMQ-5564</id>
    <title ob="x" eb="" sr="">activemq-pool - Either adds new mbeans or add/remove pair of mbean for each producer in use</title>
    <desc>
        <parg ob="" eb="" sr="" id="1">
            <st ob="" eb="" sr="" id="1.1">On the AMQ dev mailing list we have talked about a new issue.</st>
            <st ob="" eb="" sr="" id="1.2">http://activemq.2283324.n4.nabble.com/VOTE-Apache-ActiveMQ-5-11-0-rc3-tp4690743.html</st>
        </parg>
        <parg ob="" eb="" sr="" id="2">
            <st ob="" eb="" sr="" id="2.1">I found out that using the camel-example-management, which has an embedded AMQ broker and using Camel with the VM transport to produce/consume messages, then there is mbean issues.</st>
        </parg>
        <parg ob="" eb="" sr="" id="3">
            <st ob="" eb="" sr="" id="3.1">It works fine in AMQ 5.10.0.</st>
            <st ob="" eb="" sr="" id="3.2">But is wrong in AMQ 5.10.1 and 5.11.0.</st>
        </parg>
        <parg ob="" eb="" sr="" id="4">
            <st ob="" eb="" sr="" id="4.1">See the attached screenshots.</st>
        </parg>
        <parg ob="" eb="" sr="" id="5">
            <st ob="x" eb="" sr="" id="5.1">Notice how the mbean tree for dynamic producers keeps growing for 5.10.1 and 5.11.0.</st>
        </parg>
    </desc>
</bug>
