<?xml version="1.0" encoding="UTF-8" standalone="yes"?>
<bug no-bug="" comments="">
    <id>AMQ-3593</id>
    <title ob="" eb="" sr="">Messages with empty marshalledProperties</title>
    <desc>
        <parg ob="" eb="" sr="" id="1">
            <st ob="x" eb="" sr="" id="1.1">Sometimes messages arrive on the client with an empty "marshalledProperties" field.</st>
            <st ob="x" eb="" sr="" id="1.2">This causes an exception trying to unmarshall them.</st>
            <st ob="" eb="" sr="" id="1.3">This happens very rarely, but we've got at least 2-3 cases a day per subscriber in our production environment.</st>
            <st ob="" eb="" sr="x" id="1.4">We use a broker embedded with a server component that publishes messages on topics.</st>
            <st ob="" eb="" sr="x" id="1.5">The subscribers are remote.</st>
            <st ob="" eb="" sr="" id="1.6">I was unable to replicate the problem on my Windows workstation, nor to reproduce it precisely.</st>
        </parg>
        <parg ob="" eb="" sr="" id="2">
            <st ob="" eb="" sr="x" id="2.1">Attached you can find a simple pair of programs (the publisher and the subscriber) that can reproduce the issue within 5 minutes at most on my environment.</st>
            <st ob="" eb="" sr="x" id="2.2">This happens only if at least one of the subscribers runs on a remote machine and it seems to happen quickly with more clients connected.</st>
            <st ob="" eb="" sr="x" id="2.3">The publishing program has a command line arguments that allows to adjust the publishing rate, in my case with 10,000 messages per second and 2 clients the problem happens within a couple of minutes.</st>
        </parg>
        <parg ob="" eb="" sr="" id="3">
            <st ob="x" eb="" sr="" id="3.1">I also found a workaround for this problem: as far as I can understand, my original message is copied as a Java object to the broker (the broker is embedded, so there is no need to serialize it), then it is copied using its copy method to one or more new ActiveMQMessage instances and these are pushed into the consumer queues and then serialized to be sent over tcp.</st>
            <st ob="x" eb="" sr="" id="3.2">I think that under some particular conditions the properties are not serialized into the marshalledProperties field or this happens after the message has been actually sent.</st>
            <st ob="" eb="" sr="" id="3.3">My workaround is to force the marshalling of properties into the marshalledProperties field when the message is copied using the copy method.</st>
            <st ob="" eb="" sr="" id="3.4">This is not very clean, but still acceptable.</st>
            <st ob="" eb="" sr="" id="3.5">The problem is that, in order for this to work, I need to create messages of a subclass of ActiveMqBytesMessage using an explicit constructor_ call rather that session.createBytesMessage() and I need to set the connection into them.</st>
            <st ob="" eb="" sr="x" id="3.6">Here is the code of my redefined class (this is the BytesMessage version, but the same is applicable to other kinds of messages):</st>
        </parg>
        <parg ob="" eb="" sr="" id="4">
            <st ob="" eb="" sr="" id="4.1">{noformat} import java.io.DataOutputStream;</st>
            <st ob="" eb="" sr="" id="4.2">import java.io.IOException;</st>
        </parg>
        <parg ob="" eb="" sr="" id="5">
            <st ob="" eb="" sr="" id="5.1">import javax.jms.Session;</st>
        </parg>
        <parg ob="" eb="" sr="" id="6">
            <st ob="" eb="" sr="" id="6.1">import org.apache.activemq.ActiveMQSession;</st>
            <st ob="" eb="" sr="" id="6.2">import org.apache.activemq.command.ActiveMQBytesMessage;</st>
            <st ob="" eb="" sr="" id="6.3">import org.apache.activemq.command.Message;</st>
            <st ob="" eb="" sr="" id="6.4">import org.apache.activemq.util.ByteArrayOutputStream;</st>
            <st ob="" eb="" sr="" id="6.5">import org.apache.activemq.util.MarshallingSupport;</st>
        </parg>
        <parg ob="" eb="" sr="" id="7">
            <st ob="" eb="" sr="" id="7.1">public class EarlySerializingBytesMessage extends ActiveMQBytesMessage</st>
            <st ob="" eb="" sr="" id="7.2">{ private static final org.apache.log4j.Logger logger = org.apache.log4j.Logger.getLogger(EarlySerializingBytesMessage.class);</st>
            <st ob="" eb="" sr="" id="7.3">public EarlySerializingBytesMessage(Session session)</st>
            <st ob="" eb="" sr="" id="7.4">{</st>
            <st ob="" eb="" sr="" id="7.5">ActiveMQSession activeMqSession = (ActiveMQSession)session;</st>
            <st ob="" eb="" sr="" id="7.6">setConnection(activeMqSession.getConnection());</st>
            <st ob="" eb="" sr="" id="7.7">}</st>
            <st ob="" eb="" sr="" id="7.8">/*</st>
            <st ob="" eb="" sr="" id="7.9">* We redefine &lt;code&gt;copy&lt;/code&gt; to force the marshalling of properties here and avoid a problem we've found with serialized properties</st>
            <st ob="" eb="" sr="" id="7.10">* arriving empty on the client side.</st>
            <st ob="" eb="" sr="" id="7.11">* This is a workaround to make sure the properties are already serialized when ActiveMQ actually sends the message to</st>
            <st ob="" eb="" sr="" id="7.12">* the client.</st>
            <st ob="" eb="" sr="" id="7.13">* This happens very rarely and it is very difficult to spot this error in a "normal" testing session.</st>
            <st ob="" eb="" sr="" id="7.14">* To have reasonable changes to reproduce it, we use a stress test tool that sends 5000 messages a second and at that rate</st>
            <st ob="" eb="" sr="" id="7.15">* the error happens usually within 10 minutes, so we can say that one message every million is typically affected.</st>
            <st ob="" eb="" sr="" id="7.16">* The actual problem is probably due to a bug in the ActiveMQ broker.</st>
            <st ob="" eb="" sr="" id="7.17">Basically, it serializes every message just before</st>
            <st ob="" eb="" sr="" id="7.18">* sending it and it happens that the marshalled properties are missing the resulting message, so we get an error on the client</st>
            <st ob="" eb="" sr="" id="7.19">* as soon as we try to read them.</st>
            <st ob="" eb="" sr="" id="7.20">* Since we use an embedded broker, our original message is never serialized, it is passed into the publishing queue as a Java object,</st>
            <st ob="" eb="" sr="" id="7.21">* then it is copied into a new message of the same base type (ActiveMQBytesMessage, in this case) and pushed into the subscribers'</st>
            <st ob="" eb="" sr="" id="7.22">* queues (a topic is actually implemented as a series of queues, one for each subscriber).</st>
            <st ob="" eb="" sr="" id="7.23">In order to do this, the &lt;code&gt;copy&lt;/code&gt;</st>
            <st ob="" eb="" sr="" id="7.24">* method is invoked, we redefine it to early serialize the properties and make sure that this step is not skipped.</st>
            <st ob="" eb="" sr="" id="7.25">*/</st>
            <st ob="" eb="" sr="" id="7.26">@Override public Message copy()</st>
            <st ob="" eb="" sr="" id="7.27">{ try</st>
            <st ob="" eb="" sr="" id="7.28">{</st>
            <st ob="" eb="" sr="" id="7.29">ByteArrayOutputStream baos = new ByteArrayOutputStream();</st>
            <st ob="" eb="" sr="" id="7.30">DataOutputStream os = new DataOutputStream(baos);</st>
            <st ob="" eb="" sr="" id="7.31">MarshallingSupport.marshalPrimitiveMap(properties, os);</st>
            <st ob="" eb="" sr="" id="7.32">os.close();</st>
            <st ob="" eb="" sr="" id="7.33">marshalledProperties = baos.toByteSequence();</st>
            <st ob="" eb="" sr="" id="7.34">} catch(IOException exc)</st>
            <st ob="" eb="" sr="" id="7.35">{ logger.error("Error marhalling message properties, message was " + this, exc);</st>
            <st ob="" eb="" sr="" id="7.36">} return super.copy();</st>
            <st ob="" eb="" sr="" id="7.37">}</st>
            <st ob="" eb="" sr="" id="7.38">}</st>
            <st ob="" eb="" sr="" id="7.39">{noformat}</st>
        </parg>
        <parg ob="" eb="" sr="" id="8">
            <st ob="x" eb="" sr="" id="8.1">The problem happens both on Java and C# clients, with the following stacktraces:</st>
        </parg>
        <parg ob="" eb="" sr="" id="9">
            <st ob="" eb="" sr="" id="9.1">Java:</st>
            <st ob="" eb="" sr="" id="9.2">{noformat} javax.jms.JMSException: java.io.EOFException</st>
            <st ob="" eb="" sr="" id="9.3">        at org.apache.activemq.util.JMSExceptionSupport.create(JMSExceptionSupport.java:62)</st>
            <st ob="" eb="" sr="" id="9.4">        at org.apache.activemq.filter.PropertyExpression.evaluate(PropertyExpression.java:199)</st>
            <st ob="" eb="" sr="" id="9.5">        at org.apache.activemq.command.ActiveMQMessage.getObjectProperty(ActiveMQMessage.java:509)</st>
            <st ob="" eb="" sr="" id="9.6">        at org.apache.activemq.command.ActiveMQMessage.getStringProperty(ActiveMQMessage.java:604)</st>
            <st ob="" eb="" sr="" id="9.7">        at activemq.emptypropertiestest.Subscriber$1.onMessage(Subscriber.java:65)</st>
            <st ob="" eb="" sr="" id="9.8">        at org.apache.activemq.ActiveMQMessageConsumer.dispatch(ActiveMQMessageConsumer.java:1230)</st>
            <st ob="" eb="" sr="" id="9.9">        at org.apache.activemq.ActiveMQSessionExecutor.dispatch(ActiveMQSessionExecutor.java:134)</st>
            <st ob="" eb="" sr="" id="9.10">        at org.apache.activemq.ActiveMQSessionExecutor.iterate(ActiveMQSessionExecutor.java:205)</st>
            <st ob="" eb="" sr="" id="9.11">        at org.apache.activemq.thread.PooledTaskRunner.runTask(PooledTaskRunner.java:127)</st>
            <st ob="" eb="" sr="" id="9.12">        at org.apache.activemq.thread.PooledTaskRunner$1.run(PooledTaskRunner.java:48)</st>
            <st ob="" eb="" sr="" id="9.13">        at java.util.concurrent.ThreadPoolExecutor$Worker.runTask(ThreadPoolExecutor.java:886)</st>
            <st ob="" eb="" sr="" id="9.14">        at java.util.concurrent.ThreadPoolExecutor$Worker.run(ThreadPoolExecutor.java:908)</st>
            <st ob="" eb="" sr="" id="9.15">        at java.lang.Thread.run(Thread.java:619)</st>
            <st ob="" eb="" sr="" id="9.16">Caused by: java.io.EOFException</st>
            <st ob="" eb="" sr="" id="9.17">        at java.io.DataInputStream.readInt(DataInputStream.java:375)</st>
            <st ob="" eb="" sr="" id="9.18">        at org.apache.activemq.util.MarshallingSupport.unmarshalPrimitiveMap(MarshallingSupport.java:83)</st>
            <st ob="" eb="" sr="" id="9.19">        at org.apache.activemq.util.MarshallingSupport.unmarshalPrimitiveMap(MarshallingSupport.java:73)</st>
            <st ob="" eb="" sr="" id="9.20">        at org.apache.activemq.command.Message.unmarsallProperties(Message.java:202)</st>
            <st ob="" eb="" sr="" id="9.21">        at org.apache.activemq.command.Message.getProperty(Message.java:159)</st>
            <st ob="" eb="" sr="" id="9.22">        at org.apache.activemq.filter.PropertyExpression.evaluate(PropertyExpression.java:197)</st>
            <st ob="" eb="" sr="" id="9.23">        ... 11 more</st>
            <st ob="" eb="" sr="" id="9.24">{noformat}</st>
        </parg>
        <parg ob="" eb="" sr="" id="10">
            <st ob="" eb="" sr="" id="10.1">C#:</st>
        </parg>
        <parg ob="" eb="" sr="" id="11">
            <st ob="" eb="" sr="" id="11.1">{noformat}</st>
            <st ob="" eb="" sr="" id="11.2">System.IO.EndOfStreamException: Unable to read beyond the end of the stream.</st>
            <st ob="" eb="" sr="" id="11.3">at System.IO.MemoryStream.InternalReadInt32()</st>
            <st ob="" eb="" sr="" id="11.4">at System.IO.BinaryReader.ReadInt32()</st>
            <st ob="" eb="" sr="" id="11.5">at Apache.NMS.Util.EndianBinaryReader.ReadInt32()</st>
            <st ob="" eb="" sr="" id="11.6">at Apache.NMS.Util.PrimitiveMap.UnmarshalPrimitiveMap(BinaryReader dataIn)</st>
            <st ob="" eb="" sr="" id="11.7">at Apache.NMS.Util.PrimitiveMap.UnmarshalPrimitiveMap(Byte[] data)</st>
            <st ob="" eb="" sr="" id="11.8">at Apache.NMS.Util.PrimitiveMap.Unmarshal(Byte[] data)</st>
            <st ob="" eb="" sr="" id="11.9">at Apache.NMS.ActiveMQ.Commands.ActiveMQMessage.get_Properties()</st>
            <st ob="" eb="" sr="" id="11.10">...</st>
            <st ob="" eb="" sr="" id="11.11">{noformat}</st>
        </parg>
    </desc>
</bug>
