<?xml version="1.0" encoding="UTF-8" standalone="yes"?>
<bug no-bug="" comments="">
    <id>AMQ-5337</id>
    <title ob="" eb="" sr="">Bug in ConcurrentLinkedQueue leads to excessive CPU-consumption by ActiveMQ process</title>
    <desc>
        <parg ob="" eb="" sr="" id="1">
            <st ob="" eb="" sr="" id="1.1">The AdvisoryBroker use a ConcurrentLinkedQueue to store consumers.</st>
            <st ob="" eb="" sr="" id="1.2">This standard JDK class has a bug which can lead to an OutOfMemory : https://bugs.openjdk.java.net/browse/JDK-8054446</st>
        </parg>
        <parg ob="" eb="" sr="" id="2">
            <st ob="x" eb="" sr="" id="2.1">In our environment we observe that ActiveMQ process cpu usage is continually climbing and that the ConcurrentLinkedQueue in the AdvisoryBroker grows indefinitely.</st>
        </parg>
        <parg ob="" eb="" sr="" id="3">
            <st ob="" eb="" sr="" id="3.1">The ConcurrentLinkedQueue is a non-blocking concurrent FIFO datastructure provided by the core Java Development Kit API starting from Java 5.</st>
            <st ob="" eb="" sr="" id="3.2">AdvisoryBroker use offer() method to add a new consumer in the ConcurrentLinkedQueue, and remove() method to remove it.</st>
            <st ob="x" eb="" sr="" id="3.3">When the consumer removed is the last element of the queue, the Consumer object is nulled but a node remain in the queue.</st>
            <st ob="x" eb="" sr="" id="3.4">The null node is then never garbage collected.</st>
            <st ob="x" eb="" sr="" id="3.5">This is true only for the last element of the queue.</st>
            <st ob="x" eb="" sr="" id="3.6">Any other element is removed safely.</st>
        </parg>
        <parg ob="" eb="" sr="" id="4">
            <st ob="" eb="" sr="" id="4.1">Related bug : https://issues.apache.org/jira/browse/AMQ-4853</st>
        </parg>
    </desc>
</bug>
