<?xml version="1.0" encoding="UTF-8" standalone="yes"?>
<bug no-bug="" comments="">
    <id>AMQ-3602</id>
    <title ob="x" eb="" sr="">javax.jms.JMSException: The resource is allready being used in transaction context. </title>
    <desc>
        <parg ob="" eb="" sr="" id="1">
            <st ob="x" eb="" sr="" id="1.1">My error code:</st>
            <st ob="" eb="" sr="" id="1.2">{quote}javax.ejb.EJBException: nested exception is: javax.jms.JMSException: The resource is allready being used in transaction context.</st>
            <st ob="" eb="" sr="" id="1.3">javax.jms.JMSException: The resource is allready being used in transaction context.</st>
            <st ob="" eb="" sr="" id="1.4">        at org.apache.activemq.ra.ManagedTransactionContext.setUseSharedTxContext(ManagedTransactionContext.java:47)</st>
            <st ob="" eb="" sr="" id="1.5">        at org.apache.activemq.ra.ManagedSessionProxy.setUseSharedTxContext(ManagedSessionProxy.java:67)</st>
            <st ob="" eb="" sr="" id="1.6">        at org.apache.activemq.ra.ManagedConnectionProxy.createSessionProxy(ManagedConnectionProxy.java:122)</st>
            <st ob="" eb="" sr="" id="1.7">        at org.apache.activemq.ra.ManagedConnectionProxy.createSession(ManagedConnectionProxy.java:105)</st>
            <st ob="" eb="" sr="" id="1.8">        at ch.no.prod.mdb.ToProdMDB.publish(ToProdMDB.java:163)</st>
            <st ob="" eb="" sr="" id="1.9">        at ch.no.prod.mdb.ToProdMDB.onMessage(ToProdMDB.java:107)</st>
            <st ob="" eb="" sr="" id="1.10">        at sun.reflect.NativeMethodAccessorImpl.invoke0(Native Method)</st>
            <st ob="" eb="" sr="" id="1.11">        at sun.reflect.NativeMethodAccessorImpl.invoke(NativeMethodAccessorImpl.java:39)</st>
            <st ob="" eb="" sr="" id="1.12">        at sun.reflect.DelegatingMethodAccessorImpl.invoke(DelegatingMethodAccessorImpl.java:25)</st>
            <st ob="" eb="" sr="" id="1.13">        at java.lang.reflect.Method.invoke(Method.java:597)</st>
            <st ob="" eb="" sr="" id="1.14">        at com.sun.enterprise.security.application.EJBSecurityManager.runMethod(EJBSecurityManager.java:1011)</st>
            <st ob="" eb="" sr="" id="1.15">        at com.sun.enterprise.security.SecurityUtil.invoke(SecurityUtil.java:175)</st>
            <st ob="" eb="" sr="" id="1.16">        at com.sun.ejb.containers.BaseContainer.invokeTargetBeanMethod(BaseContainer.java:2929)</st>
            <st ob="" eb="" sr="" id="1.17">        at com.sun.ejb.containers.BaseContainer.intercept(BaseContainer.java:4020)</st>
            <st ob="" eb="" sr="" id="1.18">        at com.sun.ejb.containers.MessageBeanContainer.deliverMessage(MessageBeanContainer.java:1111)</st>
            <st ob="" eb="" sr="" id="1.19">        at com.sun.ejb.containers.MessageBeanListenerImpl.deliverMessage(MessageBeanListenerImpl.java:74)</st>
            <st ob="" eb="" sr="" id="1.20">        at com.sun.enterprise.connectors.inflow.MessageEndpointInvocationHandler.invoke(MessageEndpointInvocationHandler.java:179)</st>
            <st ob="" eb="" sr="" id="1.21">        at $Proxy62.onMessage(Unknown Source)</st>
            <st ob="" eb="" sr="" id="1.22">        at org.apache.activemq.ra.MessageEndpointProxy$MessageEndpointAlive.onMessage(MessageEndpointProxy.java:123)</st>
            <st ob="" eb="" sr="" id="1.23">        at org.apache.activemq.ra.MessageEndpointProxy.onMessage(MessageEndpointProxy.java:64)</st>
            <st ob="" eb="" sr="" id="1.24">        at org.apache.activemq.ActiveMQSession.run(ActiveMQSession.java:833)</st>
            <st ob="" eb="" sr="" id="1.25">        at org.apache.activemq.ra.ServerSessionImpl.run(ServerSessionImpl.java:169)</st>
            <st ob="" eb="" sr="" id="1.26">        at com.sun.enterprise.connectors.work.OneWork.doWork(OneWork.java:77)</st>
            <st ob="" eb="" sr="" id="1.27">        at com.sun.corba.ee.impl.orbutil.threadpool.ThreadPoolImpl$WorkerThread.run(ThreadPoolImpl.java:555)</st>
            <st ob="" eb="" sr="" id="1.28">javax.ejb.EJBException: nested exception is: javax.jms.JMSException: The resource is allready being used in transaction context.</st>
            <st ob="" eb="" sr="" id="1.29">        at ch.no.prod.mdb.ToProdMDB.publish(ToProdMDB.java:279)</st>
            <st ob="" eb="" sr="" id="1.30">        at ch.no.prod.mdb.ToProdMDB.onMessage(ToProdMDB.java:107)</st>
            <st ob="" eb="" sr="" id="1.31">        at sun.reflect.NativeMethodAccessorImpl.invoke0(Native Method)</st>
            <st ob="" eb="" sr="" id="1.32">        at sun.reflect.NativeMethodAccessorImpl.invoke(NativeMethodAccessorImpl.java:39)</st>
            <st ob="" eb="" sr="" id="1.33">        at sun.reflect.DelegatingMethodAccessorImpl.invoke(DelegatingMethodAccessorImpl.java:25)</st>
            <st ob="" eb="" sr="" id="1.34">        at java.lang.reflect.Method.invoke(Method.java:597)</st>
            <st ob="" eb="" sr="" id="1.35">        at com.sun.enterprise.security.application.EJBSecurityManager.runMethod(EJBSecurityManager.java:1011)</st>
            <st ob="" eb="" sr="" id="1.36">        at com.sun.enterprise.security.SecurityUtil.invoke(SecurityUtil.java:175)</st>
            <st ob="" eb="" sr="" id="1.37">        at com.sun.ejb.containers.BaseContainer.invokeTargetBeanMethod(BaseContainer.java:2929)</st>
            <st ob="" eb="" sr="" id="1.38">        at com.sun.ejb.containers.BaseContainer.intercept(BaseContainer.java:4020)</st>
            <st ob="" eb="" sr="" id="1.39">        at com.sun.ejb.containers.MessageBeanContainer.deliverMessage(MessageBeanContainer.java:1111)</st>
            <st ob="" eb="" sr="" id="1.40">        at com.sun.ejb.containers.MessageBeanListenerImpl.deliverMessage(MessageBeanListenerImpl.java:74)</st>
            <st ob="" eb="" sr="" id="1.41">        at com.sun.enterprise.connectors.inflow.MessageEndpointInvocationHandler.invoke(MessageEndpointInvocationHandler.java:179)</st>
            <st ob="" eb="" sr="" id="1.42">        at $Proxy62.onMessage(Unknown Source)</st>
            <st ob="" eb="" sr="" id="1.43">        at org.apache.activemq.ra.MessageEndpointProxy$MessageEndpointAlive.onMessage(MessageEndpointProxy.java:123)</st>
            <st ob="" eb="" sr="" id="1.44">        at org.apache.activemq.ra.MessageEndpointProxy.onMessage(MessageEndpointProxy.java:64)</st>
            <st ob="" eb="" sr="" id="1.45">        at org.apache.activemq.ActiveMQSession.run(ActiveMQSession.java:833)</st>
            <st ob="" eb="" sr="" id="1.46">        at org.apache.activemq.ra.ServerSessionImpl.run(ServerSessionImpl.java:169)</st>
            <st ob="" eb="" sr="" id="1.47">        at com.sun.enterprise.connectors.work.OneWork.doWork(OneWork.java:77)</st>
            <st ob="" eb="" sr="" id="1.48">        at com.sun.corba.ee.impl.orbutil.threadpool.ThreadPoolImpl$WorkerThread.run(ThreadPoolImpl.java:555){quote}</st>
            <st ob="" eb="" sr="" id="1.49">And more informations found on web : http://osdir.com/ml/general/2011-11/msg29999.html and http://activemq.2283324.n4.nabble.com/Suspect-a-race-condition-in-TransactionContext-td3780046.html</st>
        </parg>
    </desc>
</bug>
