<?xml version="1.0" encoding="UTF-8" standalone="yes"?>
<bug no-bug="" comments="">
    <id>AMQ-5786</id>
    <title ob="x" eb="" sr="">ActiveMQ failed to start with KahaDB reporting corrupt journal records and throwing NegativeArraySizeException</title>
    <desc>
        <parg ob="" eb="" sr="" id="1">
            <st ob="x" eb="" sr="" id="1.1">ActiveMQ failed to start up, with the following information:</st>
        </parg>
        <parg ob="" eb="" sr="" id="2">
            <st ob="" eb="" sr="" id="2.1">{noformat}</st>
            <st ob="" eb="" sr="" id="2.2">2015-05-20 14:23:21,709 | INFO  | apache.activemq.server]) | Journal                          | tore.kahadb.disk.journal.Journal  219 | 105 - org.apache.activemq.activemq-osgi - 5.11.1 | Corrupt journal records found in 'activemq/kahadb/db-1.log' between offsets: 5504795.</st>
            <st ob="" eb="" sr="" id="2.3">.5505130</st>
            <st ob="" eb="" sr="" id="2.4">2015-05-20 14:23:21,725 | INFO  | apache.activemq.server]) | Journal                          | tore.kahadb.disk.journal.Journal  219 | 105 - org.apache.activemq.activemq-osgi - 5.11.1 | Corrupt journal records found in 'activemq/kahadb/db-1.log' between offsets: 5611475.</st>
            <st ob="" eb="" sr="" id="2.5">.5612818</st>
            <st ob="" eb="" sr="" id="2.6">2015-05-20 14:23:21,749 | INFO  | apache.activemq.server]) | Journal                          | tore.kahadb.disk.journal.Journal  219 | 105 - org.apache.activemq.activemq-osgi - 5.11.1 | Corrupt journal records found in 'activemq/kahadb/db-1.log' between offsets: 6139835.</st>
            <st ob="" eb="" sr="" id="2.7">.6140254</st>
            <st ob="" eb="" sr="" id="2.8">2015-05-20 14:23:21,756 | INFO  | apache.activemq.server]) | Journal                          | tore.kahadb.disk.journal.Journal  219 | 105 - org.apache.activemq.activemq-osgi - 5.11.1 | Corrupt journal records found in 'activemq/kahadb/db-1.log' between offsets: 6246179.</st>
            <st ob="" eb="" sr="" id="2.9">.6247270</st>
            <st ob="" eb="" sr="" id="2.10">2015-05-20 14:23:21,765 | INFO  | apache.activemq.server]) | Journal                          | tore.kahadb.disk.journal.Journal  219 | 105 - org.apache.activemq.activemq-osgi - 5.11.1 | Corrupt journal records found in 'activemq/kahadb/db-1.log' between offsets: 6512519.</st>
            <st ob="" eb="" sr="" id="2.11">.6520426</st>
            <st ob="" eb="" sr="" id="2.12">2015-05-20 14:23:21,789 | INFO  | apache.activemq.server]) | Journal                          | tore.kahadb.disk.journal.Journal  219 | 105 - org.apache.activemq.activemq-osgi - 5.11.1 | Corrupt journal records found in 'activemq/kahadb/db-1.log' between offsets: 7606018.</st>
            <st ob="" eb="" sr="" id="2.13">.7627848</st>
            <st ob="" eb="" sr="" id="2.14">2015-05-20 14:23:21,794 | INFO  | apache.activemq.server]) | Journal                          | tore.kahadb.disk.journal.Journal  219 | 105 - org.apache.activemq.activemq-osgi - 5.11.1 | Corrupt journal records found in 'activemq/kahadb/db-1.log' between offsets: 7630473.</st>
            <st ob="" eb="" sr="" id="2.15">.7650409</st>
            <st ob="" eb="" sr="" id="2.16">2015-05-20 14:23:21,796 | INFO  | apache.activemq.server]) | Journal                          | tore.kahadb.disk.journal.Journal  219 | 105 - org.apache.activemq.activemq-osgi - 5.11.1 | Corrupt journal records found in 'activemq/kahadb/db-1.log' between offsets: 7650488.</st>
            <st ob="" eb="" sr="" id="2.17">.7703243</st>
            <st ob="" eb="" sr="" id="2.18">2015-05-20 14:23:22,065 | INFO  | apache.activemq.server]) | MessageDatabase                  | .</st>
            <st ob="" eb="" sr="" id="2.19">kahadb.MessageDatabase$Metadata  168 | 105 - org.apache.activemq.activemq-osgi - 5.11.1 | KahaDB is version 5</st>
            <st ob="" eb="" sr="" id="2.20">2015-05-20 14:23:22,188 | INFO  | apache.activemq.server]) | MessageDatabase                  | emq.store.kahadb.MessageDatabase  603 | 105 - org.apache.activemq.activemq-osgi - 5.11.1 | Recovering from the journal ...</st>
            <st ob="" eb="" sr="" id="2.21">2015-05-20 14:23:22,188 | ERROR | apache.activemq.server]) | BrokerService                    | he.activemq.broker.BrokerService  609 | 105 - org.apache.activemq.activemq-osgi - 5.11.1 | Failed to start Apache ActiveMQ ([broker-amq, null], java.io.IOException: Invalid location: 1:6516763, : java.lang.NegativeArraySizeException)</st>
            <st ob="" eb="" sr="" id="2.22">2015-05-20 14:23:22,189 | INFO  | apache.activemq.server]) | BrokerService                    | he.activemq.broker.BrokerService  758 | 105 - org.apache.activemq.activemq-osgi - 5.11.1 | Apache ActiveMQ 5.11.1 (broker-amq, null) is shutting down</st>
            <st ob="" eb="" sr="" id="2.23">2015-05-20 14:23:22,194 | INFO  | apache.activemq.server]) | TransportConnector               | tivemq.broker.TransportConnector  291 | 105 - org.apache.activemq.activemq-osgi - 5.11.1 | Connector openwire stopped</st>
            <st ob="" eb="" sr="" id="2.24">2015-05-20 14:23:22,372 | INFO  | apache.activemq.server]) | JobSchedulerStoreImpl            | .</st>
            <st ob="" eb="" sr="" id="2.25">scheduler.JobSchedulerStoreImpl  259 | 105 - org.apache.activemq.activemq-osgi - 5.11.1 | JobSchedulerStore: activemq/broker-amq/scheduler stopped.</st>
            <st ob="" eb="" sr="" id="2.26">2015-05-20 14:23:22,372 | INFO  | apache.activemq.server]) | PListStoreImpl                   | tore.kahadb.plist.PListStoreImpl  356 | 105 - org.apache.activemq.activemq-osgi - 5.11.1 | PListStore:[/integrator/int1/proc/broker-amq/karaf-std-0.2-440/activemq/broker-amq/tmp_storage] stopped</st>
            <st ob="" eb="" sr="" id="2.27">2015-05-20 14:23:22,372 | INFO  | apache.activemq.server]) | KahaDBStore                      | ctivemq.store.kahadb.KahaDBStore  245 | 105 - org.apache.activemq.activemq-osgi - 5.11.1 | Stopping async queue tasks</st>
            <st ob="" eb="" sr="" id="2.28">2015-05-20 14:23:22,372 | INFO  | apache.activemq.server]) | KahaDBStore                      | ctivemq.store.kahadb.KahaDBStore  259 | 105 - org.apache.activemq.activemq-osgi - 5.11.1 | Stopping async topic tasks</st>
            <st ob="" eb="" sr="" id="2.29">2015-05-20 14:23:22,373 | INFO  | apache.activemq.server]) | KahaDBStore                      | ctivemq.store.kahadb.KahaDBStore  287 | 105 - org.apache.activemq.activemq-osgi - 5.11.1 | Stopped KahaDB</st>
            <st ob="" eb="" sr="" id="2.30">2015-05-20 14:23:22,664 | INFO  | apache.activemq.server]) | BrokerService                    | he.activemq.broker.BrokerService  819 | 105 - org.apache.activemq.activemq-osgi - 5.11.1 | Apache ActiveMQ 5.11.1 (broker-amq, null) uptime 1.245 seconds</st>
            <st ob="" eb="" sr="" id="2.31">2015-05-20 14:23:22,664 | INFO  | apache.activemq.server]) | BrokerService                    | he.activemq.broker.BrokerService  821 | 105 - org.apache.activemq.activemq-osgi - 5.11.1 | Apache ActiveMQ 5.11.1 (broker-amq, null) is shutdown</st>
            <st ob="" eb="" sr="" id="2.32">2015-05-20 14:23:22,676 | ERROR | apache.activemq.server]) | configadmin                      | ?</st>
            <st ob="" eb="" sr="" id="2.33">?</st>
            <st ob="" eb="" sr="" id="2.34">| 6 - org.apache.felix.configadmin - 1.8.0 | [org.osgi.service.cm.ManagedServiceFactory, id=673, bundle=105/mvn:org.apache.activemq/activemq-osgi/5.11.1]: Updating configuration org.apache.activemq.server.02ee5a2d-fb5b-48ce-b4e1-93ed72adba19 caused a problem: Cannot start the broker org.osgi.service.cm.ConfigurationException: null : Cannot start the broker</st>
            <st ob="" eb="" sr="" id="2.35">        at org.apache.activemq.osgi.ActiveMQServiceFactory.updated(ActiveMQServiceFactory.java:120)[105:org.apache.activemq.activemq-osgi:5.11.1]</st>
            <st ob="" eb="" sr="" id="2.36">        at Proxyfc1340e4_63f4_474d_995e_cdb9ac0c71b9.updated(Unknown Source)[:]</st>
            <st ob="" eb="" sr="" id="2.37">        at org.apache.felix.cm.impl.helper.ManagedServiceFactoryTracker.provideConfiguration(ManagedServiceFactoryTracker.java:88)[6:org.apache.felix.configadmin:1.8.0]</st>
            <st ob="" eb="" sr="" id="2.38">        at org.apache.felix.cm.impl.ConfigurationManager$ManagedServiceFactoryUpdate.provide(ConfigurationManager.java:1605)[6:org.apache.felix.configadmin:1.8.0]</st>
            <st ob="" eb="" sr="" id="2.39">        at org.apache.felix.cm.impl.ConfigurationManager$ManagedServiceFactoryUpdate.run(ConfigurationManager.java:1548)[6:org.apache.felix.configadmin:1.8.0]</st>
            <st ob="" eb="" sr="" id="2.40">        at org.apache.felix.cm.impl.UpdateThread.run(UpdateThread.java:103)[6:org.apache.felix.configadmin:1.8.0]</st>
            <st ob="" eb="" sr="" id="2.41">        at java.lang.Thread.run(Thread.java:745)[:1.8.0_45]</st>
            <st ob="" eb="" sr="" id="2.42">Caused by: java.io.IOException: Invalid location: 1:6516763, : java.lang.NegativeArraySizeException</st>
            <st ob="" eb="" sr="" id="2.43">        at org.apache.activemq.store.kahadb.disk.journal.DataFileAccessor.readRecord(DataFileAccessor.java:92)[105:org.apache.activemq.activemq-osgi:5.11.1]</st>
            <st ob="" eb="" sr="" id="2.44">        at org.apache.activemq.store.kahadb.disk.journal.Journal.read(Journal.java:619)[105:org.apache.activemq.activemq-osgi:5.11.1]</st>
            <st ob="" eb="" sr="" id="2.45">        at org.apache.activemq.store.kahadb.MessageDatabase.load(MessageDatabase.java:1013)[105:org.apache.activemq.activemq-osgi:5.11.1]</st>
            <st ob="" eb="" sr="" id="2.46">        at org.apache.activemq.store.kahadb.MessageDatabase.recover(MessageDatabase.java:605)[105:org.apache.activemq.activemq-osgi:5.11.1]</st>
            <st ob="" eb="" sr="" id="2.47">        at org.apache.activemq.store.kahadb.MessageDatabase.open(MessageDatabase.java:399)[105:org.apache.activemq.activemq-osgi:5.11.1]</st>
            <st ob="" eb="" sr="" id="2.48">        at org.apache.activemq.store.kahadb.MessageDatabase.load(MessageDatabase.java:417)[105:org.apache.activemq.activemq-osgi:5.11.1]</st>
            <st ob="" eb="" sr="" id="2.49">        at org.apache.activemq.store.kahadb.MessageDatabase.doStart(MessageDatabase.java:261)[105:org.apache.activemq.activemq-osgi:5.11.1]</st>
            <st ob="" eb="" sr="" id="2.50">        at org.apache.activemq.store.kahadb.KahaDBStore.doStart(KahaDBStore.java:206)[105:org.apache.activemq.activemq-osgi:5.11.1]</st>
            <st ob="" eb="" sr="" id="2.51">        at org.apache.activemq.util.ServiceSupport.start(ServiceSupport.java:55)[105:org.apache.activemq.activemq-osgi:5.11.1]</st>
            <st ob="" eb="" sr="" id="2.52">        at org.apache.activemq.store.kahadb.KahaDBPersistenceAdapter.doStart(KahaDBPersistenceAdapter.java:223)[105:org.apache.activemq.activemq-osgi:5.11.1]</st>
            <st ob="" eb="" sr="" id="2.53">        at org.apache.activemq.util.ServiceSupport.start(ServiceSupport.java:55)[105:org.apache.activemq.activemq-osgi:5.11.1]</st>
            <st ob="" eb="" sr="" id="2.54">        at org.apache.activemq.broker.BrokerService.doStartPersistenceAdapter(BrokerService.java:651)[105:org.apache.activemq.activemq-osgi:5.11.1]</st>
            <st ob="" eb="" sr="" id="2.55">        at org.apache.activemq.broker.BrokerService.startPersistenceAdapter(BrokerService.java:640)[105:org.apache.activemq.activemq-osgi:5.11.1]</st>
            <st ob="" eb="" sr="" id="2.56">        at org.apache.activemq.broker.BrokerService.start(BrokerService.java:605)[105:org.apache.activemq.activemq-osgi:5.11.1]</st>
            <st ob="" eb="" sr="" id="2.57">        at org.apache.activemq.osgi.ActiveMQServiceFactory.updated(ActiveMQServiceFactory.java:116)[105:org.apache.activemq.activemq-osgi:5.11.1]</st>
            <st ob="" eb="" sr="" id="2.58">        ... 6 more</st>
            <st ob="" eb="" sr="" id="2.59">Caused by: java.lang.NegativeArraySizeException</st>
            <st ob="" eb="" sr="" id="2.60">        at org.apache.activemq.store.kahadb.disk.journal.DataFileAccessor.readRecord(DataFileAccessor.java:87)[105:org.apache.activemq.activemq-osgi:5.11.1]</st>
            <st ob="" eb="" sr="" id="2.61">        ... 20 more</st>
            <st ob="" eb="" sr="" id="2.62">{noformat}</st>
        </parg>
        <parg ob="" eb="" sr="" id="3">
            <st ob="" eb="" sr="x" id="3.1">&lt;kahaDB&gt; is configured with checkForCorruptJournalFiles="true".</st>
        </parg>
    </desc>
</bug>
