<?xml version="1.0" encoding="UTF-8" standalone="yes"?>
<bug no-bug="" comments="">
    <id>AMQ-3552</id>
    <title ob="x" eb="" sr="">activemq:list doesn't use the correct Karaf JMX URL by default</title>
    <desc>
        <parg ob="" eb="" sr="" id="1">
            <st ob="" eb="" sr="" id="1.1">After a fresh ActiveMQ installation on Karaf, the activemq:list command doesn't use the correct JMX URL by default:</st>
        </parg>
        <parg ob="" eb="" sr="" id="2">
            <st ob="" eb="" sr="x" id="2.1">Connecting to JMX URL: service:jmx:rmi:///jndi/rmi://localhost:1099/jmxrmi</st>
            <st ob="" eb="" sr="" id="2.2">ERROR: java.lang.RuntimeException: Failed to execute list task.</st>
            <st ob="" eb="" sr="" id="2.3">Reason: java.io.IOException: Failed to retrieve RMIServer stub: javax.naming.NameNotFoundException: jmxrmi java.lang.RuntimeException: Failed to execute list task.</st>
            <st ob="" eb="" sr="" id="2.4">Reason: java.io.IOException: Failed to retrieve RMIServer stub: javax.naming.NameNotFoundException: jmxrmi</st>
            <st ob="" eb="" sr="" id="2.5">        at org.apache.activemq.console.command.ListCommand.runTask(ListCommand.java:53)</st>
            <st ob="" eb="" sr="" id="2.6">        at org.apache.activemq.console.command.AbstractCommand.execute(AbstractCommand.java:57)</st>
            <st ob="" eb="" sr="" id="2.7">        at org.apache.activemq.console.command.AbstractJmxCommand.execute(AbstractJmxCommand.java:316)</st>
            <st ob="" eb="" sr="" id="2.8">        at org.apache.activemq.karaf.commands.ActiveMQCommandSupport.doExecute(ActiveMQCommandSupport.java:46)</st>
            <st ob="" eb="" sr="" id="2.9">        at org.apache.karaf.shell.console.OsgiCommandSupport.execute(OsgiCommandSupport.java:38)</st>
            <st ob="" eb="" sr="" id="2.10">        at org.apache.felix.gogo.commands.basic.AbstractCommand.execute(AbstractCommand.java:35)</st>
            <st ob="" eb="" sr="" id="2.11">        at org.apache.felix.gogo.runtime.CommandProxy.execute(CommandProxy.java:78)</st>
            <st ob="" eb="" sr="" id="2.12">        at org.apache.felix.gogo.runtime.Closure.executeCmd(Closure.java:474)</st>
            <st ob="" eb="" sr="" id="2.13">        at org.apache.felix.gogo.runtime.Closure.executeStatement(Closure.java:400)</st>
            <st ob="" eb="" sr="" id="2.14">        at org.apache.felix.gogo.runtime.Pipe.run(Pipe.java:108)</st>
            <st ob="" eb="" sr="" id="2.15">        at org.apache.felix.gogo.runtime.Closure.execute(Closure.java:183)</st>
            <st ob="" eb="" sr="" id="2.16">        at org.apache.felix.gogo.runtime.Closure.execute(Closure.java:120)</st>
            <st ob="" eb="" sr="" id="2.17">        at org.apache.felix.gogo.runtime.CommandSessionImpl.execute(CommandSessionImpl.java:89)</st>
            <st ob="" eb="" sr="" id="2.18">        at org.apache.karaf.shell.console.jline.Console.run(Console.java:218)</st>
            <st ob="" eb="" sr="" id="2.19">        at java.lang.Thread.run(Thread.java:662)</st>
        </parg>
        <parg ob="" eb="" sr="" id="3">
            <st ob="" eb="x" sr="" id="3.1">Whereas it should use service:jmx:rmi:///jndi/rmi://localhost:1099/karaf-root</st>
        </parg>
        <parg ob="" eb="" sr="" id="4">
            <st ob="" eb="x" sr="" id="4.1">More over, ActiveMQ should use the Karaf serviceURL property.</st>
        </parg>
        <parg ob="" eb="" sr="" id="5">
            <st ob="" eb="" sr="" id="5.1">I'm gonna submit a patch.</st>
        </parg>
    </desc>
</bug>
