<?xml version="1.0" encoding="UTF-8" standalone="yes"?>
<bug no-bug="" comments="">
    <id>AMQ-4393</id>
    <title ob="x" eb="" sr="">Web console do not show connections info</title>
    <desc>
        <parg ob="" eb="" sr="" id="1">
            <st ob="x" eb="" sr="" id="1.1">The url:http://localhost:8161/admin/connections.jsp</st>
            <st ob="x" eb="" sr="" id="1.2">ActiveMQ5.5.0, this page will show then connections info.</st>
            <st ob="x" eb="" sr="" id="1.3">ActiveMQ5.8.0, this page will show nothing.</st>
        </parg>
        <parg ob="" eb="" sr="" id="2">
            <st ob="" eb="" sr="" id="2.1">Because the objectname of MBean have changed.</st>
            <st ob="" eb="" sr="" id="2.2">5.5.0:</st>
            <st ob="" eb="" sr="" id="2.3">org.apache.activemq:BrokerName=localhost,Type=Connector,ConnectorName=openwire</st>
            <st ob="" eb="" sr="" id="2.4">5.5.8:</st>
            <st ob="" eb="" sr="" id="2.5">org.apache.activemq:type=Broker,brokerName=localhost,connector=clientConnectors,connectorName=openwire</st>
        </parg>
        <parg ob="" eb="" sr="" id="3">
            <st ob="" eb="" sr="" id="3.1">So, to fix this, org.apache.activemq.web.BrokerFacadeSupport:</st>
        </parg>
        <parg ob="" eb="" sr="" id="4">
            <st ob="" eb="" sr="" id="4.1">{code}</st>
        </parg>
        <parg ob="" eb="" sr="" id="5">
            <st ob="" eb="" sr="" id="5.1">public Collection&lt;String&gt; getConnections(String connectorName) throws Exception {</st>
            <st ob="" eb="" sr="" id="5.2">String brokerName = getBrokerName();</st>
            <st ob="" eb="" sr="" id="5.3">//        ObjectName query = new ObjectName("org.apache.activemq:type=Broker,brokerName=" + brokerName</st>
            <st ob="" eb="" sr="" id="5.4">//                + ",connector=clientConnectors,connectorName=" + connectorName + ",connectionName=*");</st>
        </parg>
        <parg ob="" eb="" sr="" id="6">
            <st ob="" eb="" sr="" id="6.1">ObjectName query = new ObjectName("org.apache.activemq:type=Broker,brokerName=" + brokerName</st>
            <st ob="" eb="" sr="" id="6.2">+ ",connector=clientConnectors,connectorName=" + connectorName + ",connectionViewType=clientId" + ",connectionName=*");</st>
            <st ob="" eb="" sr="" id="6.3">...</st>
            <st ob="" eb="" sr="" id="6.4">}</st>
        </parg>
        <parg ob="" eb="" sr="" id="7">
            <st ob="" eb="" sr="" id="7.1">{code}</st>
        </parg>
    </desc>
</bug>
