<?xml version="1.0" encoding="UTF-8" standalone="yes"?>
<bug no-bug="" comments="">
    <id>AMQ-2956</id>
    <title ob="x" eb="" sr="">ActiveMQ broker fails to start due to java.lang.NullPointerException</title>
    <desc>
        <parg ob="" eb="" sr="" id="1">
            <st ob="x" eb="" sr="" id="1.1">Broker fails to restart due to a java.lang.NullPointerException.</st>
            <st ob="" eb="" sr="" id="1.2">It looks like it has to do with the JDBC persistance adapter.</st>
            <st ob="" eb="" sr="x" id="1.3">I'm using:</st>
        </parg>
        <parg ob="" eb="" sr="" id="2">
            <st ob="" eb="" sr="" id="2.1">&lt;journaledJDBC journalLogFiles="5" dataDirectory="${activemq.base}/activemq-data" dataSource="#mysql-ds"/&gt;</st>
            <st ob="" eb="" sr="" id="2.2">&lt;bean id="mysql-ds" class="org.apache.commons.dbcp.BasicDataSource" destroy-method="close"&gt;</st>
            <st ob="" eb="" sr="" id="2.3">&lt;property name="driverClassName" value="com.mysql.jdbc.Driver"/&gt;</st>
            <st ob="" eb="" sr="" id="2.4">&lt;property name="url" value="jdbc:mysql://myhostname.com/activemq?relaxAutoCommit=true"/&gt;</st>
            <st ob="" eb="" sr="" id="2.5">&lt;property name="username" value="myusername"/&gt;</st>
            <st ob="" eb="" sr="" id="2.6">&lt;property name="password" value="mypassword"/&gt;</st>
            <st ob="" eb="" sr="" id="2.7">&lt;property name="poolPreparedStatements" value="true"/&gt;</st>
        </parg>
        <parg ob="" eb="" sr="" id="3">
            <st ob="" eb="" sr="" id="3.1">I can solve this by emptying the table ACTIVEMQ_ACKS.</st>
            <st ob="x" eb="" sr="" id="3.2">It looks like there are some acks that exist for messages that aren't in the database.</st>
        </parg>
        <parg ob="" eb="" sr="" id="4">
            <st ob="x" eb="" sr="" id="4.1">Details below:</st>
        </parg>
        <parg ob="" eb="" sr="" id="5">
            <st ob="" eb="" sr="" id="5.1">Running ActiveMQ Broker...</st>
            <st ob="" eb="" sr="" id="5.2">wrapper  | --&gt; Wrapper Started as Console wrapper  | Launching a JVM...</st>
            <st ob="" eb="" sr="" id="5.3">jvm 1    | Wrapper (Version 3.2.3) http://wrapper.tanukisoftware.org jvm 1    |   Copyright 1999-2006 Tanuki Software, Inc.</st>
            <st ob="" eb="" sr="" id="5.4">All Rights Reserved.</st>
            <st ob="" eb="" sr="" id="5.5">jvm 1    | jvm 1    | jvm 1    | WARNING - Unable to load the Wrapper's native library because none of the jvm 1    |           following files:</st>
            <st ob="" eb="" sr="" id="5.6">jvm 1    |             libwrapper-linux-x86-64.</st>
            <st ob="" eb="" sr="" id="5.7">so jvm 1    |             libwrapper.so jvm 1    |           could be located on the following java.library.path:</st>
            <st ob="" eb="" sr="" id="5.8">jvm 1    |             /var/lib/activemq/bin/linux-x86-64/.</st>
            <st ob="" eb="" sr="" id="5.9">.</st>
            <st ob="" eb="" sr="" id="5.10">/.</st>
            <st ob="" eb="" sr="" id="5.11">.</st>
            <st ob="" eb="" sr="" id="5.12">/bin/linux jvm 1    |           Please see the documentation for the wrapper.java.library.path jvm 1    |           configuration property.</st>
            <st ob="" eb="" sr="" id="5.13">jvm 1    |           System signals will not be handled correctly.</st>
            <st ob="" eb="" sr="" id="5.14">jvm 1    | jvm 1    | Java Runtime: Sun Microsystems Inc. 1.6.0_21 /usr/java/jdk1.6.0_21/jre jvm 1    |   Heap sizes: current=117888k  free=111741k  max=466048k jvm 1    |     JVM args: -Dactivemq.home=.</st>
            <st ob="" eb="" sr="" id="5.15">.</st>
            <st ob="" eb="" sr="" id="5.16">/.</st>
            <st ob="" eb="" sr="" id="5.17">.</st>
            <st ob="" eb="" sr="" id="5.18">-Dactivemq.base=.</st>
            <st ob="" eb="" sr="" id="5.19">.</st>
            <st ob="" eb="" sr="" id="5.20">/.</st>
            <st ob="" eb="" sr="" id="5.21">.</st>
            <st ob="" eb="" sr="" id="5.22">-Djavax.net.ssl.keyStorePassword=password -Djavax.net.ssl.trustStorePassword=password -Djavax.net.ssl.keyStore=.</st>
            <st ob="" eb="" sr="" id="5.23">.</st>
            <st ob="" eb="" sr="" id="5.24">/.</st>
            <st ob="" eb="" sr="" id="5.25">.</st>
            <st ob="" eb="" sr="" id="5.26">/conf/broker.</st>
            <st ob="" eb="" sr="" id="5.27">ks -Djavax.net.ssl.trustStore=.</st>
            <st ob="" eb="" sr="" id="5.28">.</st>
            <st ob="" eb="" sr="" id="5.29">/.</st>
            <st ob="" eb="" sr="" id="5.30">.</st>
            <st ob="" eb="" sr="" id="5.31">/conf/broker.</st>
            <st ob="" eb="" sr="" id="5.32">ts -Dcom.sun.management.jmxremote -Dorg.apache.activemq.UseDedicatedTaskRunner=true -Djava.util.logging.config.file=logging.properties -Dcom.sun.management.jmxremote.port=1616 -Dcom.sun.management.jmxremote.authenticate=false -Dcom.sun.management.jmxremote.ssl=false -Xmx512m -Djava.library.path=.</st>
            <st ob="" eb="" sr="" id="5.33">.</st>
            <st ob="" eb="" sr="" id="5.34">/.</st>
            <st ob="" eb="" sr="" id="5.35">.</st>
            <st ob="" eb="" sr="" id="5.36">/bin/linux/ -Dwrapper.key=dafM8UrD_1bFGoNX -Dwrapper.port=32000 -Dwrapper.jvm.port.min=31000 -Dwrapper.jvm.port.max=31999 -Dwrapper.pid=24752 -Dwrapper.version=3.2.3 -Dwrapper.native_library=wrapper -Dwrapper.cpu.timeout=10 -Dwrapper.jvmid=1 jvm 1    | ACTIVEMQ_HOME: .</st>
            <st ob="" eb="" sr="" id="5.37">.</st>
            <st ob="" eb="" sr="" id="5.38">/.</st>
            <st ob="" eb="" sr="" id="5.39">.</st>
            <st ob="" eb="" sr="" id="5.40">jvm 1    | ACTIVEMQ_BASE: .</st>
            <st ob="" eb="" sr="" id="5.41">.</st>
            <st ob="" eb="" sr="" id="5.42">/.</st>
            <st ob="" eb="" sr="" id="5.43">.</st>
            <st ob="" eb="" sr="" id="5.44">jvm 1    | Loading message broker from: xbean:activemq.xml jvm 1    |  INFO | Using Persistence Adapter: JournalPersistenceAdapator(JDBCPersistenceAdapter(org.apache.commons.dbcp.BasicDataSource@4762d950))</st>
            <st ob="" eb="" sr="" id="5.45">jvm 1    |  INFO | JMX consoles can connect to service:jmx:rmi:///jndi/rmi://localhost:1099/jmxrmi jvm 1    |  INFO | Database adapter driver override recognized for : [mysql-ab_jdbc_driver] - adapter: class org.apache.activemq.store.jdbc.adapter.MySqlJDBCAdapter jvm 1    |  INFO | Database lock driver override not found for : [mysql-ab_jdbc_driver].</st>
            <st ob="" eb="" sr="" id="5.46">Will use default implementation.</st>
            <st ob="" eb="" sr="" id="5.47">jvm 1    |  INFO | Attempting to acquire the exclusive lock to become the Master broker jvm 1    |  INFO | Becoming the master on dataSource: org.apache.commons.dbcp.BasicDataSource@4762d950 jvm 1    |  INFO | ActiveMQ 5.3.2 JMS Message Broker (apollo) is starting jvm 1    |  INFO | For help or more information please see: http://activemq.apache.org/ jvm 1    | ERROR | Failed to start ActiveMQ JMS Message Broker.</st>
            <st ob="" eb="" sr="" id="5.48">Reason: java.lang.NullPointerException jvm 1    | java.lang.NullPointerException</st>
            <st ob="" eb="" sr="" id="5.49">jvm 1    | 	at org.apache.activemq.util.ByteSequence.&lt;init&gt;(ByteSequence.java:29)</st>
            <st ob="" eb="" sr="" id="5.50">jvm 1    | 	at org.apache.activemq.store.jdbc.JDBCPersistenceAdapter.getLastMessageBrokerSequenceId(JDBCPersistenceAdapter.java:232)</st>
            <st ob="" eb="" sr="" id="5.51">jvm 1    | 	at org.apache.activemq.store.journal.JournalPersistenceAdapter.getLastMessageBrokerSequenceId(JournalPersistenceAdapter.java:222)</st>
            <st ob="" eb="" sr="" id="5.52">jvm 1    | 	at org.apache.activemq.broker.region.DestinationFactoryImpl.getLastMessageBrokerSequenceId(DestinationFactoryImpl.java:140)</st>
            <st ob="" eb="" sr="" id="5.53">jvm 1    | 	at org.apache.activemq.broker.region.RegionBroker.&lt;init&gt;(RegionBroker.java:106)</st>
            <st ob="" eb="" sr="" id="5.54">jvm 1    | 	at org.apache.activemq.broker.jmx.ManagedRegionBroker.&lt;init&gt;(ManagedRegionBroker.java:94)</st>
            <st ob="" eb="" sr="" id="5.55">jvm 1    | 	at org.apache.activemq.broker.BrokerService.createRegionBroker(BrokerService.java:1734)</st>
            <st ob="" eb="" sr="" id="5.56">jvm 1    | 	at org.apache.activemq.broker.BrokerService.createRegionBroker(BrokerService.java:1728)</st>
            <st ob="" eb="" sr="" id="5.57">jvm 1    | 	at org.apache.activemq.broker.BrokerService.createBroker(BrokerService.java:1688)</st>
            <st ob="" eb="" sr="" id="5.58">jvm 1    | 	at org.apache.activemq.broker.BrokerService.getBroker(BrokerService.java:706)</st>
            <st ob="" eb="" sr="" id="5.59">jvm 1    | 	at org.apache.activemq.store.jdbc.JDBCPersistenceAdapter.start(JDBCPersistenceAdapter.java:276)</st>
            <st ob="" eb="" sr="" id="5.60">jvm 1    | 	at org.apache.activemq.store.journal.JournalPersistenceAdapter.start(JournalPersistenceAdapter.java:265)</st>
            <st ob="" eb="" sr="" id="5.61">jvm 1    | 	at org.apache.activemq.broker.BrokerService.start(BrokerService.java:466)</st>
            <st ob="" eb="" sr="" id="5.62">jvm 1    | 	at org.apache.activemq.xbean.XBeanBrokerService.afterPropertiesSet(XBeanBrokerService.java:85)</st>
            <st ob="" eb="" sr="" id="5.63">jvm 1    | 	at sun.reflect.NativeMethodAccessorImpl.invoke0(Native Method)</st>
            <st ob="" eb="" sr="" id="5.64">jvm 1    | 	at sun.reflect.NativeMethodAccessorImpl.invoke(NativeMethodAccessorImpl.java:39)</st>
            <st ob="" eb="" sr="" id="5.65">jvm 1    | 	at sun.reflect.DelegatingMethodAccessorImpl.invoke(DelegatingMethodAccessorImpl.java:25)</st>
            <st ob="" eb="" sr="" id="5.66">jvm 1    | 	at java.lang.reflect.Method.invoke(Method.java:597)</st>
            <st ob="" eb="" sr="" id="5.67">jvm 1    | 	at org.springframework.beans.factory.support.AbstractAutowireCapableBeanFactory.invokeCustomInitMethod(AbstractAutowireCapableBeanFactory.java:1414)</st>
            <st ob="" eb="" sr="" id="5.68">jvm 1    | 	at org.springframework.beans.factory.support.AbstractAutowireCapableBeanFactory.invokeInitMethods(AbstractAutowireCapableBeanFactory.java:1375)</st>
            <st ob="" eb="" sr="" id="5.69">jvm 1    | 	at org.springframework.beans.factory.support.AbstractAutowireCapableBeanFactory.initializeBean(AbstractAutowireCapableBeanFactory.java:1335)</st>
            <st ob="" eb="" sr="" id="5.70">jvm 1    | 	at org.springframework.beans.factory.support.AbstractAutowireCapableBeanFactory.doCreateBean(AbstractAutowireCapableBeanFactory.java:473)</st>
            <st ob="" eb="" sr="" id="5.71">jvm 1    | 	at org.springframework.beans.factory.support.AbstractAutowireCapableBeanFactory$1.run(AbstractAutowireCapableBeanFactory.java:409)</st>
            <st ob="" eb="" sr="" id="5.72">jvm 1    | 	at java.security.AccessController.doPrivileged(Native Method)</st>
            <st ob="" eb="" sr="" id="5.73">jvm 1    | 	at org.springframework.beans.factory.support.AbstractAutowireCapableBeanFactory.createBean(AbstractAutowireCapableBeanFactory.java:380)</st>
            <st ob="" eb="" sr="" id="5.74">jvm 1    | 	at org.springframework.beans.factory.support.AbstractBeanFactory$1.getObject(AbstractBeanFactory.java:264)</st>
            <st ob="" eb="" sr="" id="5.75">jvm 1    | 	at org.springframework.beans.factory.support.DefaultSingletonBeanRegistry.getSingleton(DefaultSingletonBeanRegistry.java:222)</st>
            <st ob="" eb="" sr="" id="5.76">jvm 1    | 	at org.springframework.beans.factory.support.AbstractBeanFactory.doGetBean(AbstractBeanFactory.java:261)</st>
            <st ob="" eb="" sr="" id="5.77">jvm 1    | 	at org.springframework.beans.factory.support.AbstractBeanFactory.getBean(AbstractBeanFactory.java:185)</st>
            <st ob="" eb="" sr="" id="5.78">jvm 1    | 	at org.springframework.beans.factory.support.AbstractBeanFactory.getBean(AbstractBeanFactory.java:164)</st>
            <st ob="" eb="" sr="" id="5.79">jvm 1    | 	at org.springframework.beans.factory.support.DefaultListableBeanFactory.preInstantiateSingletons(DefaultListableBeanFactory.java:429)</st>
            <st ob="" eb="" sr="" id="5.80">jvm 1    | 	at org.springframework.context.support.AbstractApplicationContext.finishBeanFactoryInitialization(AbstractApplicationContext.java:728)</st>
            <st ob="" eb="" sr="" id="5.81">jvm 1    | 	at org.springframework.context.support.AbstractApplicationContext.refresh(AbstractApplicationContext.java:380)</st>
            <st ob="" eb="" sr="" id="5.82">jvm 1    | 	at org.apache.xbean.spring.context.ResourceXmlApplicationContext.&lt;init&gt;(ResourceXmlApplicationContext.java:64)</st>
            <st ob="" eb="" sr="" id="5.83">jvm 1    | 	at org.apache.xbean.spring.context.ResourceXmlApplicationContext.&lt;init&gt;(ResourceXmlApplicationContext.java:52)</st>
            <st ob="" eb="" sr="" id="5.84">jvm 1    | 	at org.apache.activemq.xbean.XBeanBrokerFactory.createApplicationContext(XBeanBrokerFactory.java:96)</st>
            <st ob="" eb="" sr="" id="5.85">jvm 1    | 	at org.apache.activemq.xbean.XBeanBrokerFactory.createBroker(XBeanBrokerFactory.java:52)</st>
            <st ob="" eb="" sr="" id="5.86">jvm 1    | 	at org.apache.activemq.broker.BrokerFactory.createBroker(BrokerFactory.java:71)</st>
            <st ob="" eb="" sr="" id="5.87">jvm 1    | 	at org.apache.activemq.broker.BrokerFactory.createBroker(BrokerFactory.java:54)</st>
            <st ob="" eb="" sr="" id="5.88">jvm 1    | 	at org.apache.activemq.console.command.StartCommand.startBroker(StartCommand.java:115)</st>
            <st ob="" eb="" sr="" id="5.89">jvm 1    | 	at org.apache.activemq.console.command.StartCommand.runTask(StartCommand.java:74)</st>
            <st ob="" eb="" sr="" id="5.90">jvm 1    | 	at org.apache.activemq.console.command.AbstractCommand.execute(AbstractCommand.java:57)</st>
            <st ob="" eb="" sr="" id="5.91">jvm 1    | 	at org.apache.activemq.console.command.ShellCommand.runTask(ShellCommand.java:136)</st>
            <st ob="" eb="" sr="" id="5.92">jvm 1    | 	at org.apache.activemq.console.command.AbstractCommand.execute(AbstractCommand.java:57)</st>
            <st ob="" eb="" sr="" id="5.93">jvm 1    | 	at org.apache.activemq.console.command.ShellCommand.main(ShellCommand.java:82)</st>
            <st ob="" eb="" sr="" id="5.94">jvm 1    | 	at sun.reflect.NativeMethodAccessorImpl.invoke0(Native Method)</st>
            <st ob="" eb="" sr="" id="5.95">jvm 1    | 	at sun.reflect.NativeMethodAccessorImpl.invoke(NativeMethodAccessorImpl.java:39)</st>
            <st ob="" eb="" sr="" id="5.96">jvm 1    | 	at sun.reflect.DelegatingMethodAccessorImpl.invoke(DelegatingMethodAccessorImpl.java:25)</st>
            <st ob="" eb="" sr="" id="5.97">jvm 1    | 	at java.lang.reflect.Method.invoke(Method.java:597)</st>
            <st ob="" eb="" sr="" id="5.98">jvm 1    | 	at org.apache.activemq.console.Main.runTaskClass(Main.java:251)</st>
            <st ob="" eb="" sr="" id="5.99">jvm 1    | 	at org.apache.activemq.console.Main.main(Main.java:107)</st>
            <st ob="" eb="" sr="" id="5.100">jvm 1    | 	at sun.reflect.NativeMethodAccessorImpl.invoke0(Native Method)</st>
            <st ob="" eb="" sr="" id="5.101">jvm 1    | 	at sun.reflect.NativeMethodAccessorImpl.invoke(NativeMethodAccessorImpl.java:39)</st>
            <st ob="" eb="" sr="" id="5.102">jvm 1    | 	at sun.reflect.DelegatingMethodAccessorImpl.invoke(DelegatingMethodAccessorImpl.java:25)</st>
            <st ob="" eb="" sr="" id="5.103">jvm 1    | 	at java.lang.reflect.Method.invoke(Method.java:597)</st>
            <st ob="" eb="" sr="" id="5.104">jvm 1    | 	at org.tanukisoftware.wrapper.WrapperSimpleApp.run(WrapperSimpleApp.java:240)</st>
            <st ob="" eb="" sr="" id="5.105">jvm 1    | 	at java.lang.Thread.run(Thread.java:619)</st>
            <st ob="" eb="" sr="" id="5.106">jvm 1    |  INFO | ActiveMQ Message Broker (apollo, null) is shutting down jvm 1    |  INFO | Connector openwire Stopped jvm 1    |  INFO | Connector stomp Stopped jvm 1    |  INFO | ActiveMQ JMS Message Broker (apollo, null) stopped jvm 1    | ERROR: java.lang.RuntimeException: Failed to execute start task.</st>
            <st ob="" eb="" sr="" id="5.107">Reason: org.springframework.beans.factory.BeanCreationException: Error creating bean with name 'org.apache.activemq.xbean.XBeanBrokerService#0' defined in class path resource [activemq.xml]: Invocation of init method failed; nested exception is java.lang.NullPointerException jvm 1    | java.lang.RuntimeException: Failed to execute start task.</st>
            <st ob="" eb="" sr="" id="5.108">Reason: org.springframework.beans.factory.BeanCreationException: Error creating bean with name 'org.apache.activemq.xbean.XBeanBrokerService#0' defined in class path resource [activemq.xml]: Invocation of init method failed; nested exception is java.lang.NullPointerException</st>
            <st ob="" eb="" sr="" id="5.109">jvm 1    | 	at org.apache.activemq.console.command.StartCommand.runTask(StartCommand.java:98)</st>
            <st ob="" eb="" sr="" id="5.110">jvm 1    | 	at org.apache.activemq.console.command.AbstractCommand.execute(AbstractCommand.java:57)</st>
            <st ob="" eb="" sr="" id="5.111">jvm 1    | 	at org.apache.activemq.console.command.ShellCommand.runTask(ShellCommand.java:136)</st>
            <st ob="" eb="" sr="" id="5.112">jvm 1    | 	at org.apache.activemq.console.command.AbstractCommand.execute(AbstractCommand.java:57)</st>
            <st ob="" eb="" sr="" id="5.113">jvm 1    | 	at org.apache.activemq.console.command.ShellCommand.main(ShellCommand.java:82)</st>
            <st ob="" eb="" sr="" id="5.114">jvm 1    | 	at sun.reflect.NativeMethodAccessorImpl.invoke0(Native Method)</st>
            <st ob="" eb="" sr="" id="5.115">jvm 1    | 	at sun.reflect.NativeMethodAccessorImpl.invoke(NativeMethodAccessorImpl.java:39)</st>
            <st ob="" eb="" sr="" id="5.116">jvm 1    | 	at sun.reflect.DelegatingMethodAccessorImpl.invoke(DelegatingMethodAccessorImpl.java:25)</st>
            <st ob="" eb="" sr="" id="5.117">jvm 1    | 	at java.lang.reflect.Method.invoke(Method.java:597)</st>
            <st ob="" eb="" sr="" id="5.118">jvm 1    | 	at org.apache.activemq.console.Main.runTaskClass(Main.java:251)</st>
            <st ob="" eb="" sr="" id="5.119">jvm 1    | 	at org.apache.activemq.console.Main.main(Main.java:107)</st>
            <st ob="" eb="" sr="" id="5.120">jvm 1    | 	at sun.reflect.NativeMethodAccessorImpl.invoke0(Native Method)</st>
            <st ob="" eb="" sr="" id="5.121">jvm 1    | 	at sun.reflect.NativeMethodAccessorImpl.invoke(NativeMethodAccessorImpl.java:39)</st>
            <st ob="" eb="" sr="" id="5.122">jvm 1    | 	at sun.reflect.DelegatingMethodAccessorImpl.invoke(DelegatingMethodAccessorImpl.java:25)</st>
            <st ob="" eb="" sr="" id="5.123">jvm 1    | 	at java.lang.reflect.Method.invoke(Method.java:597)</st>
            <st ob="" eb="" sr="" id="5.124">jvm 1    | 	at org.tanukisoftware.wrapper.WrapperSimpleApp.run(WrapperSimpleApp.java:240)</st>
            <st ob="" eb="" sr="" id="5.125">jvm 1    | 	at java.lang.Thread.run(Thread.java:619)</st>
            <st ob="" eb="" sr="" id="5.126">jvm 1    | Caused by: org.springframework.beans.factory.BeanCreationException: Error creating bean with name 'org.apache.activemq.xbean.XBeanBrokerService#0' defined in class path resource [activemq.xml]: Invocation of init method failed; nested exception is java.lang.NullPointerException</st>
            <st ob="" eb="" sr="" id="5.127">jvm 1    | 	at org.springframework.beans.factory.support.AbstractAutowireCapableBeanFactory.initializeBean(AbstractAutowireCapableBeanFactory.java:1338)</st>
            <st ob="" eb="" sr="" id="5.128">jvm 1    | 	at org.springframework.beans.factory.support.AbstractAutowireCapableBeanFactory.doCreateBean(AbstractAutowireCapableBeanFactory.java:473)</st>
            <st ob="" eb="" sr="" id="5.129">jvm 1    | 	at org.springframework.beans.factory.support.AbstractAutowireCapableBeanFactory$1.run(AbstractAutowireCapableBeanFactory.java:409)</st>
            <st ob="" eb="" sr="" id="5.130">jvm 1    | 	at java.security.AccessController.doPrivileged(Native Method)</st>
            <st ob="" eb="" sr="" id="5.131">jvm 1    | 	at org.springframework.beans.factory.support.AbstractAutowireCapableBeanFactory.createBean(AbstractAutowireCapableBeanFactory.java:380)</st>
            <st ob="" eb="" sr="" id="5.132">jvm 1    | 	at org.springframework.beans.factory.support.AbstractBeanFactory$1.getObject(AbstractBeanFactory.java:264)</st>
            <st ob="" eb="" sr="" id="5.133">jvm 1    | 	at org.springframework.beans.factory.support.DefaultSingletonBeanRegistry.getSingleton(DefaultSingletonBeanRegistry.java:222)</st>
            <st ob="" eb="" sr="" id="5.134">jvm 1    | 	at org.springframework.beans.factory.support.AbstractBeanFactory.doGetBean(AbstractBeanFactory.java:261)</st>
            <st ob="" eb="" sr="" id="5.135">jvm 1    | 	at org.springframework.beans.factory.support.AbstractBeanFactory.getBean(AbstractBeanFactory.java:185)</st>
            <st ob="" eb="" sr="" id="5.136">jvm 1    | 	at org.springframework.beans.factory.support.AbstractBeanFactory.getBean(AbstractBeanFactory.java:164)</st>
            <st ob="" eb="" sr="" id="5.137">jvm 1    | 	at org.springframework.beans.factory.support.DefaultListableBeanFactory.preInstantiateSingletons(DefaultListableBeanFactory.java:429)</st>
            <st ob="" eb="" sr="" id="5.138">jvm 1    | 	at org.springframework.context.support.AbstractApplicationContext.finishBeanFactoryInitialization(AbstractApplicationContext.java:728)</st>
            <st ob="" eb="" sr="" id="5.139">jvm 1    | 	at org.springframework.context.support.AbstractApplicationContext.refresh(AbstractApplicationContext.java:380)</st>
            <st ob="" eb="" sr="" id="5.140">jvm 1    | 	at org.apache.xbean.spring.context.ResourceXmlApplicationContext.&lt;init&gt;(ResourceXmlApplicationContext.java:64)</st>
            <st ob="" eb="" sr="" id="5.141">jvm 1    | 	at org.apache.xbean.spring.context.ResourceXmlApplicationContext.&lt;init&gt;(ResourceXmlApplicationContext.java:52)</st>
            <st ob="" eb="" sr="" id="5.142">jvm 1    | 	at org.apache.activemq.xbean.XBeanBrokerFactory.createApplicationContext(XBeanBrokerFactory.java:96)</st>
            <st ob="" eb="" sr="" id="5.143">jvm 1    | 	at org.apache.activemq.xbean.XBeanBrokerFactory.createBroker(XBeanBrokerFactory.java:52)</st>
            <st ob="" eb="" sr="" id="5.144">jvm 1    | 	at org.apache.activemq.broker.BrokerFactory.createBroker(BrokerFactory.java:71)</st>
            <st ob="" eb="" sr="" id="5.145">jvm 1    | 	at org.apache.activemq.broker.BrokerFactory.createBroker(BrokerFactory.java:54)</st>
            <st ob="" eb="" sr="" id="5.146">jvm 1    | 	at org.apache.activemq.console.command.StartCommand.startBroker(StartCommand.java:115)</st>
            <st ob="" eb="" sr="" id="5.147">jvm 1    | 	at org.apache.activemq.console.command.StartCommand.runTask(StartCommand.java:74)</st>
            <st ob="" eb="" sr="" id="5.148">jvm 1    | 	... 16 more</st>
            <st ob="" eb="" sr="" id="5.149">jvm 1    | Caused by: java.lang.NullPointerException</st>
            <st ob="" eb="" sr="" id="5.150">jvm 1    | 	at org.apache.activemq.util.ByteSequence.&lt;init&gt;(ByteSequence.java:29)</st>
            <st ob="" eb="" sr="" id="5.151">jvm 1    | 	at org.apache.activemq.store.jdbc.JDBCPersistenceAdapter.getLastMessageBrokerSequenceId(JDBCPersistenceAdapter.java:232)</st>
            <st ob="" eb="" sr="" id="5.152">jvm 1    | 	at org.apache.activemq.store.journal.JournalPersistenceAdapter.getLastMessageBrokerSequenceId(JournalPersistenceAdapter.java:222)</st>
            <st ob="" eb="" sr="" id="5.153">jvm 1    | 	at org.apache.activemq.broker.region.DestinationFactoryImpl.getLastMessageBrokerSequenceId(DestinationFactoryImpl.java:140)</st>
            <st ob="" eb="" sr="" id="5.154">jvm 1    | 	at org.apache.activemq.broker.region.RegionBroker.&lt;init&gt;(RegionBroker.java:106)</st>
            <st ob="" eb="" sr="" id="5.155">jvm 1    | 	at org.apache.activemq.broker.jmx.ManagedRegionBroker.&lt;init&gt;(ManagedRegionBroker.java:94)</st>
            <st ob="" eb="" sr="" id="5.156">jvm 1    | 	at org.apache.activemq.broker.BrokerService.createRegionBroker(BrokerService.java:1734)</st>
            <st ob="" eb="" sr="" id="5.157">jvm 1    | 	at org.apache.activemq.broker.BrokerService.createRegionBroker(BrokerService.java:1728)</st>
            <st ob="" eb="" sr="" id="5.158">jvm 1    | 	at org.apache.activemq.broker.BrokerService.createBroker(BrokerService.java:1688)</st>
            <st ob="" eb="" sr="" id="5.159">jvm 1    | 	at org.apache.activemq.broker.BrokerService.getBroker(BrokerService.java:706)</st>
            <st ob="" eb="" sr="" id="5.160">jvm 1    | 	at org.apache.activemq.store.jdbc.JDBCPersistenceAdapter.start(JDBCPersistenceAdapter.java:276)</st>
            <st ob="" eb="" sr="" id="5.161">jvm 1    | 	at org.apache.activemq.store.journal.JournalPersistenceAdapter.start(JournalPersistenceAdapter.java:265)</st>
            <st ob="" eb="" sr="" id="5.162">jvm 1    | 	at org.apache.activemq.broker.BrokerService.start(BrokerService.java:466)</st>
            <st ob="" eb="" sr="" id="5.163">jvm 1    | 	at org.apache.activemq.xbean.XBeanBrokerService.afterPropertiesSet(XBeanBrokerService.java:85)</st>
            <st ob="" eb="" sr="" id="5.164">jvm 1    | 	at sun.reflect.NativeMethodAccessorImpl.invoke0(Native Method)</st>
            <st ob="" eb="" sr="" id="5.165">jvm 1    | 	at sun.reflect.NativeMethodAccessorImpl.invoke(NativeMethodAccessorImpl.java:39)</st>
            <st ob="" eb="" sr="" id="5.166">jvm 1    | 	at sun.reflect.DelegatingMethodAccessorImpl.invoke(DelegatingMethodAccessorImpl.java:25)</st>
            <st ob="" eb="" sr="" id="5.167">jvm 1    | 	at java.lang.reflect.Method.invoke(Method.java:597)</st>
            <st ob="" eb="" sr="" id="5.168">jvm 1    | 	at org.springframework.beans.factory.support.AbstractAutowireCapableBeanFactory.invokeCustomInitMethod(AbstractAutowireCapableBeanFactory.java:1414)</st>
            <st ob="" eb="" sr="" id="5.169">jvm 1    | 	at org.springframework.beans.factory.support.AbstractAutowireCapableBeanFactory.invokeInitMethods(AbstractAutowireCapableBeanFactory.java:1375)</st>
            <st ob="" eb="" sr="" id="5.170">jvm 1    | 	at org.springframework.beans.factory.support.AbstractAutowireCapableBeanFactory.initializeBean(AbstractAutowireCapableBeanFactory.java:1335)</st>
            <st ob="" eb="" sr="" id="5.171">jvm 1    | 	... 36 more jvm 1    | ERROR: java.lang.Exception: org.springframework.beans.factory.BeanCreationException: Error creating bean with name 'org.apache.activemq.xbean.XBeanBrokerService#0' defined in class path resource [activemq.xml]: Invocation of init method failed; nested exception is java.lang.NullPointerException jvm 1    | java.lang.Exception: org.springframework.beans.factory.BeanCreationException: Error creating bean with name 'org.apache.activemq.xbean.XBeanBrokerService#0' defined in class path resource [activemq.xml]: Invocation of init method failed; nested exception is java.lang.NullPointerException</st>
            <st ob="" eb="" sr="" id="5.172">jvm 1    | 	at org.apache.activemq.console.command.StartCommand.runTask(StartCommand.java:99)</st>
            <st ob="" eb="" sr="" id="5.173">jvm 1    | 	at org.apache.activemq.console.command.AbstractCommand.execute(AbstractCommand.java:57)</st>
            <st ob="" eb="" sr="" id="5.174">jvm 1    | 	at org.apache.activemq.console.command.ShellCommand.runTask(ShellCommand.java:136)</st>
            <st ob="" eb="" sr="" id="5.175">jvm 1    | 	at org.apache.activemq.console.command.AbstractCommand.execute(AbstractCommand.java:57)</st>
            <st ob="" eb="" sr="" id="5.176">jvm 1    | 	at org.apache.activemq.console.command.ShellCommand.main(ShellCommand.java:82)</st>
            <st ob="" eb="" sr="" id="5.177">jvm 1    | 	at sun.reflect.NativeMethodAccessorImpl.invoke0(Native Method)</st>
            <st ob="" eb="" sr="" id="5.178">jvm 1    | 	at sun.reflect.NativeMethodAccessorImpl.invoke(NativeMethodAccessorImpl.java:39)</st>
            <st ob="" eb="" sr="" id="5.179">jvm 1    | 	at sun.reflect.DelegatingMethodAccessorImpl.invoke(DelegatingMethodAccessorImpl.java:25)</st>
            <st ob="" eb="" sr="" id="5.180">jvm 1    | 	at java.lang.reflect.Method.invoke(Method.java:597)</st>
            <st ob="" eb="" sr="" id="5.181">jvm 1    | 	at org.apache.activemq.console.Main.runTaskClass(Main.java:251)</st>
            <st ob="" eb="" sr="" id="5.182">jvm 1    | 	at org.apache.activemq.console.Main.main(Main.java:107)</st>
            <st ob="" eb="" sr="" id="5.183">jvm 1    | 	at sun.reflect.NativeMethodAccessorImpl.invoke0(Native Method)</st>
            <st ob="" eb="" sr="" id="5.184">jvm 1    | 	at sun.reflect.NativeMethodAccessorImpl.invoke(NativeMethodAccessorImpl.java:39)</st>
            <st ob="" eb="" sr="" id="5.185">jvm 1    | 	at sun.reflect.DelegatingMethodAccessorImpl.invoke(DelegatingMethodAccessorImpl.java:25)</st>
            <st ob="" eb="" sr="" id="5.186">jvm 1    | 	at java.lang.reflect.Method.invoke(Method.java:597)</st>
            <st ob="" eb="" sr="" id="5.187">jvm 1    | 	at org.tanukisoftware.wrapper.WrapperSimpleApp.run(WrapperSimpleApp.java:240)</st>
            <st ob="" eb="" sr="" id="5.188">jvm 1    | 	at java.lang.Thread.run(Thread.java:619)</st>
            <st ob="" eb="" sr="" id="5.189">jvm 1    | Caused by: org.springframework.beans.factory.BeanCreationException: Error creating bean with name 'org.apache.activemq.xbean.XBeanBrokerService#0' defined in class path resource [activemq.xml]: Invocation of init method failed; nested exception is java.lang.NullPointerException</st>
            <st ob="" eb="" sr="" id="5.190">jvm 1    | 	at org.springframework.beans.factory.support.AbstractAutowireCapableBeanFactory.initializeBean(AbstractAutowireCapableBeanFactory.java:1338)</st>
            <st ob="" eb="" sr="" id="5.191">jvm 1    | 	at org.springframework.beans.factory.support.AbstractAutowireCapableBeanFactory.doCreateBean(AbstractAutowireCapableBeanFactory.java:473)</st>
            <st ob="" eb="" sr="" id="5.192">jvm 1    | 	at org.springframework.beans.factory.support.AbstractAutowireCapableBeanFactory$1.run(AbstractAutowireCapableBeanFactory.java:409)</st>
            <st ob="" eb="" sr="" id="5.193">jvm 1    | 	at java.security.AccessController.doPrivileged(Native Method)</st>
            <st ob="" eb="" sr="" id="5.194">jvm 1    | 	at org.springframework.beans.factory.support.AbstractAutowireCapableBeanFactory.createBean(AbstractAutowireCapableBeanFactory.java:380)</st>
            <st ob="" eb="" sr="" id="5.195">jvm 1    | 	at org.springframework.beans.factory.support.AbstractBeanFactory$1.getObject(AbstractBeanFactory.java:264)</st>
            <st ob="" eb="" sr="" id="5.196">jvm 1    | 	at org.springframework.beans.factory.support.DefaultSingletonBeanRegistry.getSingleton(DefaultSingletonBeanRegistry.java:222)</st>
            <st ob="" eb="" sr="" id="5.197">jvm 1    | 	at org.springframework.beans.factory.support.AbstractBeanFactory.doGetBean(AbstractBeanFactory.java:261)</st>
            <st ob="" eb="" sr="" id="5.198">jvm 1    | 	at org.springframework.beans.factory.support.AbstractBeanFactory.getBean(AbstractBeanFactory.java:185)</st>
            <st ob="" eb="" sr="" id="5.199">jvm 1    | 	at org.springframework.beans.factory.support.AbstractBeanFactory.getBean(AbstractBeanFactory.java:164)</st>
            <st ob="" eb="" sr="" id="5.200">jvm 1    | 	at org.springframework.beans.factory.support.DefaultListableBeanFactory.preInstantiateSingletons(DefaultListableBeanFactory.java:429)</st>
            <st ob="" eb="" sr="" id="5.201">jvm 1    | 	at org.springframework.context.support.AbstractApplicationContext.finishBeanFactoryInitialization(AbstractApplicationContext.java:728)</st>
            <st ob="" eb="" sr="" id="5.202">jvm 1    | 	at org.springframework.context.support.AbstractApplicationContext.refresh(AbstractApplicationContext.java:380)</st>
            <st ob="" eb="" sr="" id="5.203">jvm 1    | 	at org.apache.xbean.spring.context.ResourceXmlApplicationContext.&lt;init&gt;(ResourceXmlApplicationContext.java:64)</st>
            <st ob="" eb="" sr="" id="5.204">jvm 1    | 	at org.apache.xbean.spring.context.ResourceXmlApplicationContext.&lt;init&gt;(ResourceXmlApplicationContext.java:52)</st>
            <st ob="" eb="" sr="" id="5.205">jvm 1    | 	at org.apache.activemq.xbean.XBeanBrokerFactory.createApplicationContext(XBeanBrokerFactory.java:96)</st>
            <st ob="" eb="" sr="" id="5.206">jvm 1    | 	at org.apache.activemq.xbean.XBeanBrokerFactory.createBroker(XBeanBrokerFactory.java:52)</st>
            <st ob="" eb="" sr="" id="5.207">jvm 1    | 	at org.apache.activemq.broker.BrokerFactory.createBroker(BrokerFactory.java:71)</st>
            <st ob="" eb="" sr="" id="5.208">jvm 1    | 	at org.apache.activemq.broker.BrokerFactory.createBroker(BrokerFactory.java:54)</st>
            <st ob="" eb="" sr="" id="5.209">jvm 1    | 	at org.apache.activemq.console.command.StartCommand.startBroker(StartCommand.java:115)</st>
            <st ob="" eb="" sr="" id="5.210">jvm 1    | 	at org.apache.activemq.console.command.StartCommand.runTask(StartCommand.java:74)</st>
            <st ob="" eb="" sr="" id="5.211">jvm 1    | 	... 16 more</st>
            <st ob="" eb="" sr="" id="5.212">jvm 1    | Caused by: java.lang.NullPointerException</st>
            <st ob="" eb="" sr="" id="5.213">jvm 1    | 	at org.apache.activemq.util.ByteSequence.&lt;init&gt;(ByteSequence.java:29)</st>
            <st ob="" eb="" sr="" id="5.214">jvm 1    | 	at org.apache.activemq.store.jdbc.JDBCPersistenceAdapter.getLastMessageBrokerSequenceId(JDBCPersistenceAdapter.java:232)</st>
            <st ob="" eb="" sr="" id="5.215">jvm 1    | 	at org.apache.activemq.store.journal.JournalPersistenceAdapter.getLastMessageBrokerSequenceId(JournalPersistenceAdapter.java:222)</st>
            <st ob="" eb="" sr="" id="5.216">jvm 1    | 	at org.apache.activemq.broker.region.DestinationFactoryImpl.getLastMessageBrokerSequenceId(DestinationFactoryImpl.java:140)</st>
            <st ob="" eb="" sr="" id="5.217">jvm 1    | 	at org.apache.activemq.broker.region.RegionBroker.&lt;init&gt;(RegionBroker.java:106)</st>
            <st ob="" eb="" sr="" id="5.218">jvm 1    | 	at org.apache.activemq.broker.jmx.ManagedRegionBroker.&lt;init&gt;(ManagedRegionBroker.java:94)</st>
            <st ob="" eb="" sr="" id="5.219">jvm 1    | 	at org.apache.activemq.broker.BrokerService.createRegionBroker(BrokerService.java:1734)</st>
            <st ob="" eb="" sr="" id="5.220">jvm 1    | 	at org.apache.activemq.broker.BrokerService.createRegionBroker(BrokerService.java:1728)</st>
            <st ob="" eb="" sr="" id="5.221">jvm 1    | 	at org.apache.activemq.broker.BrokerService.createBroker(BrokerService.java:1688)</st>
            <st ob="" eb="" sr="" id="5.222">jvm 1    | 	at org.apache.activemq.broker.BrokerService.getBroker(BrokerService.java:706)</st>
            <st ob="" eb="" sr="" id="5.223">jvm 1    | 	at org.apache.activemq.store.jdbc.JDBCPersistenceAdapter.start(JDBCPersistenceAdapter.java:276)</st>
            <st ob="" eb="" sr="" id="5.224">jvm 1    | 	at org.apache.activemq.store.journal.JournalPersistenceAdapter.start(JournalPersistenceAdapter.java:265)</st>
            <st ob="" eb="" sr="" id="5.225">jvm 1    | 	at org.apache.activemq.broker.BrokerService.start(BrokerService.java:466)</st>
            <st ob="" eb="" sr="" id="5.226">jvm 1    | 	at org.apache.activemq.xbean.XBeanBrokerService.afterPropertiesSet(XBeanBrokerService.java:85)</st>
            <st ob="" eb="" sr="" id="5.227">jvm 1    | 	at sun.reflect.NativeMethodAccessorImpl.invoke0(Native Method)</st>
            <st ob="" eb="" sr="" id="5.228">jvm 1    | 	at sun.reflect.NativeMethodAccessorImpl.invoke(NativeMethodAccessorImpl.java:39)</st>
            <st ob="" eb="" sr="" id="5.229">jvm 1    | 	at sun.reflect.DelegatingMethodAccessorImpl.invoke(DelegatingMethodAccessorImpl.java:25)</st>
            <st ob="" eb="" sr="" id="5.230">jvm 1    | 	at java.lang.reflect.Method.invoke(Method.java:597)</st>
            <st ob="" eb="" sr="" id="5.231">jvm 1    | 	at org.springframework.beans.factory.support.AbstractAutowireCapableBeanFactory.invokeCustomInitMethod(AbstractAutowireCapableBeanFactory.java:1414)</st>
            <st ob="" eb="" sr="" id="5.232">jvm 1    | 	at org.springframework.beans.factory.support.AbstractAutowireCapableBeanFactory.invokeInitMethods(AbstractAutowireCapableBeanFactory.java:1375)</st>
            <st ob="" eb="" sr="" id="5.233">jvm 1    | 	at org.springframework.beans.factory.support.AbstractAutowireCapableBeanFactory.initializeBean(AbstractAutowireCapableBeanFactory.java:1335)</st>
            <st ob="" eb="" sr="" id="5.234">jvm 1    | 	... 36 more wrapper  | &lt;-- Wrapper Stopped</st>
        </parg>
    </desc>
</bug>
