<?xml version="1.0" encoding="UTF-8" standalone="yes"?>
<bug no-bug="" comments="">
    <id>ACCUMULO-2054</id>
    <title ob="x" eb="" sr="">Concurrent random walk test fails</title>
    <desc>
        <parg ob="" eb="" sr="" id="1">
            <st ob="x" eb="" sr="" id="1.1">Random walk testing, the namespace test sometimes fails:</st>
        </parg>
        <parg ob="" eb="" sr="" id="2">
            <st ob="" eb="" sr="" id="2.1">{noformat}</st>
            <st ob="" eb="" sr="" id="2.2">18 16:21:54,810 [randomwalk.Framework] ERROR: Error during random walk java.lang.Exception: Error running node Concurrent.xml</st>
            <st ob="" eb="" sr="" id="2.3">        at org.apache.accumulo.test.randomwalk.Module.visit(Module.java:285)</st>
            <st ob="" eb="" sr="" id="2.4">        at org.apache.accumulo.test.randomwalk.Framework.run(Framework.java:65)</st>
            <st ob="" eb="" sr="" id="2.5">        at org.apache.accumulo.test.randomwalk.Framework.main(Framework.java:125)</st>
            <st ob="" eb="" sr="" id="2.6">        at sun.reflect.NativeMethodAccessorImpl.invoke0(Native Method)</st>
            <st ob="" eb="" sr="" id="2.7">        at sun.reflect.NativeMethodAccessorImpl.invoke(NativeMethodAccessorImpl.java:57)</st>
            <st ob="" eb="" sr="" id="2.8">        at sun.reflect.DelegatingMethodAccessorImpl.invoke(DelegatingMethodAccessorImpl.java:43)</st>
            <st ob="" eb="" sr="" id="2.9">        at java.lang.reflect.Method.invoke(Method.java:606)</st>
            <st ob="" eb="" sr="" id="2.10">        at org.apache.accumulo.start.Main$1.run(Main.java:137)</st>
            <st ob="" eb="" sr="" id="2.11">        at java.lang.Thread.run(Thread.java:744)</st>
            <st ob="" eb="" sr="" id="2.12">Caused by: java.lang.Exception: Error running node ct.CreateTable</st>
            <st ob="" eb="" sr="" id="2.13">        at org.apache.accumulo.test.randomwalk.Module.visit(Module.java:285)</st>
            <st ob="" eb="" sr="" id="2.14">        at org.apache.accumulo.test.randomwalk.Module.visit(Module.java:254)</st>
            <st ob="" eb="" sr="" id="2.15">        ... 8 more</st>
            <st ob="" eb="" sr="" id="2.16">Caused by: org.apache.accumulo.core.client.AccumuloSecurityException: Error NAMESPACE_DOESNT_EXIST for user root on table nspc_001.ctt_002(?) - Unknown security exception</st>
            <st ob="" eb="" sr="" id="2.17">        at org.apache.accumulo.core.client.admin.TableOperationsImpl.doTableOperation(TableOperationsImpl.java:316)</st>
            <st ob="" eb="" sr="" id="2.18">        at org.apache.accumulo.core.client.admin.TableOperationsImpl.doTableOperation(TableOperationsImpl.java:296)</st>
            <st ob="" eb="" sr="" id="2.19">        at org.apache.accumulo.core.client.admin.TableOperationsImpl.create(TableOperationsImpl.java:224)</st>
            <st ob="" eb="" sr="" id="2.20">        at org.apache.accumulo.core.client.admin.TableOperationsImpl.create(TableOperationsImpl.java:193)</st>
            <st ob="" eb="" sr="" id="2.21">        at org.apache.accumulo.test.randomwalk.concurrent.CreateTable.visit(CreateTable.java:42)</st>
            <st ob="" eb="" sr="" id="2.22">        at org.apache.accumulo.test.randomwalk.Module.visit(Module.java:254)</st>
            <st ob="" eb="" sr="" id="2.23">        ... 9 more</st>
            <st ob="" eb="" sr="" id="2.24">Caused by: ThriftSecurityException(user:root, code:NAMESPACE_DOESNT_EXIST)</st>
            <st ob="" eb="" sr="" id="2.25">        at org.apache.accumulo.core.master.thrift.MasterClientService$executeTableOperation_result$executeTableOperation_resultStandardScheme.read(MasterClientService.java:19067)</st>
            <st ob="" eb="" sr="" id="2.26">        at org.apache.accumulo.core.master.thrift.MasterClientService$executeTableOperation_result$executeTableOperation_resultStandardScheme.read(MasterClientService.java:19053)</st>
            <st ob="" eb="" sr="" id="2.27">        at org.apache.accumulo.core.master.thrift.MasterClientService$executeTableOperation_result.read(MasterClientService.java:18995)</st>
            <st ob="" eb="" sr="" id="2.28">        at org.apache.thrift.TServiceClient.receiveBase(TServiceClient.java:78)</st>
            <st ob="" eb="" sr="" id="2.29">at org.apache.accumulo.core.master.thrift.MasterClientService$Client.recv_executeTableOperation(MasterClientService.java:582)</st>
            <st ob="" eb="" sr="" id="2.30">        at org.apache.accumulo.core.master.thrift.MasterClientService$Client.executeTableOperation(MasterClientService.java:563)</st>
            <st ob="" eb="" sr="" id="2.31">        at org.apache.accumulo.core.client.admin.TableOperationsImpl.executeTableOperation(TableOperationsImpl.java:252)</st>
            <st ob="" eb="" sr="" id="2.32">        at org.apache.accumulo.core.client.admin.TableOperationsImpl.doTableOperation(TableOperationsImpl.java:305)</st>
            <st ob="" eb="" sr="" id="2.33">        ... 14 more</st>
            <st ob="" eb="" sr="" id="2.34">{noformat}</st>
        </parg>
    </desc>
</bug>
