<?xml version="1.0" encoding="UTF-8" standalone="yes"?>
<bug no-bug="" comments="">
    <id>ACCUMULO-3485</id>
    <title ob="" eb="" sr="">accumulo client tries to connect only to the first ZK in the list, making it SPOF</title>
    <desc>
        <parg ob="" eb="" sr="" id="1">
            <st ob="x" eb="" sr="" id="1.1">Accumulo client tries to connect only to the first ZK server.</st>
            <st ob="x" eb="" sr="" id="1.2">If that single ZK server is down, the accumulo client does not try other ZK servers.</st>
            <st ob="x" eb="" sr="" id="1.3">Thus the first ZK server is the single point of failure.</st>
            <st ob="x" eb="" sr="" id="1.4">If it is down, accumulo client cannot work</st>
        </parg>
        <parg ob="" eb="" sr="" id="2">
            <st ob="" eb="" sr="" id="2.1">{code:java} val instance = new ZooKeeperInstance("zzz", "no-zk-here.</st>
            <st ob="" eb="" sr="" id="2.2">example.com,zk1.example.com,zk2.example.com,zk3.example.com")</st>
            <st ob="" eb="" sr="" id="2.3">val conn = instance.getConnector("root", "pass".</st>
            <st ob="" eb="" sr="" id="2.4">getBytes)</st>
            <st ob="" eb="" sr="" id="2.5">println("db connected, tables=" + conn.tableOperations.list)</st>
            <st ob="" eb="" sr="" id="2.6">{code}</st>
        </parg>
    </desc>
</bug>
