<?xml version="1.0" encoding="UTF-8" standalone="yes"?>
<bug no-bug="" comments="">
    <id>ACCUMULO-1840</id>
    <title ob="" eb="" sr="">Deleted WAL still referenced in !METADATA</title>
    <desc>
        <parg ob="" eb="" sr="" id="1">
            <st ob="" eb="" sr="x" id="1.1">Running b0da55 locally with hadoop2.2.0.</st>
        </parg>
        <parg ob="" eb="" sr="" id="2">
            <st ob="" eb="" sr="x" id="2.1">I wrote some data to a number of tables.</st>
            <st ob="" eb="" sr="x" id="2.2">Killed the tabletserver.</st>
            <st ob="x" eb="" sr="" id="2.3">The tabletserver failed to complete recovery because it ran out of memory.</st>
        </parg>
        <parg ob="" eb="" sr="" id="3">
            <st ob="" eb="" sr="x" id="3.1">I upped the tserver's heap, and restarted it.</st>
            <st ob="" eb="" sr="" id="3.2">!</st>
            <st ob="" eb="" sr="" id="3.3">METADATA and !!</st>
            <st ob="x" eb="" sr="" id="3.4">ROOT are online and have all tablets assigned, but none of the other tables are coming online.</st>
            <st ob="" eb="" sr="" id="3.5">There's a log entry for each of the tables that aren't online.</st>
            <st ob="" eb="" sr="" id="3.6">Each of those tables have only one tablet.</st>
        </parg>
        <parg ob="" eb="" sr="" id="4">
            <st ob="" eb="" sr="" id="4.1">{noformat} log:localhost+9997/hdfs://localhost:8020/accumulo1.6/wal/localhost+9997/3f941aa2-0cf8-42f5-8135-fb51a07c5c1a</st>
            <st ob="" eb="" sr="" id="4.2">{noformat}</st>
        </parg>
        <parg ob="" eb="" sr="" id="5">
            <st ob="x" eb="" sr="" id="5.1">Looking for that WAL in the GC's log results in:</st>
        </parg>
        <parg ob="" eb="" sr="" id="6">
            <st ob="" eb="" sr="" id="6.1">{noformat}</st>
            <st ob="" eb="" sr="" id="6.2">2013-10-31 21:03:26,805 [util.MetadataTableUtil] INFO : Returning logs [!!</st>
            <st ob="" eb="" sr="" id="6.3">R&lt;&lt; hdfs://localhost:8020/accumulo1.6/wal/localhost+9997/56c7a37f-06bd-49ad-ad18-72dd787f8ae3 (1), !!</st>
            <st ob="" eb="" sr="" id="6.4">R&lt;&lt; hdfs://localhost:8020/accumulo1.6/wal/localhost+9997/3f941aa2-0cf8-42f5-8135-fb51a07c5c1a (1)] for extent !!</st>
            <st ob="" eb="" sr="" id="6.5">R&lt;&lt;</st>
            <st ob="" eb="" sr="" id="6.6">2013-10-31 21:03:26,815 [gc.GarbageCollectWriteAheadLogs] DEBUG: deleted [hdfs://localhost:8020/accumulo1.6/wal/localhost+9997/6f1facae-7d5f-4c74-8a41-8621921af85f, hdfs://localhost:8020/accumulo1.6/wal/localhost+9997/56c7a37f-06bd-49ad-ad18-72dd787f8ae3, hdfs://localhost:8020/accumulo1.6/wal/localhost+9997/3f941aa2-0cf8-42f5-8135-fb51a07c5c1a] from localhost+9997</st>
            <st ob="" eb="" sr="" id="6.7">2013-10-31 21:08:27,105 [util.MetadataTableUtil] INFO : Returning logs [!!</st>
            <st ob="" eb="" sr="" id="6.8">R&lt;&lt; hdfs://localhost:8020/accumulo1.6/wal/localhost+9997/3f941aa2-0cf8-42f5-8135-fb51a07c5c1a (1)] for extent !!</st>
            <st ob="" eb="" sr="" id="6.9">R&lt;&lt;</st>
            <st ob="" eb="" sr="" id="6.10">2013-10-31 21:08:27,115 [gc.GarbageCollectWriteAheadLogs] DEBUG: deleted [hdfs://localhost:8020/accumulo1.6/wal/localhost+9997/56c7a37f-06bd-49ad-ad18-72dd787f8ae3, hdfs://localhost:8020/accumulo1.6/wal/localhost+9997/3f941aa2-0cf8-42f5-8135-fb51a07c5c1a] from localhost+9997</st>
            <st ob="" eb="" sr="" id="6.11">2013-10-31 21:14:25,667 [gc.GarbageCollectWriteAheadLogs] DEBUG: deleted [hdfs://localhost:8020/accumulo1.6/wal/localhost+9997/20b1adb0-9c5f-4027-82d2-c8e1a1be9f87, hdfs://localhost:8020/accumulo1.6/wal/localhost+9997/3f941aa2-0cf8-42f5-8135-fb51a07c5c1a] from localhost+9997</st>
            <st ob="" eb="" sr="" id="6.12">2013-10-31 21:14:25,667 [gc.GarbageCollectWriteAheadLogs] DEBUG: Removing sorted WAL hdfs://localhost:8020/accumulo1.6/recovery/3f941aa2-0cf8-42f5-8135-fb51a07c5c1a</st>
            <st ob="" eb="" sr="" id="6.13">{noformat}</st>
        </parg>
    </desc>
</bug>
