<?xml version="1.0" encoding="UTF-8" standalone="yes"?>
<bug no-bug="" comments="">
    <id>ACCUMULO-3266</id>
    <title ob="x" eb="" sr="">GarbageCollectorIT: gcLotsOfCandidatesIT and testInvalidDelete started failing</title>
    <desc>
        <parg ob="" eb="" sr="" id="1">
            <st ob="x" eb="" sr="" id="1.1">Noticed these two tests start to fail recently.</st>
            <st ob="" eb="" sr="" id="1.2">Not sure if it's something I broke or not.</st>
            <st ob="" eb="" sr="" id="1.3">Need to look into it.</st>
        </parg>
        <parg ob="" eb="" sr="" id="2">
            <st ob="" eb="" sr="" id="2.1">{noformat} java.lang.AssertionError: null</st>
            <st ob="" eb="" sr="" id="2.2">	at org.junit.Assert.fail(Assert.java:86)</st>
            <st ob="" eb="" sr="" id="2.3">	at org.junit.Assert.assertTrue(Assert.java:41)</st>
            <st ob="" eb="" sr="" id="2.4">	at org.junit.Assert.assertTrue(Assert.java:52)</st>
            <st ob="" eb="" sr="" id="2.5">	at org.apache.accumulo.test.functional.GarbageCollectorIT.gcLotsOfCandidatesIT(GarbageCollectorIT.java:152)</st>
            <st ob="" eb="" sr="" id="2.6">{noformat}</st>
        </parg>
        <parg ob="" eb="" sr="" id="3">
            <st ob="" eb="" sr="" id="3.1">{noformat} java.lang.Exception: test timed out after 600000 milliseconds</st>
            <st ob="" eb="" sr="" id="3.2">	at java.lang.Thread.sleep(Native Method)</st>
            <st ob="" eb="" sr="" id="3.3">	at org.apache.accumulo.core.util.UtilWaitThread.sleep(UtilWaitThread.java:26)</st>
            <st ob="" eb="" sr="" id="3.4">	at org.apache.accumulo.test.functional.GarbageCollectorIT.testInvalidDelete(GarbageCollectorIT.java:212)</st>
            <st ob="" eb="" sr="" id="3.5">{noformat}</st>
        </parg>
        <parg ob="" eb="" sr="" id="4">
            <st ob="" eb="" sr="x" id="4.1">First saw the new failures since {{5cb976b3ca0b4ecaac27b7963622c1c2f5664251}}.</st>
            <st ob="" eb="" sr="x" id="4.2">{{e3a743cb445723a3d5664a4bf1ebf37833152aae}} built cleanly for me.</st>
        </parg>
    </desc>
</bug>
