<?xml version="1.0" encoding="UTF-8" standalone="yes"?>
<bug no-bug="" comments="">
    <id>ACCUMULO-3596</id>
    <title ob="x" eb="" sr="">accumulo hangs in {{InetAddress#getByName}}</title>
    <desc>
        <parg ob="" eb="" sr="" id="1">
            <st ob="x" eb="" sr="" id="1.1">calls to importDirectory were hanging.</st>
            <st ob="x" eb="" sr="" id="1.2">After some debugging, it was determined that the imports were stuck waiting on DNS lookups.</st>
        </parg>
        <parg ob="" eb="" sr="" id="2">
            <st ob="" eb="" sr="" id="2.1">{{InetAddress#getByName}} calls {{gethostbyname_r}}</st>
        </parg>
        <parg ob="" eb="" sr="" id="3">
            <st ob="x" eb="" sr="" id="3.1">Further, it was determined that the call only hangs if /etc/host.</st>
            <st ob="x" eb="" sr="" id="3.2">conf contains "reorder on".</st>
        </parg>
        <parg ob="" eb="" sr="" id="4">
            <st ob="" eb="" sr="" id="4.1">A bug was found in this section of the glibc resolver, and a bug report will be made to them.</st>
        </parg>
        <parg ob="" eb="" sr="" id="5">
            <st ob="" eb="" sr="" id="5.1">Workaround: turn off address reordering.</st>
        </parg>
        <parg ob="" eb="" sr="" id="6">
            <st ob="" eb="" sr="" id="6.1">Many thanks to [~bfloss] for finding this bug.</st>
        </parg>
    </desc>
</bug>
