<?xml version="1.0" encoding="UTF-8" standalone="yes"?>
<bug no-bug="" comments="">
    <id>ACCUMULO-3141</id>
    <title ob="x" eb="" sr="">Many RW failures due to balance check</title>
    <desc>
        <parg ob="" eb="" sr="" id="1">
            <st ob="x" eb="" sr="x" id="1.1">While running RW test against 1.5.2 RC1, 10 of 17 walkers failed with a message like the following.</st>
        </parg>
        <parg ob="" eb="" sr="" id="2">
            <st ob="" eb="" sr="" id="2.1">{noformat}</st>
            <st ob="" eb="" sr="" id="2.2">16 19:35:48,820 [randomwalk.Framework] ERROR: Error during random walk java.lang.Exception: Error running node Concurrent.xml</st>
            <st ob="" eb="" sr="" id="2.3">        at org.apache.accumulo.test.randomwalk.Module.visit(Module.java:285)</st>
            <st ob="" eb="" sr="" id="2.4">        at org.apache.accumulo.test.randomwalk.Framework.run(Framework.java:63)</st>
            <st ob="" eb="" sr="" id="2.5">        at org.apache.accumulo.test.randomwalk.Framework.main(Framework.java:122)</st>
            <st ob="" eb="" sr="" id="2.6">        at sun.reflect.NativeMethodAccessorImpl.invoke0(Native Method)</st>
            <st ob="" eb="" sr="" id="2.7">        at sun.reflect.NativeMethodAccessorImpl.invoke(NativeMethodAccessorImpl.java:57)</st>
            <st ob="" eb="" sr="" id="2.8">        at sun.reflect.DelegatingMethodAccessorImpl.invoke(DelegatingMethodAccessorImpl.java:43)</st>
            <st ob="" eb="" sr="" id="2.9">        at java.lang.reflect.Method.invoke(Method.java:606)</st>
            <st ob="" eb="" sr="" id="2.10">        at org.apache.accumulo.start.Main$1.run(Main.java:107)</st>
            <st ob="" eb="" sr="" id="2.11">        at java.lang.Thread.run(Thread.java:744)</st>
            <st ob="" eb="" sr="" id="2.12">Caused by: java.lang.Exception: Error running node ct.CheckBalance</st>
            <st ob="" eb="" sr="" id="2.13">        at org.apache.accumulo.test.randomwalk.Module.visit(Module.java:285)</st>
            <st ob="" eb="" sr="" id="2.14">        at org.apache.accumulo.test.randomwalk.Module.visit(Module.java:254)</st>
            <st ob="" eb="" sr="" id="2.15">        ... 8 more</st>
            <st ob="" eb="" sr="" id="2.16">Caused by: java.lang.Exception: servers are unbalanced! location 2487f8db354002f count 345 too far from average 151.86666666666667</st>
            <st ob="" eb="" sr="" id="2.17">        at org.apache.accumulo.test.randomwalk.concurrent.CheckBalance.visit(CheckBalance.java:86)</st>
            <st ob="" eb="" sr="" id="2.18">        at org.apache.accumulo.test.randomwalk.Module.visit(Module.java:254)</st>
        </parg>
        <parg ob="" eb="" sr="" id="3">
            <st ob="" eb="" sr="" id="3.1">{noformat}</st>
        </parg>
    </desc>
</bug>
