<?xml version="1.0" encoding="UTF-8" standalone="yes"?>
<bug no-bug="" comments="">
    <id>ACCUMULO-1697</id>
    <title ob="x" eb="" sr="">Thread leaks in Tomcat on hot-redeploy</title>
    <desc>
        <parg ob="" eb="" sr="" id="1">
            <st ob="" eb="" sr="x" id="1.1">Testing on 1.3.7 cluster with Tomcat and redeploying my web app by 'touch'ing the .</st>
            <st ob="" eb="" sr="x" id="1.2">war file.</st>
        </parg>
        <parg ob="" eb="" sr="" id="2">
            <st ob="x" eb="" sr="" id="2.1">In catalina.out:</st>
            <st ob="" eb="" sr="" id="2.2">Sep 06, 2013 4:46:38 PM org.apache.catalina.startup.HostConfig deleteRedeployResources</st>
            <st ob="" eb="" sr="" id="2.3">INFO: Undeploying context [/myapp]</st>
            <st ob="" eb="" sr="" id="2.4">Sep 06, 2013 4:46:48 PM org.jboss.modcluster.ModClusterService drainSessions</st>
            <st ob="" eb="" sr="" id="2.5">WARN: Failed to drain pending requests from context [/myapp] within specified timeout: 10 seconds</st>
            <st ob="" eb="" sr="" id="2.6">Sep 06, 2013 4:46:48 PM org.apache.catalina.loader.WebappClassLoader clearReferencesThreads</st>
            <st ob="" eb="" sr="" id="2.7">SEVERE: The web application [/myapp] appears to have started a thread named [localhost-startStop-6-SendThread(r03sv04:2181)] but has failed to stop it.</st>
            <st ob="" eb="" sr="" id="2.8">This is very likely to create a memory leak.</st>
            <st ob="" eb="" sr="" id="2.9">Sep 06, 2013 4:46:48 PM org.apache.catalina.loader.WebappClassLoader clearReferencesThreads</st>
            <st ob="" eb="" sr="" id="2.10">SEVERE: The web application [/myapp] appears to have started a thread named [localhost-startStop-6-EventThread] but has failed to stop it.</st>
            <st ob="" eb="" sr="" id="2.11">This is very likely to create a memory leak.</st>
            <st ob="" eb="" sr="" id="2.12">Sep 06, 2013 4:46:48 PM org.apache.catalina.loader.WebappClassLoader clearReferencesThreads</st>
            <st ob="" eb="" sr="" id="2.13">SEVERE: The web application [/myapp] appears to have started a thread named [Thrift Connection Pool Checker] but has failed to stop it.</st>
            <st ob="" eb="" sr="" id="2.14">This is very likely to create a memory leak.</st>
        </parg>
        <parg ob="" eb="" sr="" id="3">
            <st ob="" eb="" sr="" id="3.1">I can't easily re-test this on a 1.4 or 1.5 cluster at this time, but I examined the current code in ThriftTransportPool regarding the third message.</st>
            <st ob="x" eb="" sr="" id="3.2">No reference is kept to the Daemon instance, so it's never stopped.</st>
            <st ob="" eb="" sr="" id="3.3">This is normally not a problem in JVMs because daemon threads are interrupted automatically at JVM shutdown, but this is a problem for hot-redeploys in Tomcat.</st>
        </parg>
        <parg ob="" eb="" sr="" id="4">
            <st ob="" eb="" sr="" id="4.1">It would be nice to have a call to shut down the Thrift checker thread.</st>
            <st ob="x" eb="x" sr="" id="4.2">For the ZooKeeper threads, we should be able to call ClientCnxn.close() by calling ZooKeeper.close(), but the ZooKeepers are locked up in ZooSession.sessions and can't be closed directly.</st>
        </parg>
    </desc>
</bug>
