<?xml version="1.0" encoding="UTF-8" standalone="yes"?>
<bug no-bug="" comments="">
    <id>ACCUMULO-2408</id>
    <title ob="x" eb="" sr="">metadata table not assigned after root table is loaded</title>
    <desc>
        <parg ob="" eb="" sr="" id="1">
            <st ob="" eb="" sr="x" id="1.1">During a nightly integration test run, BigRootTableIT failed, timing out after 4 minutes:</st>
        </parg>
        <parg ob="" eb="" sr="" id="2">
            <st ob="" eb="" sr="" id="2.1">{noformat} java.lang.Exception: test timed out after 240000 milliseconds</st>
            <st ob="" eb="" sr="" id="2.2">	at sun.misc.Unsafe.park(Native Method)</st>
            <st ob="" eb="" sr="" id="2.3">	at java.util.concurrent.locks.LockSupport.parkNanos(LockSupport.java:226)</st>
            <st ob="" eb="" sr="" id="2.4">	at java.util.concurrent.locks.AbstractQueuedSynchronizer.doAcquireSharedNanos(AbstractQueuedSynchronizer.java:1033)</st>
            <st ob="" eb="" sr="" id="2.5">	at java.util.concurrent.locks.AbstractQueuedSynchronizer.tryAcquireSharedNanos(AbstractQueuedSynchronizer.java:1326)</st>
            <st ob="" eb="" sr="" id="2.6">	at java.util.concurrent.CountDownLatch.await(CountDownLatch.java:282)</st>
            <st ob="" eb="" sr="" id="2.7">	at org.apache.accumulo.core.client.admin.TableOperationsImpl.addSplits(TableOperationsImpl.java:437)</st>
            <st ob="" eb="" sr="" id="2.8">	at org.apache.accumulo.test.functional.BigRootTabletIT.test(BigRootTabletIT.java:50)</st>
            <st ob="" eb="" sr="" id="2.9">	at sun.reflect.NativeMethodAccessorImpl.invoke0(Native Method)</st>
            <st ob="" eb="" sr="" id="2.10">	at sun.reflect.NativeMethodAccessorImpl.invoke(NativeMethodAccessorImpl.java:57)</st>
            <st ob="" eb="" sr="" id="2.11">	at sun.reflect.DelegatingMethodAccessorImpl.invoke(DelegatingMethodAccessorImpl.java:43)</st>
            <st ob="" eb="" sr="" id="2.12">	at java.lang.reflect.Method.invoke(Method.java:606)</st>
            <st ob="" eb="" sr="" id="2.13">	at org.junit.runners.model.FrameworkMethod$1.runReflectiveCall(FrameworkMethod.java:47)</st>
            <st ob="" eb="" sr="" id="2.14">	at org.junit.internal.runners.model.ReflectiveCallable.run(ReflectiveCallable.java:12)</st>
            <st ob="" eb="" sr="" id="2.15">	at org.junit.runners.model.FrameworkMethod.invokeExplosively(FrameworkMethod.java:44)</st>
            <st ob="" eb="" sr="" id="2.16">	at org.junit.internal.runners.statements.InvokeMethod.evaluate(InvokeMethod.java:17)</st>
            <st ob="" eb="" sr="" id="2.17">	at org.junit.internal.runners.statements.FailOnTimeout$StatementThread.run(FailOnTimeout.java:74)</st>
            <st ob="" eb="" sr="" id="2.18">{noformat}</st>
        </parg>
        <parg ob="" eb="" sr="" id="3">
            <st ob="x" eb="" sr="" id="3.1">Looking at the logs, the root tablet is assigned successfully:</st>
        </parg>
        <parg ob="" eb="" sr="" id="4">
            <st ob="" eb="" sr="" id="4.1">{noformat}</st>
            <st ob="" eb="" sr="" id="4.2">2014-02-26 05:17:09,414 [state.ZooTabletStateStore] DEBUG: Returning root tablet state: +r&lt;&lt;@(tserver1:9997[1446db2884a0002],null,null)</st>
            <st ob="" eb="" sr="" id="4.3">2014-02-26 05:17:09,596 [master.EventCoordinator] INFO : tablet +r&lt;&lt; was loaded on tserver1:9997</st>
            <st ob="" eb="" sr="" id="4.4">{noformat}</st>
        </parg>
        <parg ob="" eb="" sr="" id="5">
            <st ob="" eb="" sr="" id="5.1">No other tablets are assigned for the next four minutes.</st>
        </parg>
        <parg ob="" eb="" sr="" id="6">
            <st ob="x" eb="" sr="" id="6.1">The logs are full of "Failed to bin" errors:</st>
        </parg>
        <parg ob="" eb="" sr="" id="7">
            <st ob="" eb="" sr="" id="7.1">{noformat}</st>
            <st ob="" eb="" sr="" id="7.2">2014-02-26 05:19:09,613 [impl.ThriftTransportPool] TRACE: Using existing connection to tserver1:9997</st>
            <st ob="" eb="" sr="" id="7.3">2014-02-26 05:19:09,615 [impl.ThriftTransportPool] TRACE: Returned connection tserver1:9997 (120000) ioCount : 562</st>
            <st ob="" eb="" sr="" id="7.4">2014-02-26 05:19:09,615 [metadata.MetadataLocationObtainer] TRACE: tid=28 oid=3448  Got 2 results  from +r&lt;&lt; in 0.002 secs</st>
            <st ob="" eb="" sr="" id="7.5">2014-02-26 05:19:09,615 [impl.TabletLocatorImpl] TRACE: tid=28 oid=3446  Binned 1 ranges for table !</st>
            <st ob="" eb="" sr="" id="7.6">0 to 0 tservers in 0.003 secs</st>
            <st ob="" eb="" sr="" id="7.7">2014-02-26 05:19:09,616 [impl.TabletServerBatchReaderIterator] TRACE: Failed to bin 1 ranges, tablet locations were null, retrying in 100ms</st>
            <st ob="" eb="" sr="" id="7.8">{noformat}</st>
        </parg>
        <parg ob="" eb="" sr="" id="8">
            <st ob="" eb="" sr="x" id="8.1">There is an IOException, trying to do a batch read</st>
        </parg>
        <parg ob="" eb="" sr="" id="9">
            <st ob="" eb="" sr="" id="9.1">{noformat}</st>
            <st ob="" eb="" sr="" id="9.2">2014-02-26 05:19:09,687 [impl.TabletServerBatchReaderIterator] DEBUG: Server : tserver1:9997 msg : java.net.SocketTimeoutException: 120000 millis timeout while waiting for channel to be ready for read.</st>
            <st ob="" eb="" sr="" id="9.3">ch : java.nio.channels.SocketChannel[connected local=/192.168.1.2:52818 remote=tserver1/192.168.1.1:9997]</st>
            <st ob="" eb="" sr="" id="9.4">2014-02-26 05:19:09,689 [impl.TabletServerBatchReaderIterator] DEBUG: org.apache.thrift.transport.TTransportException: java.net.SocketTimeoutException: 120000 millis timeout while waiting for channel to be ready for read.</st>
            <st ob="" eb="" sr="" id="9.5">ch : java.nio.channels.SocketChannel[connected local=/192.168.1.2:52818 remote=tserver1/192.168.1.1:9997] java.io.IOException: org.apache.thrift.transport.TTransportException: java.net.SocketTimeoutException: 120000 millis timeout while waiting for channel to be ready for read.</st>
            <st ob="" eb="" sr="" id="9.6">ch : java.nio.</st>
            <st ob="" eb="" sr="" id="9.7">channels.SocketChannel[connected local=/192.168.1.2:52818 remote=tserver1/192.168.1.1:9997]</st>
            <st ob="" eb="" sr="" id="9.8">        at org.apache.accumulo.core.client.impl.TabletServerBatchReaderIterator.doLookup(TabletServerBatchReaderIterator.java:713)</st>
            <st ob="" eb="" sr="" id="9.9">        at org.apache.accumulo.core.client.impl.TabletServerBatchReaderIterator$QueryTask.run(TabletServerBatchReaderIterator.java:372)</st>
            <st ob="" eb="" sr="" id="9.10">        at org.apache.accumulo.trace.instrument.TraceRunnable.run(TraceRunnable.java:47)</st>
            <st ob="" eb="" sr="" id="9.11">        at java.util.concurrent.ThreadPoolExecutor.runWorker(ThreadPoolExecutor.java:1145)</st>
            <st ob="" eb="" sr="" id="9.12">        at java.util.concurrent.ThreadPoolExecutor$Worker.run(ThreadPoolExecutor.java:615)</st>
            <st ob="" eb="" sr="" id="9.13">        at org.apache.accumulo.trace.instrument.TraceRunnable.run(TraceRunnable.java:47)</st>
            <st ob="" eb="" sr="" id="9.14">        at org.apache.accumulo.core.util.LoggingRunnable.run(LoggingRunnable.java:34)</st>
            <st ob="" eb="" sr="" id="9.15">        at java.lang.Thread.run(Thread.java:744)</st>
            <st ob="" eb="" sr="" id="9.16">Caused by: org.apache.thrift.transport.TTransportException: java.net.SocketTimeoutException: 120000 millis timeout while waiting for channel to be ready for read. ch : java.nio.channels.SocketChannel[connected local=/192.168.1.2:52818 remote=tserver1/192.168.1.1:9997]</st>
            <st ob="" eb="" sr="" id="9.17">        at org.apache.thrift.transport.TIOStreamTransport.read(TIOStreamTransport.java:129)</st>
            <st ob="" eb="" sr="" id="9.18">        at org.apache.thrift.transport.TTransport.readAll(TTransport.java:84)</st>
            <st ob="" eb="" sr="" id="9.19">        at org.apache.thrift.transport.TFramedTransport.readFrame(TFramedTransport.java:129)</st>
            <st ob="" eb="" sr="" id="9.20">        at org.apache.thrift.transport.TFramedTransport.read(TFramedTransport.java:101)</st>
            <st ob="" eb="" sr="" id="9.21">        at org.apache.thrift.transport.TTransport.readAll(TTransport.java:84)</st>
            <st ob="" eb="" sr="" id="9.22">        at org.apache.accumulo.core.client.impl.ThriftTransportPool$CachedTTransport.readAll(ThriftTransportPool.java:270)</st>
            <st ob="" eb="" sr="" id="9.23">        at org.apache.thrift.protocol.TCompactProtocol.readByte(TCompactProtocol.java:601)</st>
            <st ob="" eb="" sr="" id="9.24">        at org.apache.thrift.protocol.TCompactProtocol.readMessageBegin(TCompactProtocol.java:470)</st>
            <st ob="" eb="" sr="" id="9.25">        at org.apache.thrift.TServiceClient.receiveBase(TServiceClient.java:69)</st>
            <st ob="" eb="" sr="" id="9.26">at org.apache.accumulo.core.tabletserver.thrift.TabletClientService$Client.recv_startMultiScan(TabletClientService.java:311)</st>
            <st ob="" eb="" sr="" id="9.27">        at org.apache.accumulo.core.tabletserver.thrift.TabletClientService$Client.startMultiScan(TabletClientService.java:291)</st>
            <st ob="" eb="" sr="" id="9.28">        at org.apache.accumulo.core.client.impl.TabletServerBatchReaderIterator.doLookup(TabletServerBatchReaderIterator.java:658)</st>
            <st ob="" eb="" sr="" id="9.29">        ... 7 more</st>
            <st ob="" eb="" sr="" id="9.30">Caused by: java.net.SocketTimeoutException: 120000 millis timeout while waiting for channel to be ready for read. ch : java.nio.channels.SocketChannel[connected local=/192.168.1.2:52818 remote=tserver1/192.168.1.1:9997]</st>
            <st ob="" eb="" sr="" id="9.31">        at org.apache.hadoop.net.SocketIOWithTimeout.doIO(SocketIOWithTimeout.java:164)</st>
            <st ob="" eb="" sr="" id="9.32">        at org.apache.hadoop.net.SocketInputStream.read(SocketInputStream.java:155)</st>
            <st ob="" eb="" sr="" id="9.33">        at org.apache.hadoop.net.SocketInputStream.read(SocketInputStream.java:128)</st>
            <st ob="" eb="" sr="" id="9.34">        at java.io.BufferedInputStream.fill(BufferedInputStream.java:235)</st>
            <st ob="" eb="" sr="" id="9.35">        at java.io.BufferedInputStream.read1(BufferedInputStream.java:275)</st>
            <st ob="" eb="" sr="" id="9.36">        at java.io.BufferedInputStream.read(BufferedInputStream.java:334)</st>
            <st ob="" eb="" sr="" id="9.37">        at org.apache.thrift.transport.TIOStreamTransport.read(TIOStreamTransport.java:127)</st>
            <st ob="" eb="" sr="" id="9.38">        ... 18 more</st>
            <st ob="" eb="" sr="" id="9.39">2014-02-26 05:19:09,693 [impl.TabletServerBatchReaderIterator] TRACE: Failed to execute multiscans against 1 tablets, retrying...</st>
            <st ob="" eb="" sr="" id="9.40">{noformat}</st>
        </parg>
        <parg ob="" eb="" sr="" id="10">
            <st ob="" eb="" sr="" id="10.1">This would appear to be the batch scanner used to read the root table in the master.</st>
        </parg>
        <parg ob="" eb="" sr="" id="11">
            <st ob="" eb="" sr="" id="11.1">The tablet server hosting the root tablet is being successfully scanned more that 24x a second, presumably from clients.</st>
        </parg>
        <parg ob="" eb="" sr="" id="12">
            <st ob="x" eb="" sr="" id="12.1">There are no errors in the tserver logs.</st>
        </parg>
    </desc>
</bug>
