<?xml version="1.0" encoding="UTF-8" standalone="yes"?>
<bug no-bug="" comments="">
    <id>ACCUMULO-1876</id>
    <title ob="" eb="" sr="">Problem using accumulo artifacts from ivy</title>
    <desc>
        <parg ob="" eb="" sr="" id="1">
            <st ob="x" eb="" sr="x" id="1.1">Defining an accumulo dependency in an ivy.xml file for any Accyumulo version greater than 1.4.4 results in the following error</st>
        </parg>
        <parg ob="" eb="" sr="" id="2">
            <st ob="" eb="" sr="" id="2.1">{noformat}</st>
            <st ob="" eb="" sr="" id="2.2">[ivy:resolve] 		::::::::::::::::::::::::::::::::::::::::::::::</st>
            <st ob="" eb="" sr="" id="2.3">[ivy:resolve] 		::          UNRESOLVED DEPENDENCIES         ::</st>
            <st ob="" eb="" sr="" id="2.4">[ivy:resolve] 		::::::::::::::::::::::::::::::::::::::::::::::</st>
            <st ob="" eb="" sr="" id="2.5">[ivy:resolve] 		:: org.slf4j#slf4j-api;${slf4j.version}: not found</st>
            <st ob="" eb="" sr="" id="2.6">[ivy:resolve] 		::::::::::::::::::::::::::::::::::::::::::::::</st>
            <st ob="" eb="" sr="" id="2.7">[ivy:resolve]</st>
        </parg>
        <parg ob="" eb="" sr="" id="3">
            <st ob="" eb="" sr="" id="3.1">{noformat}</st>
        </parg>
        <parg ob="" eb="" sr="" id="4">
            <st ob="x" eb="" sr="" id="4.1">The issue appears to be that in the parent pom.xml, slf4j.version is only defined in profiles.</st>
            <st ob="x" eb="" sr="" id="4.2">Ivy doesn't load profiles when pulling from a maven repo, so the ${slf4j.version} is never set.</st>
        </parg>
        <parg ob="" eb="" sr="" id="5">
            <st ob="" eb="" sr="" id="5.1">One possible fix is to define a property earlier with the version, and allow the profiles to overwrite.</st>
        </parg>
    </desc>
</bug>
