<?xml version="1.0" encoding="UTF-8" standalone="yes"?>
<bug no-bug="" comments="">
    <id>ACCUMULO-1745</id>
    <title ob="" eb="" sr="">Merge broken on cloned tables</title>
    <desc>
        <parg ob="" eb="" sr="" id="1">
            <st ob="" eb="" sr="" id="1.1">This is with a recent version of the 1.6 build.</st>
            <st ob="" eb="" sr="" id="1.2">I have tested and it does NOT occur in 1.5.0.</st>
        </parg>
        <parg ob="" eb="" sr="" id="2">
            <st ob="" eb="" sr="x" id="2.1">in the shell- createtable testtable addsplits a b c d clonetable testtable clonetable table clonetable merge -e b</st>
        </parg>
        <parg ob="" eb="" sr="" id="3">
            <st ob="x" eb="" sr="" id="3.1">The master will get stuck in an infinite loop attempting to find the non-existant c-00000000 directory.</st>
        </parg>
    </desc>
</bug>
