<?xml version="1.0" encoding="UTF-8" standalone="yes"?>
<bug no-bug="" comments="">
    <id>ACCUMULO-1929</id>
    <title ob="" eb="" sr="">Current auth/auth/perm API doesn't well support multiple authentication domains</title>
    <desc>
        <parg ob="" eb="" sr="" id="1">
            <st ob="" eb="" sr="" id="1.1">The current {{Authenticator}} / {{Authorizor}} / {{PermissionHandler}} API doesn't provide a good method to support multiple authentication domains.</st>
        </parg>
        <parg ob="" eb="" sr="" id="2">
            <st ob="x" eb="" sr="" id="2.1">While the {{Authenticator}} object accepts abstract {{AuthenticationToken}} objects which can be used to point a request towards a particular domain (by including domain-specific knowledge in the token subclass), the {{Authorizor}} and {{PermissionHandler}} objects share no such abstract class.</st>
            <st ob="x" eb="" sr="" id="2.2">A call like {{Authorizor.getCachedUserAuthorization(String user)}} can't tell if the user in question is the user for domain 1, 2, 3, and so on, without having the rest of the system play some crazy tricks to encode that string in some unnatural way.</st>
        </parg>
        <parg ob="" eb="" sr="" id="3">
            <st ob="" eb="" sr="" id="3.1">One simple-ish solution is pass the {{AuthenticationToken}} object on to more than one call in the  {{Authenticator}} / {{Authorizor}} / {{PermissionHandler}} system.</st>
            <st ob="" eb="" sr="" id="3.2">That way, its domain knowledge can travel through to the other parts and be used to route requests accordingly.</st>
        </parg>
    </desc>
</bug>
