<?xml version="1.0" encoding="UTF-8" standalone="yes"?>
<bug no-bug="" comments="">
    <id>ACCUMULO-1062</id>
    <title ob="x" eb="" sr="">large numbers of threads make in-memory updates slow</title>
    <desc>
        <parg ob="" eb="" sr="" id="1">
            <st ob="x" eb="" sr="" id="1.1">Using hundreds of ingest programs, each running several batch writers, ingest would eventually become slow.</st>
            <st ob="x" eb="" sr="" id="1.2">Testing (attached) proved that performance fell off as the number of threads increased.</st>
        </parg>
    </desc>
</bug>
