<?xml version="1.0" encoding="UTF-8" standalone="yes"?>
<bug no-bug="" comments="">
    <id>ACCUMULO-2505</id>
    <title ob="x" eb="" sr="x">IllegalTableTransitionException while attempting to drop a table</title>
    <desc>
        <parg ob="" eb="" sr="" id="1">
            <st ob="" eb="" sr="x" id="1.1">Saw this while attempting a series of table deletes on a ec2 setup (i.e. minimal resources)</st>
        </parg>
        <parg ob="" eb="" sr="" id="2">
            <st ob="" eb="" sr="" id="2.1">{code} java.lang.RuntimeException: org.apache.accumulo.server.master.state.tables.TableManager$IllegalTableTransitionException</st>
            <st ob="" eb="" sr="" id="2.2">        at org.apache.accumulo.server.master.state.tables.TableManager.transitionTableState(TableManager.java:150)</st>
            <st ob="" eb="" sr="" id="2.3">        at org.apache.accumulo.server.master.tableOps.DeleteTable.call(DeleteTable.java:232)</st>
            <st ob="" eb="" sr="" id="2.4">        at org.apache.accumulo.server.master.tableOps.DeleteTable.call(DeleteTable.java:215)</st>
            <st ob="" eb="" sr="" id="2.5">        at org.apache.accumulo.server.master.tableOps.TraceRepo.call(TraceRepo.java:65)</st>
            <st ob="" eb="" sr="" id="2.6">        at org.apache.accumulo.fate.Fate$TransactionRunner.run(Fate.java:64)</st>
            <st ob="" eb="" sr="" id="2.7">        at org.apache.accumulo.fate.util.LoggingRunnable.run(LoggingRunnable.java:34)</st>
            <st ob="" eb="" sr="" id="2.8">        at java.lang.Thread.run(Thread.java:662)</st>
            <st ob="" eb="" sr="" id="2.9">Caused by: org.apache.accumulo.server.master.state.tables.TableManager$IllegalTableTransitionException</st>
            <st ob="" eb="" sr="" id="2.10">        at org.apache.accumulo.server.master.state.tables.TableManager$1.mutate(TableManager.java:143)</st>
            <st ob="" eb="" sr="" id="2.11">        at org.apache.accumulo.fate.zookeeper.ZooReaderWriter.mutate(ZooReaderWriter.java:134)</st>
            <st ob="" eb="" sr="" id="2.12">        at sun.reflect.NativeMethodAccessorImpl.invoke0(Native Method)</st>
            <st ob="" eb="" sr="" id="2.13">        at sun.reflect.NativeMethodAccessorImpl.invoke(NativeMethodAccessorImpl.java:39)</st>
            <st ob="" eb="" sr="" id="2.14">        at sun.reflect.DelegatingMethodAccessorImpl.invoke(DelegatingMethodAccessorImpl.java:25)</st>
            <st ob="" eb="" sr="" id="2.15">        at java.lang.reflect.Method.invoke(Method.java:597)</st>
            <st ob="" eb="" sr="" id="2.16">        at org.apache.accumulo.server.zookeeper.ZooReaderWriter$1.invoke(ZooReaderWriter.java:68)</st>
            <st ob="" eb="" sr="" id="2.17">        at com.sun.proxy.$Proxy10.mutate(Unknown Source)</st>
            <st ob="" eb="" sr="" id="2.18">        at org.apache.accumulo.server.master.state.tables.TableManager.transitionTableState(TableManager.java:118)</st>
            <st ob="" eb="" sr="" id="2.19">        ... 6 more</st>
            <st ob="" eb="" sr="" id="2.20">{code}</st>
        </parg>
    </desc>
</bug>
