<?xml version="1.0" encoding="UTF-8" standalone="yes"?>
<bug no-bug="" comments="">
    <id>ACCUMULO-2516</id>
    <title ob="" eb="" sr="x">TableConfigurationUpdateIT failing</title>
    <desc>
        <parg ob="" eb="" sr="" id="1">
            <st ob="" eb="" sr="" id="1.1">Not sure yet if it's just that my dev laptop is underpowered.</st>
        </parg>
        <parg ob="" eb="" sr="" id="2">
            <st ob="" eb="" sr="" id="2.1">{noformat} test(org.apache.accumulo.test.TableConfigurationUpdateIT)  Time elapsed: 13.624 sec  &lt;&lt;&lt; ERROR! java.lang.IllegalArgumentException: Accumulo volume file:/accumulo/instance_id not initialized</st>
            <st ob="" eb="" sr="" id="2.2">        at org.apache.accumulo.server.ServerConstants.checkBaseDirs(ServerConstants.java:94)</st>
            <st ob="" eb="" sr="" id="2.3">        at org.apache.accumulo.server.ServerConstants.getBaseDirs(ServerConstants.java:70)</st>
            <st ob="" eb="" sr="" id="2.4">        at org.apache.accumulo.server.ServerConstants.getInstanceIdLocation(ServerConstants.java:141)</st>
            <st ob="" eb="" sr="" id="2.5">at org.apache.accumulo.server.client.HdfsZooInstance.</st>
            <st ob="" eb="" sr="" id="2.6">_getInstanceID(HdfsZooInstance.java:125)</st>
            <st ob="" eb="" sr="" id="2.7">        at org.apache.accumulo.server.client.HdfsZooInstance.getInstanceID(HdfsZooInstance.java:119)</st>
            <st ob="" eb="" sr="" id="2.8">        at org.apache.accumulo.core.zookeeper.ZooUtil.getRoot(ZooUtil.java:38)</st>
            <st ob="" eb="" sr="" id="2.9">        at org.apache.accumulo.core.client.impl.Tables.getNamespaceId(Tables.java:303)</st>
            <st ob="" eb="" sr="" id="2.10">        at org.apache.accumulo.server.conf.TableParentConfiguration.getNamespaceId(TableParentConfiguration.java:37)</st>
            <st ob="" eb="" sr="" id="2.11">        at org.apache.accumulo.server.conf.TableParentConfiguration.&lt;init&gt;(TableParentConfiguration.java:32)</st>
            <st ob="" eb="" sr="" id="2.12">        at org.apache.accumulo.test.TableConfigurationUpdateIT.test(TableConfigurationUpdateIT.java:73)</st>
            <st ob="" eb="" sr="" id="2.13">        at sun.reflect.NativeMethodAccessorImpl.invoke0(Native Method)</st>
            <st ob="" eb="" sr="" id="2.14">        at sun.reflect.NativeMethodAccessorImpl.invoke(NativeMethodAccessorImpl.java:39)</st>
            <st ob="" eb="" sr="" id="2.15">        at sun.reflect.DelegatingMethodAccessorImpl.invoke(DelegatingMethodAccessorImpl.java:25)</st>
            <st ob="" eb="" sr="" id="2.16">        at java.lang.reflect.Method.invoke(Method.java:597)</st>
            <st ob="" eb="" sr="" id="2.17">        at org.junit.runners.model.FrameworkMethod$1.runReflectiveCall(FrameworkMethod.java:47)</st>
            <st ob="" eb="" sr="" id="2.18">        at org.junit.internal.runners.model.ReflectiveCallable.run(ReflectiveCallable.java:12)</st>
            <st ob="" eb="" sr="" id="2.19">        at org.junit.runners.model.FrameworkMethod.invokeExplosively(FrameworkMethod.java:44)</st>
            <st ob="" eb="" sr="" id="2.20">        at org.junit.internal.runners.statements.InvokeMethod.evaluate(InvokeMethod.java:17)</st>
            <st ob="" eb="" sr="" id="2.21">        at org.junit.internal.runners.statements.RunBefores.evaluate(RunBefores.java:26)</st>
            <st ob="" eb="" sr="" id="2.22">        at org.junit.internal.runners.statements.RunAfters.evaluate(RunAfters.java:27)</st>
            <st ob="" eb="" sr="" id="2.23">        at org.junit.runners.ParentRunner.runLeaf(ParentRunner.java:271)</st>
            <st ob="" eb="" sr="" id="2.24">        at org.junit.runners.BlockJUnit4ClassRunner.runChild(BlockJUnit4ClassRunner.java:70)</st>
            <st ob="" eb="" sr="" id="2.25">        at org.junit.runners.BlockJUnit4ClassRunner.runChild(BlockJUnit4ClassRunner.java:50)</st>
            <st ob="" eb="" sr="" id="2.26">        at org.junit.runners.ParentRunner$3.run(ParentRunner.java:238)</st>
            <st ob="" eb="" sr="" id="2.27">        at org.junit.runners.ParentRunner$1.schedule(ParentRunner.java:63)</st>
            <st ob="" eb="" sr="" id="2.28">        at org.junit.runners.ParentRunner.runChildren(ParentRunner.java:236)</st>
            <st ob="" eb="" sr="" id="2.29">        at org.junit.runners.ParentRunner.access$000(ParentRunner.java:53)</st>
            <st ob="" eb="" sr="" id="2.30">        at org.junit.runners.ParentRunner$2.evaluate(ParentRunner.java:229)</st>
            <st ob="" eb="" sr="" id="2.31">        at org.junit.runners.ParentRunner.run(ParentRunner.java:309)</st>
            <st ob="" eb="" sr="" id="2.32">        at org.apache.maven.surefire.junit4.JUnit4Provider.execute(JUnit4Provider.java:252)</st>
            <st ob="" eb="" sr="" id="2.33">        at org.apache.maven.surefire.junit4.JUnit4Provider.executeTestSet(JUnit4Provider.java:141)</st>
            <st ob="" eb="" sr="" id="2.34">        at org.apache.maven.surefire.junit4.JUnit4Provider.invoke(JUnit4Provider.java:112)</st>
            <st ob="" eb="" sr="" id="2.35">        at sun.reflect.NativeMethodAccessorImpl.invoke0(Native Method)</st>
            <st ob="" eb="" sr="" id="2.36">        at sun.reflect.NativeMethodAccessorImpl.invoke(NativeMethodAccessorImpl.java:39)</st>
            <st ob="" eb="" sr="" id="2.37">        at sun.reflect.DelegatingMethodAccessorImpl.invoke(DelegatingMethodAccessorImpl.java:25)</st>
            <st ob="" eb="" sr="" id="2.38">        at java.lang.reflect.Method.invoke(Method.java:597)</st>
            <st ob="" eb="" sr="" id="2.39">        at org.apache.maven.surefire.util.ReflectionUtils.invokeMethodWithArray(ReflectionUtils.java:189)</st>
            <st ob="" eb="" sr="" id="2.40">        at org.apache.maven.surefire.booter.ProviderFactory$ProviderProxy.invoke(ProviderFactory.java:165)</st>
            <st ob="" eb="" sr="" id="2.41">        at org.apache.maven.surefire.booter.ProviderFactory.invokeProvider(ProviderFactory.java:85)</st>
            <st ob="" eb="" sr="" id="2.42">        at org.apache.maven.surefire.booter.ForkedBooter.runSuitesInProcess(ForkedBooter.java:115)</st>
            <st ob="" eb="" sr="" id="2.43">        at org.apache.maven.surefire.booter.ForkedBooter.main(ForkedBooter.java:75)</st>
            <st ob="" eb="" sr="" id="2.44">Caused by: java.lang.RuntimeException: Accumulo not initialized, there is no instance id at file:/accumulo/instance_id</st>
            <st ob="" eb="" sr="" id="2.45">        at org.apache.accumulo.core.zookeeper.ZooUtil.getInstanceIDFromHdfs(ZooUtil.java:62)</st>
            <st ob="" eb="" sr="" id="2.46">        at org.apache.accumulo.server.ServerConstants.checkBaseDirs(ServerConstants.java:87)</st>
            <st ob="" eb="" sr="" id="2.47">        ... 40 more</st>
            <st ob="" eb="" sr="" id="2.48">{noformat}</st>
        </parg>
    </desc>
</bug>
