<?xml version="1.0" encoding="UTF-8" standalone="yes"?>
<bug no-bug="" comments="">
    <id>ACCUMULO-912</id>
    <title ob="x" eb="" sr="">getConnector in MockAccumulo clobber's existing user authorizations</title>
    <desc>
        <parg ob="" eb="" sr="" id="1">
            <st ob="x" eb="" sr="" id="1.1">If a user exists in MockAccumulo with a set of authorizations, and you do a getConnector for the user, it will clobber that user's authorizations and remake them.</st>
            <st ob="" eb="x" sr="" id="1.2">It should do a check before creating the internal user object.</st>
            <st ob="" eb="x" sr="" id="1.3">On top of that, it should also check the password if the user does exist.</st>
        </parg>
    </desc>
</bug>
