<?xml version="1.0" encoding="UTF-8" standalone="yes"?>
<bug no-bug="" comments="">
    <id>ACCUMULO-3239</id>
    <title ob="x" eb="" sr="x">Running stop-all without accumulo running hangs indefinately</title>
    <desc>
        <parg ob="" eb="" sr="" id="1">
            <st ob="" eb="" sr="" id="1.1">Could have sworn I reported this, but couldn't find it.</st>
        </parg>
        <parg ob="" eb="" sr="" id="2">
            <st ob="x" eb="" sr="" id="2.1">Calling stop-all gets stuck in the Admin command with the following:</st>
            <st ob="" eb="" sr="" id="2.2">{code}"admin" prio=10 tid=0x0000000001973000 nid=0x548a waiting on condition [0x00007f56626d8000] java.lang.Thread.State: TIMED_WAITING (sleeping)</st>
            <st ob="" eb="" sr="" id="2.3">	at java.lang.Thread.sleep(Native Method)</st>
            <st ob="" eb="" sr="" id="2.4">	at org.apache.accumulo.core.util.UtilWaitThread.sleep(UtilWaitThread.java:26)</st>
            <st ob="" eb="" sr="" id="2.5">	at org.apache.accumulo.core.client.impl.MasterClient.getConnectionWithRetry(MasterClient.java:48)</st>
            <st ob="" eb="" sr="" id="2.6">	at org.apache.accumulo.core.client.impl.MasterClient.executeGeneric(MasterClient.java:126)</st>
            <st ob="" eb="" sr="" id="2.7">	at org.apache.accumulo.core.client.impl.MasterClient.execute(MasterClient.java:171)</st>
            <st ob="" eb="" sr="" id="2.8">	at org.apache.accumulo.server.util.Admin.stopServer(Admin.java:303)</st>
            <st ob="" eb="" sr="" id="2.9">	at org.apache.accumulo.server.util.Admin.main(Admin.java:206)</st>
            <st ob="" eb="" sr="" id="2.10">	at sun.reflect.NativeMethodAccessorImpl.invoke0(Native Method)</st>
            <st ob="" eb="" sr="" id="2.11">	at sun.reflect.NativeMethodAccessorImpl.invoke(NativeMethodAccessorImpl.java:57)</st>
            <st ob="" eb="" sr="" id="2.12">	at sun.reflect.DelegatingMethodAccessorImpl.invoke(DelegatingMethodAccessorImpl.java:43)</st>
            <st ob="" eb="" sr="" id="2.13">	at java.lang.reflect.Method.invoke(Method.java:622)</st>
            <st ob="" eb="" sr="" id="2.14">	at org.apache.accumulo.start.Main$1.run(Main.java:141)</st>
            <st ob="" eb="" sr="" id="2.15">	at java.lang.Thread.run(Thread.java:701)</st>
            <st ob="" eb="" sr="" id="2.16">{code}</st>
        </parg>
        <parg ob="" eb="" sr="" id="3">
            <st ob="" eb="" sr="" id="3.1">There should be some sort of timeout here</st>
        </parg>
    </desc>
</bug>
