<?xml version="1.0" encoding="UTF-8" standalone="yes"?>
<bug no-bug="" comments="">
    <id>ACCUMULO-1071</id>
    <title ob="" eb="" sr="">Finding ACCUMULO_HOME and programs in scripts is broken for symbolic links</title>
    <desc>
        <parg ob="" eb="" sr="" id="1">
            <st ob="" eb="" sr="" id="1.1">Finding the home $bin location for the accumulo/bin scripts needs to be iterative to traverse symbolic links.</st>
            <st ob="" eb="" sr="" id="1.2">Also, using 'locationByProgram' within bin/accumulo doesn't work for symbolic links.</st>
        </parg>
    </desc>
</bug>
