<?xml version="1.0" encoding="UTF-8" standalone="yes"?>
<bug no-bug="" comments="">
    <id>ACCUMULO-1260</id>
    <title ob="x" eb="" sr="">config shell command exposes overridden trace.password</title>
    <desc>
        <parg ob="" eb="" sr="" id="1">
            <st ob="" eb="" sr="" id="1.1">This may affect multiple versions.</st>
            <st ob="" eb="" sr="" id="1.2">I've only looked on 1.4.1.</st>
            <st ob="x" eb="x" sr="x" id="1.3">When I run the 'config' shell command, the overridden trace.password value is displayed instead of displaying asterisks.</st>
        </parg>
    </desc>
</bug>
