<?xml version="1.0" encoding="UTF-8" standalone="yes"?>
<bug no-bug="" comments="">
    <id>ACCUMULO-1676</id>
    <title ob="x" eb="" sr="">Potential resource leak in RBlockState ctor due to un-closed streams</title>
    <desc>
        <parg ob="" eb="" sr="" id="1">
            <st ob="" eb="" sr="" id="1.1">In RBlockState ctor,</st>
            <st ob="" eb="" sr="" id="1.2">{code}</st>
            <st ob="" eb="" sr="" id="1.3">DataInputStream tempDataInputStream = new DataInputStream(boundedRangeFileInputStream);</st>
            <st ob="" eb="" sr="" id="1.4">// Read the init vector from the front of the stream before initializing the cipher stream int ivLength = tempDataInputStream.readInt();</st>
            <st ob="" eb="" sr="" id="1.5">byte[] initVector = new byte[ivLength];</st>
            <st ob="" eb="" sr="" id="1.6">tempDataInputStream.readFully(initVector);</st>
            <st ob="" eb="" sr="" id="1.7">{code} tempDataInputStream should be closed.</st>
        </parg>
        <parg ob="" eb="" sr="" id="2">
            <st ob="" eb="" sr="" id="2.1">Closing boundedRangeFileInputStream and inputStreamToBeCompressed should be considered as well.</st>
        </parg>
    </desc>
</bug>
