<?xml version="1.0" encoding="UTF-8" standalone="yes"?>
<bug no-bug="" comments="">
    <id>ACCUMULO-651</id>
    <title ob="" eb="" sr="">Key constructor, Column Visibility can corrupt a table</title>
    <desc>
        <parg ob="" eb="" sr="" id="1">
            <st ob="x" eb="" sr="" id="1.1">The Key constructors does not check the integrity of the column visibility field which can cause some corruption in a table.</st>
            <st ob="" eb="" sr="x" id="1.2">For example the following code will generate a valid Key that can be written to a table</st>
        </parg>
        <parg ob="" eb="" sr="" id="2">
            <st ob="" eb="" sr="" id="2.1">Key k = new Key(new Text("BOB"), new Text("CF"), new Text("CQ"), new Text("public,private"), System.currentTimeMillis());</st>
        </parg>
        <parg ob="" eb="" sr="" id="3">
            <st ob="" eb="" sr="" id="3.1">and that key can be used as output (in my case a mapreduce job).</st>
        </parg>
        <parg ob="" eb="" sr="" id="4">
            <st ob="x" eb="" sr="" id="4.1">During scan operations the following exception is thrown...</st>
        </parg>
        <parg ob="" eb="" sr="" id="5">
            <st ob="" eb="" sr="" id="5.1">exception while scanning tablet a&lt;&lt; org.apache.accumulo.core.util.BadArgumentException: bad character (44) near index 6 public,private</st>
            <st ob="" eb="" sr="" id="5.2">^ at org.apache.accumulo.core.security.ColumnVisibility$ColumnVisibilityParser.parse_(ColumnVisibility.java:238)</st>
            <st ob="" eb="" sr="" id="5.3">		at org.apache.accumulo.core.security.ColumnVisibility$ColumnVisibilityParser.parse(ColumnVisibility.java:157)</st>
            <st ob="" eb="" sr="" id="5.4">		at org.apache.accumulo.core.security.ColumnVisibility.validate(ColumnVisibility.java:257)</st>
            <st ob="" eb="" sr="" id="5.5">		at org.apache.accumulo.core.security.ColumnVisibility.&lt;init&gt;(ColumnVisibility.java:311)</st>
            <st ob="" eb="" sr="" id="5.6">		at org.apache.accumulo.core.security.ColumnVisibility.&lt;init&gt;(ColumnVisibility.java:279)</st>
            <st ob="" eb="" sr="" id="5.7">		at org.apache.accumulo.core.iterators.system.VisibilityFilter.accept(VisibilityFilter.java:70)</st>
            <st ob="" eb="" sr="" id="5.8">		at org.apache.accumulo.core.iterators.Filter.findTop(Filter.java:72)</st>
            <st ob="" eb="" sr="" id="5.9">		at org.apache.accumulo.core.iterators.Filter.seek(Filter.java:65)</st>
            <st ob="" eb="" sr="" id="5.10">		at org.apache.accumulo.core.iterators.system.SourceSwitchingIterator.readNext(SourceSwitchingIterator.java:116)</st>
            <st ob="" eb="" sr="" id="5.11">		at org.apache.accumulo.core.iterators.system.SourceSwitchingIterator.seek(SourceSwitchingIterator.java:168)</st>
            <st ob="" eb="" sr="" id="5.12">		at org.apache.accumulo.server.tabletserver.Tablet.nextBatch(Tablet.java:1741)</st>
            <st ob="" eb="" sr="" id="5.13">		at org.apache.accumulo.server.tabletserver.Tablet.access$3200(Tablet.java:143)</st>
            <st ob="" eb="" sr="" id="5.14">		at org.apache.accumulo.server.tabletserver.Tablet$Scanner.read(Tablet.java:1883)</st>
            <st ob="" eb="" sr="" id="5.15">		at org.apache.accumulo.server.tabletserver.TabletServer$ThriftClientHandler$NextBatchTask.run(TabletServer.java:905)</st>
            <st ob="" eb="" sr="" id="5.16">		at org.apache.accumulo.cloudtrace.instrument.TraceRunnable.run(TraceRunnable.java:47)</st>
            <st ob="" eb="" sr="" id="5.17">		at java.util.concurrent.ThreadPoolExecutor$Worker.runTask(ThreadPoolExecutor.java:886)</st>
            <st ob="" eb="" sr="" id="5.18">		at java.util.concurrent.ThreadPoolExecutor$Worker.run(ThreadPoolExecutor.java:908)</st>
            <st ob="" eb="" sr="" id="5.19">		at java.lang.Thread.run(Thread.java:662)</st>
        </parg>
    </desc>
</bug>
