<?xml version="1.0" encoding="UTF-8" standalone="yes"?>
<bug no-bug="" comments="">
    <id>ACCUMULO-1884</id>
    <title ob="" eb="" sr="">NativeMap Makefile fails under OSX for 1.6.x and higher</title>
    <desc>
        <parg ob="" eb="" sr="" id="1">
            <st ob="" eb="" sr="" id="1.1">The NativeMap Makefile was fixed in ACCUMULO-1819 to work under the latest Mac OS X. However, the Makefile changed was src/server/src/main/c++/nativeMap.</st>
            <st ob="" eb="" sr="" id="1.2">In 1.6.0-SNAPSHOT and master, the Makefile resides in server/native/src/main/resources/Makefile, and that copy did not receive the fixes.</st>
        </parg>
    </desc>
</bug>
