<?xml version="1.0" encoding="UTF-8" standalone="yes"?>
<bug no-bug="" comments="">
    <id>ACCUMULO-3969</id>
    <title ob="x" eb="" sr="">NPE in monitor</title>
    <desc>
        <parg ob="" eb="" sr="" id="1">
            <st ob="" eb="" sr="" id="1.1">From the mailing list:</st>
            <st ob="" eb="" sr="" id="1.2">{quote}</st>
            <st ob="" eb="" sr="" id="1.3">We have Accumulo 1.6.3 set up on the HortonWorks install with a basic cluster of one master and one tablet server.</st>
            <st ob="x" eb="" sr="x" id="1.4">Initially everything seemed good but now I'm getting a NullPointerException when I go to the monitor web page.</st>
            <st ob="x" eb="" sr="" id="1.5">The logs also keep adding a message to that effect as well.</st>
            <st ob="" eb="" sr="" id="1.6">I searched and couldn't find any posts with the same problem.</st>
            <st ob="" eb="" sr="" id="1.7">I went back through all of the config files and made sure they conform to the configuration instructions.</st>
            <st ob="" eb="" sr="" id="1.8">I'm hoping someone can point me to the right place to look for troubleshooting.</st>
        </parg>
        <parg ob="" eb="" sr="" id="2">
            <st ob="x" eb="" sr="x" id="2.1">http://&lt;machine-name&gt;:50095 responds with a page that has the following:</st>
        </parg>
        <parg ob="" eb="" sr="" id="3">
            <st ob="" eb="" sr="" id="3.1">{noformat} java.lang.NullPointerException</st>
            <st ob="" eb="" sr="" id="3.2">	at org.apache.accumulo.monitor.Monitor.fetchData(Monitor.java:252)</st>
            <st ob="" eb="" sr="" id="3.3">	at org.apache.accumulo.monitor.servlets.BasicServlet.doGet(BasicServlet.java:59)</st>
            <st ob="" eb="" sr="" id="3.4">	at org.apache.accumulo.monitor.servlets.DefaultServlet.doGet(DefaultServlet.java:101)</st>
            <st ob="" eb="" sr="" id="3.5">	at javax.servlet.http.HttpServlet.service(HttpServlet.java:668)</st>
            <st ob="" eb="" sr="" id="3.6">	at javax.servlet.http.HttpServlet.service(HttpServlet.java:770)</st>
            <st ob="" eb="" sr="" id="3.7">	at org.eclipse.jetty.servlet.ServletHolder.handle(ServletHolder.java:684)</st>
            <st ob="" eb="" sr="" id="3.8">	at org.eclipse.jetty.servlet.ServletHandler.doHandle(ServletHandler.java:503)</st>
            <st ob="" eb="" sr="" id="3.9">	at org.eclipse.jetty.server.handler.ScopedHandler.handle(ScopedHandler.java:137)</st>
            <st ob="" eb="" sr="" id="3.10">	at org.eclipse.jetty.security.SecurityHandler.handle(SecurityHandler.java:557)</st>
            <st ob="" eb="" sr="" id="3.11">	at org.eclipse.jetty.server.session.SessionHandler.doHandle(SessionHandler.java:231)</st>
            <st ob="" eb="" sr="" id="3.12">	at org.eclipse.jetty.server.handler.ContextHandler.doHandle(ContextHandler.java:1086)</st>
            <st ob="" eb="" sr="" id="3.13">	at org.eclipse.jetty.servlet.ServletHandler.doScope(ServletHandler.java:429)</st>
            <st ob="" eb="" sr="" id="3.14">	at org.eclipse.jetty.server.session.SessionHandler.doScope(SessionHandler.java:193)</st>
            <st ob="" eb="" sr="" id="3.15">	at org.eclipse.jetty.server.handler.ContextHandler.doScope(ContextHandler.java:1020)</st>
            <st ob="" eb="" sr="" id="3.16">	at org.eclipse.jetty.server.handler.ScopedHandler.handle(ScopedHandler.java:135)</st>
            <st ob="" eb="" sr="" id="3.17">	at org.eclipse.jetty.server.handler.HandlerWrapper.handle(HandlerWrapper.java:116)</st>
            <st ob="" eb="" sr="" id="3.18">	at org.eclipse.jetty.server.Server.handle(Server.java:370)</st>
            <st ob="" eb="" sr="" id="3.19">	at org.eclipse.jetty.server.AbstractHttpConnection.handleRequest(AbstractHttpConnection.java:494)</st>
            <st ob="" eb="" sr="" id="3.20">	at org.eclipse.jetty.server.AbstractHttpConnection.headerComplete(AbstractHttpConnection.java:971)</st>
            <st ob="" eb="" sr="" id="3.21">	at org.eclipse.jetty.server.AbstractHttpConnection$RequestHandler.headerComplete(AbstractHttpConnection.java:1033)</st>
            <st ob="" eb="" sr="" id="3.22">	at org.eclipse.jetty.http.HttpParser.parseNext(HttpParser.java:644)</st>
            <st ob="" eb="" sr="" id="3.23">	at org.eclipse.jetty.http.HttpParser.parseAvailable(HttpParser.java:235)</st>
            <st ob="" eb="" sr="" id="3.24">	at org.eclipse.jetty.server.AsyncHttpConnection.handle(AsyncHttpConnection.java:82)</st>
            <st ob="" eb="" sr="" id="3.25">	at org.eclipse.jetty.io.nio.SelectChannelEndPoint.handle(SelectChannelEndPoint.java:696)</st>
            <st ob="" eb="" sr="" id="3.26">	at org.eclipse.jetty.io.nio.SelectChannelEndPoint$1.run(SelectChannelEndPoint.java:53)</st>
            <st ob="" eb="" sr="" id="3.27">	at org.eclipse.jetty.util.thread.QueuedThreadPool.runJob(QueuedThreadPool.java:608)</st>
            <st ob="" eb="" sr="" id="3.28">	at org.eclipse.jetty.util.thread.QueuedThreadPool$3.run(QueuedThreadPool.java:543)</st>
            <st ob="" eb="" sr="" id="3.29">	at java.lang.Thread.run(Thread.java:745)</st>
            <st ob="" eb="" sr="" id="3.30">{noformat}</st>
        </parg>
        <parg ob="" eb="" sr="" id="4">
            <st ob="x" eb="" sr="" id="4.1">The logs are recording the following error:</st>
            <st ob="" eb="" sr="" id="4.2">{noformat}</st>
            <st ob="" eb="" sr="" id="4.3">2015-08-21 16:37:21,152 [monitor.Monitor] WARN :</st>
            <st ob="" eb="" sr="" id="4.4">java.lang.NullPointerException</st>
            <st ob="" eb="" sr="" id="4.5">        at org.apache.accumulo.monitor.Monitor.fetchData(Monitor.java:252)</st>
            <st ob="" eb="" sr="" id="4.6">        at org.apache.accumulo.monitor.Monitor$2.run(Monitor.java:508)</st>
            <st ob="" eb="" sr="" id="4.7">        at org.apache.accumulo.core.util.LoggingRunnable.run(LoggingRunnable.java:34)</st>
            <st ob="" eb="" sr="" id="4.8">        at java.lang.Thread.run(Thread.java:745)</st>
            <st ob="" eb="" sr="" id="4.9">{noformat}</st>
            <st ob="" eb="" sr="" id="4.10">{quote}</st>
        </parg>
    </desc>
</bug>
