<?xml version="1.0" encoding="UTF-8" standalone="yes"?>
<bug no-bug="" comments="">
    <id>ACCUMULO-1912</id>
    <title ob="x" eb="" sr="">IllegalArgumentException in run-moru.sh: Can not set short field maxColF to String</title>
    <desc>
        <parg ob="" eb="" sr="" id="1">
            <st ob="" eb="" sr="x" id="1.1">This is the command that was run:</st>
        </parg>
        <parg ob="" eb="" sr="" id="2">
            <st ob="" eb="" sr="" id="2.1">/home/vagrant/accumulo_home/bin/accumulo/bin/tool.sh /home/vagrant/accumulo_home/bin/accumulo/lib/accumulo-test.jar org.apache.accumulo.test.continuous.ContinuousMoru -libjars /home/vagrant/accumulo_home/bin/accumulo/lib/accumulo-test.jar -i instance -z affy-master:2181 -u root -p secret --table ci --min 0 --max 20000000 --maxColF 2000 --maxColQ 2000 --batchMemory 1000000 --batchLatency 60000 --batchThreads 4 --maxMappers 64</st>
        </parg>
        <parg ob="" eb="" sr="" id="3">
            <st ob="" eb="" sr="" id="3.1">Let me know if there is any more information needed to debug this issue.</st>
        </parg>
    </desc>
</bug>
