<?xml version="1.0" encoding="UTF-8" standalone="yes"?>
<bug no-bug="" comments="">
    <id>ACCUMULO-2082</id>
    <title ob="x" eb="" sr="">Major compacting files not empty</title>
    <desc>
        <parg ob="" eb="" sr="" id="1">
            <st ob="x" eb="" sr="" id="1.1">Saw this during a randomwalk:</st>
        </parg>
        <parg ob="" eb="" sr="" id="2">
            <st ob="" eb="" sr="" id="2.1">{noformat}</st>
            <st ob="" eb="" sr="" id="2.2">MajC Failed, message = Major compacting files not empty [hdfs://nameservice/accumulo/tables/p/t-0001pfx/C0001qir.</st>
            <st ob="" eb="" sr="" id="2.3">rf, hdfs://nameservice/accumulo/tables/p/t-0001pfx/C0001qip.</st>
            <st ob="" eb="" sr="" id="2.4">rf, hdfs://nameservice/accumulo/tables/p/b-0001qh4/I0001qh5.</st>
            <st ob="" eb="" sr="" id="2.5">rf, hdfs://nameservice/accumulo/tables/p/b-0001qgt/I0001qgv.</st>
            <st ob="" eb="" sr="" id="2.6">rf, hdfs://nameservice/accumulo/tables/p/b-0001qg5/I0001qg6.</st>
            <st ob="" eb="" sr="" id="2.7">rf, hdfs://nameservice/accumulo/tables/p/b-0001qem/I0001qeo.</st>
            <st ob="" eb="" sr="" id="2.8">rf, hdfs://nameservice/accumulo/tables/p/b-0001qgj/I0001qgk.</st>
            <st ob="" eb="" sr="" id="2.9">rf, hdfs://nameservice/accumulo/tables/p/t-0001pfx/C0001qis.</st>
            <st ob="" eb="" sr="" id="2.10">rf, hdfs://nameservice/accumulo/tables/p/b-0001qga/I0001qgb.</st>
            <st ob="" eb="" sr="" id="2.11">rf, hdfs://nameservice/accumulo/tables/p/t-0001pfx/A0001pg9.</st>
            <st ob="" eb="" sr="" id="2.12">rf] java.lang.IllegalStateException: Major compacting files not empty [hdfs://nameservice/accumulo/tables/p/t-0001pfx/C0001qir.</st>
            <st ob="" eb="" sr="" id="2.13">rf, hdfs://nameservice/accumulo/tables/p/t-0001pfx/C0001qip.</st>
            <st ob="" eb="" sr="" id="2.14">rf, hdfs://nameservice/accumulo/tables/p/b-0001qh4/I0001qh5.</st>
            <st ob="" eb="" sr="" id="2.15">rf, hdfs://nameservice/accumulo/tables/p/b-0001qgt/I0001qgv.</st>
            <st ob="" eb="" sr="" id="2.16">rf, hdfs://nameservice/accumulo/tables/p/b-0001qg5/I0001qg6.</st>
            <st ob="" eb="" sr="" id="2.17">rf, hdfs://nameservice/accumulo/tables/p/b-0001qem/I0001qeo.</st>
            <st ob="" eb="" sr="" id="2.18">rf, hdfs://nameservice/accumulo/tables/p/b-0001qgj/I0001qgk.</st>
            <st ob="" eb="" sr="" id="2.19">rf, hdfs://nameservice/accumulo/tables/p/t-0001pfx/C0001qis.</st>
            <st ob="" eb="" sr="" id="2.20">rf, hdfs://nameservice/accumulo/tables/p/b-0001qga/I0001qgb.</st>
            <st ob="" eb="" sr="" id="2.21">rf, hdfs://nameservice/accumulo/tables/p/t-0001pfx/A0001pg9.</st>
            <st ob="" eb="" sr="" id="2.22">rf]</st>
            <st ob="" eb="" sr="" id="2.23">		at org.apache.accumulo.tserver.Tablet$DatafileManager.reserveMajorCompactingFiles(Tablet.java:933)</st>
            <st ob="" eb="" sr="" id="2.24">at org.apache.accumulo.tserver.Tablet.</st>
            <st ob="" eb="" sr="" id="2.25">_majorCompact(Tablet.java:3187)</st>
            <st ob="" eb="" sr="" id="2.26">		at org.apache.accumulo.tserver.Tablet.majorCompact(Tablet.java:3371)</st>
            <st ob="" eb="" sr="" id="2.27">		at org.apache.accumulo.tserver.Tablet.access$4700(Tablet.java:168)</st>
            <st ob="" eb="" sr="" id="2.28">		at org.apache.accumulo.tserver.Tablet$CompactionRunner.run(Tablet.java:2849)</st>
            <st ob="" eb="" sr="" id="2.29">		at org.apache.accumulo.trace.instrument.TraceRunnable.run(TraceRunnable.java:47)</st>
            <st ob="" eb="" sr="" id="2.30">		at java.util.concurrent.ThreadPoolExecutor.runWorker(ThreadPoolExecutor.java:1145)</st>
            <st ob="" eb="" sr="" id="2.31">		at java.util.concurrent.ThreadPoolExecutor$Worker.run(ThreadPoolExecutor.java:615)</st>
            <st ob="" eb="" sr="" id="2.32">		at org.apache.accumulo.trace.instrument.TraceRunnable.run(TraceRunnable.java:47)</st>
            <st ob="" eb="" sr="" id="2.33">		at org.apache.accumulo.core.util.LoggingRunnable.run(LoggingRunnable.java:34)</st>
            <st ob="" eb="" sr="" id="2.34">		at java.lang.Thread.run(Thread.java:744)</st>
            <st ob="" eb="" sr="" id="2.35">{noformat}</st>
        </parg>
        <parg ob="" eb="" sr="" id="3">
            <st ob="" eb="" sr="" id="3.1">I don't actually know if it's a problem.</st>
            <st ob="" eb="" sr="" id="3.2">A first read over that section of the code wasn't obvious to me one way or the other.</st>
        </parg>
    </desc>
</bug>
