<?xml version="1.0" encoding="UTF-8" standalone="yes"?>
<bug no-bug="" comments="">
    <id>ACCUMULO-2481</id>
    <title ob="" eb="x" sr="">Monitor should still work if HDFS + Zookeeper go away</title>
    <desc>
        <parg ob="" eb="" sr="" id="1">
            <st ob="" eb="" sr="x" id="1.1">While preparing to update a test cluster, I accidentally attempted to refresh some monitor pages after I had shut down the underlying HDFS and Zookeeper services.</st>
            <st ob="x" eb="" sr="" id="1.2">The page simply hung.</st>
            <st ob="x" eb="" sr="" id="1.3">I've since tried loading several different pages (overview, logs, master view) and all simple hang on the monitor's end.</st>
            <st ob="" eb="" sr="" id="1.4">If I restart the underlying cluster, the pages resolve like normal.</st>
        </parg>
        <parg ob="" eb="" sr="" id="2">
            <st ob="" eb="" sr="" id="2.1">I haven't had a chance to see if this happens on later versions, nor figure out which missing component matters.</st>
        </parg>
        <parg ob="" eb="" sr="" id="3">
            <st ob="" eb="x" sr="" id="3.1">Expected behavior would be for the monitor to still load, albeit with a bunch of alarm bells about everything being off.</st>
        </parg>
    </desc>
</bug>
