<?xml version="1.0" encoding="UTF-8" standalone="yes"?>
<bug no-bug="" comments="">
    <id>ACCUMULO-2875</id>
    <title ob="" eb="" sr="">Scanner documentation wrong</title>
    <desc>
        <parg ob="" eb="" sr="" id="1">
            <st ob="x" eb="x" sr="" id="1.1">The "[reading data|http://accumulo.apache.org/1.6/accumulo_user_manual.html#_reading_data]" section of the user manual incorrectly identifies "fetchFamily" as the method name for configuring the column family to query when it should be "fetchColumnFamily" and shows entry.getKey().</st>
            <st ob="x" eb="x" sr="" id="1.2">getRow() returning a String when it should be returning a Text object.</st>
        </parg>
        <parg ob="" eb="" sr="" id="2">
            <st ob="" eb="" sr="" id="2.1">(originally reported on the [dev list|http://mail-archives.apache.org/mod_mbox/accumulo-dev/201406.mbox/%3CCAPaCpY9ifHUdPMQU_u1RZEGL6JX9KFahDMO-RfV3BfzFYps4cQ%40mail.gmail.com%3E])</st>
        </parg>
    </desc>
</bug>
