<?xml version="1.0" encoding="UTF-8" standalone="yes"?>
<bug no-bug="" comments="">
    <id>ACCUMULO-2333</id>
    <title ob="x" eb="" sr="x">"File does not exist" error during client ingest with agitation</title>
    <desc>
        <parg ob="" eb="" sr="" id="1">
            <st ob="x" eb="" sr="x" id="1.1">While running the agitator during a client ingest test, encountered a "File does not exist" error that stuck in the Table Problems section of the monitor page.</st>
        </parg>
        <parg ob="" eb="" sr="" id="2">
            <st ob="" eb="" sr="" id="2.1">Confirmed that the file in question had been compacted away previously.</st>
        </parg>
        <parg ob="" eb="" sr="" id="3">
            <st ob="" eb="" sr="" id="3.1">While it appears that no data was lost, it is strange that the error surfaced and then seemed to right itself shortly thereafter.</st>
            <st ob="" eb="" sr="" id="3.2">(though not updating the Table Problems section)</st>
        </parg>
        <parg ob="" eb="" sr="" id="4">
            <st ob="x" eb="" sr="" id="4.1">Here is the stacktrace from the Monitor:</st>
            <st ob="" eb="" sr="" id="4.2">{code}</st>
            <st ob="" eb="" sr="" id="4.3">File does not exist: /accumulo/tables/2/t-00000dj/F0000dwj.rf at org.apache.hadoop.hdfs.server.namenode.INodeFile.valueOf(INodeFile.java:61) at org.apache.hadoop.hdfs.server.namenode.INodeFile.valueOf(INodeFile.java:51) at org.apache.hadoop.hdfs.server.namenode.FSNamesystem.getBlockLocationsUpdateTimes(FSNamesystem.java:1540) at org.apache.hadoop.hdfs.server.namenode.FSNamesystem.getBlockLocationsInt(FSNamesystem.java:1483) at org.apache.hadoop.hdfs.server.namenode.FSNamesystem.getBlockLocations(FSNamesystem.java:1463) at org.apache.hadoop.hdfs.server.namenode.FSNamesystem.getBlockLocations(FSNamesystem.java:1437) at org.apache.hadoop.hdfs.server.namenode.NameNodeRpcServer.getBlockLocations(NameNodeRpcServer.java:468) at org.apache.hadoop.hdfs.protocolPB.ClientNamenodeProtocolServerSideTranslatorPB.getBlockLocations(ClientNamenodeProtocolServerSideTranslatorPB.java:269) at org.apache.hadoop.hdfs.protocol.proto.ClientNamenodeProtocolProtos$ClientNamenodeProtocol$2.callBlockingMethod(ClientNamenodeProtocolProtos.java:59566) at org.apache.hadoop.ipc.ProtobufRpcEngine$Server$ProtoBufRpcInvoker.call(ProtobufRpcEngine.java:585) at org.apache.hadoop.ipc.RPC$Server.call(RPC.java:928) at org.apache.hadoop.ipc.Server$Handler$1.run(Server.java:2053) at org.apache.hadoop.ipc.Server$Handler$1.run(Server.java:2049) at java.security.AccessController.doPrivileged(Native Method) at javax.security.auth.Subject.doAs(Subject.java:415) at org.apache.hadoop.security.UserGroupInformation.doAs(UserGroupInformation.java:1491) at org.apache.hadoop.ipc.Server$Handler.run(Server.java:2047)</st>
            <st ob="" eb="" sr="" id="4.4">{code}</st>
        </parg>
        <parg ob="" eb="" sr="" id="5">
            <st ob="" eb="" sr="" id="5.1">*UPDATE (from comments below):*</st>
            <st ob="" eb="" sr="" id="5.2">On a cluster with 15 slaves, two of the participating tablet servers had logs referencing the file.</st>
        </parg>
        <parg ob="" eb="" sr="" id="6">
            <st ob="" eb="" sr="" id="6.1">slave05 was one that was killed by the agitator at 20:33 and then restarted at 20:43, where it immediately compacted F0000dwj.rf.</st>
            <st ob="" eb="" sr="" id="6.2">That file had been created by slave03 at 20:34 when slave05 was offline.</st>
            <st ob="" eb="" sr="" id="6.3">slave03, who seems to have previously been responsible for the file, then tried to perform a MajC at 21:10, which caused the exceptions to appear in the monitor.</st>
            <st ob="" eb="" sr="" id="6.4">It seems that the master was also killed at 21:02 and was revived at 21:05.</st>
            <st ob="" eb="" sr="" id="6.5">It appears that the "missing" extent was never unloaded and re-assigned before the failure.</st>
        </parg>
        <parg ob="" eb="" sr="" id="7">
            <st ob="" eb="" sr="" id="7.1">There were RuntimeExceptions reported by slave03 at about 20:34 as well, so there's a chance that slave03's actions at that time did not complete cleanly.</st>
        </parg>
        <parg ob="" eb="" sr="" id="8">
            <st ob="" eb="" sr="" id="8.1">I'm attaching logs for the time and pertinent servers.</st>
        </parg>
    </desc>
</bug>
