<?xml version="1.0" encoding="UTF-8" standalone="yes"?>
<bug no-bug="" comments="">
    <id>ACCUMULO-3182</id>
    <title ob="x" eb="" sr="">Empty or partial WAL header blocks successful recovery</title>
    <desc>
        <parg ob="" eb="" sr="" id="1">
            <st ob="" eb="" sr="" id="1.1">Haven't ever seen this one before.</st>
            <st ob="" eb="" sr="x" id="1.2">A replication IT failed -- looking into it, it was because the tserver that came up (after killing the original) failed to complete recovery.</st>
            <st ob="x" eb="" sr="" id="1.3">The below happened a few times before the test ultimately timed out.</st>
        </parg>
        <parg ob="" eb="" sr="" id="2">
            <st ob="" eb="" sr="" id="2.1">{noformat}</st>
            <st ob="" eb="" sr="" id="2.2">2014-09-29 04:46:10,259 [zookeeper.DistributedWorkQueue] DEBUG: Looking for work in /accumulo/f98e79c4-9dcd-4fb0-8ec9-5804f0818839/recovery</st>
            <st ob="" eb="" sr="" id="2.3">2014-09-29 04:46:10,340 [zookeeper.DistributedWorkQueue] DEBUG: got lock for af53bf1e-c293-463b-b4de-5efdb8b34962</st>
            <st ob="" eb="" sr="" id="2.4">2014-09-29 04:46:10,341 [log.LogSorter] DEBUG: Sorting file:/.../test/target/mini-tests/org.apache.accumulo.test.replication.UnorderedWorkAssignerReplicationIT_dataReplicatedToCorrectTableWithoutDrain/accumulo/wal/juno+49195/af53bf1e-c293-463b-b4de-5efdb8b34962 to file:/.../test/target/mini-tests/org.apache.accumulo.test.replication.UnorderedWorkAssignerReplicationIT_dataReplicatedToCorrectTableWithoutDrain/accumulo/recovery/af53bf1e-c293-463b-b4de-5efdb8b34962 using sortId af53bf1e-c293-463b-b4de-5efdb8b34962</st>
            <st ob="" eb="" sr="" id="2.5">2014-09-29 04:46:10,341 [log.LogSorter] INFO : Copying file:/var/lib/jenkins/home/jobs/Accumulo-Master-Integration-Tests/workspace/test/target/mini-tests/org.</st>
            <st ob="" eb="" sr="" id="2.6">apache.accumulo.test.replication.UnorderedWorkAssignerReplicationIT_dataReplicatedToCorrectTableWithoutDrain/accumulo/wal/juno+49195/af53bf1e-c293-463b-b4de-5efdb8b34962 to file:/.../test/target/mini-tests/org.apache.accumulo.test.replication.UnorderedWorkAssignerReplicationIT_dataReplicatedToCorrectTableWithoutDrain/accumulo/recovery/af53bf1e-c293-463b-b4de-5efdb8b34962</st>
            <st ob="" eb="" sr="" id="2.7">2014-09-29 04:46:10,345 [log.LogSorter] ERROR: java.io.EOFException java.io.EOFException</st>
            <st ob="" eb="" sr="" id="2.8">	at java.io.DataInputStream.readFully(DataInputStream.java:197)</st>
            <st ob="" eb="" sr="" id="2.9">	at java.io.DataInputStream.readFully(DataInputStream.java:169)</st>
            <st ob="" eb="" sr="" id="2.10">	at org.apache.accumulo.tserver.log.DfsLogger.readHeaderAndReturnStream(DfsLogger.java:282)</st>
            <st ob="" eb="" sr="" id="2.11">	at org.apache.accumulo.tserver.log.LogSorter$LogProcessor.sort(LogSorter.java:113)</st>
            <st ob="" eb="" sr="" id="2.12">	at org.apache.accumulo.tserver.log.LogSorter$LogProcessor.process(LogSorter.java:93)</st>
            <st ob="" eb="" sr="" id="2.13">	at org.apache.accumulo.server.zookeeper.DistributedWorkQueue$1.run(DistributedWorkQueue.java:105)</st>
            <st ob="" eb="" sr="" id="2.14">	at java.util.concurrent.ThreadPoolExecutor.runWorker(ThreadPoolExecutor.java:1145)</st>
            <st ob="" eb="" sr="" id="2.15">	at java.util.concurrent.ThreadPoolExecutor$Worker.run(ThreadPoolExecutor.java:615)</st>
            <st ob="" eb="" sr="" id="2.16">	at org.apache.accumulo.trace.instrument.TraceRunnable.run(TraceRunnable.java:47)</st>
            <st ob="" eb="" sr="" id="2.17">	at org.apache.accumulo.core.util.LoggingRunnable.run(LoggingRunnable.java:34)</st>
            <st ob="" eb="" sr="" id="2.18">	at java.lang.Thread.run(Thread.java:745)</st>
            <st ob="" eb="" sr="x" id="2.19">2014-09-29 04:46:10,346 [log.LogSorter] ERROR: Error during cleanup sort/copy af53bf1e-c293-463b-b4de-5efdb8b34962 java.lang.NullPointerException</st>
            <st ob="" eb="" sr="" id="2.20">	at org.apache.accumulo.tserver.log.LogSorter$LogProcessor.close(LogSorter.java:183)</st>
            <st ob="" eb="" sr="" id="2.21">	at org.apache.accumulo.tserver.log.LogSorter$LogProcessor.sort(LogSorter.java:151)</st>
            <st ob="" eb="" sr="" id="2.22">	at org.apache.accumulo.tserver.log.LogSorter$LogProcessor.process(LogSorter.java:93)</st>
            <st ob="" eb="" sr="" id="2.23">	at org.apache.accumulo.server.zookeeper.DistributedWorkQueue$1.run(DistributedWorkQueue.java:105)</st>
            <st ob="" eb="" sr="" id="2.24">	at java.util.concurrent.ThreadPoolExecutor.runWorker(ThreadPoolExecutor.java:1145)</st>
            <st ob="" eb="" sr="" id="2.25">	at java.util.concurrent.ThreadPoolExecutor$Worker.run(ThreadPoolExecutor.java:615)</st>
            <st ob="" eb="" sr="" id="2.26">	at org.apache.accumulo.trace.instrument.TraceRunnable.run(TraceRunnable.java:47)</st>
            <st ob="" eb="" sr="" id="2.27">	at org.apache.accumulo.core.util.LoggingRunnable.run(LoggingRunnable.java:34)</st>
            <st ob="" eb="" sr="" id="2.28">	at java.lang.Thread.run(Thread.java:745)</st>
            <st ob="" eb="" sr="" id="2.29">{noformat}</st>
        </parg>
    </desc>
</bug>
