<?xml version="1.0" encoding="UTF-8" standalone="yes"?>
<bug no-bug="" comments="">
    <id>ACCUMULO-2071</id>
    <title ob="x" eb="" sr="">close consistency check failure</title>
    <desc>
        <parg ob="" eb="" sr="" id="1">
            <st ob="" eb="" sr="" id="1.1">{noformat}</st>
            <st ob="" eb="" sr="" id="1.2">Failed to do close consistency check for tablet d;r078d8&lt;</st>
            <st ob="" eb="" sr="" id="1.3">{noformat}</st>
        </parg>
        <parg ob="" eb="" sr="" id="2">
            <st ob="" eb="" sr="" id="2.1">This occurred twice, and this was the table name: {{bulk_hostname_14124_1387489968495}} .</st>
        </parg>
    </desc>
</bug>
