<?xml version="1.0" encoding="UTF-8" standalone="yes"?>
<bug no-bug="" comments="">
    <id>ACCUMULO-3382</id>
    <title ob="x" eb="" sr="">client only connects to first zookeeper instance</title>
    <desc>
        <parg ob="" eb="" sr="" id="1">
            <st ob="x" eb="" sr="x" id="1.1">When using a ClientConfiguration (or a ZookeeperInstance) to connect to accumulo, the connection will only ever use the first zookeeper in the list provided.</st>
            <st ob="x" eb="" sr="" id="1.2">When connections are made from a mapreduce job, this can lead to the first zookeeper server becoming overloaded.</st>
        </parg>
        <parg ob="" eb="" sr="" id="2">
            <st ob="" eb="" sr="" id="2.1">The underlying problem seems to be in ClientConfiguration:</st>
            <st ob="" eb="" sr="" id="2.2">{code:java}</st>
            <st ob="" eb="" sr="" id="2.3">ClientConfiguration cc = ClientConfiguration.loadDefault().</st>
            <st ob="" eb="" sr="" id="2.4">withZkHosts("host1,host2,host3");</st>
            <st ob="x" eb="" sr="" id="2.5">// Will only return "host1" and not "host1,host2,host3"</st>
            <st ob="" eb="" sr="" id="2.6">System.out.println(cc.get(ClientConfiguration.ClientProperty.INSTANCE_ZK_HOST));</st>
            <st ob="" eb="" sr="" id="2.7">{code}</st>
            <st ob="" eb="" sr="" id="2.8">This is happening because ClientConfiguration extends CompositeConfiguration, a class in commons-configuration.</st>
            <st ob="x" eb="" sr="" id="2.9">On of the default features is that if you set a property that is a comma-delimited list of values, it creates a list property.</st>
            <st ob="x" eb="" sr="" id="2.10">If you retrieve the property value using getString, then only the first value in the list will be returned.</st>
        </parg>
        <parg ob="" eb="" sr="" id="3">
            <st ob="" eb="" sr="" id="3.1">It seems there are a couple solutions to this problem:</st>
            <st ob="" eb="" sr="" id="3.2">1. Disable the automatic list parsing.</st>
            <st ob="" eb="" sr="" id="3.3">This is trivial by simply calling setDelimiterParsingDisabled(true) in the ClientConfiguration constructor.</st>
            <st ob="" eb="" sr="" id="3.4">2. Change the way all properties that are intended to be a comma-separated list are retrieved such that the appropriate list-based retrieval method is used.</st>
        </parg>
    </desc>
</bug>
