<?xml version="1.0" encoding="UTF-8" standalone="yes"?>
<bug no-bug="" comments="">
    <id>ACCUMULO-3297</id>
    <title ob="x" eb="" sr="">FileManager semaphore acquisition may block Root and Metadata scans</title>
    <desc>
        <parg ob="" eb="" sr="" id="1">
            <st ob="x" eb="" sr="" id="1.1">FileManager.java contains a semaphore to limit the max open files when calling acquireUninterruptibly( # permits ) when opening the readers.</st>
            <st ob="" eb="" sr="x" id="1.2">If scans against all tables causes the number of max open permits to exceed the configured system property, scans against the metadata and root extents will block until other readers are released.</st>
        </parg>
        <parg ob="" eb="" sr="" id="2">
            <st ob="" eb="" sr="" id="2.1">This should be changed so that scans against the root and metadata extents proceed, despite exceeding the number of max open files.</st>
            <st ob="" eb="" sr="" id="2.2">This likely means bypassing the semaphore acquisition for these tablets.</st>
        </parg>
    </desc>
</bug>
