<?xml version="1.0" encoding="UTF-8" standalone="yes"?>
<bug no-bug="" comments="">
    <id>ACCUMULO-1278</id>
    <title ob="x" eb="" sr="">ZooKeeperInstance sessionTimeout &gt; 63 blocks forever</title>
    <desc>
        <parg ob="" eb="" sr="" id="1">
            <st ob="" eb="" sr="x" id="1.1">When I construct a ZooKeeperInstance with valid ZK config but no running Accumulo servers, and provide the sessionTimeout parameter that the docs say is in millis, for timeouts &lt;= 63, it fails quickly, but any number &gt;= 64 apparently blocks forever.</st>
            <st ob="" eb="" sr="" id="1.2">Certainly more than about 30 seconds.</st>
        </parg>
    </desc>
</bug>
