<?xml version="1.0" encoding="UTF-8" standalone="yes"?>
<bug no-bug="" comments="">
    <id>ACCUMULO-3279</id>
    <title ob="x" eb="" sr="">BackupMasterIT failed with BadVersion ZK Exception</title>
    <desc>
        <parg ob="" eb="" sr="" id="1">
            <st ob="" eb="" sr="" id="1.1">Saw this one after I did some work on our ZK code.</st>
            <st ob="" eb="" sr="" id="1.2">Need to investigate the failure and make sure I didn't screw anything up.</st>
        </parg>
        <parg ob="" eb="" sr="" id="2">
            <st ob="" eb="" sr="" id="2.1">{noformat}</st>
            <st ob="" eb="" sr="" id="2.2">E AssertionError: KeeperErrorCode = BadVersion for /accumulo/02b584de-03df-463d-8c86-947297d609b2/masters/lock/zlock-0000000000</st>
            <st ob="" eb="" sr="" id="2.3">E org.apache.zookeeper.KeeperException$BadVersionException: KeeperErrorCode = BadVersion for /accumulo/02b584de-03df-463d-8c86-947297d609b2/masters/lock/zlock-0000000000</st>
            <st ob="" eb="" sr="" id="2.4">E at org.apache.zookeeper.KeeperException.create(KeeperException.java:115)</st>
            <st ob="" eb="" sr="" id="2.5">E at org.apache.zookeeper.KeeperException.create(KeeperException.java:51)</st>
            <st ob="" eb="" sr="" id="2.6">E at org.apache.zookeeper.ZooKeeper.delete(ZooKeeper.java:873)</st>
            <st ob="" eb="" sr="" id="2.7">E at org.apache.accumulo.fate.zookeeper.ZooUtil.recursiveDelete(ZooUtil.java:226)</st>
            <st ob="" eb="" sr="" id="2.8">E at org.apache.accumulo.fate.zookeeper.ZooUtil.recursiveDelete(ZooUtil.java:256)</st>
            <st ob="" eb="" sr="" id="2.9">E at org.apache.accumulo.fate.zookeeper.ZooReaderWriter.recursiveDelete(ZooReaderWriter.java:62)</st>
            <st ob="" eb="" sr="" id="2.10">E at org.apache.accumulo.test.functional.BackupMasterIT.test(BackupMasterIT.java:60)</st>
            <st ob="" eb="" sr="" id="2.11">{noformat}</st>
        </parg>
    </desc>
</bug>
