<?xml version="1.0" encoding="UTF-8" standalone="yes"?>
<bug no-bug="" comments="">
    <id>ACCUMULO-1954</id>
    <title ob="" eb="" sr="">1.5.1 doesn't compile against Hadoop-1.0.4</title>
    <desc>
        <parg ob="" eb="" sr="" id="1">
            <st ob="x" eb="" sr="" id="1.1">Compilation error in DfsLogger:</st>
        </parg>
        <parg ob="" eb="" sr="" id="2">
            <st ob="" eb="" sr="" id="2.1">{noformat} server/src/main/java/org/apache/accumulo/server/tabletserver/log/DfsLogger.java:[261,24] error: method getDefaultReplication in class FileSystem cannot be applied to given types;</st>
            <st ob="" eb="" sr="" id="2.2">{noformat}</st>
        </parg>
        <parg ob="" eb="" sr="" id="3">
            <st ob="" eb="" sr="" id="3.1">Not sure if we care to fix it or not.</st>
            <st ob="" eb="" sr="" id="3.2">I'm also kind of confused because, at a glance, it looked like the hadoop-1.0.4 tag in the ASF svn had the method signature that we were expecting (takes a Path and returns a short).</st>
        </parg>
    </desc>
</bug>
