<?xml version="1.0" encoding="UTF-8" standalone="yes"?>
<bug no-bug="" comments="">
    <id>ACCUMULO-888</id>
    <title ob="x" eb="" sr="">NPE writing to the WAL</title>
    <desc>
        <parg ob="" eb="" sr="" id="1">
            <st ob="x" eb="" sr="x" id="1.1">I missconfigured the WAL max size to "4" and got this strange error:</st>
        </parg>
        <parg ob="" eb="" sr="" id="2">
            <st ob="" eb="" sr="" id="2.1">{noformat}</st>
            <st ob="" eb="" sr="" id="2.2">2012-11-29 12:12:55,610 [log.TabletServerLogger] ERROR: Unexpected error writing to log, retrying attempt 5 java.lang.NullPointerException</st>
            <st ob="" eb="" sr="" id="2.3">        at org.apache.accumulo.server.tabletserver.log.RemoteLogger.logManyTablets(RemoteLogger.java:145)</st>
            <st ob="" eb="" sr="" id="2.4">        at org.apache.accumulo.server.tabletserver.log.TabletServerLogger$6.write(TabletServerLogger.java:393)</st>
            <st ob="" eb="" sr="" id="2.5">        at org.apache.accumulo.server.tabletserver.log.TabletServerLogger.write(TabletServerLogger.java:298)</st>
            <st ob="" eb="" sr="" id="2.6">        at org.apache.accumulo.server.tabletserver.log.TabletServerLogger.logManyTablets(TabletServerLogger.java:382)</st>
            <st ob="" eb="" sr="" id="2.7">        at org.apache.accumulo.server.tabletserver.TabletServer$ThriftClientHandler.flush(TabletServer.java:1539)</st>
            <st ob="" eb="" sr="" id="2.8">        at org.apache.accumulo.server.tabletserver.TabletServer$ThriftClientHandler.closeUpdate(TabletServer.java:1610)</st>
            <st ob="" eb="" sr="" id="2.9">{noformat}</st>
        </parg>
    </desc>
</bug>
